id,sigla,nome,instituicao,ultimaColeta,ultimaColetaEm,estadoDoIndice,registrosNaUltimaColeta,baseUrl,tipo,natureza,evidencia,metadataPrefix,toolkit,repositoryName,sampleIdentifier,detalhe,identify,identifyDetalhe,listIdentifiers,listIdentifiersDetalhe,veredito,classificado,tem_base_url,amostravel,classe_de_falha,responde_algum_verbo
2209,ABAS,Águas Subterrâneas (São Paulo. Online),Associação Brasileira de Águas Subterrâneas,103210,2025-06-02 10:10:12,INDEXED,3601,https://aguassubterraneas.abas.org/asubterraneas/oai,ojs,periodico,toolkit,oai_dc,Open Journal Systems,Águas Subterrâneas,oai:ojs.aguassubterraneas.abas.org:article/1,,,,,,,True,True,True,,False
1909,ABCLIMA-1,Revista Brasileira de Climatologia (Online),ABClima,102908,2025-05-13 09:41:34,INDEXED,894,https://ojs.ufgd.edu.br/rbclima/oai,ojs,periodico,toolkit,oai_dc,Open Journal Systems,Revista Brasileira de Climatologia,oai:ojs.pkp.sfu.ca:article/1,,,,,,,True,True,True,,False
862,ABCM-1,Latin American journal of solids and structures (Online),Associação Brasileira de Engenharia e Ciências Mecânicas (ABCM),105919,2026-01-08 22:10:23,INDEXED,352,https://www.lajss.org/index.php/LAJSS/oai,ojs,periodico,toolkit,oai_dc,Open Journal Systems,Latin American Journal of Solids and Structures,oai:ojs.pkp.sfu.ca:article/1,,,,,,,True,True,True,,False
1064,ABECIN-1,Revista Brasileira de Educação em Ciência da Informação,Associação Brasileira de Educação em Ciência da Informação (ABECIN),105937,2026-01-08 22:20:25,INDEXED,265,https://portal.abecin.org.br/rebecin/oai,ojs,periodico,toolkit,oai_dc,Open Journal Systems,Revista Brasileira de Educação em Ciência da Informação,oai:ojs.portal.abecin.org.br:article/1,,,,,,,True,True,True,,False
1229,ABED-1,Revista Brasileira de Aprendizagem Aberta e a Distância,Associação Brasileira de Educação a Distância (ABED),106077,2026-01-09 10:58:25,INDEXED,309,https://seer.abed.net.br/RBAAD/oai,ojs,periodico,toolkit,oai_dc,Open Journal Systems,Revista Brasileira de Aprendizagem Aberta e a Distância,oai:ojs3.emnuvens.com.br:article/1,,,,,,,True,True,True,,False
2213,ABEJ,Revista brasileira de ensino de jornalismo - Rebej,Associação Brasileira de Ensino em Jornalismo (ABEJ),103214,2025-06-02 10:56:12,INDEXED,358,https://rebej.abejor.org.br/index.php/rebej/oai,ojs,periodico,toolkit,oai_dc,Open Journal Systems,Revista Brasileira de Ensino de Jornalismo,oai:ojs.rebej.abejor.org.br:article/1,,,,,,,True,True,True,,False
857,ABEP-1,Revista brasileira de estudos de população (Online),Associação Brasileira de Estudos Populacionais (ABEP),105922,2026-01-08 22:10:26,INDEXED,1071,https://rebep.org.br/revista/oai,ojs,periodico,toolkit,oai_dc,Open Journal Systems,Revista Brasileira de Estudos de População,oai:ojs.rebep.org.br:article/1,,,,,,,True,True,True,,False
1743,ABEPEM-2,Revista dObra[s],Associação Brasileira de Estudos e Pesquisas em Moda (Abepem),102758,2025-05-09 13:47:33,INDEXED,907,https://dobras.emnuvens.com.br/dobras/oai,ojs,periodico,toolkit,oai_dc,Open Journal Systems,dObra[s] – revista da Associação Brasileira de Estudos de Pesquisas em Moda,oai:ojs3.dobras.emnuvens.com.br:article/1,,,,,,,True,True,True,,False
1799,ABEPRO,Brazilian Journal of Operations & Production Management (Online),Associação Brasileira de Engenharia de Produção (ABEPRO),102818,2025-05-12 12:20:10,INDEXED,568,https://bjopm.org.br/bjopm/oai,ojs,periodico,toolkit,oai_dc,Open Journal Systems,Brazilian Journal of Operations & Production Management,oai:ojs3.bjopm.org.br:article/1,,,,,,,True,True,True,,False
856,ABEPRO-2,Revista Produção Online,Associação Brasileira de Engenharia de Produção (ABEPRO),105910,2026-01-08 22:09:39,INDEXED,1222,https://www.producaoonline.org.br/rpo/oai,ojs,periodico,toolkit,oai_dc,Open Journal Systems,Revista Produção Online,oai:ojs3.www.producaoonline.org.br:article/1,,,,,,,True,True,True,,False
2215,ABEQUA,Quaternary and Environmental Geosciences,Associação Brasileira de Estudos do Quaternário (ABEQUA),103216,2025-06-02 11:26:25,INDEXED,124,https://revistas.ufpr.br/abequa/oai,ojs,periodico,toolkit,oai_dc,Open Journal Systems,Quaternary and Environmental Geosciences,oai:ojs.pkp.sfu.ca:article/1,,,,,,,True,True,True,,False
1659,ABES-2,Revista Brasileira de Ciências Ambientais (Online),Associação Brasileira de Engenharia Sanitária e Ambiental (ABES),102669,2025-05-07 13:40:50,INDEXED,717,https://www.rbciamb.com.br/Publicacoes_RBCIAMB/oai,ojs,periodico,toolkit,oai_dc,Open Journal Systems,Revista Brasileira de Ciências Ambientais,oai:ojs.www.rbciamb.com.br:article/1,,,,,,,True,True,True,,False
2238,ABH,Abehache,Associação Brasileira de Hispanistas,103365,2025-06-27 14:26:56,INDEXED,341,https://revistaabehache.com/ojs/index.php/abehache/oai,ojs,periodico,toolkit,oai_dc,Open Journal Systems,Revista abehache,oai:ojs.pkp.sfu.ca:article/1,,,,,,,True,True,True,,False
2241,ABIB,Estudos Bíblicos (Online),Associação Brasileira de Pesquisa Bíblica (ABIB),103367,2025-06-27 14:47:14,INDEXED,600,https://revista.abib.org.br/EB/oai,ojs,periodico,toolkit,oai_dc,Open Journal Systems,Estudos Bíblicos,oai:ojs.pkp.sfu.ca:article/1,,,,,,,True,True,True,,False
1211,ABO-1,Revista Brasileira de Odontologia,Associação Brasileira de Odontologia (ABO),106059,2026-01-09 10:57:04,INDEXED,1045,https://revista.aborj.org.br/index.php/rbo/oai,ojs,periodico,toolkit,oai_dc,Open Journal Systems,Revista Brasileira de Odontologia,oai:revista_aborj_org_br.www.revista.aborj.org.br:article/1,,,,,,,True,True,True,,False
1763,ABPHE,Revista História Econômica & História de Empresas (Online),Associação Brasileira de Pesquisadores em História Econômica (ABPHE),102752,2025-05-09 13:46:38,INDEXED,498,https://hehe.org.br/index.php/rabphe/oai,ojs,periodico,toolkit,oai_dc,Open Journal Systems,História Econômica & História de Empresas,oai:ojs.hehe.org.br:article/1,,,,,,,True,True,True,,False
2200,ABRACICON,Revista de Educação e Pesquisa em Contabilidade,Academia Brasileira de Ciências Contábeis (Abracicon),103120,2025-05-19 10:10:18,INDEXED,617,https://www.repec.org.br/repec/oai,ojs,periodico,toolkit,oai_dc,Open Journal Systems,Revista de Educação e Pesquisa em Contabilidade (REPeC),oai:ojs.www.repec.org.br:article/1,,,,,,,True,True,True,,False
2239,ABRALIN,Cadernos de Linguística,Associação Brasileira de Linguística (ABRALIN),103364,2025-06-27 14:21:37,INDEXED,319,https://cadernos.abralin.org/index.php/cadernos/oai,ojs,periodico,toolkit,oai_dc,Open Journal Systems,Cadernos de Linguística,oai:ojs3.cadernos.abralin.org:article/1,,,,,,,True,True,True,,False
1966,ABRAN-1,International Journal of Nutrology (Online),Associação Brasileira de Nutrologia (ABRAN),102930,2025-05-13 10:19:16,INDEXED,374,https://ijn.zotarellifilhoscientificworks.com/index.php/ijn/oai,ojs,periodico,toolkit,oai_dc,Open Journal Systems,International Journal of Nutrology,oai:ojs2.ijn.zotarellifilhoscientificworks.com:article/1,,,,,,,True,True,True,,False
2243,ABRAPEC,Revista Brasileira de Pesquisa em Educação em Ciências (Online),Associação Brasileira de Pesquisa em Educação em Ciências (ABRAPEC),103368,2025-06-27 15:07:55,INDEXED,806,https://periodicos.ufmg.br/index.php/rbpec/oai,ojs,periodico,toolkit,oai_dc,Open Journal Systems,Revista Brasileira de Pesquisa em Educação em Ciências,oai:periodicos.ufmg.br:article/1,,,,,,,True,True,True,,False
2251,ABRASD,Revista Brasileira de Sociologia do Direito,Associação Brasileira de Pesquisadores em Sociologia do Direito (ABraSD),103377,2025-06-30 14:45:56,INDEXED,306,https://revista.abrasd.com.br/index.php/rbsd/oai,ojs,periodico,toolkit,oai_dc,Open Journal Systems,Revista Brasileira de Sociologia do Direito,oai:ojs.revista.abrasd.com.br:article/1,,,,,,,True,True,True,,False
1751,ABRI,Carta Internacional (Belo Horizonte. Online),Associação Brasileira de Relações Internacionais (ABRI),102745,2025-05-09 13:44:40,INDEXED,502,https://www.cartainternacional.abri.org.br/Carta/oai,ojs,periodico,toolkit,oai_dc,Open Journal Systems,Carta Internacional,oai:ojs.emnuvens.com.br:article/1,,,,,,,True,True,True,,False
2245,ABTO,Brazilian Journal of Transplantation,Associação Brasileira de Transplante de Órgãos (ABTO),103369,2025-06-27 16:19:20,INDEXED,553,https://bjt.emnuvens.com.br/revista/oai,ojs,periodico,toolkit,oai_dc,Open Journal Systems,Brazilian Journal of Transplantation,oai:ojs3.emnuvens.com.br:article/1,,,,,,,True,True,True,,False
1228,AGB-SP1,Boletim Paulista de Geografia,Associação dos Geógrafos Brasileiros - Seção São Paulo,106079,2026-01-09 10:58:26,INDEXED,874,https://publicacoes.agb.org.br/boletim-paulista/oai,ojs,periodico,toolkit,oai_dc,Open Journal Systems,Boletim Paulista de Geografia,oai:ojs.pkp.sfu.ca:article/1,,,,,,,True,True,True,,False
1069,AGU-1,Revista da AGU (Online),Advocacia-Geral da União (AGU),105939,2026-01-08 22:20:55,INDEXED,727,https://revistaagu.agu.gov.br/index.php/AGU/oai,ojs,periodico,toolkit,oai_dc,Open Journal Systems,REVISTA DA AGU,oai:ojs.seerdesv:article/1,,,,,,,True,True,True,,False
2205,ALAIC-1,Revista Latinoamericana de Ciencias de la Comunicación (Online),Asociación Latinoamericana de Investigadores de la Comunicación (ALAIC),103126,2025-05-19 10:57:49,INDEXED,957,https://revista.pubalaic.org/index.php/alaic/oai,ojs,periodico,toolkit,oai_dc,Open Journal Systems,Revista Latinoamericana de Ciencias de la Comunicación,oai:ojs.pkp.sfu.ca:article/1,,,,,,,True,True,True,,False
1946,AMAN-1,Revista Agulhas Negras,Academia Militar das Agulhas Negras (AMAN),102937,2025-05-13 10:20:57,INDEXED,132,https://ebrevistas.eb.mil.br/aman/oai,ojs,periodico,toolkit,oai_dc,Open Journal Systems,Revista Agulhas Negras,oai:meiramattos.eceme.ensino.eb.br:article/1,,,,,,,True,True,True,,False
2202,AMF-1,Saber Humano (Online),Antônio Meneghetti Faculdade (AMF),103123,2025-05-19 10:23:56,INDEXED,478,https://saberhumano.emnuvens.com.br/sh/oai,ojs,periodico,toolkit,oai_dc,Open Journal Systems,Saber Humano: Revista Científica da Faculdade Antonio Meneghetti,oai:ojs3.saberhumano.emnuvens.com.br:article/1,,,,,,,True,True,True,,False
2044,ANEGEPE,REGEPE Entrepreneurship and Small Business Journal,Associação Nacional de Estudos em Empreendedorismo e Gestão de Pequenas Empresas (ANEGEPE),103001,2025-05-14 11:06:18,INDEXED,373,https://www.regepe.org.br/regepe/oai,ojs,periodico,toolkit,oai_dc,Open Journal Systems,REGEPE Entrepreneurship and Small Business Journal,oai:ojs.regepe.org.br:article/1,,,,,,,True,True,True,,False
829,ANGRAD-1,Administração (São Paulo. Online),Associação Nacional dos Cursos de Graduação em Administração (ANGRAD),105909,2026-01-08 22:09:38,INDEXED,414,https://raep.emnuvens.com.br/raep/oai,ojs,periodico,toolkit,oai_dc,Open Journal Systems,Administração: Ensino e Pesquisa,oai:ojs.raep.emnuvens.com.br:article/1,,,,,,,True,True,True,,False
1513,ANHE-1,DATJournal,Universidade Anhembi Morumbi (ANHEMBI),102583,2025-05-07 12:12:52,INDEXED,561,https://datjournal.anhembi.br/dat/oai,ojs,periodico,toolkit,oai_dc,Open Journal Systems,DAT Journal,oai:ojs3.datjournal.anhembi.br:article/1,,,,,,,True,True,True,,False
827,ANPAD-1,BAR - Brazilian Administration Review,Associação Nacional de Pós-Graduação e Pesquisa em Administração (ANPAD),105908,2026-01-08 22:09:55,INDEXED,624,https://bar.anpad.org.br/index.php/bar/oai,ojs,periodico,toolkit,oai_dc,Open Journal Systems,Brazilian Administration Review,oai:ojs3.bar.anpad.org.br:article/1,,,,,,,True,True,True,,False
826,ANPEGE-1,Revista da ANPEGE (Online),Associação Nacional de Pós-graduação e Pesquisa em Geografia (ANPEGE),105907,2026-01-08 22:09:39,INDEXED,691,https://ojs.ufgd.edu.br/index.php/anpege/oai,ojs,periodico,toolkit,oai_dc,Open Journal Systems,Revista da ANPEGE,oai:ojs.pkp.sfu.ca:article/1,,,,,,,True,True,True,,False
1049,ANPOLL-1,Texto Poético,Associação Nacional de Pós-Graduação e Pesquisa em Letras e Lingüística (ANPOLL),105948,2026-01-08 22:21:16,INDEXED,617,https://textopoetico.emnuvens.com.br/rtp/oai,ojs,periodico,toolkit,oai_dc,Open Journal Systems,Texto Poético,oai:ojs.textopoetico.emnuvens.com.br:article/1,,,,,,,True,True,True,,False
1812,ANPOLL-2,Revista da ANPOLL (Online),Associação Nacional de Pós-Graduação e Pesquisa em Letras e Lingüística (ANPOLL),102826,2025-05-12 12:20:31,INDEXED,1207,https://revistadaanpoll.emnuvens.com.br/revista/oai,ojs,periodico,toolkit,oai_dc,Open Journal Systems,Revista da Anpoll,oai:ojs3.revistadaanpoll.emnuvens.com.br:article/1,,,,,,,True,True,True,,False
1251,ANPPC-1,E-Compós,Associação Nacional dos Programas de Pós-Graduação em Comunicação,106101,2026-01-09 12:03:30,INDEXED,946,https://www.e-compos.org.br/e-compos/oai,ojs,periodico,toolkit,oai_dc,Open Journal Systems,E-Compós,oai:ojs3.www.e-compos.org.br:article/1,,,,,,,True,True,True,,False
1195,ANPUH-2,Revista história hoje,Associação Nacional de História (ANPUH),106088,2026-01-09 10:58:55,INDEXED,537,https://rhhj.anpuh.org/RHHJ/oai,ojs,periodico,toolkit,oai_dc,Open Journal Systems,Revista História Hoje,oai:ojs.emnuvens.com.br:article/1,,,,,,,True,True,True,,False
821,ANPUH-RS-1,História da Educação,Associação Sul-Rio-Grandense de Pesquisadores em História da Educação (ANPUH-RS),105900,2026-01-08 21:54:26,INDEXED,1057,https://seer.ufrgs.br/asphe/oai,ojs,periodico,toolkit,oai_dc,Open Journal Systems,Revista História da Educação,oai:seer.ufrgs.br:article/1,,,,,,,True,True,True,,False
820,ANTAC-1,Ambiente construído (Online),Associação Nacional de Tecnologia do Ambiente Construído (ANTAC),105901,2026-01-08 21:54:33,INDEXED,1487,https://seer.ufrgs.br/index.php/ambienteconstruido/oai,ojs,periodico,toolkit,oai_dc,Open Journal Systems,Ambiente Construído,oai:seer.ufrgs.br:article/1,,,,,,,True,True,True,,False
819,APM-1,São Paulo medical journal (Online),Associação Paulista de Medicina,105905,2026-01-08 21:55:28,INDEXED,2382,https://periodicosapm.emnuvens.com.br/spmj/oai,ojs,periodico,toolkit,oai_dc,Open Journal Systems,São Paulo Medical Journal,oai:ojs.diagnosticoetratamento.emnuvens.com.br:article/1,,,,,,,True,True,True,,False
2282,ARAGUAIA,Revista UniAraguaia,Centro Universitário UniAraguaia,103409,2025-07-02 14:43:00,INDEXED,659,https://sipe.uniaraguaia.edu.br/index.php/REVISTAUNIARAGUAIA/oai,ojs,periodico,toolkit,oai_dc,Open Journal Systems,REVISTA UNIARAGUAIA,oai:ojs.pkp.sfu.ca:article/1,,,,,,,True,True,True,,False
2211,ASBC,ABCustos,Associação Brasileira de Custos (ABC),103212,2025-06-02 10:44:27,INDEXED,328,https://revista.abcustos.org.br/abcustos/oai,ojs,periodico,toolkit,oai_dc,Open Journal Systems,ABCustos,oai:ojs3.revista.abcustos.org.br:article/1,,,,,,,True,True,True,,False
1889,ASBRAN,Rasbran,Associação Brasileira de Nutrição (ASBRAN),102888,2025-05-12 20:54:46,INDEXED,280,https://rasbran.com.br/rasbran/oai,ojs,periodico,toolkit,oai_dc,Open Journal Systems,Revista da Associação Brasileira de Nutrição - RASBRAN,oai:ojs3.rasbran.com.br:article/1,,,,,,,True,True,True,,False
2298,AUTENTICA,Formação Docente (Associação Nacional de Pós-Graduação e Pesquisa em Educação),Editora Autêntica,103426,2025-07-02 16:02:07,INDEXED,398,https://www.revformacaodocente.com.br/index.php/rbpfp/oai,ojs,periodico,toolkit,oai_dc,Open Journal Systems,Formação Docente – Revista Brasileira de Pesquisa sobre Formação de Professores,oai:ojs2.www.revformacaodocente.com.br:article/1,,,,,,,True,True,True,,False
1504,BASR-0,Brazilian Applied Science Review,Brazilian Journals Publicações de Periódicos e Editora Ltda,102561,2025-05-07 11:36:06,INDEXED,1112,https://ojs.brazilianjournals.com.br/ojs/index.php/BASR/oai,ojs,periodico,toolkit,oai_dc,Open Journal Systems,Brazilian Applied Science Review,oai:ojs2.ojs.brazilianjournals.com.br:article/1,,,,,,,True,True,True,,False
1079,BIO-1,Revista Brasileira de Pesquisa (Auto)biográfica,Associação Brasileira de Pesquisa (Auto)Biográfica (BIOgraph),105956,2026-01-08 22:21:56,INDEXED,757,https://www.revistas.uneb.br/index.php/rbpab/oai,ojs,periodico,toolkit,oai_dc,Open Journal Systems,Revista Brasileira de Pesquisa (Auto)biográfica,oai:revistas.uneb.br:article/1,,,,,,,True,True,True,,False
1505,BJRH-0,Brazilian Journal of Health Review,Federação das Indústrias do Estado do Paraná (FIEP),104854,2025-10-27 20:07:45,INDEXED,4402,https://ojs.brazilianjournals.com.br/ojs/index.php/BJHR/oai,ojs,periodico,toolkit,oai_dc,Open Journal Systems,Brazilian Journal of Health Review,oai:ojs2.ojs.brazilianjournals.com.br:article/1,,,,,,,True,True,True,,False
1866,CADE,Revista de Defesa da Concorrência,Conselho Administrativo de Defesa Econômica (Cade),102866,2025-05-12 20:51:55,INDEXED,206,https://revista.cade.gov.br/index.php/revistadedefesadaconcorrencia/oai,ojs,periodico,toolkit,oai_dc,Open Journal Systems,Revista de Defesa da Concorrência,oai:ojs.tom:article/1,,,,,,,True,True,True,,False
2254,CASAHIRAN,Estrabão,Casa de Hiram,103380,2025-06-30 15:12:08,INDEXED,159,https://revista.estrabao.press/index.php/estrabao/oai,ojs,periodico,toolkit,oai_dc,Open Journal Systems,Estrabão,oai:ojs2.estrabao.press:article/1,,,,,,,True,True,True,,False
2302,CATFOR,Logos & Culturas,Faculdade Católica de Fortaleza,103431,2025-07-02 16:51:21,INDEXED,100,https://ojs.catolicadefortaleza.edu.br/index.php/logosculturas/oai,ojs,periodico,toolkit,oai_dc,Open Journal Systems,Logos & Culturas,oai:ojs2.ojs.catolicadefortaleza.edu.br:article/1,,,,,,,True,True,True,,False
1535,CATOLICA,Revista Expressão Católica (Online),Centro Universitário Católica de Quixadá (Unicatólica),102587,2025-05-07 12:13:15,INDEXED,190,http://publicacoes.unicatolicaquixada.edu.br/index.php/rec/oai,ojs,periodico,toolkit,oai_dc,Open Journal Systems,Revista Expressão Católica,oai:ojs2.72.60.145.94:article/1,,,,,,,True,True,True,,False
807,CBES-1,Saude em Debate,Centro Brasileiro de Estudos de Saude,105898,2026-01-08 21:54:21,INDEXED,1454,https://www.saudeemdebate.org.br/sed/oai,ojs,periodico,toolkit,oai_dc,Open Journal Systems,Saúde em Debate,oai:ojs.saudeemdebate.emnuvens.com.br:article/1,,,,,,,True,True,True,,False
2842,CBM-1,Repositório Institucional de Produção do Centro Universitário Barão de Mauá,Centro Universitário Barão  de Mauá (CBM),107962,2026-08-18 13:14:46,INDEXED,489,https://dspaceapi.baraodemaua.br/server/oai/request,dspace,repositorio,sampleIdentifier,oai_dc,,DSpace Barão de Maua,oai:repositorio.baraodemaua.br:123456789/1234,,,,,,,True,True,True,,False
1484,CCFEX-0,Revista de Educação Física,Centro de Capacitação Física do Exército (CCFEX),102557,2025-05-07 11:35:35,INDEXED,2442,https://revistadeeducacaofisica.emnuvens.com.br/revista/oai,ojs,periodico,toolkit,oai_dc,Open Journal Systems,Revista de Educação Física / Journal of Physical Education,oai:ojs.revistadeeducacaofisica.emnuvens.com.br:article/1,,,,,,,True,True,True,,False
1148,CECIERJ,EAD em Foco,Fundação Centro de Ciências e Educação Superior a Distância do Estado do Rio de Janeiro (CECIERJ),106042,2026-01-09 10:11:13,INDEXED,713,https://eademfoco.cecierj.edu.br/index.php/Revista/oai,ojs,periodico,toolkit,oai_dc,Open Journal Systems,EaD em Foco,oai:ojs.eademfoco.cecierj.edu.br:article/1,,,,,,,True,True,True,,False
2100,CEEINTER-1,Revista de Estudos Interdisciplinares,Centro de Estudos Interdisciplinares - CEEINTER,103034,2025-05-14 12:08:40,INDEXED,641,https://revistas.ceeinter.com.br/revistadeestudosinterdisciplinar/oai,ojs,periodico,toolkit,oai_dc,Open Journal Systems,REVISTA DE ESTUDOS INTERDISCIPLINARES,oai:ojs.pkp.sfu.ca:article/1,,,,,,,True,True,True,,False
2164,CEFETMG,Repositório Institucional do CEFET-MG,Centro Federal de Educação Tecnológica de Minas Gerais (CEFET-MG),106889,2026-04-22 11:50:22,INDEXED,2379,https://repositorio.cefetmg.br/server/oai/request,dspace,repositorio,sampleIdentifier,oai_dc,,DSpace CEFET-MG,oai:repositorio.cefetmg.br:123456789/1234,,,,,,,True,True,True,,False
2816,CESMAC-1,Revista Eletrônica Direito e Conhecimento,Centro Universitário CESMAC,108002,2026-08-18 13:44:37,INDEXED,179,https://revistas.cesmac.edu.br/dec/oai,ojs,periodico,toolkit,oai_dc,Open Journal Systems,Revista Eletrônica Direito e Conhecimento,oai:ojs.revistas.cesmac.edu.br:article/1,,,,,,,True,True,True,,False
790,CFM-1,Revista Bioética (online),Conselho Federal de Medicina (CFM),105890,2026-01-08 21:52:10,INDEXED,1589,https://revistabioetica.cfm.org.br/revista_bioetica/oai,ojs,periodico,toolkit,oai_dc,Open Journal Systems,Revista Bioética,oai:ojs.emnuvens.com.br:article/1,,,,,,,True,True,True,,False
1833,CHRISTUS-1,Journal of Health & Biological Sciences,Centro Universitário Christus (Unichristus),102846,2025-05-12 14:13:50,INDEXED,598,https://periodicos.unichristus.edu.br/jhbs/oai,ojs,periodico,toolkit,oai_dc,Open Journal Systems,Journal of Health & Biological Sciences,oai:ojs3.unicristus.emnuvens.com.br:article/1,,,,,,,True,True,True,,False
1834,CHRISTUS-2,Revista Opinião Jurídica (Fortaleza),Centro Universitário Christus (Unichristus),102847,2025-05-12 14:13:49,INDEXED,569,https://periodicos.unichristus.edu.br/opiniaojuridica/oai,ojs,periodico,toolkit,oai_dc,Open Journal Systems,Revista Opinião Jurídica (Fortaleza),oai:ojs3.unicristus.emnuvens.com.br:article/1,,,,,,,True,True,True,,False
2262,CHRISTUS-3,Revista Gestão em Análise (Online),Centro Universitário Christus (Unichristus),105101,2025-11-27 11:57:07,INDEXED,399,https://periodicos.unichristus.edu.br/gestao/oai,ojs,periodico,toolkit,oai_dc,Open Journal Systems,Revista Gestão em Análise,oai:ojs3.unicristus.emnuvens.com.br:article/1,,,,,,,True,True,True,,False
788,CLAEC-1,RELACult - Revista Latino-Americana de Estudos em Cultura e Sociedade,Centro Latino-Americano de Estudos em Cultura (CLAEC),105887,2026-01-08 21:51:57,INDEXED,1553,https://periodicos.claec.org/index.php/relacult/oai,ojs,periodico,toolkit,oai_dc,Open Journal Systems,RELACult - Revista Latino-Americana de Estudos em Cultura e Sociedade,oai:ojs.pkp.sfu.ca:article/1,,,,,,,True,True,True,,False
2288,CNJ,Revista CNJ,Conselho Nacional de Justiça (CNJ),103416,2025-07-02 15:19:56,INDEXED,352,https://www.cnj.jus.br/ojs/revista-cnj/oai,ojs,periodico,toolkit,oai_dc,Open Journal Systems,Revista CNJ,oai:ojs.titanio36.cnj.jus.br:article/1,,,,,,,True,True,True,,False
787,CNTE-1,Retratos da Escola (Online),Confederação Nacional dos Trabalhadores em Educação (CNTE),105889,2026-01-08 21:51:57,INDEXED,1017,https://retratosdaescola.emnuvens.com.br/rde/oai,ojs,periodico,toolkit,oai_dc,Open Journal Systems,Retratos da Escola,oai:ojs3.retratosdaescola.emnuvens.com.br:article/1,,,,,,,True,True,True,,False
1157,CONPEDI-10,"Revista de Direitos Sociais, Seguridade e Previdência Social",Conselho Nacional de Pesquisa e Pós-graduação em Direito (CONPEDI),106026,2026-01-09 10:10:28,INDEXED,116,http://www.indexlaw.org/index.php/revistadssps/oai,ojs,periodico,toolkit,oai_dc,Open Journal Systems,"Revista de Direitos Sociais, Seguridade e Previdência Social",oai:ojs.indexlaw.org:article/1,,,,,,,True,True,True,,False
1159,CONPEDI-11,Revista de Formas Consensuais de Solução de Conflitos,Conselho Nacional de Pesquisa e Pós-graduação em Direito (CONPEDI),106027,2026-01-09 10:10:36,INDEXED,136,http://www.indexlaw.org/index.php/revistasolucoesconflitos/oai,ojs,periodico,toolkit,oai_dc,Open Journal Systems,Revista de Formas Consensuais de Solução de Conflitos,oai:ojs.indexlaw.org:article/1,,,,,,,True,True,True,,False
1160,CONPEDI-12,"Revista de Política Judiciária, Gestão e Administração da Justiça",Conselho Nacional de Pesquisa e Pós-graduação em Direito (CONPEDI),106029,2026-01-09 10:10:38,INDEXED,94,http://www.indexlaw.org/index.php/revistapoliticiajudiciaria/oai,ojs,periodico,toolkit,oai_dc,Open Journal Systems,"Revista de Política Judiciária, Gestão e Administração da Justiça",oai:ojs.indexlaw.org:article/1,,,,,,,True,True,True,,False
1161,CONPEDI-13,"Revista de Processo, Jurisdição e Efetividade da Justiça",Conselho Nacional de Pesquisa e Pós-graduação em Direito (CONPEDI),106028,2026-01-09 10:10:40,INDEXED,148,http://www.indexlaw.org/index.php/revistaprocessojurisdicao/oai,ojs,periodico,toolkit,oai_dc,Open Journal Systems,"Revista de Processo, Jurisdição e Efetividade da Justiça",oai:ojs.indexlaw.org:article/1,,,,,,,True,True,True,,False
1162,CONPEDI-14,Revista de Movimentos Sociais e Conflitos,Conselho Nacional de Pesquisa e Pós-graduação em Direito (CONPEDI),106030,2026-01-09 10:10:36,INDEXED,87,http://www.indexlaw.org/index.php/revistamovimentosociais/oai,ojs,periodico,toolkit,oai_dc,Open Journal Systems,Revista de Movimentos Sociais e Conflitos,oai:ojs.indexlaw.org:article/1,,,,,,,True,True,True,,False
1164,CONPEDI-15,Revista de Teorias e Filosofias do Estado,Conselho Nacional de Pesquisa e Pós-graduação em Direito (CONPEDI),106033,2026-01-09 10:10:46,INDEXED,53,https://www.indexlaw.org/index.php/revistateoriasfilosofias/oai,ojs,periodico,toolkit,oai_dc,Open Journal Systems,Revista de Teorias e Filosofias do Estado,oai:ojs.indexlaw.org:article/1,,,,,,,True,True,True,,False
1165,CONPEDI-16,Revista de Teorias da Democracia e Direitos Políticos,Conselho Nacional de Pesquisa e Pós-graduação em Direito (CONPEDI),106031,2026-01-09 10:10:45,INDEXED,126,http://www.indexlaw.org/index.php/revistateoriasdemocracia/oai,ojs,periodico,toolkit,oai_dc,Open Journal Systems,Revista de Teorias da Democracia e Direitos Políticos,oai:ojs.indexlaw.org:article/1,,,,,,,True,True,True,,False
1166,CONPEDI-17,"Revista de Teorias da Justiça, da Decisão e da Argumentação Jurídica",Conselho Nacional de Pesquisa e Pós-graduação em Direito (CONPEDI),106034,2026-01-09 10:10:44,INDEXED,96,http://www.indexlaw.org/index.php/revistateoriasjustica/oai,ojs,periodico,toolkit,oai_dc,Open Journal Systems,"Revista de Teorias da Justiça, da Decisão e da Argumentação Jurídica",oai:ojs.indexlaw.org:article/1,,,,,,,True,True,True,,False
1167,CONPEDI-18,Teorias do Direito e Realismo Jurídico,Conselho Nacional de Pesquisa e Pós-graduação em Direito (CONPEDI),106032,2026-01-09 10:10:48,INDEXED,93,http://www.indexlaw.org/index.php/teoriasdireito/oai,ojs,periodico,toolkit,oai_dc,Open Journal Systems,Teorias do Direito e Realismo Jurídico,oai:ojs.indexlaw.org:article/1,,,,,,,True,True,True,,False
1168,CONPEDI-19,Revista de Direito Ambiental e Socioambientalismo,Conselho Nacional de Pesquisa e Pós-graduação em Direito (CONPEDI),106036,2026-01-09 10:10:55,INDEXED,122,http://www.indexlaw.org/index.php/Socioambientalismo/oai,ojs,periodico,toolkit,oai_dc,Open Journal Systems,Revista de Direito Ambiental e Socioambientalismo,oai:ojs.indexlaw.org:article/1,,,,,,,True,True,True,,False
1086,CONPEDI-2,"Revista de Gênero, Sexualidade e Direito",Conselho Nacional de Pesquisa e Pós-graduação em Direito (CONPEDI),105993,2026-01-08 23:24:05,INDEXED,144,http://www.indexlaw.org/index.php/revistagsd/oai,ojs,periodico,toolkit,oai_dc,Open Journal Systems,"Revista de Gênero, Sexualidade e Direito",oai:ojs.indexlaw.org:article/1,,,,,,,True,True,True,,False
1170,CONPEDI-20,Revista de Direito Tributário e Financeiro,Conselho Nacional de Pesquisa e Pós-graduação em Direito (CONPEDI),106011,2026-01-09 10:09:56,INDEXED,136,http://www.indexlaw.org/index.php/direitotributario/oai,ojs,periodico,toolkit,oai_dc,Open Journal Systems,Revista de Direito Tributário e Financeiro,oai:ojs.indexlaw.org:article/1,,,,,,,True,True,True,,False
1171,CONPEDI-21,Revista Brasileira de Direitos e Garantias Fundamentais,Conselho Nacional de Pesquisa e Pós-graduação em Direito (CONPEDI),106013,2026-01-09 10:09:55,INDEXED,163,http://www.indexlaw.org/index.php/garantiasfundamentais/oai,ojs,periodico,toolkit,oai_dc,Open Journal Systems,Revista Brasileira de Direitos e Garantias Fundamentais,oai:ojs.indexlaw.org:article/1,,,,,,,True,True,True,,False
1172,CONPEDI-22,"Revista de Direito Penal, Processo Penal e Constituição",Conselho Nacional de Pesquisa e Pós-graduação em Direito (CONPEDI),106012,2026-01-09 10:09:57,INDEXED,141,http://www.indexlaw.org/index.php/direitopenal/oai,ojs,periodico,toolkit,oai_dc,Open Journal Systems,"Revista de Direito Penal, Processo Penal e Constituição",oai:ojs.indexlaw.org:article/1,,,,,,,True,True,True,,False
1173,CONPEDI-23,Revista Cidadania e Acesso à Justiça,Conselho Nacional de Pesquisa e Pós-graduação em Direito (CONPEDI),106016,2026-01-09 10:10:05,INDEXED,134,http://www.indexlaw.org/index.php/acessoajustica/oai,ojs,periodico,toolkit,oai_dc,Open Journal Systems,Revista Cidadania e Acesso à Justiça,oai:ojs.indexlaw.org:article/1,,,,,,,True,True,True,,False
1174,CONPEDI-24,"Revista de Sociologia, Antropologia e Cultura Jurídica",Conselho Nacional de Pesquisa e Pós-graduação em Direito (CONPEDI),106014,2026-01-09 10:09:55,INDEXED,112,http://www.indexlaw.org/index.php/culturajuridica/oai,ojs,periodico,toolkit,oai_dc,Open Journal Systems,"Revista de Sociologia, Antropologia e Cultura Jurídica",oai:ojs.indexlaw.org:article/1,,,,,,,True,True,True,,False
1175,CONPEDI-25,Revista Brasileira de Teoria Constitucional,Conselho Nacional de Pesquisa e Pós-graduação em Direito (CONPEDI),106015,2026-01-09 10:10:06,INDEXED,114,http://www.indexlaw.org/index.php/teoriaconstitucional/oai,ojs,periodico,toolkit,oai_dc,Open Journal Systems,Revista Brasileira de Teoria Constitucional,oai:ojs.indexlaw.org:article/1,,,,,,,True,True,True,,False
1176,CONPEDI-26,Revista Brasileira de Direito Civil em Perspectiva,Conselho Nacional de Pesquisa e Pós-graduação em Direito (CONPEDI),106017,2026-01-09 10:10:07,INDEXED,157,http://www.indexlaw.org/index.php/direitocivil/oai,ojs,periodico,toolkit,oai_dc,Open Journal Systems,Revista Brasileira de Direito Civil em Perspectiva,oai:ojs.indexlaw.org:article/1,,,,,,,True,True,True,,False
1177,CONPEDI-27,Revista de Direito de Família e Sucessão,Conselho Nacional de Pesquisa e Pós-graduação em Direito (CONPEDI),106018,2026-01-09 10:10:10,INDEXED,121,http://www.indexlaw.org/index.php/direitofamilia/oai,ojs,periodico,toolkit,oai_dc,Open Journal Systems,Revista de Direito de Família e Sucessão,oai:ojs.indexlaw.org:article/1,,,,,,,True,True,True,,False
1178,CONPEDI-28,Revista Brasileira de Direito Empresarial,Conselho Nacional de Pesquisa e Pós-graduação em Direito (CONPEDI),106043,2026-01-09 10:14:16,INDEXED,126,http://www.indexlaw.org/index.php/direitoempresarial/oai,ojs,periodico,toolkit,oai_dc,Open Journal Systems,Revista Brasileira de Direito Empresarial,oai:ojs.indexlaw.org:article/1,,,,,,,True,True,True,,False
1110,CONPEDI-3,Revista de Biodireito e Direito dos Animais,Conselho Nacional de Pesquisa e Pós-graduação em Direito (CONPEDI),105967,2026-01-08 23:22:45,INDEXED,134,http://www.indexlaw.org/index.php/revistarbda/oai,ojs,periodico,toolkit,oai_dc,Open Journal Systems,Revista de Biodireito e Direito dos Animais,oai:ojs.indexlaw.org:article/1,,,,,,,True,True,True,,False
1180,CONPEDI-30,Revista de Argumentação e Hermeneutica Jurídica,Conselho Nacional de Pesquisa e Pós-graduação em Direito (CONPEDI),106046,2026-01-09 10:33:35,INDEXED,89,http://www.indexlaw.org/index.php/HermeneuticaJuridica/oai,ojs,periodico,toolkit,oai_dc,Open Journal Systems,Revista de Argumentação e Hermeneutica Jurídica,oai:ojs.indexlaw.org:article/1,,,,,,,True,True,True,,False
1181,CONPEDI-31,Revista Brasileira de História do Direito,Conselho Nacional de Pesquisa e Pós-graduação em Direito (CONPEDI),106047,2026-01-09 10:33:29,INDEXED,101,http://www.indexlaw.org/index.php/historiadireito/oai,ojs,periodico,toolkit,oai_dc,Open Journal Systems,Revista Brasileira de História do Direito,oai:ojs.indexlaw.org:article/1,,,,,,,True,True,True,,False
1182,CONPEDI-32,Revista Brasileira de Filosofia do Direito,Conselho Nacional de Pesquisa e Pós-graduação em Direito (CONPEDI),106049,2026-01-09 10:33:37,INDEXED,171,https://www.indexlaw.org/index.php/filosofiadireito/oai,ojs,periodico,toolkit,oai_dc,Open Journal Systems,Revista Brasileira de Filosofia do Direito,oai:ojs.indexlaw.org:article/1,,,,,,,True,True,True,,False
1183,CONPEDI-33,"Revista de Direitos Fundamentais nas Relações do Trabalho, Sociais e Empresariais",Conselho Nacional de Pesquisa e Pós-graduação em Direito (CONPEDI),106048,2026-01-09 10:33:35,INDEXED,120,http://www.indexlaw.org/index.php/revistadireitosfundamentais/oai,ojs,periodico,toolkit,oai_dc,Open Journal Systems,"Revista de Direitos Fundamentais nas Relações do Trabalho, Sociais e Empresariais",oai:ojs.indexlaw.org:article/1,,,,,,,True,True,True,,False
2289,CONPEDI-35,Revista de Direito e Sustentabilidade,Conselho Nacional de Pesquisa e Pós-graduação em Direito (CONPEDI),103417,2025-07-02 15:29:49,INDEXED,146,https://www.indexlaw.org/index.php/revistards/oai,ojs,periodico,toolkit,oai_dc,Open Journal Systems,Revista de Direito e Sustentabilidade,oai:ojs.indexlaw.org:article/1,,,,,,,True,True,True,,False
2290,CONPEDI-36,Revista do Direito do Trabalho e Meio Ambiente do Trabalho,Conselho Nacional de Pesquisa e Pós-graduação em Direito (CONPEDI),103418,2025-07-02 15:31:45,INDEXED,141,http://www.indexlaw.org/index.php/revistadtmat/oai,ojs,periodico,toolkit,oai_dc,Open Journal Systems,Revista do Direito do Trabalho e Meio Ambiente do Trabalho,oai:ojs.indexlaw.org:article/1,,,,,,,True,True,True,,False
2291,CONPEDI-37,"Revista de Direito Urbanístico, Cidade e Alteridade",Conselho Nacional de Pesquisa e Pós-graduação em Direito (CONPEDI),103419,2025-07-02 15:36:20,INDEXED,137,https://www.indexlaw.org/index.php/revistaDireitoUrbanistico/oai,ojs,periodico,toolkit,oai_dc,Open Journal Systems,"Revista de Direito Urbanístico, Cidade e Alteridade",oai:ojs.indexlaw.org:article/1,,,,,,,True,True,True,,False
2292,CONPEDI-38,"Revista de Direito, Arte e Literatura",Conselho Nacional de Pesquisa e Pós-graduação em Direito (CONPEDI),103420,2025-07-02 15:41:25,INDEXED,113,https://www.indexlaw.org/index.php/revistadireitoarteliteratura/oai,ojs,periodico,toolkit,oai_dc,Open Journal Systems,"Revista de Direito, Arte e Literatura",oai:ojs.indexlaw.org:article/1,,,,,,,True,True,True,,False
2293,CONPEDI-39,Revista de Criminologias e Politicas Criminais,Conselho Nacional de Pesquisa e Pós-graduação em Direito (CONPEDI),103421,2025-07-02 15:44:12,INDEXED,133,https://www.indexlaw.org/index.php/revistacpc/oai,ojs,periodico,toolkit,oai_dc,Open Journal Systems,Revista de Criminologias e Politicas Criminais,oai:ojs.indexlaw.org:article/1,,,,,,,True,True,True,,False
1115,CONPEDI-4,Conpedi Law Review,Conselho Nacional de Pesquisa e Pós-graduação em Direito (CONPEDI),105968,2026-01-08 23:22:55,INDEXED,458,https://www.indexlaw.org/index.php/conpedireview/oai,ojs,periodico,toolkit,oai_dc,Open Journal Systems,Conpedi Law Review,oai:ojs.indexlaw.org:article/1,,,,,,,True,True,True,,False
2294,CONPEDI-40,Revista de Direito Administrativo e Gestão Pública,Conselho Nacional de Pesquisa e Pós-graduação em Direito (CONPEDI),103422,2025-07-02 15:47:03,INDEXED,130,http://www.indexlaw.org/index.php/rdagp/oai,ojs,periodico,toolkit,oai_dc,Open Journal Systems,Revista de Direito Administrativo e Gestão Pública,oai:ojs.indexlaw.org:article/1,,,,,,,True,True,True,,False
2296,CONPEDI-41,Revista de Direito Agrário e Agroambiental,Conselho Nacional de Pesquisa e Pós-graduação em Direito (CONPEDI),103424,2025-07-02 15:50:09,INDEXED,95,https://www.indexlaw.org/index.php/rdaa/oai,ojs,periodico,toolkit,oai_dc,Open Journal Systems,Revista de Direito Agrário e Agroambiental,oai:ojs.indexlaw.org:article/1,,,,,,,True,True,True,,False
1152,CONPEDI-5,"Revista de Direito, Globalização e Responsabilidade nas Relações de Consumo",Conselho Nacional de Pesquisa e Pós-graduação em Direito (CONPEDI),106020,2026-01-09 10:10:19,INDEXED,135,http://www.indexlaw.org/index.php/revistadgrc/oai,ojs,periodico,toolkit,oai_dc,Open Journal Systems,"Revista de Direito, Globalização e Responsabilidade nas Relações de Consumo",oai:ojs.indexlaw.org:article/1,,,,,,,True,True,True,,False
1153,CONPEDI-6,"Revista de Direito, Governança e Novas Tecnologias",Conselho Nacional de Pesquisa e Pós-graduação em Direito (CONPEDI),106024,2026-01-09 10:10:25,INDEXED,128,http://www.indexlaw.org/index.php/revistadgnt/oai,ojs,periodico,toolkit,oai_dc,Open Journal Systems,"Revista de Direito, Governança e Novas Tecnologias",oai:ojs.indexlaw.org:article/1,,,,,,,True,True,True,,False
1154,CONPEDI-7,"Revista de Direito, Inovação, Propriedade Intelectual e Concorrência",Conselho Nacional de Pesquisa e Pós-graduação em Direito (CONPEDI),106021,2026-01-09 10:10:15,INDEXED,113,http://www.indexlaw.org/index.php/revistadipic/oai,ojs,periodico,toolkit,oai_dc,Open Journal Systems,"Revista de Direito, Inovação, Propriedade Intelectual e Concorrência",oai:ojs.indexlaw.org:article/1,,,,,,,True,True,True,,False
1155,CONPEDI-8,Revista de Direitos Humanos e Efetividade,Conselho Nacional de Pesquisa e Pós-graduação em Direito (CONPEDI),106025,2026-01-09 10:10:24,INDEXED,122,http://www.indexlaw.org/index.php/revistadhe/oai,ojs,periodico,toolkit,oai_dc,Open Journal Systems,Revista de Direitos Humanos e Efetividade,oai:ojs.indexlaw.org:article/1,,,,,,,True,True,True,,False
1156,CONPEDI-9,Revista de Direito Sociais e Políticas Públicas,Conselho Nacional de Pesquisa e Pós-graduação em Direito (CONPEDI),106023,2026-01-09 10:10:30,INDEXED,150,http://www.indexlaw.org/index.php/revistadspp/oai,ojs,periodico,toolkit,oai_dc,Open Journal Systems,Revista de Direito Sociais e Políticas Públicas,oai:ojs.indexlaw.org:article/1,,,,,,,True,True,True,,False
2834,CP2-3,Repositório Institucional Petrus,Colégio Pedro II,107974,2026-08-18 13:15:36,INDEXED,2108,https://petrus.cp2.g12.br/server/oai/request,dspace,repositorio,sampleIdentifier,oai_dc,,Petrus,oai:petrus.cp2.g12.br:123456789/1234,,,,,,,True,True,True,,False
783,CRCSC-1,Revista Catarinense da Ciência Contábil (Online),Conselho Regional de Contabilidade de Santa Catarina (CRCSC),105888,2026-01-08 21:51:47,INDEXED,614,https://revista.crcsc.org.br/index.php/CRCSC/oai,ojs,periodico,toolkit,oai_dc,Open Journal Systems,Revista Catarinense da Ciência Contábil,oai:ojs.pkp.sfu.ca:article/1,,,,,,,True,True,True,,False
1913,CRO-1,Revista Científica do CRO-RJ (Online),Conselho Regional de Odontologia do Rio de Janeiro (CRO-RJ),102910,2025-05-13 09:42:59,INDEXED,215,https://revcientifica.cro-rj.org.br/revista/oai,ojs,periodico,toolkit,oai_dc,Open Journal Systems,Revista Científica do CRO-RJ (Rio de Janeiro Dental Journal),oai:ojs.pkp.sfu.ca:article/1,,,,,,,True,True,True,,False
782,CSEM-1,REMHU (Online),Centro Scalabriniano de Estudos Migratórios (CSEM),105886,2026-01-08 21:51:38,INDEXED,890,https://remhu.csem.org.br/index.php/remhu/oai,ojs,periodico,toolkit,oai_dc,Open Journal Systems,"REMHU, Revista Interdisciplinar da Mobilidade Humana",oai:remhu.csem.br:article/1,,,,,,,True,True,True,,False
1699,DPDF,Revista da Defensoria Pública do Distrito Federal (Online),Defensoria Pública do Distrito Federal (DPDF),102686,2025-05-07 20:47:15,INDEXED,176,https://revista.defensoria.df.gov.br/revista/index.php/revista/oai,ojs,periodico,toolkit,oai_dc,Open Journal Systems,Revista da Defensoria Pública do Distrito Federal,oai:ojs.pkp.sfu.ca:article/1,,,,,,,True,True,True,,False
1744,DPU,Revista da Defensoria Pública da União (Online),Defensoria Pública da União (DPU),102761,2025-05-09 13:47:37,INDEXED,305,https://revistadadpu.dpu.def.br/oai,ojs,periodico,toolkit,oai_dc,Open Journal Systems,Revista da Defensoria Pública da União,oai:ojs2.172.28.97.76:article/1,,,,,,,True,True,True,,False
1206,ED-FO-1,A&C - Revista de Direito Administrativo & Constitucional,Editora Fórum,106083,2026-01-09 10:58:38,INDEXED,969,https://revistaaec.com/index.php/revistaaec/oai,ojs,periodico,toolkit,oai_dc,Open Journal Systems,A&C - Revista de Direito Administrativo & Constitucional,oai:ojs.revistaaec.com:article/1,,,,,,,True,True,True,,False
1720,EDC,Revista Coleta Científica,Editora Coleta,102702,2025-05-07 21:00:09,INDEXED,113,https://portalcoleta.com.br/index.php/rcc/oai,ojs,periodico,toolkit,oai_dc,Open Journal Systems,Revista Coleta Científica,oai:ojs2.portalcoleta.com.br:article/1,,,,,,,True,True,True,,False
2246,EDESIGN,Estudos em Design (Online),Associação Estudos em Design,103370,2025-06-27 16:29:02,INDEXED,564,https://estudosemdesign.emnuvens.com.br/design/oai,ojs,periodico,toolkit,oai_dc,Open Journal Systems,Estudos em Design,oai:ojs35.eed.emnuvens.com.br:article/1,,,,,,,True,True,True,,False
2032,EDICIC-1,Revista EDICIC,Asociación de Educación e Investigación en Ciencia de la Información de Iberoamérica y el Caribe (EDICIC),102993,2025-05-14 11:05:57,INDEXED,258,https://ojs.edicic.org/index.php/revistaedicic/oai,ojs,periodico,toolkit,oai_dc,Open Journal Systems,Revista EDICIC,oai:ojs.pkp.sfu.ca:article/1,,,,,,,True,True,True,,False
770,EDUL-1,Revista Eletrônica Pesquiseduca,Universidade Católica de Santos (UNISANTOS),105883,2026-01-08 21:51:25,INDEXED,648,https://periodicos.unisantos.br/pesquiseduca/oai,ojs,periodico,toolkit,oai_dc,Open Journal Systems,REVISTA ELETRÔNICA PESQUISEDUCA,oai:ojs.periodicos.unisantos.br:article/1,,,,,,,True,True,True,,False
769,EMBRAPA-4,Pesquisa Agropecuária Brasileira (Online),Empresa Brasileira de Pesquisa Agropecuária (Embrapa),105882,2026-01-08 21:55:55,INDEXED,9171,https://seer.sct.embrapa.br/index.php/pab/oai,ojs,periodico,toolkit,oai_dc,Open Journal Systems,Pesquisa Agropecuaria Brasileira,oai:ojs.pkp.sfu.ca:article/1,,,,,,,True,True,True,,False
1969,EMERJ-1,Direito em Movimento (Rio de Janeiro. Online),Escola da Magistratura do Estado do Rio de Janeiro (EMERJ),102938,2025-05-13 11:04:48,INDEXED,137,https://ojs.emerj.com.br/index.php/direitoemmovimento/oai,ojs,periodico,toolkit,oai_dc,Open Journal Systems,Direito em Movimento,oai:ojs2.emerj.jus.br:article/1,,,,,,,True,True,True,,False
1970,EMERJ-2,Revista da EMERJ (Online),Escola da Magistratura do Estado do Rio de Janeiro (EMERJ),102939,2025-05-13 11:04:48,INDEXED,148,https://ojs.emerj.com.br/index.php/revistadaemerj/oai,ojs,periodico,toolkit,oai_dc,Open Journal Systems,Revista da EMERJ,oai:ojs2.emerj.jus.br:article/1,,,,,,,True,True,True,,False
2830,EMESCAM,Repositório Institucional da EMESCAM,Escola Superior de Ciências da Santa Casa de Misericórdia de Vitória (Emescam),107969,2026-08-18 13:15:25,INDEXED,385,https://ri.emescam.br/server/oai/request,dspace,repositorio,sampleIdentifier,xoai,,Emescam at My University,oai:ri.emescam.br:123456789/1234,,,,,,,True,True,True,,False
764,ENIAC-1,Revista ENIAC pesquisa,Centro Universitário Eniac,105881,2026-01-08 21:51:24,INDEXED,247,https://ojs.eniac.com.br/index.php/EniacPesquisa/oai,ojs,periodico,toolkit,oai_dc,Open Journal Systems,REVISTA ENIAC PESQUISA,oai:ojs.pkp.sfu.ca:article/1,,,,,,,True,True,True,,False
1893,EPAGRI,Agropecuária Catarinense (Online),Empresa de Pesquisa Agropecuária e Extensão Rural de Santa Catarina (Epagri),102870,2025-05-12 20:52:09,INDEXED,793,https://publicacoes.epagri.sc.gov.br/index.php/RAC/oai,ojs,periodico,toolkit,oai_dc,Open Journal Systems,Agropecuária Catarinense,oai:ojs.publicacoes.epagri.sc.gov.br:article/1,,,,,,,True,True,True,,False
761,EPAMIG-1,Revista do Instituto de Laticínios Cândido Tostes,Empresa de Pesquisa Agropecuária de Minas Gerais (EPAMIG),105880,2026-01-08 21:51:24,INDEXED,532,https://www.revistadoilct.com.br/rilct/oai,ojs,periodico,toolkit,oai_dc,Open Journal Systems,Revista do Instituto de Laticínios Cândido Tostes,oai:ojs.pkp.sfu.ca:article/1,,,,,,,True,True,True,,False
1773,ES,Environmental Smoke,Environmental Smoke,102803,2025-05-12 11:21:48,INDEXED,202,https://environmentalsmoke.com.br/index.php/EnvSmoke/oai,ojs,periodico,toolkit,oai_dc,Open Journal Systems,Environmental Smoke,oai:ojs.pkp.sfu.ca:article/1,,,,,,,True,True,True,,False
1804,ESCS,Health Residencies Journal (HRJ),Escola Superior de Ciências da Saúde (ESCS),102835,2025-05-12 12:21:17,INDEXED,324,https://escsresidencias.emnuvens.com.br/hrj/oai,ojs,periodico,toolkit,oai_dc,Open Journal Systems,Health Residencies Journal,oai:ojs3.hrj.emnuvens.com.br:article/1,,,,,,,True,True,True,,False
759,ESDEC-1,Veredas do Direito (Online),Escola Superior Dom Helder Câmara (ESDHC),105879,2026-01-08 21:38:14,INDEXED,1223,https://revista.domhelder.edu.br/index.php/veredas/oai,ojs,periodico,toolkit,oai_dc,Open Journal Systems,Veredas do Direito,oai:ojs.pkp.sfu.ca:article/1,,,,,,,True,True,True,,False
1253,ESMAM-1,Revista da Esmam,Escola Superior da Magistratura do Maranhão (ESMAM),106103,2026-01-09 12:03:28,INDEXED,82,https://revistaesmam.tjma.jus.br/index.php/esmam/oai,ojs,periodico,toolkit,oai_dc,Open Journal Systems,Revista da Esmam,oai:ojs2.revistaesmam.tjma.jus.br:article/1,,,,,,,True,True,True,,False
758,ESMARN-1,Revista Direito e Liberdade,Escola da Magistratura do Rio Grande do Norte (ESMARN),105858,2026-01-08 21:29:50,INDEXED,837,https://ww2.esmarn.tjrn.jus.br/revistas/index.php/revista_direito_e_liberdade/oai,ojs,periodico,toolkit,oai_dc,Open Journal Systems,Revista Direito e Liberdade,oai:ojs.pkp.sfu.ca:article/1,,,,,,,True,True,True,,False
1095,ESMAT,Revista Esmat,Escola Superior da Magistratura Tocantinense (ESMAT); Tribunal de Justiça do Estado do Tocantins (TJTO),108195,2026-08-20 20:40:45,INDEXED,466,https://revista.esmat.tjto.jus.br/revista_esmat/pt_BR/oai,ojs,periodico,toolkit,oai_dc,Open Journal Systems,Revista ESMAT,oai:revista.esmat.tjto.jus.br:article/1,,,,,,,True,True,True,,False
755,ESPM-2,Internext,Escola Superior de Propaganda e Marketing (ESPM),105859,2026-01-08 21:29:45,INDEXED,391,https://internext.espm.br/internext/oai,ojs,periodico,toolkit,oai_dc,Open Journal Systems,Internext,oai:ojs3.emnuvens.com.br:article/1,,,,,,,True,True,True,,False
756,ESPM-3,"Comunicação, Mídia e Consumo (Online)",Escola Superior de Propaganda e Marketing (ESPM),105857,2026-01-08 21:29:36,INDEXED,628,https://revistacmc.espm.br/revistacmc/oai,ojs,periodico,toolkit,oai_dc,Open Journal Systems,Comunicação Mídia e Consumo,oai:ojs.revistacmc.espm.br:article/1,,,,,,,True,True,True,,False
1527,ESPM-4,Diálogo com a Economia Criativa,Escola Superior de Propaganda e Marketing (ESPM),102597,2025-05-07 12:13:47,INDEXED,299,https://dialogo.espm.br/revistadcec-rj/oai,ojs,periodico,toolkit,oai_dc,Open Journal Systems,Diálogo com a Economia Criativa,oai:ojs.dialogo.espm.br:article/1,,,,,,,True,True,True,,False
753,ESS-1,Scire Salutis,Companhia Brasileira de Produção Científica (CBPC),105853,2026-01-08 21:29:16,INDEXED,425,https://sustenere.inf.br/index.php/sciresalutis/oai,ojs,periodico,toolkit,oai_dc,Open Journal Systems,Scire Salutis,oai:ojs2.sustenere.ojsbrasil.com.br:article/1,,,,,,,True,True,True,,False
750,EST-2,Identidade!,Faculdades EST,105855,2026-01-08 21:29:24,INDEXED,423,http://periodicos.est.edu.br/index.php/identidade/oai,ojs,periodico,toolkit,oai_dc,Open Journal Systems,identidade!,oai:www.est.edu.br/periodicos:article/1,,,,,,,True,True,True,,False
751,EST-3,Protestantismo em Revista,Faculdades EST,105854,2026-01-08 21:29:24,INDEXED,610,http://periodicos.est.edu.br/index.php/nepp/oai,ojs,periodico,toolkit,oai_dc,Open Journal Systems,Protestantismo em Revista,oai:www.est.edu.br/periodicos:article/1,,,,,,,True,True,True,,False
752,EST-4,Tear Online,Escola Superior de Teologia (EST),105852,2026-01-08 21:29:15,INDEXED,199,http://periodicos.est.edu.br/index.php/tear/oai,ojs,periodico,toolkit,oai_dc,Open Journal Systems,TEAR ONLINE,oai:www.est.edu.br/periodicos:article/1,,,,,,,True,True,True,,False
2300,EST-5,Estudos Teológicos (Online),Escola Superior de Teologia (EST),103430,2025-07-02 16:43:29,INDEXED,1701,http://periodicos.est.edu.br/index.php/estudos_teologicos/oai,ojs,periodico,toolkit,oai_dc,Open Journal Systems,Estudos Teológicos,oai:www.est.edu.br/periodicos:article/1,,,,,,,True,True,True,,False
2315,FACCAT,Colóquio (Taquara. Online),Faculdades Integradas de Taquara (FACCAT),103450,2025-07-04 15:36:11,INDEXED,581,https://seer.faccat.br/index.php/coloquio/oai,ojs,periodico,toolkit,oai_dc,Open Journal Systems,COLÓQUIO - Revista do Desenvolvimento Regional,oai:ojs.seer.faccat.br:article/1,,,,,,,True,True,True,,False
1920,FACECLA-1,Revista Eletrônica de Ciência Administrativa,Faculdade Cenecista de Campo Largo (FACECLA),102907,2025-05-13 09:40:07,INDEXED,468,http://www.periodicosibepes.org.br/recadm/oai,ojs,periodico,toolkit,oai_dc,Open Journal Systems,Revista Eletrônica de Ciência Administrativa,oai:periodicosibepes.org.br:article/1,,,,,,,True,True,True,,False
1975,FACERES-1,MedNEXT Journal of Medical and Health Sciences,Faculdade de Medicina em São José do Rio Preto (Faceres),102947,2025-05-13 11:05:10,INDEXED,400,https://mednext.zotarellifilhoscientificworks.com/index.php/mednext/oai,ojs,periodico,toolkit,oai_dc,Open Journal Systems,MedNEXT Journal of Medical and Health Sciences,oai:ojs2.mednext.zotarellifilhoscientificworks.com:article/1,,,,,,,True,True,True,,False
1562,FACESA-1,REVISA : Revista de Divulgação Científica Sena Aires (Online),Faculdade Evangélica de Valparaíso (Facev),99061,2024-08-23 19:22:02,INDEXED,174,https://rdcsa.emnuvens.com.br/revista/oai,ojs,periodico,toolkit,oai_dc,Open Journal Systems,REVISA,oai:ojs.rdcsa.emnuvens.com.br:article/1,,,,,,,True,True,True,,False
1249,FADISP-1,Revista Pensamento Jurídico,Faculdade Autônoma de Direito (FADISP),106098,2026-01-09 11:23:26,INDEXED,476,https://ojs.unialfa.com.br/index.php/pensamentojuridico/oai,ojs,periodico,toolkit,oai_dc,Open Journal Systems,Revista Pensamento Jurídico,oai:ojs2.ojs.unialfa.com.br:article/1,,,,,,,True,True,True,,False
1248,FAEMA-1,Repositório Institucional da Faculdade de Educação e Meio Ambiente (RI-FAEMA),Faculdade de Educação e Meio Ambiente (FAEMA),106096,2026-01-09 11:23:20,INDEXED,2882,https://repositorio.unifaema.edu.br/oai/request,dspace,repositorio,sampleIdentifier,oai_dc,,Repositorio UNIFAEMA,oai:repositorio.faema.edu.br:123456789/1234,,,,,,,True,True,True,,False
1099,FAJE,Perspectiva Teológica (Online),Faculdade Jesuíta de Filosofia e Teologia (FAJE),105992,2026-01-08 23:23:56,INDEXED,1503,https://www.faje.edu.br/periodicos/index.php/perspectiva/oai,ojs,periodico,toolkit,oai_dc,Open Journal Systems,Perspectiva Teológica,oai:ojs.pkp.sfu.ca:article/1,,,,,,,True,True,True,,False
1241,FAPCOM-1,Revista Paulus,Faculdade Paulus de Tecnologia e Comunicação (FAPCOM),106095,2026-01-09 11:23:14,INDEXED,190,https://revista.fapcom.edu.br/index.php/revista-paulus/oai,ojs,periodico,toolkit,oai_dc,Open Journal Systems,PAULUS: Revista de Comunicação da FAPCOM,oai:ojs.pkp.sfu.ca:article/1,,,,,,,True,True,True,,False
1141,FAPESP-1,Biota Neotropica,Instituto Virtual da Biodiversidade (BIOTA-FAPESP),106044,2026-01-09 10:21:48,INDEXED,2050,https://www.biotaneotropica.org.br/BN/oai,ojs,periodico,toolkit,oai_dc,Open Journal Systems,Biota Neotropica,oai:biotaneotropica.org.br:article/1,,,,,,,True,True,True,,False
1854,FASBAM,Basilíade - Revista de Filosofia,Faculdade São Basílio Magno (FASBAM),102852,2025-05-12 14:14:06,INDEXED,98,https://fasbam.edu.br/pesquisa/periodicos/index.php/basiliade/oai,ojs,periodico,toolkit,oai_dc,Open Journal Systems,Basilíade - Revista de Filosofia,oai:ojs.pkp.sfu.ca:article/1,,,,,,,True,True,True,,False
2841,FASIPE,Biblioteca Central Fasipe Sinop,Centro Educacional Fasipe,107979,2026-08-18 13:34:49,INDEXED,1220,https://repositorio.fasipe.com.br/server/oai/request,dspace,repositorio,sampleIdentifier,oai_dc,,DSpace Fasipe (Restore Test),oai:repositorio.fasipe.com.br:123456789/1234,,,,,,,True,True,True,,False
1663,FATEC-1,Processando o Saber (Online),Faculdades de Tecnologia do Estado de São Paulo (Fatec),102674,2025-05-07 13:41:17,INDEXED,170,https://fatecpg.edu.br/revista/index.php/ps/oai,ojs,periodico,toolkit,oai_dc,Open Journal Systems,Revista Processando o Saber,oai:revista.fatecpg.edu.br:article/1,,,,,,,True,True,True,,False
1826,FATEC-2,Revista FATEC Zona Sul,Faculdade de Tecnologia da Zona Sul (FATEC Zona Sul),102832,2025-05-12 12:20:57,INDEXED,408,https://www.revistarefas.com.br/RevFATECZS/oai,ojs,periodico,toolkit,oai_dc,Open Journal Systems,Refas - Revista Fatec Zona Sul,oai:ojs.pkp.sfu.ca:article/1,,,,,,,True,True,True,,False
1876,FATEC-3,REMIPE,Faculdade de Tecnologia de Osasco (FATEC),102876,2025-05-12 20:52:43,INDEXED,185,https://remipe.fatecosasco.edu.br/index.php/remipe/oai,ojs,periodico,toolkit,oai_dc,Open Journal Systems,REMIPE - Revista de Micro e Pequenas Empresas e Empreendedorismo da Fatec Osasco,oai:remipe.fatecosasco.edu.br:article/1,,,,,,,True,True,True,,False
1875,FATECRL-1,Revista Conecta,Faculdade de Tecnologia da Baixada Santista - Rubens Lara (FATECRL),102874,2025-05-12 20:52:26,INDEXED,74,https://fatecrl.edu.br/revistaconecta/index.php/rc/oai,ojs,periodico,toolkit,oai_dc,Open Journal Systems,Revista Conecta,oai:ojs2.fatecrl.edu.br:article/1,,,,,,,True,True,True,,False
2146,FBP-1,Revista Batista Pioneira (Online),Faculdade Batista Pioneira (FBP),103067,2025-05-14 13:01:56,INDEXED,308,https://revista.batistapioneira.edu.br/index.php/rbp/oai,ojs,periodico,toolkit,oai_dc,Open Journal Systems,Revista Batista Pioneira,oai:ojs.pkp.sfu.ca:article/1,,,,,,,True,True,True,,False
1807,FBSP,Revista Brasileira de Segurança Pública (Online),Fórum Brasileiro de Segurança Pública (FBSP),102816,2025-05-12 11:36:10,INDEXED,490,https://revista.forumseguranca.org.br/index.php/rbsp/oai,ojs,periodico,toolkit,oai_dc,Open Journal Systems,Revista Brasileira de Segurança Pública,oai:ojs.revista.forumseguranca.org.br:article/1,,,,,,,True,True,True,,False
742,FC-1,Cadernos Zygmunt Bauman,FILOSOFIA CAPITAL (FC),105870,2026-01-08 21:30:14,INDEXED,402,https://periodicoseletronicos.ufma.br/index.php/bauman/oai,ojs,periodico,toolkit,oai_dc,Open Journal Systems,Cadernos Zygmunt  Bauman,oai:ojs2.periodicoseletronicos.ufma.br:article/1,,,,,,,True,True,True,,False
740,FCC-1,Cadernos de Pesquisa (Fundação Carlos Chagas. Online),Fundação Carlos Chagas (FCC),105871,2026-01-08 21:30:32,INDEXED,2521,https://publicacoes.fcc.org.br/cp/oai,ojs,periodico,toolkit,oai_dc,Open Journal Systems,Cadernos de Pesquisa,oai:ojs.publicacoes.fcc.org.br:article/1,,,,,,,True,True,True,,False
741,FCC-2,Estudos em Avaliação Educacional,Fundação Carlos Chagas (FCC),105869,2026-01-08 21:30:25,INDEXED,970,https://publicacoes.fcc.org.br/eae/oai,ojs,periodico,toolkit,oai_dc,Open Journal Systems,Estudos em Avaliação Educacional,oai:ojs.publicacoes.fcc.org.br:article/1,,,,,,,True,True,True,,False
1628,FCMSCSP,Arquivos Médicos dos Hospitais e da Faculdade de Ciências Médicas da Santa Casa de São Paulo (Online),Faculdade de Ciências Médicas da Santa Casa de São Paulo,102652,2025-05-07 13:19:58,INDEXED,630,http://arquivosmedicos.fcmsantacasasp.edu.br/index.php/AMSCSP/oai,ojs,periodico,toolkit,oai_dc,Open Journal Systems,Arquivos Médicos dos Hospitais e da Faculdade de Ciências Médicas da Santa Casa de São Paulo,oai:ojs2.arquivosmedicos.fcmsantacasasp.edu.br:article/1,,,,,,,True,True,True,,False
1894,FDSM,Revista da Faculdade de Direito do Sul de Minas (Online),Faculdade de Direito do Sul de Minas (FDSM),102873,2025-05-12 20:52:18,INDEXED,95,https://revista.fdsm.edu.br/index.php/revistafdsm/oai,ojs,periodico,toolkit,oai_dc,Open Journal Systems,Revista da Faculdade de Direito do Sul de Minas,oai:ojs.revista.fdsm.edu.br:article/1,,,,,,,True,True,True,,False
1116,FEBAB-1,RBBD. Revista Brasileira de Biblioteconomia e Documentação (Online),"Federação Brasileira de Associações de Bibliotecários, Cientistas da Informação e Instituições (FEBAB)",105966,2026-01-08 23:22:47,INDEXED,1217,https://rbbd.febab.org.br/rbbd/oai,ojs,periodico,toolkit,oai_dc,Open Journal Systems,Revista Brasileira de Biblioteconomia e Documentação,oai:ojs3.rbbd.febab.org.br:article/1,,,,,,,True,True,True,,False
2317,FEBRAP,Revista Brasileira de Psicodrama (Online),Federação Brasileira de Psicodrama (Febrap),103452,2025-07-04 15:48:04,INDEXED,466,https://revbraspsicodrama.org.br/rbp/oai,ojs,periodico,toolkit,oai_dc,Open Journal Systems,Revista Brasileira de Psicodrama,oai:ojs.revbraspsicodrama.org.br:article/1,,,,,,,True,True,True,,False
738,FECAP-3,Revista Brasileira de Gestão de Negócios (Online),Fundação Escola de Comércio Álvares Penteado (FECAP),105878,2026-01-08 21:30:44,INDEXED,718,https://rbgn.fecap.br/RBGN/oai,ojs,periodico,toolkit,oai_dc,Open Journal Systems,Review of Business Management,oai:ojs3.emnuvens.com.br:article/1,,,,,,,True,True,True,,False
1059,Feevale-2,Gestão e Desenvolvimento,Universidade Feevale (Feevale),105933,2026-01-08 22:20:15,INDEXED,592,http://periodicos.feevale.br/seer/index.php/revistagestaoedesenvolvimento/oai,ojs,periodico,toolkit,oai_dc,Open Journal Systems,Revista Gestão e Desenvolvimento,oai:periodicos.feevale.br:article/1,,,,,,,True,True,True,,False
1089,Feevale-3,Conhecimento Online,Universidade Feevale (Feevale),105996,2026-01-08 23:24:15,INDEXED,474,http://periodicos.feevale.br/seer/index.php/revistaconhecimentoonline/oai,ojs,periodico,toolkit,oai_dc,Open Journal Systems,Revista Conhecimento Online: Diversidade e Inclusão Social,oai:periodicos.feevale.br:article/1,,,,,,,True,True,True,,False
2287,Feevale-4,Brazilian Creative Industries Journal,Universidade Feevale (Feevale),103414,2025-07-02 15:08:00,INDEXED,100,https://periodicos.feevale.br/seer/index.php/braziliancreativeindustries/oai,ojs,periodico,toolkit,oai_dc,Open Journal Systems,Brazilian Creative Industries Journal,oai:periodicos.feevale.br:article/1,,,,,,,True,True,True,,False
726,FGV,Repositório Institucional do FGV (FGV Repositório Digital),Fundação Getulio Vargas (FGV),107127,2026-05-27 14:38:48,INDEXED,33084,https://repositorio.fgv.br/server/oai/request,dspace,repositorio,forma-handle,xoai,,DSpace FGV,oai:repositorio.fgv.br:10438/1234,,,,,,,True,True,True,,False
735,FGV-10,Estudos Históricos (Rio de Janeiro),Fundação Getulio Vargas (FGV),105874,2026-01-08 21:30:36,INDEXED,992,https://periodicos.fgv.br/reh/oai,ojs,periodico,toolkit,oai_dc,Open Journal Systems,Revista Estudos Históricos,oai:ojs.periodicos.fgv.br:article/1,,,,,,,True,True,True,,False
727,FGV-2,Revista Direito GV,Fundação Getulio Vargas (FGV),105863,2026-01-08 21:29:56,INDEXED,740,https://periodicos.fgv.br/revdireitogv/oai,ojs,periodico,toolkit,oai_dc,Open Journal Systems,Revista Direito GV,oai:ojs.periodicos.fgv.br:article/1,,,,,,,True,True,True,,False
728,FGV-3,JOSCM. Journal of Operations and Supply Chain Management,Fundação Getulio Vargas (FGV),105862,2026-01-08 21:29:54,INDEXED,184,https://periodicos.fgv.br/joscm/oai,ojs,periodico,toolkit,oai_dc,Open Journal Systems,Journal of Operations and Supply Chain Management,oai:ojs.periodicos.fgv.br:article/1,,,,,,,True,True,True,,False
729,FGV-4,Revista de Administração Pública,Fundação Getulio Vargas (FGV),105864,2026-01-08 21:29:57,INDEXED,3147,https://periodicos.fgv.br/rap/oai,ojs,periodico,toolkit,oai_dc,Open Journal Systems,Revista de Administração Pública,oai:ojs.periodicos.fgv.br:article/1,,,,,,,True,True,True,,False
730,FGV-5,GVcasos,Fundação Getulio Vargas (FGV),105873,2026-01-08 21:30:36,INDEXED,547,https://periodicos.fgv.br/gvcasos/oai,ojs,periodico,toolkit,oai_dc,Open Journal Systems,Revista Brasileira de Casos de Ensino em Administração,oai:ojs.periodicos.fgv.br:article/1,,,,,,,True,True,True,,False
731,FGV-6,Cadernos Gestão Pública e Cidadania (Online),Fundação Getulio Vargas (FGV),105872,2026-01-08 21:30:26,INDEXED,547,https://periodicos.fgv.br/gvcasos/oai,ojs,periodico,toolkit,oai_dc,Open Journal Systems,Revista Brasileira de Casos de Ensino em Administração,oai:ojs.periodicos.fgv.br:article/1,,,,,,,True,True,True,,False
733,FGV-8,Revista Brasileira de Economia (Online),Fundação Getulio Vargas (FGV),105876,2026-01-08 21:30:45,INDEXED,1864,https://periodicos.fgv.br/rbe/oai,ojs,periodico,toolkit,oai_dc,Open Journal Systems,Revista Brasileira de Economia,oai:ojs.periodicos.fgv.br:article/1,,,,,,,True,True,True,,False
734,FGV-9,Cadernos EBAPE.BR,Fundação Getulio Vargas (FGV),105875,2026-01-08 21:30:37,INDEXED,1399,https://periodicos.fgv.br/cadernosebape/oai,ojs,periodico,toolkit,oai_dc,Open Journal Systems,Cadernos EBAPE.BR,oai:ojs.periodicos.fgv.br:article/1,,,,,,,True,True,True,,False
1232,FIA-1,Future Studies Research Journal: Trends and Strategies,Fundação Instituto de Administração (FIA),106063,2026-01-09 10:57:27,INDEXED,321,https://www.revistafuture.org/FSRJ/oai,ojs,periodico,toolkit,oai_dc,Open Journal Systems,Future Studies Research Journal: Trends and Strategies,oai:ojs.future.emnuvens.com.br:article/1,,,,,,,True,True,True,,False
2321,FIA-2,Revista de Gestão e Negócios do Esporte,Fundação Instituto de Administração (FIA),103455,2025-07-04 16:12:30,INDEXED,65,https://www.revistaabragesp.org.br/index.php/home/oai,ojs,periodico,toolkit,oai_dc,Open Journal Systems,Revista de Gestão e Negócios do Esporte,oai:ojs2.www.revistaabragesp.org.br:article/1,,,,,,,True,True,True,,False
1830,FIAMFAAM-1,Parágrafo,Centro Universitário FIAM-FAAM,102822,2025-05-12 12:20:15,INDEXED,225,https://revistaseletronicas.fiamfaam.br/index.php/recicofi/oai,ojs,periodico,toolkit,oai_dc,Open Journal Systems,Parágrafo,oai:ojs2.revistaseletronicas.fiamfaam.br:article/1,,,,,,,True,True,True,,False
1831,FIAMFAAM-2,"InSitu – Revista Cientí­fica do Programa de Mestrado Profissional em Projeto, Produção e Gestão do Espaço Urbano",Centro Universitário FIAM-FAAM,102844,2025-05-12 14:13:47,INDEXED,78,https://revistaseletronicas.fiamfaam.br/index.php/situs/oai,ojs,periodico,toolkit,oai_dc,Open Journal Systems,"InSitu – Revista Cientí­fica do Programa de Mestrado Profissional em Projeto, Produção e Gestão do Espaço Urbano",oai:ojs2.revistaseletronicas.fiamfaam.br:article/1,,,,,,,True,True,True,,False
1208,FIOCRUZ-1,Revista Fitos,Fundação Oswaldo Cruz (Fiocruz),106086,2026-01-09 10:58:51,INDEXED,710,https://revistafitos.far.fiocruz.br/index.php/revista-fitos/oai,ojs,periodico,toolkit,oai_dc,Open Journal Systems,Revista Fitos,oai:ojs.revistafitos.far.fiocruz.br:article/1,,,,,,,True,True,True,,False
722,FIOCRUZ-6,RECIIS (Online),Fundação Oswaldo Cruz (Fiocruz),105861,2026-01-08 21:30:02,INDEXED,1283,https://www.reciis.icict.fiocruz.br/index.php/reciis/oai,ojs,periodico,toolkit,oai_dc,Open Journal Systems,RECIIS,oai:www.reciis.icict.fiocruz.br:article/1,,,,,,,True,True,True,,False
2307,FMABC,ABCS Health Sciences (Online),Faculdade de Medicina do ABC (FMABC),103440,2025-07-04 12:51:14,INDEXED,503,https://www.portalnepas.org.br/abcshs/oai,ojs,periodico,toolkit,oai_dc,Open Journal Systems,ABCS Health Sciences,oai:ojs3.nepas.emnuvens.com.br:article/1,,,,,,,True,True,True,,False
1977,FMO-1,Anais da Faculdade de Medicina de Olinda (Online),Faculdade de Medicina de Olinda (FMO),102950,2025-05-13 11:05:20,INDEXED,187,https://afmo.emnuvens.com.br/afmo/oai,ojs,periodico,toolkit,oai_dc,Open Journal Systems,Anais da Faculdade de Medicina de Olinda,oai:ojs3.afmo.emnuvens.com.br:article/1,,,,,,,True,True,True,,False
2303,FMRP-2,Archives of Health Sciences (Online),Faculdade de Medicina de São José do Rio Preto (FAMERP),103439,2025-07-04 12:41:36,INDEXED,104,https://ahs.famerp.br/index.php/ahs/oai,ojs,periodico,toolkit,oai_dc,Open Journal Systems,Arquivos de Ciências da Saúde,oai:ojs2.ahs.famerp.br:article/1,,,,,,,True,True,True,,False
712,FMU-2,Revista Metropolitana de Sustentabilidade,Faculdades Metropolitanas Unidas (FMU),105851,2026-01-08 21:29:09,INDEXED,290,https://revistaseletronicas.fmu.br/index.php/rms/oai,ojs,periodico,toolkit,oai_dc,Open Journal Systems,Revista Metropolitana de Sustentabilidade (ISSN 2318-3233),oai:ojs.fmu.br:article/1,,,,,,,True,True,True,,False
1327,FPD-0,Psicologia em Foco (Aracaju),Faculdade Pio Décimo (FPD),106131,2026-01-09 12:06:09,INDEXED,141,https://revistas.fw.uri.br/index.php/psicologiaemfoco/oai,ojs,periodico,toolkit,oai_dc,Open Journal Systems,Revista Psicologia em Foco,oai:ojs.pkp.sfu.ca:article/1,,,,,,,True,True,True,,False
1906,FPM-1,Psicologia e Saúde em Debate,Faculdade Patos de Minas (FPM),102897,2025-05-12 21:49:43,INDEXED,810,https://psicodebate.dpgpsifpm.com.br/index.php/periodico/oai,ojs,periodico,toolkit,oai_dc,Open Journal Systems,Psicologia e Saúde em debate,oai:ojs2.psicodebate.dpgpsifpm.com.br:article/1,,,,,,,True,True,True,,False
2008,FPP-1,Espaço para a Saúde (Online),Faculdades Pequeno Príncipe (FPP),102976,2025-05-13 16:31:41,INDEXED,400,https://espacoparasaude.fpp.edu.br/index.php/espacosaude/oai,ojs,periodico,toolkit,oai_dc,Open Journal Systems,Espaço para a Saúde,oai:ojs.168.194.69.20:article/1,,,,,,,True,True,True,,False
708,FSA-2,Revista Inova Ação (Online),Faculdade Santo Agostinho (FSA),105848,2026-01-08 21:29:40,INDEXED,38,http://www4.unifsa.com.br/revista/index.php/inovaacao/oai,ojs,periodico,toolkit,oai_dc,Open Journal Systems,Revista Inova Ação,oai:ojs.projetos.polarisweb.com.br:article/1,,,,,,,True,True,True,,False
709,FSA-3,Revista FSA,Faculdade Santo Agostinho (FSA),105849,2026-01-08 21:29:47,INDEXED,1535,http://www4.unifsa.com.br/revista/index.php/fsa/oai,ojs,periodico,toolkit,oai_dc,Open Journal Systems,Revista FSA (Centro Universitário Santo Agostinho),oai:ojs.projetos.polarisweb.com.br:article/1,,,,,,,True,True,True,,False
1808,FSB,Hypnos,Faculdade de São Bento (FSB),102837,2025-05-12 12:22:17,INDEXED,554,https://hypnos.org.br/index.php/hypnos/oai,ojs,periodico,toolkit,oai_dc,Open Journal Systems,Revista Hypnos,oai:ojs.hypnos.org.br:article/1,,,,,,,True,True,True,,False
1224,FSBA-1,Diálogos Possíveis,Faculdade Social da Bahia (FSBA),106075,2026-01-09 10:58:17,INDEXED,458,https://revista.grupofaveni.com.br/index.php/dialogospossiveis/oai,ojs,periodico,toolkit,oai_dc,Open Journal Systems,Diálogos Possíveis,oai:ojs2.revista.grupofaveni.com.br:article/1,,,,,,,True,True,True,,False
704,FUMEC-1,Meritum (Belo Horizonte. Online),Universidade FUMEC,105846,2026-01-08 21:20:41,INDEXED,785,https://revista.fumec.br/index.php/meritum/oai,ojs,periodico,toolkit,oai_dc,Open Journal Systems,"Meritum, Revista de Direito da Universidade FUMEC",oai:ojs2.agendaestrelabet.fumec.br:article/1,,,,,,,True,True,True,,False
705,FUMEC-2,Mediação (Belo Horizonte. Online),Universidade FUMEC,105847,2026-01-08 21:20:33,INDEXED,472,https://revista.fumec.br/index.php/mediacao/oai,ojs,periodico,toolkit,oai_dc,Open Journal Systems,Revista Mediação,oai:ojs2.agendaestrelabet.fumec.br:article/1,,,,,,,True,True,True,,False
2284,FUMEC-3,Revista Construindo (Online),Universidade FUMEC,103411,2025-07-02 14:51:27,INDEXED,266,https://revista.fumec.br/index.php/construindo/oai,ojs,periodico,toolkit,oai_dc,Open Journal Systems,CONSTRUINDO,oai:ojs2.agendaestrelabet.fumec.br:article/1,,,,,,,True,True,True,,False
703,FUNDACE-11,Revista de Administração. Contabilidade e Economia da Fundace,"Fundação para Pesquisa e Desenvolvimento da Administração, Contabilidade e Economia (Fundace)",105845,2026-01-08 21:14:26,INDEXED,376,https://racef.fundace.org.br/index.php/racef/oai,ojs,periodico,toolkit,oai_dc,Open Journal Systems,"Revista de Administração, Contabilidade e Economia da Fundace",oai::article/1,,,,,,,True,True,True,,False
1325,FUNDAJ-0,Cadernos de Estudos Sociais (Online),Fundação Joaquim Nabuco (FUNDAJ),106128,2026-01-09 12:05:56,INDEXED,729,https://periodicos.fundaj.gov.br/CAD/oai,ojs,periodico,toolkit,oai_dc,Open Journal Systems,Cadernos de Estudos Sociais,oai:ojs.pkp.sfu.ca:article/1,,,,,,,True,True,True,,False
1329,FUNDAJ-1,Ciência & Trópico (Online),Fundação Joaquim Nabuco (FUNDAJ),106133,2026-01-09 12:06:16,INDEXED,1061,https://periodicos.fundaj.gov.br/CIC/oai,ojs,periodico,toolkit,oai_dc,Open Journal Systems,Ciência & Trópico,oai:ojs.pkp.sfu.ca:article/1,,,,,,,True,True,True,,False
2322,FUNDARTE,Revista da Fundarte (Online),Fundação Municipal de Artes de Montenegro (FUNDARTE),103457,2025-07-04 16:20:24,INDEXED,630,https://seer.fundarte.rs.gov.br/index.php/RevistadaFundarte/oai,ojs,periodico,toolkit,oai_dc,Open Journal Systems,Revista da FUNDARTE,oai:ojs.pkp.sfu.ca:article/1,,,,,,,True,True,True,,False
697,FURB-6,Revista Brasileira de Desenvolvimento Regional (Online),Universidade Regional de Blumenau (FURB),105840,2026-01-08 21:13:55,INDEXED,378,https://ojsrevista.furb.br/ojs/index.php/rbdr/oai,ojs,periodico,toolkit,oai_dc,Open Journal Systems,Revista Brasileira de Desenvolvimento Regional,oai:ojs.bu.furb.br:article/1,,,,,,,True,True,True,,False
698,FURB-7,Linguagens,Universidade Regional de Blumenau (FURB),105839,2026-01-08 21:13:55,INDEXED,558,https://ojsrevista.furb.br/ojs/index.php/linguagens/oai,ojs,periodico,toolkit,oai_dc,Open Journal Systems,"Linguagens - Revista de Letras, Artes e Comunicação",oai:ojs.bu.furb.br:article/1,,,,,,,True,True,True,,False
699,FURB-8,Revista jurídica (Blumenau. Online),Universidade Regional de Blumenau (FURB),108387,2026-08-27 18:43:35,INDEXED,450,https://ojsrevista.furb.br/ojs/index.php/juridica/oai,ojs,periodico,toolkit,oai_dc,Open Journal Systems,Revista Jurídica (FURB),oai:ojs.bu.furb.br:article/1,,,,,,,True,True,True,,False
692,FURG,Repositório Institucional da FURG (RI FURG),Universidade Federal do Rio Grande (FURG),108486,2026-09-03 11:53:43,INDEXED,12393,https://repositorio.furg.br/server/oai/request,dspace,repositorio,sampleIdentifier,xoai,,Repositório Institucional da FURG,oai:repositorio.furg.br:123456789/1234,,,,,,,True,True,True,,False
1963,FURG-10,Cadernos literários,Universidade Federal do Rio Grande (FURG),102925,2025-05-13 10:18:46,INDEXED,214,https://periodicos.furg.br/cadliter/oai,ojs,periodico,toolkit,oai_dc,Open Journal Systems,Cadernos Literários,oai:ojs.periodicos.furg.br:article/1,,,,,,,True,True,True,,False
1964,FURG-11,Campos Neutrais,Universidade Federal do Rio Grande (FURG),102926,2025-05-13 10:18:57,INDEXED,215,https://periodicos.furg.br/cn/oai,ojs,periodico,toolkit,oai_dc,Open Journal Systems,Campos Neutrais - Revista Latino-Americana de Relações Internacionais,oai:ojs.periodicos.furg.br:article/1,,,,,,,True,True,True,,False
1965,FURG-12,Revista Didática Sistêmica,Universidade Federal do Rio Grande (FURG),102927,2025-05-13 10:18:58,INDEXED,786,https://periodicos.furg.br/redsis/oai,ojs,periodico,toolkit,oai_dc,Open Journal Systems,Revista Didática Sistêmica,oai:ojs.periodicos.furg.br:article/1,,,,,,,True,True,True,,False
2811,FURG-13,Ambiente & Educação,Universidade Federal do Rio Grande (FURG),108003,2026-08-18 13:44:40,INDEXED,940,https://periodicos.furg.br/ambeduc/oai,ojs,periodico,toolkit,oai_dc,Open Journal Systems,Ambiente & Educação: Revista de Educação Ambiental,oai:ojs.periodicos.furg.br:article/1,,,,,,,True,True,True,,False
694,FURG-3,Biblos (Rio Grande. Online),Universidade Federal do Rio Grande (FURG),105836,2026-01-08 21:13:34,INDEXED,736,https://periodicos.furg.br/biblos/oai,ojs,periodico,toolkit,oai_dc,Open Journal Systems,BIBLOS - Revista do Instituto de Ciências Humanas e da Informação,oai:ojs.periodicos.furg.br:article/1,,,,,,,True,True,True,,False
1105,FURG-4,Juris (Rio Grande. Online),Universidade Federal do Rio Grande (FURG),105981,2026-01-08 23:23:24,INDEXED,334,https://periodicos.furg.br/juris/oai,ojs,periodico,toolkit,oai_dc,Open Journal Systems,JURIS - Revista da Faculdade de Direito,oai:ojs.periodicos.furg.br:article/1,,,,,,,True,True,True,,False
1317,FURG-5,Revista Diversidade e Educação,Universidade Federal do Rio Grande (FURG),106124,2026-01-09 12:05:47,INDEXED,860,https://periodicos.furg.br/divedu/oai,ojs,periodico,toolkit,oai_dc,Open Journal Systems,Diversidade e Educação,oai:ojs.periodicos.furg.br:article/1,,,,,,,True,True,True,,False
1954,FURG-6,Vittalle (Online),Universidade Federal do Rio Grande (FURG),102917,2025-05-13 10:18:27,INDEXED,653,https://periodicos.furg.br/vittalle/oai,ojs,periodico,toolkit,oai_dc,Open Journal Systems,VITTALLE - Revista de Ciências da Saúde,oai:ojs.periodicos.furg.br:article/1,,,,,,,True,True,True,,False
1955,FURG-7,Vetor (Online),Universidade Federal do Rio Grande (FURG),102918,2025-05-13 10:18:38,INDEXED,431,https://periodicos.furg.br/vetor/oai,ojs,periodico,toolkit,oai_dc,Open Journal Systems,VETOR - Revista de Ciências Exatas e Engenharias,oai:ojs.periodicos.furg.br:article/1,,,,,,,True,True,True,,False
1956,FURG-8,Sinergia (Rio Grande. Online),Universidade Federal do Rio Grande (FURG),102921,2025-05-13 10:18:37,INDEXED,377,https://periodicos.furg.br/sinergia/oai,ojs,periodico,toolkit,oai_dc,Open Journal Systems,"SINERGIA - Revista do Instituto de Ciências  Econômicas, Administrativas e Contábeis",oai:ojs.periodicos.furg.br:article/1,,,,,,,True,True,True,,False
1957,FURG-9,Remea - Revista Eletrônica do Mestrado em Educação Ambiental (Online),Universidade Federal do Rio Grande (FURG),102920,2025-05-13 10:18:39,INDEXED,1396,https://periodicos.furg.br/remea/oai,ojs,periodico,toolkit,oai_dc,Open Journal Systems,REMEA - Revista Eletrônica do Mestrado em Educação Ambiental,oai:ojs.periodicos.furg.br:article/1,,,,,,,True,True,True,,False
690,FZBRS-1,Iheringia. Série Botânica,Fundação Zoobotânica do Rio Grande do Sul (FZB/RS),105832,2026-01-08 21:13:14,INDEXED,566,https://isb.emnuvens.com.br/iheringia/oai,ojs,periodico,toolkit,oai_dc,Open Journal Systems,"Iheringia, Série Botânica.",oai:ojs3.isb.emnuvens.com.br:article/1,,,,,,,True,True,True,,False
689,GEL-1,Revista do GEL,Grupo de estudos linguísticos (GEL),105833,2026-01-08 21:13:16,INDEXED,788,https://revistas.gel.org.br/rg/oai,ojs,periodico,toolkit,oai_dc,Open Journal Systems,Revista do GEL,oai:ojs3.emnuvens.com.br:article/1,,,,,,,True,True,True,,False
687,GPCS-1,Revista Café com Sociologia,Universidade Federal de Alagoas (UFAL),105831,2026-01-08 21:13:04,INDEXED,403,https://revistacafecomsociologia.com/revista/index.php/revista/oai,ojs,periodico,toolkit,oai_dc,Open Journal Systems,Revista Café com Sociologia,oai:ojs.pkp.sfu.ca:article/1,,,,,,,True,True,True,,False
2838,HAE-1,Repositório Einstein de Produção Intelectual (REPI),Sociedade Beneficente Israelita Brasileira Hospital Albert Einstein (SBIBAE),107978,2026-08-18 13:16:12,INDEXED,11973,https://repositorio.einstein.br/oai,eprints,repositorio,sampleIdentifier,oai_dc,,Repositório Einstein de Produção Intelectual,oai:repositorio.einstein.br:1,,,,,,,True,True,True,,False
2326,HCPF,Revista Ciência & Humanização do Hospital de Clínicas de Passo Fundo,Hospital de Clínicas de Passo Fundo,103460,2025-07-04 16:34:18,INDEXED,51,https://rechhc.com.br/index.php/rechhc/oai,ojs,periodico,toolkit,oai_dc,Open Journal Systems,Revista Ciência & Humanização do Hospital de Clínicas de Passo Fundo,oai:ojs2.rechhc.com.br:article/1,,,,,,,True,True,True,,False
2327,IAL,Revista do Instituto Adolfo Lutz (Online),Instituto Adolfo Lutz,103461,2025-07-04 17:00:21,INDEXED,3078,https://periodicos.saude.sp.gov.br/RIAL/oai,ojs,periodico,toolkit,oai_dc,Open Journal Systems,Revista do Instituto Adolfo Lutz,oai:ojs.periodicos.saude.sp.gov.br:article/1,,,,,,,True,True,True,,False
2304,IBCCRIM,Boletim Instituto Brasileiro de Ciências Criminais,Instituto Brasileiro de Ciências Criminais (IBCCRIM),103435,2025-07-04 09:58:32,INDEXED,700,https://publicacoes.ibccrim.org.br/index.php/boletim_1993/oai,ojs,periodico,toolkit,oai_dc,Open Journal Systems,Boletim IBCCRIM,oai:ojs.publicacoes.ibccrim.org.br:article/1,,,,,,,True,True,True,,False
1017,IBDCivil,Revista Brasileira de Direito Civil (Online),Instituto Brasileiro de Direito Civil (IBDCivil),105913,2026-01-08 22:10:09,INDEXED,683,https://periodicos.sbu.unicamp.br/ojs/index.php/rdbci/oai,ojs,periodico,toolkit,oai_dc,Open Journal Systems,RDBCI: Revista Digital de Biblioteconomia e Ciência da Informação,oai:ojs.periodicos.sbu.unicamp.br:article/1,,,,,,,True,True,True,,False
2034,IBICT-10,Inclusão Social (Online),Instituto Brasileiro de Informação em Ciência e Tecnologia (Ibict),102986,2025-05-14 10:37:07,INDEXED,463,https://revista.ibict.br/inclusao/oai,ojs,periodico,toolkit,oai_dc,Open Journal Systems,Inclusão Social,oai:ojs.revista.ibict.br:article/1,,,,,,,True,True,True,,False
2041,ibict-11,Logeion,Instituto Brasileiro de Informação em Ciência e Tecnologia (Ibict),102985,2025-05-14 10:36:47,INDEXED,470,https://revista.ibict.br/fiinf/oai,ojs,periodico,toolkit,oai_dc,Open Journal Systems,Logeion: Filosofia da Informação,oai:ojs.revista.ibict.br:article/1,,,,,,,True,True,True,,False
2331,IBICT-11,Asklepion (Rio de Janeiro),Instituto Brasileiro de Informação em Ciência e Tecnologia (Ibict),103466,2025-07-07 10:37:37,INDEXED,86,https://revistaasklepion.emnuvens.com.br/asklepion/oai,ojs,periodico,toolkit,oai_dc,Open Journal Systems,Asklepion: Informação em Saúde,oai:ojs.emnuvens.com.br:article/1,,,,,,,True,True,True,,False
2332,IBICT-13,LALCA,Instituto Brasileiro de Informação em Ciência e Tecnologia (Ibict),106271,2026-01-28 10:07:04,INDEXED,48,https://revista.ibict.br/lalca/oai,ojs,periodico,toolkit,oai_dc,Open Journal Systems,LALCA: Revista Latino-Americana em Avaliação do Ciclo de Vida,oai:ojs.revista.ibict.br:article/1,,,,,,,True,True,True,,False
1127,IBICT-2,Liinc em Revista,Instituto Brasileiro de Informação em Ciência e Tecnologia (Ibict),106000,2026-01-09 09:45:47,INDEXED,752,https://revista.ibict.br/liinc/oai,ojs,periodico,toolkit,oai_dc,Open Journal Systems,Liinc em Revista,oai:ojs.revista.ibict.br:article/1,,,,,,,True,True,True,,False
2027,IBICT-7,Aleia (Repositório Institucional de Dados de Pesquisa do Ibict),Instituto Brasileiro de Informação em Ciência e Tecnologia (Ibict),106722,2026-03-25 22:38:56,INDEXED,34,https://aleia.ibict.br/oai,dataverse,dados,repositoryName,oai_datacite,,Aleia Dataverse OAI Archive,,,,,,,,True,True,True,,False
2033,IBICT-9,Ciência da Informação (Online),Instituto Brasileiro de Informação em Ciência e Tecnologia (Ibict),102987,2025-05-14 10:38:38,INDEXED,2010,https://revista.ibict.br/ciinf/oai,ojs,periodico,toolkit,oai_dc,Open Journal Systems,Ciência da Informação,oai:ojs.revista.ibict.br:article/1,,,,,,,True,True,True,,False
676,IBPEFEX-1,Revista Brasileira de Futsal e Futebol,Instituto Brasileiro de Ensino e Pesquisa em Fisiologia do Exercício (IBPEFEX),105834,2026-01-08 21:14:20,INDEXED,1008,https://www.rbff.com.br/index.php/rbff/oai,ojs,periodico,toolkit,oai_dc,Open Journal Systems,RBFF - Revista Brasileira de Futsal e Futebol,oai:ojs.www.rbff.com.br:article/1,,,,,,,True,True,True,,False
677,IBPEFEX-2,"Revista brasileira de obesidade, nutrição e emagrecimento",Instituto Brasileiro de Ensino e Pesquisa em Fisiologia do Exercício (IBPEFEX),105837,2026-01-08 21:14:44,INDEXED,1530,https://www.rbone.com.br/index.php/rbone/oai,ojs,periodico,toolkit,oai_dc,Open Journal Systems,"RBONE - Revista Brasileira de Obesidade, Nutrição e Emagrecimento",oai:ojs.www.rbone.com.br:article/1,,,,,,,True,True,True,,False
2329,IBPEFEX-3,Revista Brasileira de Prescrição e Fisiologia do Exercício,Instituto Brasileiro de Ensino e Pesquisa em Fisiologia do Exercício (IBPEFEX),103464,2025-07-07 10:01:37,INDEXED,1714,https://www.rbpfex.com.br/index.php/rbpfex/oai,ojs,periodico,toolkit,oai_dc,Open Journal Systems,RBPFEX - Revista Brasileira de Prescrição e Fisiologia do Exercício,oai:ojs.www.rbpfex.com.br:article/1,,,,,,,True,True,True,,False
2330,IBPEFEX-4,Revista Brasileira de Nutrição Esportiva,Instituto Brasileiro de Ensino e Pesquisa em Fisiologia do Exercício (IBPEFEX),103465,2025-07-07 10:28:35,INDEXED,1279,https://www.rbne.com.br/index.php/rbne/oai,ojs,periodico,toolkit,oai_dc,Open Journal Systems,RBNE - Revista Brasileira de Nutrição Esportiva,oai:ojs.www.rbne.com.br:article/1,,,,,,,True,True,True,,False
1052,IBRASPP-1,Revista Brasileira de Direito Processual Penal (Online),Instituto Brasileiro de Direito Processual Penal (IBRASPP),105928,2026-01-08 22:20:06,INDEXED,434,https://revista.ibraspp.com.br/RBDPP/oai,ojs,periodico,toolkit,oai_dc,Open Journal Systems,Revista Brasileira de Direito Processual Penal,oai:ojs.revista.ibraspp.com.br:article/1,,,,,,,True,True,True,,False
2335,ICAM,Revista de Constitucionalização do Direito Brasileiro (Online),Instituto Carlos Alexandre Moraes (ICAM),103478,2025-07-07 14:30:34,INDEXED,105,http://revistareconto.com.br/index.php/Reconto/oai,ojs,periodico,toolkit,oai_dc,Open Journal Systems,Revista de Constitucionalização do Direito Brasileiro,oai:ojs2.revistareconto.com.br:article/1,,,,,,,True,True,True,,False
1234,ICESP-1,Revista Brasileira de Pesquisa em Ciências da Saúde,Faculdades ICESP,106062,2026-01-09 10:57:24,INDEXED,118,https://revistas.icesp.br/index.php/RBPeCS/oai,ojs,periodico,toolkit,oai_dc,Open Journal Systems,Revista Brasileira de Pesquisa em Ciências da Saúde,oai:ojs.icesp.br:article/1,,,,,,,True,True,True,,False
2336,IDDC,Revista do Instituto de Direito Constitucional e Cidadania (Online),Instituto de Direito Constitucional e Cidadania (IDCC),103477,2025-07-07 14:25:55,INDEXED,181,https://revistadoidcc.com.br/index.php/revista/oai,ojs,periodico,toolkit,oai_dc,Open Journal Systems,Revista do Instituto de Direito Constitucional e Cidadania,oai:ojs2.revistadoidcc.com.br:article/1,,,,,,,True,True,True,,False
2000,IDP-1,Repositório Institucional do IDP,"Instituto Brasileiro de Ensino, Desenvolvimento e Pesquisa (IDP)",107773,2026-08-10 11:35:21,INDEXED,5038,https://repositorio.idp.edu.br/oai/request,dspace,repositorio,sampleIdentifier,oai_dc,,DSpace IDP,oai:repositorio.idp.edu.br:123456789/1234,,,,,,,True,True,True,,False
2334,IDP-2,Direito Público (Brasília. Online),"Instituto Brasileiro de Ensino, Desenvolvimento e Pesquisa (IDP)",107774,2026-08-10 11:35:07,INDEXED,1296,https://www.portaldeperiodicos.idp.edu.br/direitopublico/oai,ojs,periodico,toolkit,oai_dc,Open Journal Systems,Direito Público,oai:ojs3.www.portaldeperiodicos.idp.edu.br:article/1,,,,,,,True,True,True,,False
2095,IE-1,Revista Recien (Online),Instituto Enfservic,103031,2025-05-14 12:08:24,INDEXED,887,https://www.recien.com.br/index.php/Recien/oai,ojs,periodico,toolkit,oai_dc,Open Journal Systems,Revista Recien - Revista Científica de Enfermagem,oai:ojs2.recien.com.br:article/1,,,,,,,True,True,True,,False
1264,IEC-1,Revista Pan-Amazônica de Saúde (RPAS),Instituto Evandro Chagas (IEC),106105,2026-01-09 12:03:36,INDEXED,476,https://ojs.iec.gov.br/index.php/rpas/oai,ojs,periodico,toolkit,oai_dc,Open Journal Systems,Revista Pan-Amazônica de Saúde,oai:revista.iec.gov.br:article/1,,,,,,,True,True,True,,False
1878,IEPP-1,Journal of Interdisciplinary Debates,Instituto de Ensino e Pesquisa Periodicojs,102878,2025-05-12 20:52:57,INDEXED,159,https://www.periodicojs.com.br/index.php/jid/oai,ojs,periodico,toolkit,oai_dc,Open Journal Systems,Journal of Interdisciplinary Debates,oai:ojs.pkp.sfu.ca:article/1,,,,,,,True,True,True,,False
1879,IEPP-2,Health and Society,Instituto de Ensino e Pesquisa Periodicojs,102877,2025-05-12 20:52:53,INDEXED,603,https://www.periodicojs.com.br/index.php/hs/oai,ojs,periodico,toolkit,oai_dc,Open Journal Systems,Health and Society,oai:ojs.pkp.sfu.ca:article/1,,,,,,,True,True,True,,False
1880,IEPP-3,Revista Gênero e Interdisciplinaridade,Instituto de Ensino e Pesquisa Periodicojs,102880,2025-05-12 20:53:14,INDEXED,651,https://www.periodicojs.com.br/index.php/gei/oai,ojs,periodico,toolkit,oai_dc,Open Journal Systems,Revista Gênero e Interdisciplinaridade,oai:ojs.pkp.sfu.ca:article/1,,,,,,,True,True,True,,False
1988,IESB-1,Revista de Direito (Instituto de Educação Superior de Brasília),Instituto de Educação Superior de Brasília (IESB),102961,2025-05-13 12:01:16,INDEXED,177,https://revista.iesb.br/revista/index.php/ojsiesb/oai,ojs,periodico,toolkit,oai_dc,Open Journal Systems,"Revista de Direito - Trabalho, Sociedade e Cidadania",oai:revista.iesb.br:article/1,,,,,,,True,True,True,,False
2751,IFAL,Repositório Institucional do Instituto Federal de Alagoas (RI IFAL),Instituto Federal de Alagoas (IFAL),108050,2026-08-18 15:53:29,INDEXED,2799,https://repositorio.ifal.edu.br/server/oai/request,dspace,repositorio,sampleIdentifier,oai_dc,,Repositório Digital do Ifal,oai:repositorio.ifal.edu.br:123456789/1234,,,,,,,True,True,True,,False
2836,IFAM-3,Nexus (Manaus. Online),"Instituto Federal de Educação, Ciência e Tecnologia do Amazonas (IFAM)",107973,2026-08-18 13:15:37,INDEXED,306,https://nexus.ifam.edu.br/index.php/revista-nexus/oai,ojs,periodico,toolkit,oai_dc,Open Journal Systems,Nexus - Revista de Extensão do IFAM,oai:ojs2.10.10.133.40:article/1,,,,,,,True,True,True,,False
2382,IFC,Metodologias e Aprendizado,"Instituto Federal de Educação, Ciência e Tecnologia Catarinense (IFC)",104921,2025-11-06 19:27:40,INDEXED,279,https://publicacoes.ifc.edu.br/index.php/metapre/oai,ojs,periodico,toolkit,oai_dc,Open Journal Systems,Metodologias e Aprendizado,oai:ojs2.publicacoes.ifc.edu.br:article/1,,,,,,,True,True,True,,False
2383,IFC-2,Extensão Tecnológica (Online),"Instituto Federal de Educação, Ciência e Tecnologia Catarinense (IFC)",103483,2025-07-07 14:58:53,INDEXED,257,https://publicacoes.ifc.edu.br/index.php/RevExt/oai,ojs,periodico,toolkit,oai_dc,Open Journal Systems,Extensão Tecnológica: Revista de Extensão do Instituto Federal Catarinense,oai:ojs2.publicacoes.ifc.edu.br:article/1,,,,,,,True,True,True,,False
2384,IFC-3,Caminho Aberto (Online),"Instituto Federal de Educação, Ciência e Tecnologia Catarinense (IFC)",103484,2025-07-07 15:06:18,INDEXED,318,https://periodicos.ifsc.edu.br/index.php/caminhoaberto/oai,ojs,periodico,toolkit,oai_dc,Open Journal Systems,Caminho Aberto: revista de extensão do IFSC,oai:ojs.ifsc.edu.br:article/1,,,,,,,True,True,True,,False
1941,IFCE-1,Conexões : Ciência e Tecnologia (Fortaleza. Online),"Instituto Federal de Educação, Ciência e Tecnologia do Ceará (IFCE)",102915,2025-05-13 10:18:28,INDEXED,604,https://conexoes.ifce.edu.br/index.php/conexoes/oai,ojs,periodico,toolkit,oai_dc,Open Journal Systems,Conexões - Ciência e Tecnologia,oai:ojs2.conexoesnew.acessoacademico.com.br:article/1,,,,,,,True,True,True,,False
668,IFES-1,Revista Eletrônica Debates em Educação Científica e Tecnológica,"Instituto Federal de Educação, Ciência e Tecnologia do Espírito Santo (IFES)",105827,2026-01-08 21:12:58,INDEXED,1173,https://ojs.ifes.edu.br/index.php/index/oai,ojs,periodico,toolkit,oai_dc,Open Journal Systems,Revistas Eletrônicas do Instituto Federal do Espírito Santo,oai:revistas.ifes.edu.br:article/1,,,,,,,True,True,True,,False
2390,IFF,Boletim do Observatório Ambiental Alberto Ribeiro Lamego (Online),"Instituto Federal de Educação, Ciência e Tecnologia Fluminense (IFF)",103490,2025-07-07 15:50:28,INDEXED,467,https://editoraessentia.iff.edu.br/index.php/boletim/oai,ojs,periodico,toolkit,oai_dc,Open Journal Systems,Boletim do Observatório Ambiental Alberto Ribeiro Lamego,oai:ojs.editoraessentia.iff.edu.br:article/1,,,,,,,True,True,True,,False
2526,IFFAR-1,Revista de Ciência e Inovação do IF Farroupilha (Online),"Instituto Federal de Educação, Ciência e Tecnologia Farroupilha (IFFAR)",108327,2026-08-24 16:52:38,INDEXED,128,https://periodicos.iffarroupilha.edu.br/index.php/cienciainovacao/oai,ojs,periodico,toolkit,oai_dc,Open Journal Systems,Revista de Ciência e Inovação,oai:ojs.periodicos.iffarroupilha.edu.br:article/1,,,,,,,True,True,True,,False
1560,IFFlu,Vértices (Campos dos Goitacazes. Online),Centro Federal de Educação Tecnológica de Campos dos Goytacazes,96882,2024-04-24 09:47:25,INDEXED,816,https://editoraessentia.iff.edu.br/index.php/vertices/oai,ojs,periodico,toolkit,oai_dc,Open Journal Systems,Revista Vértices,oai:ojs.editoraessentia.iff.edu.br:article/1,,,,,,,True,True,True,,False
667,IFG-1,Cadernos de Educação Tecnologia e Sociedade,"Instituto Federal de Educação, Ciência e Tecnologia de Goiás (IFG)",107560,2026-08-02 18:51:44,INDEXED,1020,https://brajets.com/index.php/brajets/oai,ojs,periodico,toolkit,oai_dc,Open Journal Systems,"Cadernos de Educação, Tecnologia e Sociedade",oai:ojs.pkp.sfu.ca:article/1,,,,,,,True,True,True,,False
2819,IFG-2,Tecnia (Goiânia. Online),"Instituto Federal de Educação, Ciência e Tecnologia de Goiás (IFG)",108004,2026-08-18 13:44:46,INDEXED,261,https://periodicos.ifg.edu.br/tecnia/oai,ojs,periodico,toolkit,oai_dc,Open Journal Systems,"Tecnia – Revista de Educação, Ciência e Tecnologia do IFG",oai:ojs2.periodicos.ifg.edu.br:article/1,,,,,,,True,True,True,,False
1061,IFGO-1,Multi-Science Journal,"Instituto Federal de Educação, Ciência e Tecnologia Goiano (IF Goiano)",105936,2026-01-08 22:20:25,INDEXED,342,https://periodicos.ifgoiano.edu.br/multiscience/oai,ojs,periodico,toolkit,oai_dc,Open Journal Systems,Multi-Science Journal,oai:ojs3.ifgoiano.emnuvens.com.br:article/1,,,,,,,True,True,True,,False
1984,IFMA-1,[re]Design (São Luís),"Instituto Federal de Educação, Ciência e Tecnologia do Maranhão (IFMA)",102956,2025-05-13 11:05:36,INDEXED,30,https://periodicos.ifma.edu.br/redesign/oai,ojs,periodico,toolkit,oai_dc,Open Journal Systems,[re]Design,oai:ojs.pkp.sfu.ca:article/1,,,,,,,True,True,True,,False
1658,IFMT,Revista Prática Docente,"Instituto Federal de Educação, Ciência e Tecnologia de Mato Grosso (IFMT)",102670,2025-05-07 13:41:03,INDEXED,1040,https://periodicos.cfs.ifmt.edu.br/periodicos/index.php/rpd/oai,ojs,periodico,toolkit,oai_dc,Open Journal Systems,Revista Prática Docente,oai:ojs2.periodicos.cfs.ifmt.edu.br:article/1,,,,,,,True,True,True,,False
1749,IFMT-2,Revista PesquisAgro,"Instituto Federal de Educação, Ciência e Tecnologia de Mato Grosso (IFMT)",102765,2025-05-09 13:47:47,INDEXED,120,https://periodicos.cfs.ifmt.edu.br/periodicos/index.php/agro/oai,ojs,periodico,toolkit,oai_dc,Open Journal Systems,PesquisAgro,oai:ojs2.periodicos.cfs.ifmt.edu.br:article/1,,,,,,,True,True,True,,False
2386,IFMT-3,Revista Alembra,"Instituto Federal de Educação, Ciência e Tecnologia do Estado de Mato Grosso (IFMT)",103486,2025-07-07 15:19:21,INDEXED,135,http://periodicos.cfs.ifmt.edu.br/periodicos/index.php/alembra/oai,ojs,periodico,toolkit,oai_dc,Open Journal Systems,Revista AlembrA,oai:ojs2.periodicos.cfs.ifmt.edu.br:article/1,,,,,,,True,True,True,,False
1736,IFPB-1,Revista Gestão e Organizações,Instituto Federal da Paraíba (IFPB),102741,2025-05-09 13:44:19,INDEXED,180,https://periodicos.ifpb.edu.br/index.php/rgo/oai,ojs,periodico,toolkit,oai_dc,Open Journal Systems,Revista Gestão e Organizações,oai:ojs.periodicos.ifpb.edu.br:article/1,,,,,,,True,True,True,,False
2149,IFPB-2,Revista Principia,Instituto Federal da Paraíba (IFPB),103070,2025-05-14 13:04:09,INDEXED,1276,https://periodicos.ifpb.edu.br/index.php/principia/oai,ojs,periodico,toolkit,oai_dc,Open Journal Systems,Revista Principia,oai:ojs.periodicos.ifpb.edu.br:article/1,,,,,,,True,True,True,,False
2826,IFPB-3,Editora IFPB do Instituto Federal da Paraíba,Instituto Federal da Paraíba (IFPB),107958,2026-08-18 13:14:38,INDEXED,146,https://editora.ifpb.edu.br/ifpb/oai,omp,livro,toolkit,oai_dc,Open Monograph Press,Editora IFPB,oai:omp.pkp.sfu.ca:publicationFormat/1,,,,,,,True,True,True,,False
1593,IFPE,Repositório Institucional do IFPE,"Instituto Federal de Educação, Ciência e Tecnologia de Pernambuco (IFPE)",107291,2026-06-19 11:51:37,INDEXED,1904,https://repositorio.ifpe.edu.br/oai/request,dspace,repositorio,sampleIdentifier,xoai,,Repositório Institucional do IFPE,oai:repositorio.ifpe.edu.br:123456789/1234,,,,,,,True,True,True,,False
664,IFRN-3,Holos,Instituto Federal do Rio Grande do Norte (IFRN),105824,2026-01-08 21:13:02,INDEXED,2416,http://www2.ifrn.edu.br/ojs/index.php/HOLOS/oai,ojs,periodico,toolkit,oai_dc,Open Journal Systems,HOLOS,oai:holos.ifrn.edu.br:article/1,,,,,,,True,True,True,,False
2389,IFRN-4,Revista Brasileira da Educação Profissional e Tecnológica (Online),"Instituto Federal de Educação, Ciência e Tecnologia do Rio Grande do Norte (IFRN)",103485,2025-07-07 15:13:26,INDEXED,763,https://www2.ifrn.edu.br/ojs/index.php/RBEPT/oai,ojs,periodico,toolkit,oai_dc,Open Journal Systems,Revista Brasileira da Educação Profissional e Tecnológica,oai:holos.ifrn.edu.br:article/1,,,,,,,True,True,True,,False
1995,IFRO-1,"Repositório Institucional do Instituto Federal de Educação, Ciência e Tecnologia de Rondônia (IFRO)","Instituto Federal de Educação, Ciência e Tecnologia de Rondônia (IFRO)",104942,2025-11-06 21:44:36,INDEXED,1661,https://repositorio.ifro.edu.br/server/oai/request,dspace,repositorio,sampleIdentifier,oai_dc,,Repositório Institucional do IFRO,oai:repositorio.ifro.edu.br:123456789/1234,,,,,,,True,True,True,,False
661,IFRS-1,Tear: Revista de Educação Ciência e Tecnologia,"Instituto Federal de Educação, Ciência e Tecnologia do Rio Grande do Sul (IFRS)",105823,2026-01-08 21:12:53,INDEXED,629,https://periodicos.ifrs.edu.br/index.php/tear/oai,ojs,periodico,toolkit,oai_dc,Open Journal Systems,"#Tear: Revista de Educação, Ciência e Tecnologia",oai:ojs.pkp.sfu.ca:article/1,,,,,,,True,True,True,,False
1043,IFRS-2,Remat (Bento Gonçalves),"Instituto Federal de Educação, Ciência e Tecnologia do Rio Grande do Sul (IFRS)",105945,2026-01-08 22:21:49,INDEXED,374,https://periodicos.ifrs.edu.br/index.php/REMAT/oai,ojs,periodico,toolkit,oai_dc,Open Journal Systems,REMAT: Revista Eletrônica da Matemática,oai:ojs.pkp.sfu.ca:article/1,,,,,,,True,True,True,,False
1900,IFRS-4,Repositório Institucional do IFRS,"Instituto Federal de Educação, Ciência e Tecnologia do Rio Grande do Sul (IFRS)",105233,2025-12-17 16:53:29,INDEXED,2114,https://repositorio.ifrs.edu.br/oai/request,dspace,repositorio,sampleIdentifier,xoai,,DSpace at IFRS,oai:dspace.ifrs.edu.br:123456789/1234,,,,,,,True,True,True,,False
2859,IFSP-1,Repositório Institucional do Instituto Federal de São Paulo (RI-IFSP),"Instituto Federal de Educação, Ciência e Tecnologia de São Paulo (IFSP)",108372,2026-08-26 12:07:17,INDEXED,3056,https://repositorio.ifsp.edu.br/server/oai/request,dspace,repositorio,sampleIdentifier,oai_dc,,DSpace IFSP,oai:repositorio.ifsp.edu.br:123456789/1234,,,,,,,True,True,True,,False
660,IFSP-2,Revista Brasileira de Iniciação Científica,"Instituto Federal de Educação, Ciência e Tecnologia de São Paulo (IFSP)",108378,2026-08-26 14:36:53,INDEXED,522,https://periodicoscientificos.itp.ifsp.edu.br/index.php/rbic/oai,ojs,periodico,toolkit,oai_dc,Open Journal Systems,Revista Brasileira de Iniciação Científica,oai:ojs2.periodicosnovo.itp.ifsp.edu.br:article/1,,,,,,,True,True,True,,False
2391,IFSUL-2,Revista Thema,"Instituto Federal de Educação, Ciência e Tecnologia Sul-Rio-Grandense (IFSul)",103492,2025-07-07 16:05:13,INDEXED,831,https://periodicos.ifsul.edu.br/index.php/thema/oai,ojs,periodico,toolkit,oai_dc,Open Journal Systems,Revista Thema,oai:ojs.pkp.sfu.ca:article/1,,,,,,,True,True,True,,False
2392,IFSUL-3,Revista Educar + (Pelotas),"Instituto Federal de Educação, Ciência e Tecnologia Sul-Rio-Grandense (IFSul)",103489,2025-07-07 15:43:10,INDEXED,589,https://periodicos.ifsul.edu.br/index.php/educarmais/oai,ojs,periodico,toolkit,oai_dc,Open Journal Systems,Revista Educar Mais,oai:ojs.pkp.sfu.ca:article/1,,,,,,,True,True,True,,False
1971,IFSULMG-1,Revista Eixos Tech,"Instituto Federal de Educação, Ciência e Tecnologia do Sul de Minas Gerais (IFSULDEMINAS)",102940,2025-05-13 11:04:49,INDEXED,262,https://eixostech.pas.ifsuldeminas.edu.br/index.php/eixostech/oai,ojs,periodico,toolkit,oai_dc,Open Journal Systems,Revista Eixos Tech,oai:ojs.pkp.sfu.ca:article/1,,,,,,,True,True,True,,False
1819,IHGRGS-2,Revista do Instituto Histórico e Geográfico do Rio Grande do Sul (Online),Instituto Histórico e Geográfico do Rio Grande do Sul (IHGRGS),102829,2025-05-12 12:20:47,INDEXED,568,https://seer.ufrgs.br/index.php/revistaihgrgs/oai,ojs,periodico,toolkit,oai_dc,Open Journal Systems,Revista do Instituto Histórico e Geográfico do Rio Grande do Sul,oai:seer.ufrgs.br:article/1,,,,,,,True,True,True,,False
1567,IJMP,Independent Journal of Management & Production,"Instituto Federal de Educação, Ciência e Tecnologia de São Paulo (IFSP)",108379,2026-08-26 14:36:34,INDEXED,971,http://www.ijmp.jor.br/index.php/ijmp/oai,ojs,periodico,toolkit,oai_dc,Open Journal Systems,Independent Journal of Management & Production,oai:www.ijmp.jor.br:article/1,,,,,,,True,True,True,,False
2016,ILSL-1,Hansenologia Internationalis (Online),Instituto Lauro de Souza Lima (ILSL),102983,2025-05-13 16:32:14,INDEXED,862,https://periodicos.saude.sp.gov.br/hansenologia/oai,ojs,periodico,toolkit,oai_dc,Open Journal Systems,Hansenologia Internationalis: hanseníase e outras doenças infecciosas,oai:ojs.periodicos.saude.sp.gov.br:article/1,,,,,,,True,True,True,,False
1219,IMB-1,Mises,Instituto Mises Brasil,106072,2026-01-09 10:58:05,INDEXED,451,https://revistamises.org.br/misesjournal/oai,ojs,periodico,toolkit,oai_dc,Open Journal Systems,"MISES: Interdisciplinary Journal of Philosophy, Law and Economics",oai:ojs3.emnuvens.com.br:article/1,,,,,,,True,True,True,,False
2393,IME,C&T (Rio de Janeiro. Online),Instituto Militar de Engenharia (IME),103494,2025-07-07 16:12:46,INDEXED,194,https://ebrevistas.eb.mil.br/CT/oai,ojs,periodico,toolkit,oai_dc,Open Journal Systems,Revista Militar de Ciência e Tecnologia,oai:meiramattos.eceme.ensino.eb.br:article/1,,,,,,,True,True,True,,False
655,IMT-1,Revista do Instituto de Medicina Tropical de São Paulo,Instituto de Medicina Tropical (IMT),105816,2026-01-08 21:00:47,INDEXED,4799,https://revistas.usp.br/rimtsp/oai,ojs,periodico,toolkit,oai_dc,Open Journal Systems,Revista do Instituto de Medicina Tropical de São Paulo,oai:revistas.usp.br:article/1,,,,,,,True,True,True,,False
1910,INCA-1,Revista Brasileira de Cancerologia (Online),Instituto Nacional de Câncer José Alencar Gomes da Silva (INCA),102892,2025-05-12 21:49:30,INDEXED,2529,https://rbc.inca.gov.br/index.php/revista/oai,ojs,periodico,toolkit,oai_dc,Open Journal Systems,Revista Brasileira de Cancerologia,oai:rbc.inca.gov.br:article/1,,,,,,,True,True,True,,False
1908,INDEP-1,Scientia Generalis,Publicação independente,102898,2025-05-12 21:49:42,INDEXED,523,https://scientiageneralis.com.br/index.php/SG/oai,ojs,periodico,toolkit,oai_dc,Open Journal Systems,Scientia Generalis,oai:ojs2.scientiageneralis.com.br:article/1,,,,,,,True,True,True,,False
1943,INDEP-3,Journal of Teleological Science,Publicação independente,102916,2025-05-13 10:18:30,INDEXED,38,https://www.telosjournals.com.br/ojs/index.php/jts/oai,ojs,periodico,toolkit,oai_dc,Open Journal Systems,Journal of Teleological Science,oai:ojs.pkp.sfu.ca:article/1,,,,,,,True,True,True,,False
1944,INDEP-4,Isagoge (Niterói),Publicação independente,102932,2025-05-13 10:19:12,INDEXED,122,https://www.telosjournals.com.br/ojs/index.php/isa/oai,ojs,periodico,toolkit,oai_dc,Open Journal Systems,Isagoge - Journal of Humanities and Social Sciences,oai:ojs.pkp.sfu.ca:article/1,,,,,,,True,True,True,,False
2166,INDEP-5,Revista Disserata,Publicação independente,103081,2025-05-14 13:03:47,INDEXED,7,https://ojs.disserata.com.br/index.php/revistadisserata/oai,ojs,periodico,toolkit,oai_dc,Open Journal Systems,Revista Disserata,oai:ojs2.disserata.com.br:article/1,,,,,,,True,True,True,,False
2464,INDEP-6,Cadernos Cajuína,Publicação Independente,108449,2026-09-02 16:59:53,INDEXED,2864,https://v3.cadernoscajuina.pro.br/index.php/revista/oai,ojs,periodico,toolkit,oai_dc,Open Journal Systems,Cadernos Cajuína,oai:ojs2.v3.cadernoscajuina.pro.br:article/1,,,,,,,True,True,True,,False
2809,INDEP-7,Revista Colombiana de Ciências e Humanidades,Publicação independente,107998,2026-08-18 13:44:08,INDEXED,162,https://www.rehcol.com/index.php/rehcol/oai,ojs,periodico,toolkit,oai_dc,Open Journal Systems,REVISTA COLOMBIANA DE CIÊNCIAS E HUMANIDADES (REHCOL),oai:ojs2.rehcol.com:article/1,,,,,,,True,True,True,,False
2810,INDEP-8,Revista Owl,Publicação independente,108000,2026-08-18 13:44:34,INDEXED,889,https://www.revistaowl.com.br/index.php/owl/oai,ojs,periodico,toolkit,oai_dc,Open Journal Systems,Revista OWL (OWL Journal) - REVISTA INTERDISCIPLINAR DE ENSINO E EDUCAÇÃO,oai:ojs2.revistaowl.com.br:article/1,,,,,,,True,True,True,,False
2820,INDEP-9,Civilistica.com,Publicação independente,107989,2026-08-18 13:41:29,INDEXED,683,https://civilistica.emnuvens.com.br/redc/oai,ojs,periodico,toolkit,oai_dc,Open Journal Systems,Civilistica.com,oai:ojs.civilistica.emnuvens.com.br:article/1,,,,,,,True,True,True,,False
2273,INTEGRADO,Perspectivas Contemporâneas,Centro Universitário Integrado,103404,2025-07-02 13:22:28,INDEXED,424,http://periodicos.grupointegrado.br/revista/index.php/perspectivascontemporaneas/oai,ojs,periodico,toolkit,oai_dc,Open Journal Systems,Perspectivas Contemporâneas,oai:ojs.revista.grupointegrado.br:article/1,,,,,,,True,True,True,,False
644,INTERCOM-1,Intercom (São Paulo. Online. 2006),Sociedade Brasileira de Estudos Interdisciplinares da Comunicação (INTERCOM),105806,2026-01-08 20:55:26,INDEXED,1175,https://revistas.intercom.org.br/index.php/revistaintercom/oai,ojs,periodico,toolkit,oai_dc,Open Journal Systems,Intercom - Revista Brasileira de Ciências da Comunicação,oai:ojs.revista.intercom.org.br:article/1,,,,,,,True,True,True,,False
642,IPARDES-1,Revista Paranaense de Desenvolvimento (Online),Instituto Paranaense de Desenvolvimento Econômico e Social (IPARDES),105805,2026-01-08 20:55:14,INDEXED,715,https://ipardes.emnuvens.com.br/revistaparanaense/oai,ojs,periodico,toolkit,oai_dc,Open Journal Systems,Revista Paranaense de Desenvolvimento - RPD,oai:ojs.ipardes.emnuvens.com.br:article/1,,,,,,,True,True,True,,False
1735,IPES,ID on line. Revista de psicologia,Instituto Persona de Educação Superior,102694,2025-05-07 20:58:57,INDEXED,2992,https://idonline.emnuvens.com.br/id/oai,ojs,periodico,toolkit,oai_dc,Open Journal Systems,ID on line. Revista de psicologia,oai:ojs.idonline.emnuvens.com.br:article/1,,,,,,,True,True,True,,False
1792,IPES-1,Amadeus International Multidisciplinary Journal,Instituto Persona de Educação Superior,102795,2025-05-12 11:21:06,INDEXED,146,https://amadeusjournal.emnuvens.com.br/amadeus/oai,ojs,periodico,toolkit,oai_dc,Open Journal Systems,Amadeus International Multidisciplinary Journal,oai:ojs3.amadeusjournal.emnuvens.com.br:article/1,,,,,,,True,True,True,,False
2198,IPHAN-1,Biblioteca Digital do IPHAN,Instituto do Patrimônio Histórico e Artístico Nacional (IPHAN),106805,2026-04-13 09:50:15,INDEXED,1251,https://bibliotecadigital-web.iphan.gov.br/server/oai/request,dspace,repositorio,sampleIdentifier,xoai,,DSpace IPHAN,oai:bibliotecadigital.iphan.gov.br:123456789/1234,,,,,,,True,True,True,,False
1905,ITAL-2,Repositório do Instituto de Tecnologia de Alimentos,Instituto de Tecnologia de Alimentos (ITAL),108488,2026-09-03 13:32:53,INDEXED,967,http://repositorio.ital.sp.gov.br/oai/request,dspace,repositorio,sampleIdentifier,oai_dc,,Instituto de Tecnologia de Alimentos,oai:localhost:123456789/1234,,,,,,,True,True,True,,False
2363,ITEGAM,ITEGAM-JETIA,Instituto de Tecnologia e Educação Galileo da Amazônia (ITEGAM),103481,2025-07-07 14:34:34,INDEXED,759,https://itegam-jetia.org/journal/index.php/jetia/oai,ojs,periodico,toolkit,oai_dc,Open Journal Systems,ITEGAM-JETIA,oai:ojs.itegam-jetia.org:article/1,,,,,,,True,True,True,,False
2396,JBB,Heringeriana (Online),Jardim Botânico de Brasília (JBB),103496,2025-07-07 16:30:25,INDEXED,210,https://revistas.jardimbotanicodf.org/index.php/heringeriana/oai,ojs,periodico,toolkit,oai_dc,Open Journal Systems,Heringeriana,oai:ojs2.revistas.jardimbotanicodf.org:article/1,,,,,,,True,True,True,,False
635,Krot,Scientia – Repositório Institucional,Kroton Educacional S.A.,103350,2025-06-25 15:11:22,INDEXED,65529,https://repositorio.pgsscogna.com.br/oai/request.,dspace,repositorio,sampleIdentifier,xoai,,Repositório Cogna,oai:repositorio.pgsskroton.com.br:123456789/1234,,,,,,,True,True,True,,False
2398,LABOR,"Revista de Direito do Trabalho, Processo do Trabalho e Direito da Seguridade Social",Laborjuris – Serviços Jurídicos em Educação,103498,2025-07-07 16:41:15,INDEXED,153,https://www.revista.laborjuris.com.br/laborjuris/oai,ojs,periodico,toolkit,oai_dc,Open Journal Systems,"Revista de Direito do Trabalho, Processo do Trabalho e Direito da Seguridade Social",oai:ojs.pkp.sfu.ca:article/1,,,,,,,True,True,True,,False
1770,Liberato,Revista Liberato (Online),Fundação Escola Técnica Liberato Salzano Vieira da Cunha (Liberato),102794,2025-05-12 11:20:55,INDEXED,395,https://revista.liberato.com.br/index.php/revista/oai,ojs,periodico,toolkit,oai_dc,Open Journal Systems,Revista Liberato,oai:ojs2.revista.liberato.com.br:article/1,,,,,,,True,True,True,,False
2339,LLP,Confluência (Rio de Janeiro. Online),Instituto de Língua Portuguesa do Liceu Literário Português,103476,2025-07-07 12:23:04,INDEXED,1092,https://revistaconfluencia.org.br/rc/oai,ojs,periodico,toolkit,oai_dc,Open Journal Systems,Confluência,oai:ojs3.emnuvens.com.br:article/1,,,,,,,True,True,True,,False
2009,MHN-1,Anais do Museu Histórico Nacional (Online),Museu Histórico Nacional,102977,2025-05-13 16:31:27,INDEXED,127,https://anaismhn.museus.gov.br/index.php/amhn/oai,ojs,periodico,toolkit,oai_dc,Open Journal Systems,Anais do Museu Histórico Nacional,oai:https://anaismhn.museus.gov.br:article/1,,,,,,,True,True,True,,False
2400,MLA,Revista de Direito e Negócios Internacionais da Maritime Law Academy,Maritime Law Academy,103500,2025-07-07 16:54:46,INDEXED,92,https://mlawreview.emnuvens.com.br/mlaw/oai,ojs,periodico,toolkit,oai_dc,Open Journal Systems,Revista de Direito e Negócios Internacionais da Maritime Law Academy    -     International Law and Business Review,oai:ojs.emnuvens.com.br:article/1,,,,,,,True,True,True,,False
2395,NOOS,Nova Perspectiva Sistêmica (Online),Instituto Noos,103495,2025-07-07 16:21:29,INDEXED,501,https://www.revistanps.com.br/nps/oai,ojs,periodico,toolkit,oai_dc,Open Journal Systems,Nova Perspectiva Sistêmica,oai:ojs.revistanps.com.br:article/1,,,,,,,True,True,True,,False
2827,OAB-SP-1,Revista ESASP (Online),Ordem dos Advogados do Brasil - Seção São Paulo,107959,2026-08-18 13:14:41,INDEXED,159,https://revista.esaoabsp.com/index.php/esa/oai,ojs,periodico,toolkit,oai_dc,Open Journal Systems,Revista ESASP - Revista Científica Virtual da Escola Superior de Advocacia da OAB/SP,oai:ojs2.revista.esaoabsp.com:article/1,,,,,,,True,True,True,,False
2463,PGERJ,Revista Eletrônica da PGE-RJ,Procuradoria Geral do Estado do Rio de Janeiro (PGERJ),108447,2026-09-02 16:58:12,INDEXED,288,https://revistaeletronica.pge.rj.gov.br/index.php/pge/oai,ojs,periodico,toolkit,oai_dc,Open Journal Systems,Revista Eletrônica da PGE-RJ,oai:ojs.revistaeletronica.pge.rj.gov.br:article/1,,,,,,,True,True,True,,False
1588,PROCESSUS,"Revista Processus de Estudos de Gestão, Jurídicos e Financeiros (Online)",Faculdade Processus (DF),102620,2025-05-07 12:42:58,INDEXED,273,https://periodicos.processus.com.br/index.php/egjf/oai,ojs,periodico,toolkit,oai_dc,Open Journal Systems,"Revista Processus de Estudos de Gestão, Jurí­dicos e Financeiros",oai:ojs2.periodicos.processus.com.br:article/1,,,,,,,True,True,True,,False
1693,PROCESSUS1,Revista Processus de políticas Públicas e Desenvolvimento Social,Faculdade Processus (DF),102661,2025-05-07 13:39:27,INDEXED,94,http://periodicos.processus.com.br/index.php/ppds/oai,ojs,periodico,toolkit,oai_dc,Open Journal Systems,Revista Processus de Políticas Públicas e Desenvolvimento Social,oai:ojs2.periodicos.processus.com.br:article/1,,,,,,,True,True,True,,False
1935,PROS,South American Sciences,Instituto Pros,102904,2025-05-13 09:39:56,INDEXED,143,https://www.southamericansciences.com.br/index.php/sas/oai,ojs,periodico,toolkit,oai_dc,Open Journal Systems,South American Sciences,oai:ojs2.southamericansciences.com.br:article/1,,,,,,,True,True,True,,False
1036,PUC-GO-1,Habitus,Pontifícia Universidade Católica de Goiás (PUC-GO),105926,2026-01-08 22:19:54,INDEXED,561,https://seer.pucgoias.edu.br/index.php/habitus/oai,ojs,periodico,toolkit,oai_dc,Open Journal Systems,Revista Habitus - Revista do Instituto Goiano de Pré-História e Antropologia,oai:ojs2.seer.ojs.com.br:article/1,,,,,,,True,True,True,,False
1994,PUC_CAMP-5,Repositório Institucional PUC-Campinas,Pontifícia Universidade Católica de Campinas (PUC-CAMPINAS),107056,2026-05-20 10:33:02,INDEXED,4333,https://repositorio.sis.puc-campinas.edu.br/server/oai/request,dspace,repositorio,sampleIdentifier,xoai,,PUC-CAMPINAS,oai:repositorio.sis.puc-campinas.edu.br:123456789/1234,,,,,,,True,True,True,,False
2021,PUC_GO-2,Caminhos (Goiânia. Online),Pontifícia Universidade Católica de Goiás (PUC-GO),102974,2025-05-13 16:31:18,INDEXED,844,https://seer.pucgoias.edu.br/index.php/caminhos/oai,ojs,periodico,toolkit,oai_dc,Open Journal Systems,Revista Caminhos - Revista de Ciências da Religião,oai:ojs2.seer.ojs.com.br:article/1,,,,,,,True,True,True,,False
1131,PUC_GO-3,Revista Baru - Revista Brasileira de Assuntos Regionais e Urbanos,Associação Brasileira de Estudos e Pesquisas em Moda (Abepem),106001,2026-01-09 09:45:36,INDEXED,265,https://seer.pucgoias.edu.br/index.php/baru/oai,ojs,periodico,toolkit,oai_dc,Open Journal Systems,Revista Baru - Revista Brasileira de Assuntos Regionais e Urbanos,oai:ojs2.seer.ojs.com.br:article/1,,,,,,,True,True,True,,False
1132,PUC_GO-4,Educativa,Pontifícia Universidade Católica de Goiás (PUC-GO),106002,2026-01-09 09:45:35,INDEXED,577,https://seer.pucgoias.edu.br/index.php/educativa/oai,ojs,periodico,toolkit,oai_dc,Open Journal Systems,Revista Educativa - Revista de Educação,oai:ojs2.seer.ojs.com.br:article/1,,,,,,,True,True,True,,False
1133,PUC_GO-5,Estudos (Goiânia. Online),Pontifícia Universidade Católica de Goiás (PUC-GO),106004,2026-01-09 09:45:45,INDEXED,739,https://seer.pucgoias.edu.br/index.php/estudos/oai,ojs,periodico,toolkit,oai_dc,Open Journal Systems,Revista Estudos - Revista de Ciências Ambientais e Saúde (EVS),oai:ojs2.seer.ojs.com.br:article/1,,,,,,,True,True,True,,False
1134,PUC_GO-6,Guará,Pontifícia Universidade Católica de Goiás (PUC-GO),106007,2026-01-09 10:09:52,INDEXED,312,https://seer.pucgoias.edu.br/index.php/guara/oai,ojs,periodico,toolkit,oai_dc,Open Journal Systems,Revista Guará - Revista de Linguagem e Literatura,oai:ojs2.seer.ojs.com.br:article/1,,,,,,,True,True,True,,False
1135,PUC_GO-7,Mosaico (Goiânia),Pontifícia Universidade Católica de Goiás (PUC-GO),106008,2026-01-09 10:09:50,INDEXED,601,https://seer.pucgoias.edu.br/index.php/mosaico/oai,ojs,periodico,toolkit,oai_dc,Open Journal Systems,Revista Mosaico - Revista de História,oai:ojs2.seer.ojs.com.br:article/1,,,,,,,True,True,True,,False
612,PUC_MG-1,Revista Economia & Gestão,Pontifícia Universidade Católica de Minas Gerais (PUC Minas),105818,2026-01-08 20:56:42,INDEXED,687,https://periodicos.pucminas.br/economiaegestao/oai,ojs,periodico,toolkit,oai_dc,Open Journal Systems,Revista Economia & Gestão,oai:ojs3.periodicos.pucminas.br:article/1,,,,,,,True,True,True,,False
1341,PUC_MG-2,Sapere Aude (Belo Horizonte. Online),Pontifícia Universidade Católica de Minas Gerais (PUC Minas),106118,2026-01-09 12:04:38,INDEXED,970,https://periodicos.pucminas.br/SapereAude/oai,ojs,periodico,toolkit,oai_dc,Open Journal Systems,Sapere Aude,oai:ojs3.periodicos.pucminas.br:article/1,,,,,,,True,True,True,,False
2409,PUC_MG-4,Virtuajus,Pontifícia Universidade Católica de Minas Gerais (PUC Minas),103521,2025-07-09 12:23:22,INDEXED,465,https://periodicos.pucminas.br/virtuajus/oai,ojs,periodico,toolkit,oai_dc,Open Journal Systems,Virtuajus,oai:ojs3.periodicos.pucminas.br:article/1,,,,,,,True,True,True,,False
613,PUC_MINS-2,Percurso Acadêmico,Pontifícia Universidade Católica de Minas Gerais (PUC Minas),105817,2026-01-08 20:56:24,INDEXED,337,https://periodicos.pucminas.br/index.php/percursoacademico/oai,ojs,periodico,toolkit,oai_dc,Open Journal Systems,Percurso Acadêmico,oai:ojs3.periodicos.pucminas.br:article/1,,,,,,,True,True,True,,False
615,PUC_MINS-4,Revista da Faculdade Mineira de Direito (Online),Pontifícia Universidade Católica de Minas Gerais (PUC Minas),105821,2026-01-08 20:56:48,INDEXED,397,https://periodicos.pucminas.br/Direito/oai,ojs,periodico,toolkit,oai_dc,Open Journal Systems,Revista da Faculdade Mineira de Direito,oai:ojs3.periodicos.pucminas.br:article/1,,,,,,,True,True,True,,False
1044,PUC_MINS-7,Cadernos CESPUC de Pesquisa,Pontifícia Universidade Católica de Minas Gerais (PUC Minas),107053,2026-05-19 18:52:50,INDEXED,671,https://periodicos.pucminas.br/cadernoscespuc/oai,ojs,periodico,toolkit,oai_dc,Open Journal Systems,Cadernos CESPUC de Pesquisa Série Ensaios,oai:ojs3.periodicos.pucminas.br:article/1,,,,,,,True,True,True,,False
1081,PUC_MINS-8,Cadernos de Arquitetura e Urbanismo (Online),Pontifícia Universidade Católica de Minas Gerais (PUC Minas),105959,2026-01-08 22:34:58,INDEXED,555,https://periodicos.pucminas.br/Arquiteturaeurbanismo/oai,ojs,periodico,toolkit,oai_dc,Open Journal Systems,Cadernos de Arquitetura e Urbanismo,oai:ojs3.periodicos.pucminas.br:article/1,,,,,,,True,True,True,,False
1107,PUC_MINS-9,Cadernos de História (Belo Horizonte. Online),Pontifícia Universidade Católica de Minas Gerais (PUC Minas),105982,2026-01-08 23:23:36,INDEXED,504,https://periodicos.pucminas.br/cadernoshistoria/oai,ojs,periodico,toolkit,oai_dc,Open Journal Systems,Cadernos de História,oai:ojs3.periodicos.pucminas.br:article/1,,,,,,,True,True,True,,False
2445,PUC_PR-23,International Journal of Digital Law,Pontifícia Universidade Católica do Paraná (PUC-PR),108442,2026-09-02 16:57:47,INDEXED,117,https://journal.nuped.com.br/index.php/revista/oai,ojs,periodico,toolkit,oai_dc,Open Journal Systems,International Journal of Digital Law,oai:journal.nuped.com.br:article/1,,,,,,,True,True,True,,False
610,PUC_PR-26,Fisioterapia em Movimento,Pontifícia Universidade Católica do Paraná (PUC-PR),105814,2026-01-08 20:55:56,INDEXED,1359,https://periodicos.pucpr.br/fisio/oai,ojs,periodico,toolkit,oai_dc,Open Journal Systems,Fisioterapia em Movimento (Physical Therapy in Movement),oai:ojs.periodicos.pucpr.br:article/1,,,,,,,True,True,True,,False
611,PUC_PR-27,Urbe. Revista Brasileira de Gestão Urbana,Pontifícia Universidade Católica do Paraná (PUC-PR),105819,2026-01-08 20:56:54,INDEXED,699,https://periodicos.pucpr.br/Urbe/oai,ojs,periodico,toolkit,oai_dc,Open Journal Systems,Revista Brasileira de Gestão Urbana,oai:ojs.periodicos.pucpr.br:article/1,,,,,,,True,True,True,,False
1096,PUC_PR-28,Revista de Direito Econômico e Socioambiental,Pontifícia Universidade Católica do Paraná (PUC-PR),105991,2026-01-08 23:23:55,INDEXED,484,https://periodicos.pucpr.br/direitoeconomico/oai,ojs,periodico,toolkit,oai_dc,Open Journal Systems,Revista de Direito Econômico e Socioambiental,oai:ojs.periodicos.pucpr.br:article/1,,,,,,,True,True,True,,False
2446,PUC_RIO-3,Ergodesign & HCI,Pontifícia Universidade Católica do Rio de Janeiro (PUC-Rio),108443,2026-09-02 16:57:48,INDEXED,196,https://periodicos.puc-rio.br/revistaergodesign-hci/oai,ojs,periodico,toolkit,oai_dc,Open Journal Systems,Ergodesign &amp; HCI,oai:ojs3.periodicos.puc-rio.br:article/1,,,,,,,True,True,True,,False
597,PUC_RS-13,Textos & contextos (Porto Alegre),Pontifícia Universidade Católica do Rio Grande do Sul (PUCRS),105802,2026-01-08 20:55:15,INDEXED,685,https://revistaseletronicas.pucrs.br/fass/oai,ojs,periodico,toolkit,oai_dc,Open Journal Systems,Textos & Contextos (Porto Alegre),oai:ojs.revistaseletronicas.pucrs.br:article/1,,,,,,,True,True,True,,False
598,PUC_RS-14,letrônica,Pontifícia Universidade Católica do Rio Grande do Sul (PUCRS),105803,2026-01-08 20:55:17,INDEXED,924,https://revistaseletronicas.pucrs.br/letronica/oai,ojs,periodico,toolkit,oai_dc,Open Journal Systems,Letrônica,oai:ojs.revistaseletronicas.pucrs.br:article/1,,,,,,,True,True,True,,False
599,PUC_RS-15,Oficina do Historiador,Pontifícia Universidade Católica do Rio Grande do Sul (PUCRS),105804,2026-01-08 20:55:09,INDEXED,476,https://revistaseletronicas.pucrs.br/oficinadohistoriador/oai,ojs,periodico,toolkit,oai_dc,Open Journal Systems,Oficina do Historiador,oai:ojs.revistaseletronicas.pucrs.br:article/1,,,,,,,True,True,True,,False
600,PUC_RS-16,Navegações (Online),Pontifícia Universidade Católica do Rio Grande do Sul (PUCRS),105810,2026-01-08 20:55:34,INDEXED,512,https://revistaseletronicas.pucrs.br/navegacoes/oai,ojs,periodico,toolkit,oai_dc,Open Journal Systems,Navegações,oai:ojs.revistaseletronicas.pucrs.br:article/1,,,,,,,True,True,True,,False
601,PUC_RS-17,Civitas - Revista de Ciências Sociais (Porto Alegre. Online),Pontifícia Universidade Católica do Rio Grande do Sul (PUCRS),105809,2026-01-08 20:55:33,INDEXED,828,https://revistaseletronicas.pucrs.br/civitas/oai,ojs,periodico,toolkit,oai_dc,Open Journal Systems,Civitas: revista de Ciências Sociais,oai:ojs.revistaseletronicas.pucrs.br:article/1,,,,,,,True,True,True,,False
604,PUC_RS-20,Estudos Ibero-Americanos,Pontifícia Universidade Católica do Rio Grande do Sul (PUCRS),105812,2026-01-08 20:55:53,INDEXED,1402,https://revistaseletronicas.pucrs.br/iberoamericana/oai,ojs,periodico,toolkit,oai_dc,Open Journal Systems,Estudos Ibero-Americanos,oai:ojs.revistaseletronicas.pucrs.br:article/1,,,,,,,True,True,True,,False
1477,PUC_RS-22,Revista odonto ciência (Online),Pontifícia Universidade Católica do Rio Grande do Sul (PUCRS),102577,2025-05-07 11:55:04,INDEXED,792,https://revistaseletronicas.pucrs.br/fo/oai,ojs,periodico,toolkit,oai_dc,Open Journal Systems,Revista Odonto Ciência,oai:ojs.revistaseletronicas.pucrs.br:article/1,,,,,,,True,True,True,,False
1610,PUC_RS-23,PAJAR - Pan American Journal of Aging Research,Pontifícia Universidade Católica do Rio Grande do Sul (PUCRS),102630,2025-05-07 12:45:26,INDEXED,164,https://revistaseletronicas.pucrs.br/pajar/oai,ojs,periodico,toolkit,oai_dc,Open Journal Systems,PAJAR - Pan-American Journal of Aging Research,oai:ojs.revistaseletronicas.pucrs.br:article/1,,,,,,,True,True,True,,False
1745,PUC_RS-24,Conversas & Controvérsias,Pontifícia Universidade Católica do Rio Grande do Sul (PUCRS),102766,2025-05-09 13:49:35,INDEXED,170,https://revistaseletronicas.pucrs.br/conversasecontroversias/oai,ojs,periodico,toolkit,oai_dc,Open Journal Systems,Conversas & Controvérsias,oai:ojs.revistaseletronicas.pucrs.br:article/1,,,,,,,True,True,True,,False
2453,PUC_RS-7,Veritas (Porto Alegre. Online),Pontifícia Universidade Católica do Rio Grande do Sul (PUCRS),108456,2026-09-02 17:00:21,INDEXED,1539,https://revistaseletronicas.pucrs.br/veritas/oai,ojs,periodico,toolkit,oai_dc,Open Journal Systems,Veritas (Porto Alegre),oai:ojs.revistaseletronicas.pucrs.br:article/1,,,,,,,True,True,True,,False
1013,PUC_SP-10,Revista de Carreiras e Pessoas,Pontifícia Universidade Católica de São Paulo (PUC-SP),105912,2026-01-08 22:09:46,INDEXED,411,https://revistas.pucsp.br//index.php/ReCaPe/oai,ojs,periodico,toolkit,oai_dc,Open Journal Systems,Revista de Carreiras e Pessoas,oai:ojs.revistas.pucsp.br:article/1,,,,,,,True,True,True,,False
1710,PUC_SP-11,CAFI (São Paulo),Pontifícia Universidade Católica de São Paulo (PUC-SP),102695,2025-05-07 20:58:46,INDEXED,110,https://revistas.pucsp.br/index.php/CAFI/oai,ojs,periodico,toolkit,oai_dc,Open Journal Systems,CAFI,oai:ojs.revistas.pucsp.br:article/1,,,,,,,True,True,True,,False
1983,PUC_SP-12,Direitos Democráticos & Estado Moderno,Pontifícia Universidade Católica de São Paulo (PUC-SP),103551,2025-07-11 11:19:32,INDEXED,182,https://revistas.pucsp.br/index.php/DDEM/oai,ojs,periodico,toolkit,oai_dc,Open Journal Systems,Direitos Democráticos & Estado Moderno,oai:ojs.revistas.pucsp.br:article/1,,,,,,,True,True,True,,False
1985,PUC_SP-13,Rever (São Paulo. Online),Pontifícia Universidade Católica de São Paulo (PUC-SP),103553,2025-07-11 11:24:57,INDEXED,631,https://revistas.pucsp.br/rever/oai,ojs,periodico,toolkit,oai_dc,Open Journal Systems,REVER: Revista de Estudos da Religião,oai:ojs.revistas.pucsp.br:article/1,,,,,,,True,True,True,,False
2002,PUC_SP-14,Psicologia Revista (Online),Pontifícia Universidade Católica de São Paulo (PUC-SP),103566,2025-07-14 10:32:03,INDEXED,417,https://revistas.pucsp.br/psicorevista/oai,ojs,periodico,toolkit,oai_dc,Open Journal Systems,Psicologia Revista,oai:ojs.revistas.pucsp.br:article/1,,,,,,,True,True,True,,False
2050,PUC_SP-15,Cognitio (São Paulo. Online),Pontifícia Universidade Católica de São Paulo (PUC-SP),103568,2025-07-14 10:37:39,INDEXED,593,https://revistas.pucsp.br/index.php/cognitiofilosofia/oai,ojs,periodico,toolkit,oai_dc,Open Journal Systems,Cognitio: Revista de Filosofia,oai:ojs.revistas.pucsp.br:article/1,,,,,,,True,True,True,,False
2414,PUC_SP-16,Último Andar (Online),Pontifícia Universidade Católica de São Paulo (PUC-SP),103537,2025-07-11 09:39:46,INDEXED,401,https://revistas.pucsp.br/ultimoandar/oai,ojs,periodico,toolkit,oai_dc,Open Journal Systems,Último Andar,oai:ojs.revistas.pucsp.br:article/1,,,,,,,True,True,True,,False
587,PUC_SP-3,Revista Kairós (Online),Pontifícia Universidade Católica de São Paulo (PUC-SP),105794,2026-01-08 20:45:35,INDEXED,1536,https://revistas.pucsp.br/kairos/oai,ojs,periodico,toolkit,oai_dc,Open Journal Systems,Revista Kairós-Gerontologia,oai:ojs.revistas.pucsp.br:article/1,,,,,,,True,True,True,,False
588,PUC_SP-4,DELTA: Documentação de Estudos em Lingüística Teórica e Aplicada,Pontifícia Universidade Católica de São Paulo (PUC-SP),105795,2026-01-08 20:45:35,INDEXED,1406,https://revistas.pucsp.br/delta/oai,ojs,periodico,toolkit,oai_dc,Open Journal Systems,DELTA: Documentação e Estudos em Linguística Teórica e Aplicada,oai:ojs.revistas.pucsp.br:article/1,,,,,,,True,True,True,,False
590,PUC_SP-6,Bakhtiniana,Pontifícia Universidade Católica de São Paulo (PUC-SP),105799,2026-01-08 20:45:45,INDEXED,685,https://revistas.pucsp.br/index.php/bakhtiniana/oai,ojs,periodico,toolkit,oai_dc,Open Journal Systems,Bakhtiniana. Revista de Estudos do Discurso,oai:ojs.revistas.pucsp.br:article/1,,,,,,,True,True,True,,False
591,PUC_SP-7,Teoliterária,Pontifícia Universidade Católica de São Paulo (PUC-SP),105797,2026-01-08 20:45:45,INDEXED,586,https://revistas.pucsp.br/teoliteraria/oai,ojs,periodico,toolkit,oai_dc,Open Journal Systems,TEOLITERARIA - Revista de Literaturas e Teologias,oai:ojs.revistas.pucsp.br:article/1,,,,,,,True,True,True,,False
592,PUC_SP-8,Galáxia (São Paulo),Pontifícia Universidade Católica de São Paulo (PUC-SP),105791,2026-01-08 20:45:26,INDEXED,1106,https://revistas.pucsp.br/galaxia/oai,ojs,periodico,toolkit,oai_dc,Open Journal Systems,GALÁxIA - Revista Interdisciplinar de Comunicação e Cultura,oai:ojs.revistas.pucsp.br:article/1,,,,,,,True,True,True,,False
593,PUC_SP-9,Circumscribere,Pontifícia Universidade Católica de São Paulo (PUC-SP),105790,2026-01-08 20:45:24,INDEXED,250,https://revistas.pucsp.br/index.php/circumhc/oai,ojs,periodico,toolkit,oai_dc,Open Journal Systems,Circumscribere International Journal for the History of Science,oai:ojs.revistas.pucsp.br:article/1,,,,,,,True,True,True,,False
583,RBM-1,REMark - Revista Brasileira de Marketing,Universidade Nove de Julho (UNINOVE),105792,2026-01-08 20:45:32,INDEXED,882,https://periodicos.uninove.br/remark/oai,ojs,periodico,toolkit,oai_dc,Open Journal Systems,ReMark - Revista Brasileira de Marketing,oai:ojs.periodicos.uninove.br:article/1,,,,,,,True,True,True,,False
582,RCAP,Repositórios Científicos de Acesso Aberto de Portugal (RCAAP),"FCCN, serviços digitais da FCT – Fundação para a Ciência e a Tecnologia",103165,2025-05-28 04:31:03,INDEXED,1035627,https://www.rcaap.pt/oai/request,dspace,repositorio,sampleIdentifier,oai_dc,,RCAAP - Repositórios Científicos de Acesso Aberto de Portugal,oai:rcaap.pt:123456789/1234,,,,,,,True,True,True,,False
1661,RCE,Revista Científica Educ@ção Online,"Centro de Empreendedorismo, Inovação e Tecnologia (CEIT)",102656,2025-05-07 13:35:10,INDEXED,115,https://revista.periodicosrefoc.com.br/index.php/2/oai,ojs,periodico,toolkit,oai_dc,Open Journal Systems,Revista Científica Educ@ção,oai:ojs2.revista.periodicosrefoc.com.br:article/1,,,,,,,True,True,True,,False
1660,RCS,Revista Ciências em Saúde,Hospital de Clínicas de Itajubá,102671,2025-05-07 13:41:00,INDEXED,518,https://portalrcs.hcitajuba.org.br/index.php/rcsfmit_zero/oai,ojs,periodico,toolkit,oai_dc,Open Journal Systems,HSJ,oai:ojs.portalrcs.hcitajuba.org.br:article/1,,,,,,,True,True,True,,False
1509,RD-0,Revista de Direito da Faculdade Guanambi,Centro Universitário UniFG (UniFG),102566,2025-05-07 11:39:16,INDEXED,115,https://portaldeperiodicos.animaeducacao.com.br/index.php/RDFG/oai,ojs,periodico,toolkit,oai_dc,Open Journal Systems,Revista de Direito da Faculdade Guanambi,oai:portaldeperiodicos.animaeducacao.com.br:article/1,,,,,,,True,True,True,,False
1607,RDL,Anamorphosis (Porto Alegre),Rede Brasileira Direito e Literatura (RDL),102628,2025-05-07 12:43:37,INDEXED,249,https://periodicos.rdl.org.br/anamps/oai,ojs,periodico,toolkit,oai_dc,Open Journal Systems,ANAMORPHOSIS - Revista Internacional de Direito e Literatura,oai:ojs3.emnuvens.com.br:article/1,,,,,,,True,True,True,,False
1062,ReLePe-1,Revista de Estudios Teóricos y Epistemológicos en Política Educativa,Red Latinoamericana de Estudios Epistemológicos en Política Educativa (ReLePe),105935,2026-01-08 22:20:26,INDEXED,192,https://revistas.uepg.br/index.php/retepe/oai,ojs,periodico,toolkit,oai_dc,Open Journal Systems,Revista de Estudios Teóricos y Epistemológicos en Política Educativa,oai:uepg.br:article/1,,,,,,,True,True,True,,False
2465,RGPL,Convergência Lusíada (Online),Real Gabinete Português de Leitura (RGPL),108446,2026-09-02 16:58:16,INDEXED,1166,https://www.convergencialusiada.com.br/rcl/oai,ojs,periodico,toolkit,oai_dc,Open Journal Systems,Convergência Lusíada,oai:ojs.convergencia.emnuvens.com.br:article/1,,,,,,,True,True,True,,False
580,RIEOEI-1,Revista Ibero Americana de Estratégia - RIAE,Revista Ibero-Americana de Estratégia (RIAE),105800,2026-01-08 20:45:55,INDEXED,866,https://periodicos.uninove.br/riae/oai,ojs,periodico,toolkit,oai_dc,Open Journal Systems,Revista Ibero-Americana de Estratégia,oai:ojs.periodicos.uninove.br:article/1,,,,,,,True,True,True,,False
578,RPED-1,Revista de Estudos Empíricos em Direito,Rede de Pesquisa Empírica em Direito (REED),105789,2026-01-08 20:45:22,INDEXED,377,https://reedrevista.org/reed/oai,ojs,periodico,toolkit,oai_dc,Open Journal Systems,Revista de Estudos Empíricos em Direito,oai:ojs3.reedrevista.org:article/1,,,,,,,True,True,True,,False
1257,RUBI-1,Repositório Institucional RUBI,Fundação Casa de Rui Barbosa (FCRB),101226,2025-03-12 16:18:05,INDEXED,9144,https://rubi.casaruibarbosa.gov.br/oai/request,dspace,repositorio,sampleIdentifier,oai_dc,,RUBI,oai:rubi.casaruibarbosa.gov.br:123456789/1234,,,,,,,True,True,True,,False
1209,SAB-1,Revista de Arqueologia,Sociedade de Arqueologia Brasileira (SAB),106087,2026-01-09 10:58:45,INDEXED,869,https://revista.sabnet.org/ojs/index.php/sab/oai,ojs,periodico,toolkit,oai_dc,Open Journal Systems,Revista de Arqueologia,oai:ojs2.revista.sabnet.org:article/1,,,,,,,True,True,True,,False
97,SANT,Biblioteca Digital de Teses e Dissertações da UNISANTOS,Universidade Católica de Santos (UNISANTOS),108556,2026-09-04 15:13:07,INDEXED,1042,https://tede.unisantos.br/oai/request,dspace,repositorio,sampleIdentifier,xoai,,TEDE,oai:localhost:123456789/1234,,,,,,,True,True,True,,False
1788,SAPIENZA,Sapienza (Curitiba),Sapienza Grupo Editorial,102812,2025-05-12 11:22:23,INDEXED,578,https://journals.sapienzaeditorial.com/index.php/SIJIS/oai,ojs,periodico,toolkit,oai_dc,Open Journal Systems,Sapienza: International Journal of Interdisciplinary Studies,oai:ojs2.journals.sapienzaeditorial.com:article/1,,,,,,,True,True,True,,False
574,SBBQM-1,Revista de Ensino de Bioquímica,Sociedade Brasileira de Bioquímica e Biologia Molecular (SBBq),105788,2026-01-08 20:45:22,INDEXED,788,https://www.bioquimica.org.br/index.php/REB/oai,ojs,periodico,toolkit,oai_dc,Open Journal Systems,Revista de Ensino de Bioquímica,oai:ojs2.bioquimica.ojsbrasil.com.br:article/1,,,,,,,True,True,True,,False
2025,SBC-3,Journal on Interactive Systems,Sociedade Brasileira de Computação (SBC),102990,2025-05-14 11:05:43,INDEXED,347,https://journals-sol.sbc.org.br/index.php/jis/oai,ojs,periodico,toolkit,oai_dc,Open Journal Systems,Journal on Interactive Systems,oai:journals-sol.sbc.org.br:article/1,,,,,,,True,True,True,,False
2135,SBC-4,Journal of internet services and applications (Internet),Sociedade Brasileira de Computação (SBC),103046,2025-05-14 12:09:36,INDEXED,73,https://journals-sol.sbc.org.br/index.php/jisa/oai,ojs,periodico,toolkit,oai_dc,Open Journal Systems,Journal of Internet Services and Applications,oai:journals-sol.sbc.org.br:article/1,,,,,,,True,True,True,,False
2137,SBC-5,Brazilian Journal of Information Systems,Sociedade Brasileira de Computação (SBC),103047,2025-05-14 12:09:36,INDEXED,301,https://journals-sol.sbc.org.br/index.php/isys/oai,ojs,periodico,toolkit,oai_dc,Open Journal Systems,iSys - Journal of Information Systems,oai:journals-sol.sbc.org.br:article/1,,,,,,,True,True,True,,False
2139,SBC-6,Revista Brasileira de Informática na Educação,Sociedade Brasileira de Computação (SBC),103049,2025-05-14 12:09:45,INDEXED,276,https://journals-sol.sbc.org.br/index.php/rbie/oai,ojs,periodico,toolkit,oai_dc,Open Journal Systems,Revista Brasileira de Informática na Educação,oai:journals-sol.sbc.org.br:article/1,,,,,,,True,True,True,,False
2142,SBC-7,Revista Eletrônica de Iniciação Científica,Sociedade Brasileira de Computação (SBC),103063,2025-05-14 13:01:41,INDEXED,223,https://journals-sol.sbc.org.br/index.php/reic/oai,ojs,periodico,toolkit,oai_dc,Open Journal Systems,Revista Eletrônica de Iniciação Científica em Computação,oai:journals-sol.sbc.org.br:article/1,,,,,,,True,True,True,,False
2843,SBC-8,Biblioteca Digital da Sociedade Brasileira de Computação - Livros e relatórios,Sociedade Brasileira de Computação (SBC),107963,2026-08-18 13:15:00,INDEXED,845,https://books-sol.sbc.org.br/index.php/sbc/oai,omp,livro,toolkit,oai_dc,Open Monograph Press,Sociedade Brasileira de Computação,oai:books-sol.sbc.org.br:publicationFormat/1,,,,,,,True,True,True,,False
566,SBCTA-1,Food Science and Technology (Campinas),Sociedade Brasileira de Ciência e Tecnologia de Alimentos (SBCTA),105787,2026-01-08 20:45:27,INDEXED,6782,https://fstjournal.com.br/revista/oai,ojs,periodico,toolkit,oai_dc,Open Journal Systems,Food Science and Technology,oai:ojs.fst.emnuvens.com.br:article/1,,,,,,,True,True,True,,False
1485,SBEC,Classica (Sociedade Brasileira de Estudos Clássicos. Online),Sociedade Brasileira de Estudos Clássicos (SBEC),102558,2025-05-07 11:35:28,INDEXED,837,https://revista.classica.org.br/classica/oai,ojs,periodico,toolkit,oai_dc,Open Journal Systems,Classica - Revista Brasileira de Estudos Clássicos,oai:oai.classica.emnuvens.com.br:article/1,,,,,,,True,True,True,,False
1196,SBEM,Revista de Educação Matemática (Online),"Sociedade Brasileira de Educação Matemática, Brasília (SBEM-DF)",106089,2026-01-09 10:58:57,INDEXED,443,https://www.revistasbemsp.com.br/index.php/REMat-SP/oai,ojs,periodico,toolkit,oai_dc,Open Journal Systems,Revista de Educação Matemática,oai:ojs2.www.revistasbemsp.com.br:article/1,,,,,,,True,True,True,,False
1795,SBEM_MAT-1,Educação Matemática em Revista,"Sociedade Brasileira de Educação Matemática, Brasília (SBEM-DF)",102800,2025-05-12 11:21:29,INDEXED,1087,https://www.sbembrasil.org.br/periodicos/index.php/emr/oai,ojs,periodico,toolkit,oai_dc,Open Journal Systems,Educação Matemática em Revista,oai:emr.www.sbembrasil.org.br:article/1,,,,,,,True,True,True,,False
1653,SBEnBio,Revista da SBEnBIO,Associação Brasileira de Ensino de Biologia (SBEnBio),102659,2025-05-07 13:39:32,INDEXED,337,https://renbio.org.br/index.php/sbenbio/oai,ojs,periodico,toolkit,oai_dc,Open Journal Systems,Revista de Ensino de Biologia da SBEnBio,oai:ojs.renbio.org.br:article/1,,,,,,,True,True,True,,False
557,SBEO-1,Revista Brasileira de Estudos Organizacionais,Sociedade Brasileira de Estudos Organizacionais (SBEO),105786,2026-01-08 20:45:21,INDEXED,246,https://rbeo.emnuvens.com.br/rbeo/oai,ojs,periodico,toolkit,oai_dc,Open Journal Systems,Revista Brasileira de Estudos Organizacionais,oai:ojs3.rbeo.emnuvens.com.br:article/1,,,,,,,True,True,True,,False
1715,SBHMAT,Revista de História da Educação Matemática,Sociedade Brasileira de História da Matemática (SBHMat),102698,2025-05-07 20:58:59,INDEXED,405,http://www.histemat.com.br/index.php/HISTEMAT/oai,ojs,periodico,toolkit,oai_dc,Open Journal Systems,Revista de História da Educação Matemática,oai:ojs2.histemat.com.br:article/1,,,,,,,True,True,True,,False
2494,SBHMAT-2,Revista Brasileira de História da Matemática (Online),Sociedade Brasileira de História da Matemática (SBHMat),108337,2026-08-24 16:59:49,INDEXED,376,http://www.rbhm.org.br/index.php/RBHM/oai,ojs,periodico,toolkit,oai_dc,Open Journal Systems,Revista Brasileira de História da Matemática,oai:ojs2.www.rbhm.org.br:article/1,,,,,,,True,True,True,,False
543,SBMFC-1,Revista Brasileira de Medicina de Família e Comunidade (Online),Sociedade Brasileira de Medicina de Família e Comunidade (SBMFC),105778,2026-01-08 20:23:08,INDEXED,1188,https://www.rbmfc.org.br/rbmfc/oai,ojs,periodico,toolkit,oai_dc,Open Journal Systems,Revista Brasileira de Medicina de Família e Comunidade,oai:ojs.rbmfc.org.br:article/1,,,,,,,True,True,True,,False
1212,SBMV-1,Brazilian Journal of Veterinary Medicine,Sociedade de Medicina Veterinária do Estado do Rio de Janeiro (SOMVERJ),106066,2026-01-09 10:57:47,INDEXED,934,https://rbmv.org/BJVM/oai,ojs,periodico,toolkit,oai_dc,Open Journal Systems,Brazilian Journal of Veterinary Medicine,oai:ojs.rbmv.org:article/1,,,,,,,True,True,True,,False
2495,SBNPED,Archives of Pediatric Neurosurgery,Sociedade Brasileira de Neurocirurgia Pediátrica (SBNPed),108338,2026-08-24 16:59:51,INDEXED,225,https://www.archpedneurosurg.com.br/sbnped2019/oai,ojs,periodico,toolkit,oai_dc,Open Journal Systems,Archives of Pediatric Neurosurgery,oai:ojs.www.archpedneurosurg.com.br:article/1,,,,,,,True,True,True,,False
1960,SBPFE-1,Psicopatologia Fenomenológica Contemporânea,Sociedade Brasileira de Psicopatologia Fenômeno-Estrutural (SBPFE),102923,2025-05-13 10:18:46,INDEXED,172,https://www.revistapfc.com.br/rpfc/oai,ojs,periodico,toolkit,oai_dc,Open Journal Systems,Revista Psicopatologia Fenomenológica Contemporânea,oai:ojs.rpfc.emnuvens.com.br:article/1,,,,,,,True,True,True,,False
534,SBPJOR-1,Brazilian journalism research (Online),Associação Brasileira de Pesquisadores em Jornalismo (SBPJor),105779,2026-01-08 20:23:16,INDEXED,970,https://bjr.sbpjor.org.br/bjr/oai,ojs,periodico,toolkit,oai_dc,Open Journal Systems,Brazilian journalism research,oai:ojs3.bjr.emnuvens.com.br:article/1,,,,,,,True,True,True,,False
2544,SCAR-1,"Revista Ciência, Tecnologia & Ambiente",Universidade Federal de São Carlos (UFSCAR),108317,2026-08-24 16:51:26,INDEXED,123,https://www.revistacta.ufscar.br/index.php/revistacta/oai,ojs,periodico,toolkit,oai_dc,Open Journal Systems,"Revista Ciência, Tecnologia & Ambiente",oai:ojs.pkp.sfu.ca:article/1,,,,,,,True,True,True,,False
2549,SCAR-2,Revista Contemporânea (São Carlos. Online),Universidade Federal de São Carlos (UFSCAR),108275,2026-08-24 14:26:32,INDEXED,559,https://www.contemporanea.ufscar.br/index.php/contemporanea/oai,ojs,periodico,toolkit,oai_dc,Open Journal Systems,Contemporânea - Revista de Sociologia da UFSCar,oai:ojs.pkp.sfu.ca:article/1,,,,,,,True,True,True,,False
1877,SCI-1,SciELO Preprints,Scientific Electronic Library Online (SCIELO),102875,2025-05-12 20:55:39,INDEXED,3877,https://preprints.scielo.org/index.php/scielo/oai,ops,periodico,toolkit,oai_dc,Open Preprint Systems,SciELO Preprints,oai:ops.preprints.scielo.org:preprint/1,,,,,,,True,True,True,,False
1048,SE&PQ-1,Revista Pesquisa Qualitativa (Online),Sociedade Brasileira de Estudos e Pesquisa Qualitativos (SE&PQ),105946,2026-01-08 22:21:08,INDEXED,488,https://editora.sepq.org.br/index.php/rpq/oai,ojs,periodico,toolkit,oai_dc,Open Journal Systems,Revista Pesquisa Qualitativa,oai:editora.sepq.org.br:article/1,,,,,,,True,True,True,,False
2013,SEDUCGO-1,Revista Educação em Contexto,Secretaria de Estado da Educação de Goiás (SEDUC GO),102979,2025-05-13 16:31:47,INDEXED,61,https://revistaseduc.educacao.go.gov.br/index.php/rec/oai,ojs,periodico,toolkit,oai_dc,Open Journal Systems,Revista Educação em Contexto,oai:ojs2.homologacaosite.seduce.go.gov.br:article/1,,,,,,,True,True,True,,False
2167,SENACRS-1,Competência (Porto Alegre. Online),Serviço Nacional de Aprendizagem Comercial do Rio Grande do Sul (SENAC RS),103084,2025-05-14 13:04:21,INDEXED,333,https://seer.senacrs.com.br/index.php/RC/oai,ojs,periodico,toolkit,oai_dc,Open Journal Systems,Revista Competência,oai:ojs2.senac-seer:article/1,,,,,,,True,True,True,,False
2212,SOBRAEP,Eletrônica de Potência (Online),Associação Brasileira de Eletrônica de Potência (SOBRAEP),103213,2025-06-02 10:53:29,INDEXED,882,https://journal.sobraep.org.br/index.php/rep/oai,ojs,periodico,toolkit,oai_dc,Open Journal Systems,Eletrônica de Potência,oai:ojs2.journal.sobraep.org.br:article/1,,,,,,,True,True,True,,False
1082,SOCINE-1,Rebeca (São Paulo),Sociedade Brasileira de Estudos de Cinema e Audiovisual (SOCINE),105961,2026-01-08 23:22:41,INDEXED,578,https://rebeca.socine.org.br/1/oai,ojs,periodico,toolkit,oai_dc,Open Journal Systems,Rebeca - Revista Brasileira de Estudos de Cinema e Audiovisual,oai:ojs3.emnuvens.com.br:article/1,,,,,,,True,True,True,,False
1528,SPQMH,Motricidades: Revista da Sociedade de Pesquisa Qualitativa em Motricidade Humana,Sociedade de Pesquisa Qualitativa em Motricidade Humana (SPQMH),102598,2025-05-07 12:13:59,INDEXED,200,http://www.motricidades.org/journal/index.php/journal/oai,ojs,periodico,toolkit,oai_dc,Open Journal Systems,Motricidades: Revista da Sociedade de Pesquisa Qualitativa em Motricidade Humana,oai:ojs.pkp.sfu.ca:article/1,,,,,,,True,True,True,,False
1194,TC_CE,Revista Controle (Online),Tribunal de Contas do Estado do Ceará (TCCE),106057,2026-01-09 10:57:58,INDEXED,638,https://revistacontrole.tce.ce.gov.br/index.php/RCDA/oai,ojs,periodico,toolkit,oai_dc,Open Journal Systems,Revista Controle - Doutrina e Artigos,oai:ojs.revistacontrole.tce.ce.gov.br:article/1,,,,,,,True,True,True,,False
2508,TJDFT-1,Revista de Doutrina Jurídica (Online),Tribunal de Justiça do Distrito Federal e dos Territórios (TJDFT),108343,2026-08-24 17:00:07,INDEXED,168,https://revistajuridica.tjdft.jus.br/index.php/rdj/oai,ojs,periodico,toolkit,oai_dc,Open Journal Systems,Revista de Doutrina Jurídica,oai:ojs.pkp.sfu.ca:article/1,,,,,,,True,True,True,,False
2165,TJPB,Cognitio (João Pessoa),Tribunal de Justiça da Paraíba,106329,2026-02-02 09:29:42,INDEXED,75,https://revista-cognitio.tjpb.jus.br/COGNITIO/oai,ojs,periodico,toolkit,oai_dc,Open Journal Systems,"COGNITIO: DIREITO, POLÍTICAS PÚBLICAS E CIDADANIA",oai:ojs.tjpb.jus.br:article/1,,,,,,,True,True,True,,False
516,UAM-1,Revista Hospitalidade,Universidade Anhembi Morumbi (ANHEMBI),105776,2026-01-08 20:23:12,INDEXED,470,https://www.revhosp.org/hospitalidade/oai,ojs,periodico,toolkit,oai_dc,Open Journal Systems,Revista Hospitalidade,oai:ojs.emnuvens.com.br:article/1,,,,,,,True,True,True,,False
510,UCDB-1,Interações (Campo Grande. Online),Universidade Católica Dom Bosco (UCDB),105773,2026-01-08 20:22:36,INDEXED,1147,https://interacoes.ucdb.br/interacoes/oai,ojs,periodico,toolkit,oai_dc,Open Journal Systems,Interações,oai:ojs.multitemasucdb.emnuvens.com.br:article/1,,,,,,,True,True,True,,False
1316,UCP-1,Lex Humana,Universidade Católica de Petrópolis (UCP),106123,2026-01-09 12:05:25,INDEXED,424,https://seer.ucp.br/seer/index.php/LexHumana/oai,ojs,periodico,toolkit,oai_dc,Open Journal Systems,Lex Humana (ISSN 2175-0947),oai:ojs.pkp.sfu.ca:article/1,,,,,,,True,True,True,,False
1940,UCP-2,Synesis (Online),Universidade Católica de Petrópolis (UCP),102914,2025-05-13 10:18:19,INDEXED,342,https://seer.ucp.br/seer/index.php/synesis/oai,ojs,periodico,toolkit,oai_dc,Open Journal Systems,Synesis (ISSN 1984-6754),oai:ojs.pkp.sfu.ca:article/1,,,,,,,True,True,True,,False
505,UCS-5,Conexão: comunicação e cultura,Universidade de Caxias do Sul (UCS),105783,2026-01-08 20:23:34,INDEXED,352,https://sou.ucs.br/etc/revistas/index.php/conexao/oai,ojs,periodico,toolkit,oai_dc,Open Journal Systems,Conexão - Comunicação e Cultura,oai:ojs2.ucsnew.ojsbrasil.com.br:article/1,,,,,,,True,True,True,,False
506,UCS-6,Rosa dos Ventos (Caxias do Sul),Universidade de Caxias do Sul (UCS),105784,2026-01-08 20:23:35,INDEXED,637,https://sou.ucs.br/etc/revistas/index.php/rosadosventos/oai,ojs,periodico,toolkit,oai_dc,Open Journal Systems,Revista Rosa dos Ventos - Turismo e Hospitalidade,oai:ojs2.ucsnew.ojsbrasil.com.br:article/1,,,,,,,True,True,True,,False
507,UCS-7,Métis (Caxias do Sul. Online),Universidade de Caxias do Sul (UCS),105782,2026-01-08 20:23:24,INDEXED,648,https://sou.ucs.br/etc/revistas/index.php/metis/oai,ojs,periodico,toolkit,oai_dc,Open Journal Systems,MÉTIS: HISTÓRIA & CULTURA,oai:ojs2.ucsnew.ojsbrasil.com.br:article/1,,,,,,,True,True,True,,False
2527,UCS-8,Revista Interdisciplinar de Ciência Aplicada,Universidade de Caxias do Sul (UCS),108330,2026-08-24 16:52:17,INDEXED,116,https://sou.ucs.br/etc/revistas/index.php/ricaucs/oai,ojs,periodico,toolkit,oai_dc,Open Journal Systems,Revista Interdisciplinar de Ciência Aplicada,oai:ojs2.ucsnew.ojsbrasil.com.br:article/1,,,,,,,True,True,True,,False
2749,UCS-9,Revista Direito Ambiental e Sociedade (Online),Universidade de Caxias do Sul (UCS),108051,2026-08-18 15:52:51,INDEXED,612,https://sou.ucs.br/etc/revistas/index.php/direitoambiental/oai,ojs,periodico,toolkit,oai_dc,Open Journal Systems,Revista Direito Ambiental e Sociedade,oai:ojs2.ucsnew.ojsbrasil.com.br:article/1,,,,,,,True,True,True,,False
1031,UCSAL-1,Repositório Institucional da UCSAL,Universidade Católica de Salvador (UCSAL),106629,2026-03-11 20:33:23,INDEXED,4946,https://ri.ucsal.br/server/oai/request,dspace,repositorio,sampleIdentifier,oai_dc,,DSpace at My University,oai:ri.ucsal.br:123456789/1234,,,,,,,True,True,True,,False
1344,UDESC-0,Linhas (Florianópolis. Online),Universidade do Estado de Santa Catarina (UDESC),106120,2026-01-09 12:04:56,INDEXED,1050,https://www.periodicos.udesc.br/index.php/linhas/oai,ojs,periodico,toolkit,oai_dc,Open Journal Systems,Revista Linhas,oai:ojs.pkp.sfu.ca:article/1,,,,,,,True,True,True,,False
2759,UDESC-10,Revista de Ciências Agroveterinárias (Online),Universidade do Estado de Santa Catarina (UDESC),108059,2026-08-18 15:54:10,INDEXED,1059,https://periodicos.udesc.br/index.php/agroveterinaria/oai,ojs,periodico,toolkit,oai_dc,Open Journal Systems,Revista de Ciências Agroveterinárias,oai:ojs.pkp.sfu.ca:article/1,,,,,,,True,True,True,,False
2760,UDESC-11,Tempo e Argumento,Universidade do Estado de Santa Catarina (UDESC),108040,2026-08-18 15:51:58,INDEXED,899,https://www.periodicos.udesc.br/index.php/tempo/oai,ojs,periodico,toolkit,oai_dc,Open Journal Systems,Revista Tempo e Argumento,oai:ojs.pkp.sfu.ca:article/1,,,,,,,True,True,True,,False
2761,UDESC-12,Orfeu (Florianópolis),Universidade do Estado de Santa Catarina (UDESC),108043,2026-08-18 15:52:06,INDEXED,411,https://periodicos.udesc.br/index.php/orfeu/oai,ojs,periodico,toolkit,oai_dc,Open Journal Systems,Orfeu,oai:ojs.pkp.sfu.ca:article/1,,,,,,,True,True,True,,False
2762,UDESC-13,"Revista Educação, Artes e Inclusão",Universidade do Estado de Santa Catarina (UDESC),108041,2026-08-18 15:51:57,INDEXED,517,https://periodicos.udesc.br/index.php/arteinclusao/oai,ojs,periodico,toolkit,oai_dc,Open Journal Systems,"Revista Educação, Artes e Inclusão",oai:ojs.pkp.sfu.ca:article/1,,,,,,,True,True,True,,False
2763,UDESC-14,PerCursos (Florianópolis. Online),Universidade do Estado de Santa Catarina (UDESC),108044,2026-08-18 15:52:18,INDEXED,835,https://www.periodicos.udesc.br/index.php/percursos/oai,ojs,periodico,toolkit,oai_dc,Open Journal Systems,PerCursos,oai:ojs.pkp.sfu.ca:article/1,,,,,,,True,True,True,,False
1886,UDESC-3,Revista Brasileira de Contabilidade e Gestão,Universidade do Estado de Santa Catarina (UDESC),104309,2025-09-03 09:54:37,INDEXED,462,https://www.revistas.udesc.br/index.php/reavi/oai,ojs,periodico,toolkit,oai_dc,Open Journal Systems,Revista Brasileira de Contabilidade e Gestão,oai:ojs.pkp.sfu.ca:article/1,,,,,,,True,True,True,,False
1898,UDESC-4,"Revista de Ensino em Artes, Moda e Design",Universidade do Estado de Santa Catarina (UDESC),104316,2025-09-03 12:40:22,INDEXED,537,https://www.revistas.udesc.br/index.php/Ensinarmode/oai,ojs,periodico,toolkit,oai_dc,Open Journal Systems,"Revista de Ensino em Artes, Moda e Design",oai:ojs.pkp.sfu.ca:article/1,,,,,,,True,True,True,,False
1961,UDESC-5,Palíndromo (Online),Universidade do Estado de Santa Catarina (UDESC),104317,2025-09-03 12:40:21,INDEXED,715,https://www.revistas.udesc.br/index.php/palindromo/oai,ojs,periodico,toolkit,oai_dc,Open Journal Systems,Palíndromo,oai:ojs.pkp.sfu.ca:article/1,,,,,,,True,True,True,,False
2755,UDESC-6,DAPesquisa,Universidade do Estado de Santa Catarina (UDESC),108055,2026-08-18 15:53:56,INDEXED,710,https://periodicos.udesc.br/index.php/dapesquisa/oai,ojs,periodico,toolkit,oai_dc,Open Journal Systems,DAPesquisa,oai:ojs.pkp.sfu.ca:article/1,,,,,,,True,True,True,,False
2756,UDESC-7,Móin-Móin (Online),Universidade do Estado de Santa Catarina (UDESC),108058,2026-08-18 15:53:57,INDEXED,544,https://periodicos.udesc.br/index.php/moin/oai,ojs,periodico,toolkit,oai_dc,Open Journal Systems,Móin-Móin - Revista de Estudos sobre Teatro de Formas Animadas,oai:ojs.pkp.sfu.ca:article/1,,,,,,,True,True,True,,False
2757,UDESC-8,BoEM,Universidade do Estado de Santa Catarina (UDESC),108057,2026-08-18 15:53:46,INDEXED,302,https://periodicos.udesc.br/index.php/boem/oai,ojs,periodico,toolkit,oai_dc,Open Journal Systems,Revista BOEM,oai:ojs.pkp.sfu.ca:article/1,,,,,,,True,True,True,,False
2758,UDESC-9,Revista Apotheke,Universidade do Estado de Santa Catarina (UDESC),108061,2026-08-18 15:54:26,INDEXED,498,https://periodicos.udesc.br/index.php/apotheke/oai,ojs,periodico,toolkit,oai_dc,Open Journal Systems,Revista Apotheke,oai:ojs.pkp.sfu.ca:article/1,,,,,,,True,True,True,,False
1102,UDSC-2,ModaPalavra e-periódico,Universidade do Estado de Santa Catarina (UDESC),105979,2026-01-08 23:23:25,INDEXED,568,https://www.revistas.udesc.br/index.php/modapalavra/oai,ojs,periodico,toolkit,oai_dc,Open Journal Systems,Modapalavra e-periódico,oai:ojs.pkp.sfu.ca:article/1,,,,,,,True,True,True,,False
1056,UECE-1,Educação & Formação (Fortaleza),Universidade Estadual do Ceará (UECE),105931,2026-01-08 22:20:21,INDEXED,414,https://revistas.uece.br/index.php/redufor/oai,ojs,periodico,toolkit,oai_dc,Open Journal Systems,Educ. Form.,oai:ojs.revistas.uece.br:article/1,,,,,,,True,True,True,,False
1655,UECE-3,Revista Linguagem em Foco (Online),Universidade Estadual do Ceará (UECE),102668,2025-05-07 13:40:01,INDEXED,503,https://revistas.uece.br/index.php/linguagememfoco/oai,ojs,periodico,toolkit,oai_dc,Open Journal Systems,Revista Linguagem em Foco,oai:ojs.revistas.uece.br:article/1,,,,,,,True,True,True,,False
1852,UECE-5,GeoUECE,Universidade Estadual do Ceará (UECE),102851,2025-05-12 14:13:58,INDEXED,375,https://revistas.uece.br/index.php/GeoUECE/oai,ojs,periodico,toolkit,oai_dc,Open Journal Systems,Revista GeoUECE,oai:ojs.revistas.uece.br:article/1,,,,,,,True,True,True,,False
2047,UECE-6,"Práticas Educativas, Memórias e Oralidades",Universidade Estadual do Ceará (UECE),103002,2025-05-14 11:06:24,INDEXED,472,https://revistas.uece.br/index.php/revpemo/oai,ojs,periodico,toolkit,oai_dc,Open Journal Systems,"Práticas Educativas, Memórias e Oralidades - Rev. Pemo",oai:ojs.revistas.uece.br:article/1,,,,,,,True,True,True,,False
2049,UECE-7,Ensino em Perspectivas,Universidade Estadual do Ceará (UECE),103004,2025-05-14 11:06:19,INDEXED,735,https://revistas.uece.br/index.php/ensinoemperspectivas/oai,ojs,periodico,toolkit,oai_dc,Open Journal Systems,Ensino em Perspectivas,oai:ojs.revistas.uece.br:article/1,,,,,,,True,True,True,,False
1091,UEFS-1,A Cor das Letras,Universidade Estadual de Feira de Santana (UEFS),105985,2026-01-08 23:23:39,INDEXED,694,http://periodicos.uefs.br/index.php/acordasletras/oai,ojs,periodico,toolkit,oai_dc,Open Journal Systems,A Cor das Letras,oai:periodicos.uefs.br:article/1,,,,,,,True,True,True,,False
485,UEL,Repositório Institucional da UEL,Universidade Estadual de Londrina (UEL),107901,2026-08-17 15:34:28,INDEXED,11192,https://repositorio.uel.br/srv-c0003-s01/oai/request,dspace,repositorio,sampleIdentifier,xoai,,Repositório Institucional da UEL,oai:repositorio.uel.br:123456789/1234,,,,,,,True,True,True,,False
494,UEL-10,Projética Revista Científica de Design,Universidade Estadual de Londrina (UEL),105770,2026-01-08 20:22:23,INDEXED,1072,https://ojs.uel.br/revistas/uel/index.php/projetica/oai,ojs,periodico,toolkit,oai_dc,Open Journal Systems,Projetica,oai:ojs2.ojs.uel.br:article/1,,,,,,,True,True,True,,False
495,UEL-11,Semina. Ciências Agrárias (Online),Universidade Estadual de Londrina (UEL),105771,2026-01-08 20:27:51,INDEXED,10780,https://ojs.uel.br/revistas/uel/index.php/semagrarias/oai,ojs,periodico,toolkit,oai_dc,Open Journal Systems,Semina: Ciências Agrárias,oai:ojs2.ojs.uel.br:article/1,,,,,,,True,True,True,,False
1700,UEL-13,Antíteses,Universidade Estadual de Londrina (UEL),102676,2025-05-07 13:42:01,INDEXED,918,https://www.uel.br/revistas/uel/index.php/antiteses/oai,ojs,periodico,toolkit,oai_dc,Open Journal Systems,Antíteses,oai:ojs2.ojs.uel.br:article/1,,,,,,,True,True,True,,False
1839,UEL-14,Advances in Nursing and Health,Universidade Estadual de Londrina (UEL),102859,2025-05-12 14:14:27,INDEXED,54,https://www.uel.br/revistas/uel/index.php/anh/oai,ojs,periodico,toolkit,oai_dc,Open Journal Systems,Advances in Nursing and Health,oai:ojs2.ojs.uel.br:article/1,,,,,,,True,True,True,,False
1842,UEL-15,Terra Roxa e Outras Terras: Revista de Estudos Literários,Universidade Estadual de Londrina (UEL),102862,2025-05-12 14:14:56,INDEXED,512,https://ojs.uel.br/revistas/uel/index.php/terraroxa/oai,ojs,periodico,toolkit,oai_dc,Open Journal Systems,Terra Roxa e Outras Terras: Revista de Estudos Literários,oai:ojs2.ojs.uel.br:article/1,,,,,,,True,True,True,,False
1847,UEL-16,Mediações - Revista de Ciências Sociais,Universidade Estadual de Londrina (UEL),102861,2025-05-12 14:14:39,INDEXED,1019,https://www.uel.br/revistas/uel/index.php/mediacoes/oai,ojs,periodico,toolkit,oai_dc,Open Journal Systems,Mediações - Revista de Ciências Sociais,oai:ojs2.ojs.uel.br:article/1,,,,,,,True,True,True,,False
486,UEL-2,Revista do Direito Público,Universidade Estadual de Londrina (UEL),105736,2026-01-08 20:00:49,INDEXED,1758,https://ojs.uel.br/revistas/uel/index.php/direitopub/oai,ojs,periodico,toolkit,oai_dc,Open Journal Systems,Revista do Direito Público,oai:ojs2.ojs.uel.br:article/1,,,,,,,True,True,True,,False
487,UEL-3,Signum: Estudos da Linguagem,Universidade Estadual de Londrina (UEL),105735,2026-01-08 20:00:51,INDEXED,1737,https://www.uel.br/revistas/uel/index.php/signum/oai,ojs,periodico,toolkit,oai_dc,Open Journal Systems,Signum: Estudos da Linguagem,oai:ojs2.ojs.uel.br:article/1,,,,,,,True,True,True,,False
488,UEL-4,Discursos Fotográficos,Universidade Estadual de Londrina (UEL),105734,2026-01-08 20:00:11,INDEXED,1095,https://ojs.uel.br/revistas/uel/index.php/discursosfotograficos/oai,ojs,periodico,toolkit,oai_dc,Open Journal Systems,Discursos Fotograficos,oai:ojs2.ojs.uel.br:article/1,,,,,,,True,True,True,,False
489,UEL-5,Revista Entretextos,Universidade Estadual de Londrina (UEL),105733,2026-01-08 20:00:00,INDEXED,1201,https://ojs.uel.br/revistas/uel/index.php/entretextos/oai,ojs,periodico,toolkit,oai_dc,Open Journal Systems,Entretextos,oai:ojs2.ojs.uel.br:article/1,,,,,,,True,True,True,,False
490,UEL-6,Scientia Iuris (Online),Universidade Estadual de Londrina (UEL),105737,2026-01-08 20:01:36,INDEXED,1591,https://www.uel.br/revistas/uel/index.php/iuris/oai,ojs,periodico,toolkit,oai_dc,Open Journal Systems,Scientia Iuris,oai:ojs2.ojs.uel.br:article/1,,,,,,,True,True,True,,False
491,UEL-7,Geografia (Londrina),Universidade Estadual de Londrina (UEL),105767,2026-01-08 20:22:34,INDEXED,1750,https://ojs.uel.br/revistas/uel/index.php/geografia/oai,ojs,periodico,toolkit,oai_dc,Open Journal Systems,Geografia (Londrina),oai:ojs2.ojs.uel.br:article/1,,,,,,,True,True,True,,False
493,UEL-9,Estudos Interdisciplinares em Psicologia,Universidade Estadual de Londrina (UEL),105769,2026-01-08 20:22:18,INDEXED,776,https://www.uel.br/revistas/uel/index.php/eip/oai,ojs,periodico,toolkit,oai_dc,Open Journal Systems,Estudos Interdisciplinares em Psicologia,oai:ojs2.ojs.uel.br:article/1,,,,,,,True,True,True,,False
2024,UEM-13,Vitruvian Cogitationes,Universidade Estadual de Maringá (UEM),102989,2025-05-14 11:05:46,INDEXED,145,https://periodicos.uem.br/vitruvian/index.php/revisvitruscogitationes/oai,ojs,periodico,toolkit,oai_dc,Open Journal Systems,Vitruvian Cogitationes,oai:ojs.pkp.sfu.ca:article/1,,,,,,,True,True,True,,False
1755,UEMA-2,Outros tempos,Universidade Estadual do Maranhão (UEMA),102749,2025-05-09 13:45:58,INDEXED,719,https://www.outrostempos.uema.br/index.php/outros_tempos_uema/oai,ojs,periodico,toolkit,oai_dc,Open Journal Systems,Outros Tempos: Pesquisa em Foco - História,oai:ojs2.outrostempos.uema.br:article/1,,,,,,,True,True,True,,False
477,UEMG-1,Scias Arte/Educação,Universidade do Estado de Minas Gerais (UEMG),105739,2026-01-08 20:01:04,INDEXED,138,https://revista.uemg.br/index.php/SCIAS/oai,ojs,periodico,toolkit,oai_dc,Open Journal Systems,Scias. Arte/Educação,oai:ojs.pkp.sfu.ca:article/1,,,,,,,True,True,True,,False
1252,UEMG-2,Educação em foco,Universidade do Estado de Minas Gerais (UEMG),106102,2026-01-09 12:03:29,INDEXED,734,https://revista.uemg.br/index.php/educacaoemfoco/oai,ojs,periodico,toolkit,oai_dc,Open Journal Systems,Educação em Foco,oai:ojs.pkp.sfu.ca:article/1,,,,,,,True,True,True,,False
2102,UEMG-3,Scias. /p Direitos Humanos e Educação,Universidade do Estado de Minas Gerais (UEMG),104296,2025-09-01 16:49:33,INDEXED,209,https://revista.uemg.br/index.php/sciasdireitoshumanoseducacao/oai,ojs,periodico,toolkit,oai_dc,Open Journal Systems,SCIAS. Direitos Humanos e Educação,oai:ojs.pkp.sfu.ca:article/1,,,,,,,True,True,True,,False
2156,UEMG-4,Inova Jur,Universidade do Estado de Minas Gerais (UEMG),104297,2025-09-01 16:49:24,INDEXED,33,https://revista.uemg.br/index.php/inovajur/oai,ojs,periodico,toolkit,oai_dc,Open Journal Systems,Inova Jur,oai:ojs.pkp.sfu.ca:article/1,,,,,,,True,True,True,,False
2754,UEMG-5,Linguagens nas Artes,Universidade do Estado de Minas Gerais (UEMG),108056,2026-08-18 15:53:35,INDEXED,41,https://revista.uemg.br/index.php/linguagensnasartes/oai,ojs,periodico,toolkit,oai_dc,Open Journal Systems,Linguagens nas artes,oai:ojs.pkp.sfu.ca:article/1,,,,,,,True,True,True,,False
1803,UEMS,Revista de Agricultura Neotropical,Universidade Estadual de Mato Grosso do Sul (UEMS),102821,2025-05-12 12:20:13,INDEXED,550,https://periodicosonline.uems.br/index.php/agrineo/oai,ojs,periodico,toolkit,oai_dc,Open Journal Systems,REVISTA DE AGRICULTURA NEOTROPICAL,oai:ojs.pkp.sfu.ca:article/1,,,,,,,True,True,True,,False
1589,UEMS-2,REVELL : Revista de Estudos Literários da UEMS,Universidade Estadual de Mato Grosso do Sul (UEMS),102618,2025-05-07 12:42:48,INDEXED,780,https://periodicosonline.uems.br/index.php/REV/oai,ojs,periodico,toolkit,oai_dc,Open Journal Systems,REVELL - REVISTA DE ESTUDOS LITERÁRIOS DA UEMS,oai:ojs.pkp.sfu.ca:article/1,,,,,,,True,True,True,,False
1216,UEMT-1,Traços de Linguagem,Universidade do Estado de Mato Grosso (UNEMAT),106069,2026-01-09 10:57:56,INDEXED,191,https://periodicos.unemat.br/index.php/tracos/oai,ojs,periodico,toolkit,oai_dc,Open Journal Systems,Traços de Linguagem - Revista de Estudos Linguísticos,oai:ojs.pkp.sfu.ca:article/1,,,,,,,True,True,True,,False
2089,UENP-3,Repositório da Universidade Estadual do Norte do Paraná (UENP),Universidade Estadual do Norte do Paraná (UENP),105178,2025-12-05 09:20:26,INDEXED,433,https://repositorio.uenp.edu.br/server/oai/request,dspace,repositorio,sampleIdentifier,oai_dc,,Repositorio da UENP,oai:repositorio.uenp.edu.br:123456789/1234,,,,,,,True,True,True,,False
1136,UEPA-2,Revista Ribanceira,Universidade do Estado do Pará (UEPA),106009,2026-01-09 10:09:49,INDEXED,212,https://periodicos.uepa.br/index.php/ribanceira/oai,ojs,periodico,toolkit,oai_dc,Open Journal Systems,Revista Ribanceira,oai:ojs.pkp.sfu.ca:article/1,,,,,,,True,True,True,,False
473,UEPB-2,Repositório Institucional da Universidade Estadual da Paraíba (UEPB),Universidade Estadual da Paraíba (UEPB),108422,2026-09-02 10:15:14,INDEXED,38884,https://repositorio.uepb.edu.br/server/oai/request,dspace,repositorio,sampleIdentifier,xoai,,Orbis - Repositório Institucional da UEPB,oai:repositorio.uepb.edu.br:123456789/1234,,,,,,,True,True,True,,False
1347,UEPB-3,Revista de Estudos Internacionais (REI),Universidade Estadual da Paraíba (UEPB),106471,2026-02-20 13:10:32,INDEXED,397,https://revista.uepb.edu.br/REI/oai,ojs,periodico,toolkit,oai_dc,Open Journal Systems,REI - Revista de Estudos Internacionais,oai:ojs.revista.uepb.edu.br:article/1,,,,,,,True,True,True,,False
2784,UEPB-5,Revista Discursividades (João Pessoa),Universidade Estadual da Paraíba (UEPB),108015,2026-08-18 15:32:48,INDEXED,211,https://revista.uepb.edu.br/REDISC/oai,ojs,periodico,toolkit,oai_dc,Open Journal Systems,DISCURSIVIDADES,oai:ojs.revista.uepb.edu.br:article/1,,,,,,,True,True,True,,False
468,UEPG-26,Práxis Educativa (Online),Universidade Estadual de Ponta Grossa (UEPG),105755,2026-01-08 20:04:20,INDEXED,1179,https://revistas2.uepg.br/index.php/praxiseducativa/oai,ojs,periodico,toolkit,oai_dc,Open Journal Systems,Praxis Educativa,oai:uepg.br:article/1,,,,,,,True,True,True,,False
469,UEPG-27,Pauta Geral (Ponta Grossa),Universidade Estadual de Ponta Grossa (UEPG),105753,2026-01-08 20:03:57,INDEXED,274,https://revistas2.uepg.br/index.php/pauta/oai,ojs,periodico,toolkit,oai_dc,Open Journal Systems,Pauta Geral - Estudos em Jornalismo,oai:uepg.br:article/1,,,,,,,True,True,True,,False
470,UEPG-28,Revista Latino-americana de Geografia e Gênero,Universidade Estadual de Ponta Grossa (UEPG),105756,2026-01-08 20:04:28,INDEXED,569,https://revistas2.uepg.br/index.php/rlagg/oai,ojs,periodico,toolkit,oai_dc,Open Journal Systems,Revista Latino-Americana de Geografia e Gênero,oai:uepg.br:article/1,,,,,,,True,True,True,,False
471,UEPG-29,Revista Internacional de Folkcomunicação,Universidade Estadual de Ponta Grossa (UEPG),105738,2026-01-08 20:00:57,INDEXED,819,https://revistas.uepg.br/index.php/folkcom/oai,ojs,periodico,toolkit,oai_dc,Open Journal Systems,Revista Internacional de Folkcomunicação,oai:uepg.br:article/1,,,,,,,True,True,True,,False
1563,UEPG-30,Emancipação (Online),Universidade Estadual de Ponta Grossa (UEPG),96881,2024-04-24 09:40:35,INDEXED,569,https://revistas.uepg.br/index.php/emancipacao/oai,ojs,periodico,toolkit,oai_dc,Open Journal Systems,Emancipação,oai:uepg.br:article/1,,,,,,,True,True,True,,False
1716,UEPG-31,Olhar de Professor (Online),Universidade Estadual de Ponta Grossa (UEPG),102709,2025-05-07 21:46:53,INDEXED,883,https://revistas.uepg.br/index.php/olhardeprofessor/oai,ojs,periodico,toolkit,oai_dc,Open Journal Systems,Olhar de Professor,oai:uepg.br:article/1,,,,,,,True,True,True,,False
2733,UEPG-32,Revista Uniletras (Online),Universidade Estadual de Ponta Grossa (UEPG),108075,2026-08-18 16:25:29,INDEXED,564,https://revistas.uepg.br/index.php/uniletras/oai,ojs,periodico,toolkit,oai_dc,Open Journal Systems,UniLetras,oai:uepg.br:article/1,,,,,,,True,True,True,,False
2734,UEPG-33,Revista Terr@ plural (Online),Universidade Estadual de Ponta Grossa (UEPG),108077,2026-08-18 16:25:46,INDEXED,615,https://revistas.uepg.br/index.php/tp/oai,ojs,periodico,toolkit,oai_dc,Open Journal Systems,Terr@ Plural,oai:uepg.br:article/1,,,,,,,True,True,True,,False
1087,UERGS-1,Revista Eletrônica Científica da Uergs,Universidade Estadual do Rio Grande do Sul (UERGS),105995,2026-01-08 23:24:05,INDEXED,331,https://revista.uergs.edu.br/index.php/revuergs/oai,ojs,periodico,toolkit,oai_dc,Open Journal Systems,Revista Eletrônica Científica da UERGS,oai:ojs.pkp.sfu.ca:article/1,,,,,,,True,True,True,,False
452,UERJ-10,Psicologia e Saber Social,Universidade do Estado do Rio de Janeiro (UERJ),106295,2026-01-30 11:08:41,INDEXED,273,https://www.e-publicacoes.uerj.br/index.php/psi-sabersocial/oai,ojs,periodico,toolkit,oai_dc,Open Journal Systems,Psicologia e Saber Social,oai:ojs.www.e-publicacoes.uerj.br:article/1,,,,,,,True,True,True,,False
453,UERJ-11,Textos escolhidos de cultura e arte populares (Online),Universidade do Estado do Rio de Janeiro (UERJ),106301,2026-01-30 11:09:11,INDEXED,251,https://www.e-publicacoes.uerj.br/index.php/tecap/oai,ojs,periodico,toolkit,oai_dc,Open Journal Systems,Textos Escolhidos de Cultura e Arte Populares,oai:ojs.www.e-publicacoes.uerj.br:article/1,,,,,,,True,True,True,,False
455,UERJ-13,Soletras (São Gonçalo. Online),Universidade do Estado do Rio de Janeiro (UERJ),106299,2026-01-30 11:09:38,INDEXED,1037,https://www.e-publicacoes.uerj.br/index.php/soletras/oai,ojs,periodico,toolkit,oai_dc,Open Journal Systems,SOLETRAS,oai:ojs.www.e-publicacoes.uerj.br:article/1,,,,,,,True,True,True,,False
456,UERJ-14,Mural Internacional (Online),Universidade do Estado do Rio de Janeiro (UERJ),106298,2026-01-30 11:08:54,INDEXED,423,https://www.e-publicacoes.uerj.br/index.php/muralinternacional/oai,ojs,periodico,toolkit,oai_dc,Open Journal Systems,Mural Internacional,oai:ojs.www.e-publicacoes.uerj.br:article/1,,,,,,,True,True,True,,False
457,UERJ-15,Sexualidad. Salud y Sociedad (Rio de Janeiro),Universidade do Estado do Rio de Janeiro (UERJ),106302,2026-01-30 11:09:43,INDEXED,525,https://www.e-publicacoes.uerj.br/SexualidadSaludySociedad/oai,ojs,periodico,toolkit,oai_dc,Open Journal Systems,"Sexualidade, Saúde e Sociedade  Revista Latino-Americana",oai:ojs.www.e-publicacoes.uerj.br:article/1,,,,,,,True,True,True,,False
458,UERJ-16,Revista Internacional de Ciência,Universidade do Estado do Rio de Janeiro (UERJ),106303,2026-01-30 11:09:25,INDEXED,369,https://www.e-publicacoes.uerj.br/index.php/ric/oai,ojs,periodico,toolkit,oai_dc,Open Journal Systems,Revista Internacional de Ciências,oai:ojs.www.e-publicacoes.uerj.br:article/1,,,,,,,True,True,True,,False
459,UERJ-17,Revista Eletrônica de Direito Processual,Universidade do Estado do Rio de Janeiro (UERJ),106300,2026-01-30 11:09:38,INDEXED,1123,https://www.e-publicacoes.uerj.br/index.php/redp/oai,ojs,periodico,toolkit,oai_dc,Open Journal Systems,Revista Eletrônica de Direito Processual,oai:ojs.www.e-publicacoes.uerj.br:article/1,,,,,,,True,True,True,,False
460,UERJ-18,Ekstasis: Revista de Hermenêutica e Fenomenologia,Universidade do Estado do Rio de Janeiro (UERJ),106292,2026-01-30 11:08:24,INDEXED,434,https://www.e-publicacoes.uerj.br/index.php/Ekstasis/oai,ojs,periodico,toolkit,oai_dc,Open Journal Systems,Ekstasis: Revista de Hermenêutica e Fenomenologia,oai:ojs.www.e-publicacoes.uerj.br:article/1,,,,,,,True,True,True,,False
461,UERJ-19,Revista Maracanan (Online),Universidade do Estado do Rio de Janeiro (UERJ),106291,2026-01-30 11:08:21,INDEXED,673,https://www.e-publicacoes.uerj.br/index.php/maracanan/oai,ojs,periodico,toolkit,oai_dc,Open Journal Systems,Revista Maracanan,oai:ojs.www.e-publicacoes.uerj.br:article/1,,,,,,,True,True,True,,False
444,UERJ-2,Revista Direito e Práxis,Universidade do Estado do Rio de Janeiro (UERJ),106284,2026-01-30 11:08:08,INDEXED,1342,https://www.e-publicacoes.uerj.br/index.php/revistaceaju/oai,ojs,periodico,toolkit,oai_dc,Open Journal Systems,Revista Direito e Práxis,oai:ojs.www.e-publicacoes.uerj.br:article/1,,,,,,,True,True,True,,False
462,UERJ-20,Revista da Faculdade de Direito da UERJ,Universidade do Estado do Rio de Janeiro (UERJ),107288,2026-06-18 17:54:06,INDEXED,379,https://www.e-publicacoes.uerj.br/index.php/rfduerj/oai,ojs,periodico,toolkit,oai_dc,Open Journal Systems,Revista da Faculdade de Direito da UERJ - RFD,oai:ojs.www.e-publicacoes.uerj.br:article/1,,,,,,,True,True,True,,False
463,UERJ-21,Geo UERJ,Universidade do Estado do Rio de Janeiro (UERJ),107125,2026-05-27 11:44:06,INDEXED,1149,https://www.e-publicacoes.uerj.br/index.php/geouerj/oai,ojs,periodico,toolkit,oai_dc,Open Journal Systems,Geo UERJ,oai:ojs.www.e-publicacoes.uerj.br:article/1,,,,,,,True,True,True,,False
464,UERJ-22,Childhood & Philosophy (Rio de Janeiro. Online),Universidade do Estado do Rio de Janeiro (UERJ),106294,2026-01-30 11:08:47,INDEXED,657,https://www.e-publicacoes.uerj.br/index.php/childhood/oai,ojs,periodico,toolkit,oai_dc,Open Journal Systems,childhood & philosophy,oai:ojs.www.e-publicacoes.uerj.br:article/1,,,,,,,True,True,True,,False
1073,UERJ-24,Abusões,Universidade do Estado do Rio de Janeiro (UERJ),106304,2026-01-30 11:09:46,INDEXED,445,https://www.e-publicacoes.uerj.br/index.php/abusoes/oai,ojs,periodico,toolkit,oai_dc,Open Journal Systems,Abusões,oai:ojs.www.e-publicacoes.uerj.br:article/1,,,,,,,True,True,True,,False
1740,UERJ-25,Revista Neiba,Universidade do Estado do Rio de Janeiro (UERJ),106308,2026-01-30 11:49:21,INDEXED,221,https://www.e-publicacoes.uerj.br/index.php/neiba/oai,ojs,periodico,toolkit,oai_dc,Open Journal Systems,"Revista Neiba, Cadernos Argentina Brasil",oai:ojs.www.e-publicacoes.uerj.br:article/1,,,,,,,True,True,True,,False
1987,UERJ-26,Impacto (Rio de Janeiro),Universidade do Estado do Rio de Janeiro (UERJ),106309,2026-01-30 11:49:15,INDEXED,54,https://www.e-publicacoes.uerj.br/index.php/impacto/oai,ojs,periodico,toolkit,oai_dc,Open Journal Systems,Impacto: Pesquisa em Ensino de Ciências,oai:ojs.www.e-publicacoes.uerj.br:article/1,,,,,,,True,True,True,,False
2764,UERJ-27,Estudos e Pesquisas em Psicologia (Online),Universidade do Estado do Rio de Janeiro (UERJ),108042,2026-08-18 15:52:07,INDEXED,1532,https://www.e-publicacoes.uerj.br/revispsi/oai,ojs,periodico,toolkit,oai_dc,Open Journal Systems,Estudos e Pesquisas em Psicologia,oai:ojs.www.e-publicacoes.uerj.br:article/1,,,,,,,True,True,True,,False
2765,UERJ-28,Revista Tamoios (Online),Universidade do Estado do Rio de Janeiro (UERJ),108047,2026-08-18 15:52:26,INDEXED,556,https://www.e-publicacoes.uerj.br/index.php/tamoios/oai,ojs,periodico,toolkit,oai_dc,Open Journal Systems,Revista Tamoios,oai:ojs.www.e-publicacoes.uerj.br:article/1,,,,,,,True,True,True,,False
2766,UERJ-29,Periferia,Universidade do Estado do Rio de Janeiro (UERJ),108045,2026-08-18 15:52:21,INDEXED,652,https://www.e-publicacoes.uerj.br/index.php/periferia/oai,ojs,periodico,toolkit,oai_dc,Open Journal Systems,Periferia,oai:ojs.www.e-publicacoes.uerj.br:article/1,,,,,,,True,True,True,,False
2767,UERJ-30,Cadernos do IME. Série Matemática (Online),Universidade do Estado do Rio de Janeiro (UERJ),108049,2026-08-18 15:52:35,INDEXED,124,https://www.e-publicacoes.uerj.br/index.php/cadmat/oai,ojs,periodico,toolkit,oai_dc,Open Journal Systems,Cadernos do IME - Série Matemática,oai:ojs.www.e-publicacoes.uerj.br:article/1,,,,,,,True,True,True,,False
2768,UERJ-31,Em Pauta (Rio de Janeiro. Online),Universidade do Estado do Rio de Janeiro (UERJ),108046,2026-08-18 15:52:32,INDEXED,940,https://www.e-publicacoes.uerj.br/index.php/revistaempauta/oai,ojs,periodico,toolkit,oai_dc,Open Journal Systems,Revista Em Pauta: teoria social e realidade contemporânea,oai:ojs.www.e-publicacoes.uerj.br:article/1,,,,,,,True,True,True,,False
2769,UERJ-32,e-Mosaicos,Universidade do Estado do Rio de Janeiro (UERJ),108008,2026-08-18 15:32:28,INDEXED,481,https://www.e-publicacoes.uerj.br/index.php/e-mosaicos/oai,ojs,periodico,toolkit,oai_dc,Open Journal Systems,e-Mosaicos,oai:ojs.www.e-publicacoes.uerj.br:article/1,,,,,,,True,True,True,,False
2771,UERJ-33,Interseções (Online),Universidade do Estado do Rio de Janeiro (UERJ),108010,2026-08-18 15:32:28,INDEXED,414,https://www.e-publicacoes.uerj.br/index.php/intersecoes/oai,ojs,periodico,toolkit,oai_dc,Open Journal Systems,Interseções: Revista de Estudos Interdisciplinares,oai:ojs.www.e-publicacoes.uerj.br:article/1,,,,,,,True,True,True,,False
2804,UERJ-34,Cadernos do Desenvolvimento Fluminense,Universidade do Estado do Rio de Janeiro (UERJ),107995,2026-08-18 13:43:48,INDEXED,393,https://www.e-publicacoes.uerj.br/cdf/oai,ojs,periodico,toolkit,oai_dc,Open Journal Systems,Cadernos do Desenvolvimento Fluminense,oai:ojs.www.e-publicacoes.uerj.br:article/1,,,,,,,True,True,True,,False
2805,UERJ-35,"Revista de Finanças Públicas, Tributação e Desenvolvimento",Universidade do Estado do Rio de Janeiro (UERJ),107994,2026-08-18 13:43:36,INDEXED,141,https://www.e-publicacoes.uerj.br/rfptd/oai,ojs,periodico,toolkit,oai_dc,Open Journal Systems,"Revista de Finanças Públicas, Tributação e Desenvolvimento",oai:ojs.www.e-publicacoes.uerj.br:article/1,,,,,,,True,True,True,,False
2806,UERJ-36,Sustinere,Universidade do Estado do Rio de Janeiro (UERJ),107996,2026-08-18 13:43:57,INDEXED,580,https://www.e-publicacoes.uerj.br/index.php/sustinere/oai,ojs,periodico,toolkit,oai_dc,Open Journal Systems,Revista Sustinere,oai:ojs.www.e-publicacoes.uerj.br:article/1,,,,,,,True,True,True,,False
2807,UERJ-37,Revista Interinstitucional Artes de Educar,Universidade do Estado do Rio de Janeiro (UERJ),107997,2026-08-18 13:43:56,INDEXED,868,https://www.e-publicacoes.uerj.br/index.php/riae/oai,ojs,periodico,toolkit,oai_dc,Open Journal Systems,Revista Interinstitucional Artes de Educar,oai:ojs.www.e-publicacoes.uerj.br:article/1,,,,,,,True,True,True,,False
2808,UERJ-38,Publicum,Universidade do Estado do Rio de Janeiro (UERJ),107999,2026-08-18 13:44:06,INDEXED,193,https://www.e-publicacoes.uerj.br/publicum/oai,ojs,periodico,toolkit,oai_dc,Open Journal Systems,Revista Publicum,oai:ojs.www.e-publicacoes.uerj.br:article/1,,,,,,,True,True,True,,False
2821,UERJ-39,Arcos Design,Universidade do Estado do Rio de Janeiro (UERJ),107987,2026-08-18 13:40:58,INDEXED,367,https://www.e-publicacoes.uerj.br/index.php/arcosdesign/oai,ojs,periodico,toolkit,oai_dc,Open Journal Systems,Arcos Design,oai:ojs.www.e-publicacoes.uerj.br:article/1,,,,,,,True,True,True,,False
446,UERJ-4,Cadernos do IME. Série Estatística (Online),Universidade do Estado do Rio de Janeiro (UERJ),106286,2026-01-30 11:07:27,INDEXED,115,https://www.e-publicacoes.uerj.br/index.php/cadest/oai,ojs,periodico,toolkit,oai_dc,Open Journal Systems,Cadernos do IME - Série Estatística,oai:ojs.www.e-publicacoes.uerj.br:article/1,,,,,,,True,True,True,,False
447,UERJ-5,Revista de Direito da Cidade,Universidade do Estado do Rio de Janeiro (UERJ),106288,2026-01-30 11:08:08,INDEXED,1152,https://www.e-publicacoes.uerj.br/index.php/rdc/oai,ojs,periodico,toolkit,oai_dc,Open Journal Systems,Revista de Direito da Cidade,oai:ojs.www.e-publicacoes.uerj.br:article/1,,,,,,,True,True,True,,False
448,UERJ-6,Revista de Contabilidade do Mestrado em Ciências Contábeis da UERJ,Universidade do Estado do Rio de Janeiro (UERJ),107286,2026-06-18 16:09:41,INDEXED,585,https://www.e-publicacoes.uerj.br/index.php/rcmccuerj/oai,ojs,periodico,toolkit,oai_dc,Open Journal Systems,Revista de Contabilidade do Mestrado em Ciências Contábeis da UERJ,oai:ojs.www.e-publicacoes.uerj.br:article/1,,,,,,,True,True,True,,False
449,UERJ-7,Caderno Seminal Digital,Universidade do Estado do Rio de Janeiro (UERJ),106289,2026-01-30 11:07:53,INDEXED,690,https://www.e-publicacoes.uerj.br/index.php/cadernoseminal/oai,ojs,periodico,toolkit,oai_dc,Open Journal Systems,Caderno Seminal,oai:ojs.www.e-publicacoes.uerj.br:article/1,,,,,,,True,True,True,,False
451,UERJ-9,Matraga (Online),Universidade do Estado do Rio de Janeiro (UERJ),106296,2026-01-30 11:08:56,INDEXED,730,https://www.e-publicacoes.uerj.br/index.php/matraga/oai,ojs,periodico,toolkit,oai_dc,Open Journal Systems,Matraga - Revista do Programa de Pós-Graduação em Letras da UERJ,oai:ojs.www.e-publicacoes.uerj.br:article/1,,,,,,,True,True,True,,False
442,UERN-1,Revista Colineares,Universidade do Estado do Rio Grande do Norte (UERN),105730,2026-01-08 19:59:27,INDEXED,141,https://periodicos.apps.uern.br/index.php/RCOL/oai,ojs,periodico,toolkit,oai_dc,Open Journal Systems,Colineares,oai:ojs2.periodicos.apps.uern.br:article/1,,,,,,,True,True,True,,False
1516,UERN-3,Trilhas Filosóficas (Online),Universidade do Estado do Rio Grande do Norte (UERN),102589,2025-05-07 12:13:27,INDEXED,412,https://periodicos.apps.uern.br/index.php/RTF/oai,ojs,periodico,toolkit,oai_dc,Open Journal Systems,Trilhas Filosóficas,oai:ojs2.periodicos.apps.uern.br:article/1,,,,,,,True,True,True,,False
1703,UERN-4,Revista Geotemas,Universidade do Estado do Rio Grande do Norte (UERN),102677,2025-05-07 13:42:09,INDEXED,299,https://periodicos.apps.uern.br/index.php/GEOTemas/oai,ojs,periodico,toolkit,oai_dc,Open Journal Systems,Revista Geotemas,oai:ojs2.periodicos.apps.uern.br:article/1,,,,,,,True,True,True,,False
1843,UERN-5,Revista Eletrônica Científica Ensino Interdisciplinar (RECEI),Universidade do Estado do Rio Grande do Norte (UERN),102842,2025-05-12 14:01:51,INDEXED,616,https://periodicos.apps.uern.br/index.php/RECEI/oai,ojs,periodico,toolkit,oai_dc,Open Journal Systems,Revista Eletrônica Científica Ensino Interdisciplinar,oai:ojs2.periodicos.apps.uern.br:article/1,,,,,,,True,True,True,,False
2199,UERN-6,Diálogo das Letras,Universidade do Estado do Rio Grande do Norte (UERN),103119,2025-05-19 10:05:33,INDEXED,459,https://periodicos.apps.uern.br/index.php/DDL/oai,ojs,periodico,toolkit,oai_dc,Open Journal Systems,Diálogo das Letras,oai:ojs2.periodicos.apps.uern.br:article/1,,,,,,,True,True,True,,False
2861,UERN-9,Revista Brasileira dos Observatórios de Turismo (ReBOT),Universidade do Estado do Rio Grande do Norte (UERN),108385,2026-08-27 17:00:18,INDEXED,218,https://periodicos.apps.uern.br/index.php/ReBOT/oai,ojs,periodico,toolkit,oai_dc,Open Journal Systems,REVISTA BRASILEIRA DOS OBSERVATÓRIOS DE TURISMO - ReBOT,oai:ojs2.periodicos.apps.uern.br:article/1,,,,,,,True,True,True,,False
2732,UERR,Revista Ambiente (Boa Vista),Universidade Estadual de Roraima (UERR),108076,2026-08-18 16:25:40,INDEXED,503,https://periodicos.uerr.edu.br/index.php/ambiente/oai,ojs,periodico,toolkit,oai_dc,Open Journal Systems,Ambiente: Gestão e Desenvolvimento,oai:ojs.periodicos.uerr.edu.br:article/1,,,,,,,True,True,True,,False
440,UESB-1,Fólio - Revista de Letras,Universidade Estadual do Sudoeste da Bahia (UESB),105719,2026-01-08 17:10:11,INDEXED,512,https://periodicos2.uesb.br/index.php/folio/oai,ojs,periodico,toolkit,oai_dc,Open Journal Systems,fólio - revista de letras,oai:ojs.pkp.sfu.ca:article/1,,,,,,,True,True,True,,False
2723,UESB-10,Revista de Estudos em Educação e Diversidade,Universidade Estadual do Sudoeste da Bahia (UESB),108066,2026-08-18 16:23:14,INDEXED,370,https://periodicos2.uesb.br/index.php/reed/oai,ojs,periodico,toolkit,oai_dc,Open Journal Systems,Revista de Estudos em Educação e Diversidade - REED,oai:ojs.pkp.sfu.ca:article/1,,,,,,,True,True,True,,False
2724,UESB-11,"Revista Com a Palavra, o Professor",Universidade Estadual do Sudoeste da Bahia (UESB),108083,2026-08-18 16:28:33,INDEXED,475,https://periodicos2.uesb.br/cpp/oai,ojs,periodico,toolkit,oai_dc,Open Journal Systems,"Com a Palavra, o Professor",oai:ojs.pkp.sfu.ca:article/1,,,,,,,True,True,True,,False
2725,UESB-12,Cadernos de Ciências Sociais Aplicadas (Online),Universidade Estadual do Sudoeste da Bahia (UESB),108069,2026-08-18 16:22:55,INDEXED,487,https://periodicos2.uesb.br/index.php/ccsa/oai,ojs,periodico,toolkit,oai_dc,Open Journal Systems,Cadernos de Ciências Sociais Aplicadas,oai:ojs.pkp.sfu.ca:article/1,,,,,,,True,True,True,,False
441,UESB-2,Estudos da Língua(gem),Universidade Estadual do Sudoeste da Bahia (UESB),105729,2026-01-08 19:59:34,INDEXED,617,https://periodicos2.uesb.br/index.php/estudosdalinguagem/oai,ojs,periodico,toolkit,oai_dc,Open Journal Systems,Estudos da Língua(gem),oai:ojs.pkp.sfu.ca:article/1,,,,,,,True,True,True,,False
1565,UESB-6,Revista Binacional Brasil-Argentina,Universidade Estadual do Sudoeste da Bahia (UESB),96876,2024-04-24 09:37:27,INDEXED,391,https://periodicos2.uesb.br/index.php/rbba/oai,ojs,periodico,toolkit,oai_dc,Open Journal Systems,Revista Binacional Brasil-Argentina: Diálogo entre as ciências,oai:ojs.pkp.sfu.ca:article/1,,,,,,,True,True,True,,False
2720,UESB-9,Revista Intermaths,Universidade Estadual do Sudoeste da Bahia (UESB),108063,2026-08-18 16:22:38,INDEXED,163,https://periodicos2.uesb.br/index.php/intermaths/oai,ojs,periodico,toolkit,oai_dc,Open Journal Systems,Intermaths,oai:ojs.pkp.sfu.ca:article/1,,,,,,,True,True,True,,False
438,UESC-1,EID&A - Revista Eletrônica de Estudos Integrados em Discurso e Argumentação,Universidade Estadual de Santa Cruz (UESC),105724,2026-01-08 17:10:26,INDEXED,468,http://periodicos.uesc.br/index.php/eidea/oai,ojs,periodico,toolkit,oai_dc,Open Journal Systems,Revista Eletrônica de Estudos Integrados em Discurso e Argumentação,oai:ojs.pkp.sfu.ca:article/1,,,,,,,True,True,True,,False
439,UESC-2,Revista de Cultura e Turismo,Universidade Estadual de Santa Cruz (UESC),105726,2026-01-08 17:10:34,INDEXED,382,https://periodicos.uesc.br/index.php/cultur/oai,ojs,periodico,toolkit,oai_dc,Open Journal Systems,CULTUR - Revista de Cultura e Turismo,oai:ojs.pkp.sfu.ca:article/1,,,,,,,True,True,True,,False
1217,UESC-3,Litterata,Universidade Estadual de Santa Cruz (UESC),106068,2026-01-09 10:57:54,INDEXED,231,http://periodicos.uesc.br/index.php/litterata/oai,ojs,periodico,toolkit,oai_dc,Open Journal Systems,Litterata: Revista do Centro de Estudos Hélio Simões,oai:ojs.pkp.sfu.ca:article/1,,,,,,,True,True,True,,False
1218,UFAC-2,Communitas,Universidade Federal do Acre (UFAC),106070,2026-01-09 10:58:06,INDEXED,560,https://periodicos.ufac.br/index.php/COMMUNITAS/oai,ojs,periodico,toolkit,oai_dc,Open Journal Systems,Communitas,oai:ojs.pkp.sfu.ca:article/1,,,,,,,True,True,True,,False
2498,UFAC-3,Das Amazônias - Revista discente de história da UFAC,Universidade Federal do Acre (UFAC),108354,2026-08-24 17:00:57,INDEXED,247,https://periodicos.ufac.br/index.php/amazonicas/oai,ojs,periodico,toolkit,oai_dc,Open Journal Systems,Das Amazônias,oai:ojs.pkp.sfu.ca:article/1,,,,,,,True,True,True,,False
1709,UFAM-2,Canoa do Tempo (Online),Universidade Federal do Amazonas (UFAM),102708,2025-05-07 21:00:51,INDEXED,201,https://www.periodicos.ufam.edu.br/index.php/Canoa_do_Tempo/oai,ojs,periodico,toolkit,oai_dc,Open Journal Systems,Canoa do Tempo,oai:ojs.pkp.sfu.ca:article/1,,,,,,,True,True,True,,False
1198,UFBA-10,Germinal: Marxismo e Educação em Debate,Universidade Federal da Bahia (UFBA),106090,2026-01-09 10:58:58,INDEXED,1264,https://periodicos.ufba.br/index.php/revistagerminal/oai,ojs,periodico,toolkit,oai_dc,Open Journal Systems,Germinal: marxismo e educação em debate,oai:ojs.periodicos.ufba.br:article/1,,,,,,,True,True,True,,False
1573,UFBA-12,GeoTextos (Online),Universidade Federal da Bahia (UFBA),102609,2025-05-07 12:42:14,INDEXED,388,https://periodicos.ufba.br/index.php/geotextos/oai,ojs,periodico,toolkit,oai_dc,Open Journal Systems,GeoTextos,oai:ojs.periodicos.ufba.br:article/1,,,,,,,True,True,True,,False
1741,UFBA-13,Revista Direito e Sexualidade,Universidade Federal da Bahia (UFBA),102757,2025-05-09 13:47:06,INDEXED,143,https://periodicos.ufba.br/index.php/revdirsex/oai,ojs,periodico,toolkit,oai_dc,Open Journal Systems,Revista Direito e Sexualidade,oai:ojs.periodicos.ufba.br:article/1,,,,,,,True,True,True,,False
1754,UFBA-14,Revista Baiana de Enfermagem (Online),Universidade Federal da Bahia (UFBA),102746,2025-05-09 13:44:48,INDEXED,997,https://periodicos.ufba.br/index.php/enfermagem/oai,ojs,periodico,toolkit,oai_dc,Open Journal Systems,Revista Baiana de Enfermagem‏,oai:ojs.periodicos.ufba.br:article/1,,,,,,,True,True,True,,False
2698,UFBA-15,Cadernos de Gênero e Diversidade,Universidade Federal da Bahia (UFBA),108108,2026-08-18 16:54:59,INDEXED,628,https://periodicos.ufba.br/index.php/cadgendiv/oai,ojs,periodico,toolkit,oai_dc,Open Journal Systems,Cadernos de Gênero e Diversidade,oai:ojs.periodicos.ufba.br:article/1,,,,,,,True,True,True,,False
2699,UFBA-16,Revista Eletrônica de Gestão e Tecnologias Ambientais,Universidade Federal da Bahia (UFBA),108109,2026-08-18 16:55:06,INDEXED,310,https://periodicos.ufba.br/index.php/gesta/oai,ojs,periodico,toolkit,oai_dc,Open Journal Systems,Revista Eletrônica de Gestão e Tecnologias Ambientais,oai:ojs.periodicos.ufba.br:article/1,,,,,,,True,True,True,,False
2700,UFBA-17,Revista Entreideias (Online),Universidade Federal da Bahia (UFBA),108090,2026-08-18 16:54:07,INDEXED,643,https://periodicos.ufba.br/index.php/entreideias/oai,ojs,periodico,toolkit,oai_dc,Open Journal Systems,"Revista Entreideias: educação, cultura e sociedade",oai:ojs.periodicos.ufba.br:article/1,,,,,,,True,True,True,,False
2701,UFBA-18,Revista Estudos Linguísticos e Literários (Online),Universidade Federal da Bahia (UFBA),108092,2026-08-18 16:54:17,INDEXED,587,https://periodicos.ufba.br/index.php/estudos/oai,ojs,periodico,toolkit,oai_dc,Open Journal Systems,Estudos Linguísticos e Literários,oai:ojs.periodicos.ufba.br:article/1,,,,,,,True,True,True,,False
2702,UFBA-19,Revista de Contabilidade da UFBA,Universidade Federal da Bahia (UFBA),108089,2026-08-18 16:54:06,INDEXED,427,https://periodicos.ufba.br/index.php/rcontabilidade/oai,ojs,periodico,toolkit,oai_dc,Open Journal Systems,Revista de Contabilidade da UFBA,oai:ojs.periodicos.ufba.br:article/1,,,,,,,True,True,True,,False
2703,UFBA-20,Contemporanea (Salvador. Online) - Revista de Comunicação e Cultura,Universidade Federal da Bahia (UFBA),108091,2026-08-18 16:54:20,INDEXED,744,https://periodicos.ufba.br/index.php/contemporaneaposcom/oai,ojs,periodico,toolkit,oai_dc,Open Journal Systems,Contemporanea,oai:ojs.periodicos.ufba.br:article/1,,,,,,,True,True,True,,False
428,UFBA-4,Organizações & Sociedade (Online),Universidade Federal da Bahia (UFBA),105712,2026-01-08 17:09:15,INDEXED,1094,https://periodicos.ufba.br/index.php/revistaoes/oai,ojs,periodico,toolkit,oai_dc,Open Journal Systems,Organizações & Sociedade,oai:ojs.periodicos.ufba.br:article/1,,,,,,,True,True,True,,False
429,UFBA-5,Políticas Culturais em Revista,Universidade Federal da Bahia (UFBA),105711,2026-01-08 17:09:15,INDEXED,497,https://periodicos.ufba.br/index.php/pculturais/oai,ojs,periodico,toolkit,oai_dc,Open Journal Systems,Políticas Culturais em Revista,oai:ojs.periodicos.ufba.br:article/1,,,,,,,True,True,True,,False
430,UFBA-6,Cadernos de Prospecção (Online),Universidade Federal da Bahia (UFBA),105720,2026-01-08 17:09:57,INDEXED,1309,https://periodicos.ufba.br/index.php/nit/oai,ojs,periodico,toolkit,oai_dc,Open Journal Systems,Cadernos de Prospecção,oai:ojs.periodicos.ufba.br:article/1,,,,,,,True,True,True,,False
431,UFBA-7,Caderno CRH,Universidade Federal da Bahia (UFBA),105723,2026-01-08 17:10:18,INDEXED,1301,https://periodicos.ufba.br/index.php/crh/oai,ojs,periodico,toolkit,oai_dc,Open Journal Systems,Caderno CRH,oai:ojs.periodicos.ufba.br:article/1,,,,,,,True,True,True,,False
432,UFBA-8,Revista Periódicus,Universidade Federal da Bahia (UFBA),105722,2026-01-08 17:10:18,INDEXED,655,https://periodicos.ufba.br/index.php/revistaperiodicus/oai,ojs,periodico,toolkit,oai_dc,Open Journal Systems,Revista Periódicus,oai:ojs.periodicos.ufba.br:article/1,,,,,,,True,True,True,,False
433,UFBA-9,Afro-Ásia (Online),Universidade Federal da Bahia (UFBA),105721,2026-01-08 17:10:07,INDEXED,1035,https://periodicos.ufba.br/index.php/afroasia/oai,ojs,periodico,toolkit,oai_dc,Open Journal Systems,Afro-Ásia,oai:ojs.periodicos.ufba.br:article/1,,,,,,,True,True,True,,False
1080,UFC-10,Revista Labor,Universidade Federal do Ceará (UFC),105958,2026-01-08 22:22:07,INDEXED,415,https://periodicos.ufc.br/index.php/Labor/oai,ojs,periodico,toolkit,oai_dc,Open Journal Systems,Revista Labor,oai:ojs.pkp.sfu.ca:article/1,,,,,,,True,True,True,,False
1128,UFC-11,Revista Dialectus,Universidade Federal do Ceará (UFC),106006,2026-01-09 09:46:02,INDEXED,637,https://periodicos.ufc.br/dialectus/oai,ojs,periodico,toolkit,oai_dc,Open Journal Systems,Revista Dialectus - Revista de Filosofia,oai:ojs.pkp.sfu.ca:article/1,,,,,,,True,True,True,,False
1250,UFC-12,Contextus (Fortaleza. Online),Universidade Federal do Ceará (UFC),106112,2026-01-09 12:10:31,INDEXED,464,https://periodicos.ufc.br/contextus/oai,ojs,periodico,toolkit,oai_dc,Open Journal Systems,Contextus - Revista Contemporânea de Economia e Gestão,oai:ojs.pkp.sfu.ca:article/1,,,,,,,True,True,True,,False
1622,UFC-13,Revista de Psicologia (Fortaleza. Online),Universidade Federal do Ceará (UFC),102646,2025-05-07 13:19:34,INDEXED,480,http://www.periodicos.ufc.br/index.php/psicologiaufc/oai,ojs,periodico,toolkit,oai_dc,Open Journal Systems,Revista de Psicologia,oai:ojs.pkp.sfu.ca:article/1,,,,,,,True,True,True,,False
1543,UFC-15,Informação em Pauta,Universidade Federal do Ceará (UFC),96896,2024-04-24 10:26:14,INDEXED,257,http://www.periodicos.ufc.br/informacaoempauta/oai,ojs,periodico,toolkit,oai_dc,Open Journal Systems,Informação em Pauta,oai:ojs.pkp.sfu.ca:article/1,,,,,,,True,True,True,,False
1698,UFC-17,Argumentos : Revista de Filosofia (Online),Universidade Federal do Ceará (UFC),102666,2025-05-07 13:40:49,INDEXED,641,http://periodicos.ufc.br/argumentos/oai,ojs,periodico,toolkit,oai_dc,Open Journal Systems,Argumentos - Revista de Filosofia,oai:ojs.pkp.sfu.ca:article/1,,,,,,,True,True,True,,False
1827,UFC-18,Nomos (Fortaleza),Universidade Federal do Ceará (UFC),102833,2025-05-12 12:28:45,INDEXED,586,http://periodicos.ufc.br/nomos/oai,ojs,periodico,toolkit,oai_dc,Open Journal Systems,Nomos: Revista do Programa de Pós-Graduação em Direito da UFC,oai:ojs.pkp.sfu.ca:article/1,,,,,,,True,True,True,,False
1990,UFC-19,Revista Eletrônica Acta Sapientia,Universidade Federal do Ceará (UFC),102944,2025-05-13 11:04:56,INDEXED,63,https://actasapientia.com.br/index.php/acsa/oai,ojs,periodico,toolkit,oai_dc,Open Journal Systems,Revista Eletrônica ACTA SAPIENTIA,oai:actasapientia.com.br:article/1,,,,,,,True,True,True,,False
2497,UFC-21,Revista de Medicina da UFC,Universidade Federal do Ceará (UFC),108355,2026-08-24 17:01:08,INDEXED,472,https://periodicos.ufc.br/revistademedicinadaufc/oai,ojs,periodico,toolkit,oai_dc,Open Journal Systems,Revista de Medicina da UFC,oai:ojs.pkp.sfu.ca:article/1,,,,,,,True,True,True,,False
2831,UFCA,Repositório Institucional da Universidade Federal do Cariri (UFCA),Universidade Federal do Cariri (UFCA),107971,2026-08-18 13:15:25,INDEXED,270,https://repositorio.ufca.edu.br/server/oai/request,dspace,repositorio,sampleIdentifier,xoai,,Repositório UFCA,oai:repositorio.ufca.edu.br:123456789/1234,,,,,,,True,True,True,,False
416,UFCG-2,Revista Letras Raras,Universidade Federal de Campina Grande (UFCG),105716,2026-01-08 17:09:42,INDEXED,1454,https://revistas.editora.ufcg.edu.br/index.php/RLR/oai,ojs,periodico,toolkit,oai_dc,Open Journal Systems,Revista Letras Raras,oai:ojs2.revistas.editora.ufcg.edu.br:article/1,,,,,,,True,True,True,,False
418,UFCG-4,REUNIR: Revista de Administração. Contabilidade e Sustentabilidade,Universidade Federal de Campina Grande (UFCG),105718,2026-01-08 17:09:44,INDEXED,442,https://reunir.revistas.ufcg.edu.br/index.php/uacc/oai,ojs,periodico,toolkit,oai_dc,Open Journal Systems,REUNIR Revista de Administração Contabilidade e Sustentabilidade,oai:ojs.150.165.111.246:article/1,,,,,,,True,True,True,,False
1502,UFCG-6,Acta Brasiliensis (Online),Universidade Federal de Campina Grande (UFCG),102559,2025-05-07 11:35:42,INDEXED,152,http://revistas.ufcg.edu.br/ActaBra/index.php/actabra/oai,ojs,periodico,toolkit,oai_dc,Open Journal Systems,Acta Brasiliensis,oai:ActaBra.revistas.ufcg.edu.br:article/1,,,,,,,True,True,True,,False
1633,UFERSA,Revista Jurídica da Ufersa,Universidade Federal Rural do Semi-Árido (UFERSA),107290,2026-06-19 11:49:07,INDEXED,242,https://periodicos.ufersa.edu.br/index.php/rejur/oai,ojs,periodico,toolkit,oai_dc,Open Journal Systems,Revista Jurídica da UFERSA,oai:ojs.pkp.sfu.ca:article/1,,,,,,,True,True,True,,False
1414,UFERSA-1,Revista Caatinga,Universidade Federal Rural do Semi-Árido (UFERSA),106478,2026-02-20 13:12:10,INDEXED,2286,https://periodicos.ufersa.edu.br/index.php/caatinga/oai,ojs,periodico,toolkit,oai_dc,Open Journal Systems,Revista Caatinga,oai:ojs.pkp.sfu.ca:article/1,,,,,,,True,True,True,,False
414,UFERSA-2,Journal of Animal Behaviour and Biometeorology,Universidade Federal Rural do Semi-Árido (UFERSA),107282,2026-06-17 16:56:40,INDEXED,388,https://malque.pub/ojs/index.php/jabb/oai,ojs,periodico,toolkit,oai_dc,Open Journal Systems,Journal of Animal Behaviour and Biometeorology,oai:ojs2.malque.pub:article/1,,,,,,,True,True,True,,False
1794,UFES-1,Contexto: Revista do Programa de Pós-Graduação em Letras,Universidade Federal do Espírito Santo (UFES),102799,2025-05-12 11:21:17,INDEXED,840,https://periodicos.ufes.br/contexto/oai,ojs,periodico,toolkit,oai_dc,Open Journal Systems,Contexto - Revista do Programa de Pós-Graduação em Letras da UFES,oai:periodicos.ufes.br:article/1,,,,,,,True,True,True,,False
1764,UFES-10,Revista Ágora (Vitória),Universidade Federal do Espírito Santo (UFES),106250,2026-01-23 16:38:42,INDEXED,550,https://periodicos.ufes.br/agora/oai,ojs,periodico,toolkit,oai_dc,Open Journal Systems,Revista Ágora,oai:periodicos.ufes.br:article/1,,,,,,,True,True,True,,False
408,UFES-2,Gestão & Conexões,Universidade Federal do Espírito Santo (UFES),105705,2026-01-08 17:07:36,INDEXED,320,https://periodicos.ufes.br/ppgadm/oai,ojs,periodico,toolkit,oai_dc,Open Journal Systems,Revista Gestão & Conexões,oai:periodicos.ufes.br:article/1,,,,,,,True,True,True,,False
409,UFES-3,Caderno Eletrônico de Ciências Sociais,Universidade Federal do Espírito Santo (UFES),105704,2026-01-08 17:07:25,INDEXED,232,https://periodicos.ufes.br/cadecs/oai,ojs,periodico,toolkit,oai_dc,Open Journal Systems,Caderno Eletrônico de Ciências Sociais,oai:periodicos.ufes.br:article/1,,,,,,,True,True,True,,False
410,UFES-4,Temporalis (Online),Associação Brasileira de Ensino e Pesquisa em Serviço Social,105715,2026-01-08 17:09:38,INDEXED,686,https://periodicos.ufes.br/temporalis/oai,ojs,periodico,toolkit,oai_dc,Open Journal Systems,Temporalis,oai:periodicos.ufes.br:article/1,,,,,,,True,True,True,,False
411,UFES-5,Argumentum (Vitória),Universidade Federal do Espírito Santo (UFES),105714,2026-01-08 17:09:31,INDEXED,802,https://periodicos.ufes.br/argumentum/oai,ojs,periodico,toolkit,oai_dc,Open Journal Systems,Argumentum,oai:periodicos.ufes.br:article/1,,,,,,,True,True,True,,False
1576,UFES-9,Simbiótica,Universidade Federal do Espírito Santo (UFES),102611,2025-05-07 12:42:15,INDEXED,506,https://periodicos.ufes.br/simbiotica/oai,ojs,periodico,toolkit,oai_dc,Open Journal Systems,Simbiótica. Revista Eletrônica,oai:periodicos.ufes.br:article/1,,,,,,,True,True,True,,False
1261,UFF-14,Verinotio,Universidade Federal Fluminense (UFF),106104,2026-01-09 12:03:40,INDEXED,570,https://www.verinotio.org/sistema/index.php/verinotio/oai,ojs,periodico,toolkit,oai_dc,Open Journal Systems,Verinotio – Revista on-line de Filosofia e Ciências Humanas - ISSN 1981-061X,oai:http://verinotio.org/sistema/index.php/verinotio/oai:article/1,,,,,,,True,True,True,,False
401,UFF-4,Confluência,Universidade Federal Fluminense (UFF),105699,2026-01-08 17:06:35,INDEXED,1105,https://revistaconfluencia.org.br/rc/oai,ojs,periodico,toolkit,oai_dc,Open Journal Systems,Confluência,oai:ojs3.emnuvens.com.br:article/1,,,,,,,True,True,True,,False
397,UFFS-1,Revista Brasileira de Extensão Universitária (Online),Universidade Federal Fronteira do Sul (UFFS),105693,2026-01-08 17:06:23,INDEXED,413,https://periodicos.uffs.edu.br/index.php/RBEU/oai,ojs,periodico,toolkit,oai_dc,Open Journal Systems,Revista Brasileira de Extensão Universitária,oai:ojs.192.168.253.137:article/1,,,,,,,True,True,True,,False
2694,UFFS-3,Revista Gestão & Sustentabilidade,Universidade Federal da Fronteira Sul (UFFS),108088,2026-08-18 16:54:12,INDEXED,128,https://periodicos.uffs.edu.br/index.php/RGES/oai,ojs,periodico,toolkit,oai_dc,Open Journal Systems,Revista Gestão & Sustentabilidade,oai:ojs.192.168.253.137:article/1,,,,,,,True,True,True,,False
2695,UFFS-4,Fronteiras (Florianópolis. Online) - Revista Catarinense de História,Universidade Federal da Fronteira Sul (UFFS),108107,2026-08-18 16:55:01,INDEXED,445,https://periodicos.uffs.edu.br/index.php/FRCH/oai,ojs,periodico,toolkit,oai_dc,Open Journal Systems,Fronteiras: Revista Catarinense de História,oai:ojs.192.168.253.137:article/1,,,,,,,True,True,True,,False
396,UFG-10,Revista de Teoria da História,Universidade Federal de Goiás (UFG),105695,2026-01-08 17:06:14,INDEXED,494,https://revistas.ufg.br/teoria/oai,ojs,periodico,toolkit,oai_dc,Open Journal Systems,Revista de Teoria da História,oai:ojs.revistas.ufg.br:article/1,,,,,,,True,True,True,,False
1060,UFG-11,Linguagem (Catalão. Online),Universidade Federal de Goiás (UFG),105934,2026-01-08 22:20:14,INDEXED,418,https://periodicos.ufcat.edu.br/lep/oai,ojs,periodico,toolkit,oai_dc,Open Journal Systems,Linguagem: Estudos e Pesquisas,oai:ojs2.periodicos.ufcat.edu.br:article/1,,,,,,,True,True,True,,False
1638,UFG-12,Arte da Cena,Universidade Federal de Goiás (UFG),102641,2025-05-07 13:18:47,INDEXED,269,https://www.revistas.ufg.br/artce/oai,ojs,periodico,toolkit,oai_dc,Open Journal Systems,Arte da Cena (Art on Stage),oai:ojs.revistas.ufg.br:article/1,,,,,,,True,True,True,,False
1901,UFG-13,Revista Eletrônica de Enfermagem,Universidade Federal de Goiás (UFG),102893,2025-05-12 21:49:21,INDEXED,1539,https://revistas.ufg.br/fen/oai,ojs,periodico,toolkit,oai_dc,Open Journal Systems,Revista Eletrônica de Enfermagem,oai:ojs.revistas.ufg.br:article/1,,,,,,,True,True,True,,False
1991,UFG-14,Revista da Faculdade de Direito da UFG (Online),Universidade Federal de Goiás (UFG),107218,2026-06-10 15:42:24,INDEXED,804,https://revistas.ufg.br/revfd/oai,ojs,periodico,toolkit,oai_dc,Open Journal Systems,Revista da Faculdade de Direito da UFG,oai:ojs.revistas.ufg.br:article/1,,,,,,,True,True,True,,False
2168,UFG-15,Boletim Goiano de Geografia (Online),Universidade Federal de Goiás (UFG),103993,2025-08-08 10:40:58,INDEXED,789,https://revistas.ufg.br/bgg/oai,ojs,periodico,toolkit,oai_dc,Open Journal Systems,Boletim Goiano de Geografia,oai:ojs.revistas.ufg.br:article/1,,,,,,,True,True,True,,False
2169,UFG-16,Visualidades (Online),Universidade Federal de Goiás (UFG),103086,2025-05-14 13:04:36,INDEXED,500,https://revistas.ufg.br/VISUAL/oai,ojs,periodico,toolkit,oai_dc,Open Journal Systems,Visualidades,oai:ojs.revistas.ufg.br:article/1,,,,,,,True,True,True,,False
2172,UFG-17,Revista Articulando e Construindo Saberes (Online),Universidade Federal de Goiás (UFG),103085,2025-05-14 13:04:29,INDEXED,176,https://revistas.ufg.br/racs/oai,ojs,periodico,toolkit,oai_dc,Open Journal Systems,Articulando e Construindo Saberes,oai:ojs.revistas.ufg.br:article/1,,,,,,,True,True,True,,False
2174,UFG-19,Comunicação & Informação (Online),Universidade Federal de Goiás (UFG),102288,2025-04-30 11:43:37,INDEXED,624,https://revistas.ufg.br/ci/oai,ojs,periodico,toolkit,oai_dc,Open Journal Systems,Comunicação & Informação,oai:ojs.revistas.ufg.br:article/1,,,,,,,True,True,True,,False
2176,UFG-20,Hawò,Universidade Federal de Goiás (UFG),102291,2025-04-30 11:43:56,INDEXED,66,https://revistas.ufg.br/hawo/oai,ojs,periodico,toolkit,oai_dc,Open Journal Systems,Hawò,oai:ojs.revistas.ufg.br:article/1,,,,,,,True,True,True,,False
2177,UFG-21,História Revista (Online),Universidade Federal de Goiás (UFG),103994,2025-08-08 10:43:07,INDEXED,838,https://revistas.ufg.br/historia/oai,ojs,periodico,toolkit,oai_dc,Open Journal Systems,História Revista,oai:ojs.revistas.ufg.br:article/1,,,,,,,True,True,True,,False
2178,UFG-22,Latin American Human Rights Studies,Universidade Federal de Goiás (UFG),102296,2025-04-30 11:44:46,INDEXED,65,https://revistas.ufg.br/lahrs/oai,ojs,periodico,toolkit,oai_dc,Open Journal Systems,Latin American Human Rights Studies,oai:ojs.revistas.ufg.br:article/1,,,,,,,True,True,True,,False
2179,UFG-23,Música Hodie (Online),Universidade Federal de Goiás (UFG),102295,2025-04-30 11:44:39,INDEXED,733,https://www.revistas.ufg.br/musica/oai,ojs,periodico,toolkit,oai_dc,Open Journal Systems,Música Hodie,oai:ojs.revistas.ufg.br:article/1,,,,,,,True,True,True,,False
2180,UFG-24,Revista philósophos,Universidade Federal de Goiás (UFG),103996,2025-08-08 10:50:24,INDEXED,583,https://revistas.ufg.br/philosophos/oai,ojs,periodico,toolkit,oai_dc,Open Journal Systems,Philósophos - Revista de Filosofia,oai:ojs.revistas.ufg.br:article/1,,,,,,,True,True,True,,False
2181,UFG-25,Polyphonía (Goiânia. Online),Universidade Federal de Goiás (UFG),102272,2025-04-30 11:39:26,INDEXED,751,https://revistas.ufg.br/sv/oai,ojs,periodico,toolkit,oai_dc,Open Journal Systems,Revista Polyphonía,oai:ojs.revistas.ufg.br:article/1,,,,,,,True,True,True,,False
2182,UFG-26,REEC - Revista Eletrônica de Engenharia Civil,Universidade Federal de Goiás (UFG),102270,2025-04-30 11:38:52,INDEXED,357,https://revistas.ufg.br/reec/oai,ojs,periodico,toolkit,oai_dc,Open Journal Systems,REEC - Revista Eletrônica de Engenharia Civil,oai:ojs.revistas.ufg.br:article/1,,,,,,,True,True,True,,False
2185,UFG-27,Revista de Biologia Neotropical (Online),Universidade Federal de Goiás (UFG),103992,2025-08-08 10:27:20,INDEXED,339,https://revistas.ufg.br/RBN/oai,ojs,periodico,toolkit,oai_dc,Open Journal Systems,Revista de Biologia Neotropical / Journal of Neotropical Biology,oai:ojs.revistas.ufg.br:article/1,,,,,,,True,True,True,,False
2186,UFG-28,Revista de Economia do Centro-Oeste,Universidade Federal de Goiás (UFG),102273,2025-04-30 11:39:39,INDEXED,108,https://revistas.ufg.br/reoeste/oai,ojs,periodico,toolkit,oai_dc,Open Journal Systems,Revista de Economia do Centro-Oeste,oai:ojs.revistas.ufg.br:article/1,,,,,,,True,True,True,,False
2187,UFG-29,Revista de patologia tropical (Online),Universidade Federal de Goiás (UFG),102276,2025-04-30 11:40:55,INDEXED,1390,https://revistas.ufg.br/iptsp/oai,ojs,periodico,toolkit,oai_dc,Open Journal Systems,Revista de Patologia Tropical / Journal of Tropical Pathology,oai:ojs.revistas.ufg.br:article/1,,,,,,,True,True,True,,False
2188,UFG-30,Revista Contabilidade & Inovação,Universidade Federal de Goiás (UFG),102275,2025-04-30 11:40:06,INDEXED,19,https://revistas.ufg.br/rci/oai,ojs,periodico,toolkit,oai_dc,Open Journal Systems,Revista Contabilidade & Inovação,oai:ojs.revistas.ufg.br:article/1,,,,,,,True,True,True,,False
2190,UFG-32,Revista Jatobá,Universidade Federal de Goiás (UFG),102279,2025-04-30 11:41:08,INDEXED,101,https://revistas.ufg.br/revjat/oai,ojs,periodico,toolkit,oai_dc,Open Journal Systems,Revista Jatobá,oai:ojs.revistas.ufg.br:article/1,,,,,,,True,True,True,,False
2191,UFG-33,Revista Sinalizar,Universidade Federal de Goiás (UFG),102278,2025-04-30 11:40:58,INDEXED,105,https://revistas.ufg.br/revsinal/oai,ojs,periodico,toolkit,oai_dc,Open Journal Systems,Revista Sinalizar,oai:ojs.revistas.ufg.br:article/1,,,,,,,True,True,True,,False
2192,UFG-34,Terceiro Incluído,Universidade Federal de Goiás (UFG),102281,2025-04-30 11:41:53,INDEXED,263,https://revistas.ufg.br/teri/oai,ojs,periodico,toolkit,oai_dc,Open Journal Systems,Revista Terceiro Incluído,oai:ojs.revistas.ufg.br:article/1,,,,,,,True,True,True,,False
2193,UFG-35,Revista UFG (Online),Universidade Federal de Goiás (UFG),107219,2026-06-10 15:42:25,INDEXED,1037,https://revistas.ufg.br/revistaufg/oai,ojs,periodico,toolkit,oai_dc,Open Journal Systems,Revista UFG,oai:ojs.revistas.ufg.br:article/1,,,,,,,True,True,True,,False
2195,UFG-37,"Sociedade e cultura (Goiânia, Online)",Universidade Federal de Goiás (UFG),103995,2025-08-08 10:47:23,INDEXED,748,https://revistas.ufg.br/fcs/oai,ojs,periodico,toolkit,oai_dc,Open Journal Systems,Sociedade e Cultura,oai:ojs.revistas.ufg.br:article/1,,,,,,,True,True,True,,False
2673,UFG-38,Revista Visualidades (Online),Universidade Federal de Goiás (UFG),108160,2026-08-19 18:29:15,INDEXED,500,https://revistas.ufg.br/VISUAL/oai,ojs,periodico,toolkit,oai_dc,Open Journal Systems,Visualidades,oai:ojs.revistas.ufg.br:article/1,,,,,,,True,True,True,,False
2674,UFG-39,Revista Música Hodie (Online),Universidade Federal de Goiás (UFG),108159,2026-08-19 18:29:20,INDEXED,866,https://revistas.ufg.br/musica/oai,ojs,periodico,toolkit,oai_dc,Open Journal Systems,Música Hodie,oai:ojs.revistas.ufg.br:article/1,,,,,,,True,True,True,,False
390,UFG-4,Pensar a Prática (Online),Universidade Federal de Goiás (UFG),105690,2026-01-08 17:06:06,INDEXED,1315,https://revistas.ufg.br/fef/oai,ojs,periodico,toolkit,oai_dc,Open Journal Systems,Pensar a Prática,oai:ojs.revistas.ufg.br:article/1,,,,,,,True,True,True,,False
391,UFG-5,Ateliê Geográfico,Universidade Federal de Goiás (UFG),105691,2026-01-08 17:06:05,INDEXED,794,https://www.revistas.ufg.br/atelie/oai,ojs,periodico,toolkit,oai_dc,Open Journal Systems,Ateliê Geográfico,oai:ojs.revistas.ufg.br:article/1,,,,,,,True,True,True,,False
392,UFG-6,Pesquisa Agropecuária Tropical (Online),Universidade Federal de Goiás (UFG),105692,2026-01-08 17:06:06,INDEXED,1683,https://revistas.ufg.br/pat/oai,ojs,periodico,toolkit,oai_dc,Open Journal Systems,Pesquisa Agropecuária Tropical,oai:ojs.revistas.ufg.br:article/1,,,,,,,True,True,True,,False
393,UFG-7,Ciência animal brasileira (Online),Universidade Federal de Goiás (UFG),105694,2026-01-08 17:06:39,INDEXED,1900,https://revistas.ufg.br/vet/oai,ojs,periodico,toolkit,oai_dc,Open Journal Systems,Ciência Animal Brasileira / Brazilian Animal Science,oai:ojs.revistas.ufg.br:article/1,,,,,,,True,True,True,,False
394,UFG-8,Signótica (Online),Universidade Federal de Goiás (UFG),105697,2026-01-08 17:06:25,INDEXED,783,https://revistas.ufg.br/sig/oai,ojs,periodico,toolkit,oai_dc,Open Journal Systems,Signótica,oai:ojs.revistas.ufg.br:article/1,,,,,,,True,True,True,,False
395,UFG-9,Poíesis Pedagógica,Universidade Federal de Goiás (UFG),105696,2026-01-08 17:06:25,INDEXED,407,https://periodicos.ufcat.edu.br/poiesis/oai,ojs,periodico,toolkit,oai_dc,Open Journal Systems,Poíesis Pedagógica,oai:ojs2.periodicos.ufcat.edu.br:article/1,,,,,,,True,True,True,,False
1606,UFGD-10,Agrarian (Dourados. Online),Universidade Federal da Grande Dourados (UFGD),102625,2025-05-07 12:43:18,INDEXED,744,https://ojs.ufgd.edu.br/index.php/agrarian/oai,ojs,periodico,toolkit,oai_dc,Open Journal Systems,Agrarian,oai:ojs.pkp.sfu.ca:article/1,,,,,,,True,True,True,,False
2690,UFGD-11,EaD & Tecnologias Digitais na Educação,Universidade Federal da Grande Dourados (UFGD),108153,2026-08-19 18:28:17,INDEXED,337,https://ojs.ufgd.edu.br/index.php/ead/oai,ojs,periodico,toolkit,oai_dc,Open Journal Systems,EaD & Tecnologias Digitais na Educação,oai:ojs.pkp.sfu.ca:article/1,,,,,,,True,True,True,,False
2692,UFGD-13,Revista ArReDia,Universidade Federal da Grande Dourados (UFGD),108086,2026-08-18 16:54:05,INDEXED,167,https://ojs.ufgd.edu.br/index.php/arredia/oai,ojs,periodico,toolkit,oai_dc,Open Journal Systems,ARREDIA,oai:ojs.pkp.sfu.ca:article/1,,,,,,,True,True,True,,False
2693,UFGD-14,Monções: Revista de Relações Internacionais da UFGD,Universidade Federal da Grande Dourados (UFGD),108087,2026-08-18 16:54:00,INDEXED,520,https://ojs.ufgd.edu.br/index.php/moncoes/oai,ojs,periodico,toolkit,oai_dc,Open Journal Systems,Monções: Revista de Relações Internacionais da UFGD,oai:ojs.pkp.sfu.ca:article/1,,,,,,,True,True,True,,False
386,UFGD-2,Repositório Institucional da UFGD,Universidade Federal da Grande Dourados (UFGD),103235,2025-06-03 19:45:07,INDEXED,6207,https://repositorio.ufgd.edu.br/oai/request,dspace,repositorio,forma-handle,oai_dc,,DSpace UFGD,oai:localhost:prefix/1234,,,,,,,True,True,True,,False
1076,UFGD-3,Revista Videre (Online),Universidade Federal da Grande Dourados (UFGD),105955,2026-01-08 22:21:55,INDEXED,521,https://ojs.ufgd.edu.br/index.php/videre/oai,ojs,periodico,toolkit,oai_dc,Open Journal Systems,Revista Videre,oai:ojs.pkp.sfu.ca:article/1,,,,,,,True,True,True,,False
1150,UFGD-4,Raído (Online),Universidade Federal da Grande Dourados (UFGD),106019,2026-01-09 10:10:16,INDEXED,763,https://ojs.ufgd.edu.br/index.php/Raido/oai,ojs,periodico,toolkit,oai_dc,Open Journal Systems,Raído,oai:ojs.pkp.sfu.ca:article/1,,,,,,,True,True,True,,False
1545,UFGD-5,Entre-Lugar (Online),Universidade Federal da Grande Dourados (UFGD),99217,2024-09-04 12:38:37,INDEXED,343,https://ojs.ufgd.edu.br/index.php/entre-lugar/oai,ojs,periodico,toolkit,oai_dc,Open Journal Systems,ENTRE-LUGAR,oai:ojs.pkp.sfu.ca:article/1,,,,,,,True,True,True,,False
1546,UFGD-6,Fronteiras (Dourados. Online),Universidade Federal da Grande Dourados (UFGD),96901,2024-04-24 10:26:54,INDEXED,518,https://ojs.ufgd.edu.br/index.php/FRONTEIRAS/oai,ojs,periodico,toolkit,oai_dc,Open Journal Systems,Fronteiras,oai:ojs.pkp.sfu.ca:article/1,,,,,,,True,True,True,,False
1547,UFGD-7,MovimentAção,Universidade Federal da Grande Dourados (UFGD),96923,2024-04-24 12:43:04,INDEXED,161,https://ojs.ufgd.edu.br/index.php/movimentacao/oai,ojs,periodico,toolkit,oai_dc,Open Journal Systems,MovimentAção,oai:ojs.pkp.sfu.ca:article/1,,,,,,,True,True,True,,False
1548,UFGD-8,Horizontes (Dourados),Universidade Federal da Grande Dourados (UFGD),96924,2024-04-24 12:43:13,INDEXED,278,https://ojs.ufgd.edu.br/index.php/horizontes/oai,ojs,periodico,toolkit,oai_dc,Open Journal Systems,Horizontes - Revista de Educação,oai:ojs.pkp.sfu.ca:article/1,,,,,,,True,True,True,,False
1564,UFGD-9,Tangram (Dourados),Universidade Federal da Grande Dourados (UFGD),96877,2024-04-24 09:37:17,INDEXED,237,https://ojs.ufgd.edu.br/index.php/tangram/oai,ojs,periodico,toolkit,oai_dc,Open Journal Systems,TANGRAM - Revista de Educação Matemática,oai:ojs.pkp.sfu.ca:article/1,,,,,,,True,True,True,,False
1008,UFJF-1,Libertas (Juiz de Fora. Online),Universidade Federal de Juiz de Fora (UFJF),105916,2026-01-08 22:10:06,INDEXED,544,https://periodicos.ufjf.br/index.php/libertas/oai,ojs,periodico,toolkit,oai_dc,Open Journal Systems,Libertas,oai:periodicos.ufjf.br:article/1,,,,,,,True,True,True,,False
2669,UFJF-10,Educação em Foco (Juiz de Fora. Online),Universidade Federal de Juiz de Fora (UFJF),108155,2026-08-19 18:28:36,INDEXED,685,https://periodicos.ufjf.br/index.php/edufoco/oai,ojs,periodico,toolkit,oai_dc,Open Journal Systems,Educação em Foco,oai:periodicos.ufjf.br:article/1,,,,,,,True,True,True,,False
2670,UFJF-11,CSOnline - Revista Eletrônica de Ciências Sociais,Universidade Federal de Juiz de Fora (UFJF),108157,2026-08-19 18:28:56,INDEXED,602,https://periodicos.ufjf.br/index.php/csonline/oai,ojs,periodico,toolkit,oai_dc,Open Journal Systems,CSOnline - REVISTA ELETRÔNICA DE CIÊNCIAS SOCIAIS,oai:periodicos.ufjf.br:article/1,,,,,,,True,True,True,,False
2672,UFJF-12,Revista de Enfermagem da UFJF (Online),Universidade Federal de Juiz de Fora (UFJF),108158,2026-08-19 18:29:06,INDEXED,230,https://periodicos.ufjf.br/index.php/enfermagem/oai,ojs,periodico,toolkit,oai_dc,Open Journal Systems,Revista de Enfermagem da UFJF,oai:periodicos.ufjf.br:article/1,,,,,,,True,True,True,,False
1273,UFJF-2,Anais Brasileiros de Estudos Turísticos,Universidade Federal de Juiz de Fora (UFJF),106106,2026-01-09 12:03:34,INDEXED,383,https://periodicos.ufjf.br/index.php/abet/oai,ojs,periodico,toolkit,oai_dc,Open Journal Systems,Anais Brasileiros de Estudos Turísticos,oai:periodicos.ufjf.br:article/1,,,,,,,True,True,True,,False
1311,UFJF-3,Rónai,Universidade Federal de Juiz de Fora (UFJF),106122,2026-01-09 12:05:14,INDEXED,356,https://periodicos.ufjf.br/index.php/ronai/oai,ojs,periodico,toolkit,oai_dc,Open Journal Systems,Rónai – Revista de Estudos Clássicos e Tradutórios,oai:periodicos.ufjf.br:article/1,,,,,,,True,True,True,,False
1012,UFJF-4,Revista Lumina,Universidade Federal de Juiz de Fora (UFJF),105911,2026-01-08 22:09:44,INDEXED,668,https://periodicos.ufjf.br/index.php/lumina/oai,ojs,periodico,toolkit,oai_dc,Open Journal Systems,Lumina - Revista do Programa de Pós-Graduação em Comunicação da Universidade Federal de Juiz de Fora,oai:periodicos.ufjf.br:article/1,,,,,,,True,True,True,,False
1552,UFJF-5,Homa Publica (Online),Universidade Federal de Juiz de Fora (UFJF),96858,2024-04-24 09:29:36,INDEXED,116,https://periodicos.ufjf.br/index.php/HOMA/oai,ojs,periodico,toolkit,oai_dc,Open Journal Systems,Homa Publica - Revista Internacional de Derechos Humanos y Empresas,oai:periodicos.ufjf.br:article/1,,,,,,,True,True,True,,False
1706,UFJF-6,Revista de Investigação e Divulgação em Educação Matemática,Universidade Federal de Juiz de Fora (UFJF),102692,2025-05-07 20:58:43,INDEXED,168,https://periodicos.ufjf.br/index.php/ridema/oai,ojs,periodico,toolkit,oai_dc,Open Journal Systems,Revista de Investigação e Divulgação em Educação Matemática,oai:periodicos.ufjf.br:article/1,,,,,,,True,True,True,,False
1747,UFJF-7,Pesquisa e Debate em Educação (Online),Universidade Federal de Juiz de Fora (UFJF),102762,2025-05-09 13:47:36,INDEXED,310,https://periodicos.ufjf.br/index.php/RPDE/oai,ojs,periodico,toolkit,oai_dc,Open Journal Systems,Pesquisa e Debate em Educação,oai:periodicos.ufjf.br:article/1,,,,,,,True,True,True,,False
1978,UFJF-8,HU Revista (Online),Universidade Federal de Juiz de Fora (UFJF),102949,2025-05-13 11:05:18,INDEXED,846,https://periodicos.ufjf.br/index.php/hurevista/oai,ojs,periodico,toolkit,oai_dc,Open Journal Systems,HU Revista,oai:periodicos.ufjf.br:article/1,,,,,,,True,True,True,,False
1999,UFJF-9,Darandina Revisteletrônica,Universidade Federal de Juiz de Fora (UFJF),102969,2025-05-13 16:31:09,INDEXED,235,https://periodicos.ufjf.br/index.php/darandina/oai,ojs,periodico,toolkit,oai_dc,Open Journal Systems,DARANDINA REVISTELETRÔNICA,oai:periodicos.ufjf.br:article/1,,,,,,,True,True,True,,False
381,UFLA-3,Cerne (Online),Universidade Federal de Lavras (UFLA),105656,2026-01-08 16:17:35,INDEXED,1296,https://cerne.ufla.br/site/index.php/CERNE/oai,ojs,periodico,toolkit,oai_dc,Open Journal Systems,CERNE,oai:cerne.ufla.br:article/1,,,,,,,True,True,True,,False
383,UFLA-5,INFOCOMP: Jornal de Ciência da Computação,Universidade Federal de Lavras (UFLA),105670,2026-01-08 16:28:05,INDEXED,620,https://infocomp.dcc.ufla.br/index.php/infocomp/oai,ojs,periodico,toolkit,oai_dc,Open Journal Systems,INFOCOMP Journal of Computer Science,oai:infocomp.dcc.ufla.br:article/1,,,,,,,True,True,True,,False
1726,UFLA-6,Devir Educação,Universidade Federal de Lavras (UFLA),102704,2025-05-07 21:00:34,INDEXED,355,https://devireducacao.ded.ufla.br/index.php/DEVIR/oai,ojs,periodico,toolkit,oai_dc,Open Journal Systems,Devir Educação,oai:devireducacao.ded.ufla.br:article/1,,,,,,,True,True,True,,False
2667,UFLA-7,Organizações Rurais & Agroindustriais (Online),Universidade Federal de Lavras (UFLA),108154,2026-08-19 18:28:26,INDEXED,651,https://www.revista.dae.ufla.br/index.php/ora/oai,ojs,periodico,toolkit,oai_dc,Open Journal Systems,Organizações Rurais & Agroindustriais,oai:www.revista.dae.ufla.br:article/1,,,,,,,True,True,True,,False
2466,UFMA-10,Revista de Estudos Africanos e Afro-Brasileiros - Kwanissa,Universidade Federal do Maranhão (UFMA),108450,2026-09-02 16:58:35,INDEXED,279,https://periodicoseletronicos.ufma.br/index.php/kwanissa/oai,ojs,periodico,toolkit,oai_dc,Open Journal Systems,Kwanissa: Revista de Estudos Africanos e Afro-Brasileiros,oai:ojs2.periodicoseletronicos.ufma.br:article/1,,,,,,,True,True,True,,False
2469,UFMA-11,InterEspaço: revista de geografia e interdisciplinaridade,Universidade Federal do Maranhão (UFMA),108451,2026-09-02 16:58:42,INDEXED,604,https://periodicoseletronicos.ufma.br/index.php/interespaco/oai,ojs,periodico,toolkit,oai_dc,Open Journal Systems,InterEspaço: Revista de Geografia e Interdisciplinaridade,oai:ojs2.periodicoseletronicos.ufma.br:article/1,,,,,,,True,True,True,,False
375,UFMA-2,Repositório Institucional da UFMA,Universidade Federal do Maranhão (UFMA),104792,2025-10-21 20:19:56,INDEXED,402,http://repositorio.ufma.br:8080/oai/request,dspace,repositorio,sampleIdentifier,xoai,,,oai:http://gurupi.ufma.br:123456789/1234,,,,,,,True,True,True,,False
376,UFMA-3,Revista Educação e Emancipação,Universidade Federal do Maranhão (UFMA),105673,2026-01-08 16:28:29,INDEXED,751,https://periodicoseletronicos.ufma.br/index.php/reducacaoemancipacao/oai,ojs,periodico,toolkit,oai_dc,Open Journal Systems,Revista Educação e Emancipação,oai:ojs2.periodicoseletronicos.ufma.br:article/1,,,,,,,True,True,True,,False
377,UFMA-4,Revista Húmus,Universidade Federal do Maranhão (UFMA),105671,2026-01-08 16:28:14,INDEXED,672,https://periodicoseletronicos.ufma.br/index.php/revistahumus/oai,ojs,periodico,toolkit,oai_dc,Open Journal Systems,Revista Húmus,oai:ojs2.periodicoseletronicos.ufma.br:article/1,,,,,,,True,True,True,,False
1097,UFMA-6,Revista Brasileira do Caribe (Online),Universidade Federal do Maranhão (UFMA),105990,2026-01-08 23:23:54,INDEXED,521,https://periodicoseletronicos.ufma.br/index.php/rbrascaribe/oai,ojs,periodico,toolkit,oai_dc,Open Journal Systems,Revista Brasileira do Caribe,oai:ojs2.periodicoseletronicos.ufma.br:article/1,,,,,,,True,True,True,,False
2030,UFMA-7,Revista Interdisciplinar em Cultura e Sociedade (Online),Universidade Federal do Maranhão (UFMA),103008,2025-05-14 11:18:16,INDEXED,372,https://periodicoseletronicos.ufma.br/index.php/ricultsociedade/oai,ojs,periodico,toolkit,oai_dc,Open Journal Systems,Revista Interdisciplinar em Cultura e Sociedade,oai:ojs2.periodicoseletronicos.ufma.br:article/1,,,,,,,True,True,True,,False
2460,UFMA-8,Revista Terra de Pretos,Universidade Federal do Maranhão (UFMA),108445,2026-09-02 16:57:55,INDEXED,94,https://periodicoseletronicos.ufma.br/index.php/terradepretos/oai,ojs,periodico,toolkit,oai_dc,Open Journal Systems,Terra de Pretos,oai:ojs2.periodicoseletronicos.ufma.br:article/1,,,,,,,True,True,True,,False
2461,UFMA-9,Revista Turismo & Cidades,Universidade Federal do Maranhão (UFMA),108444,2026-09-02 16:57:53,INDEXED,136,https://periodicoseletronicos.ufma.br/index.php/turismoecidades/oai,ojs,periodico,toolkit,oai_dc,Open Journal Systems,Revista Turismo & Cidades,oai:ojs2.periodicoseletronicos.ufma.br:article/1,,,,,,,True,True,True,,False
1907,UFMG-1,Caderno de Ciências Agrárias (Online),Universidade Federal de Minas Gerais (UFMG),102896,2025-05-12 21:49:41,INDEXED,336,https://periodicos.ufmg.br/index.php/ccaufmg/oai,ojs,periodico,toolkit,oai_dc,Open Journal Systems,Caderno de Ciências Agrárias,oai:periodicos.ufmg.br:article/1,,,,,,,True,True,True,,False
1892,UFMG-12,Pós (Universidade Federal de Minas Gerais. Online),Universidade Federal de Minas Gerais (UFMG),102871,2025-05-12 20:52:26,INDEXED,593,https://periodicos.ufmg.br/index.php/revistapos/oai,ojs,periodico,toolkit,oai_dc,Open Journal Systems,PÓS: Revista do Programa de Pós-graduação em Artes da EBA/UFMG,oai:periodicos.ufmg.br:article/1,,,,,,,True,True,True,,False
1028,UFMG-14,Temporalidades,Universidade Federal de Minas Gerais (UFMG),105923,2026-01-08 22:19:55,INDEXED,1192,https://periodicos.ufmg.br/index.php/temporalidades/oai,ojs,periodico,toolkit,oai_dc,Open Journal Systems,Temporalidades,oai:periodicos.ufmg.br:article/1,,,,,,,True,True,True,,False
1098,UFMG-15,Arquivo Maaravi: Revista Digital de Estudos Judaicos da UFMG,Universidade Federal de Minas Gerais (UFMG),108582,2026-09-09 09:42:11,INDEXED,1077,https://periodicos.ufmg.br/index.php/maaravi/oai,ojs,periodico,toolkit,oai_dc,Open Journal Systems,Arquivo Maaravi: Revista Digital de Estudos Judaicos da UFMG,oai:periodicos.ufmg.br:article/1,,,,,,,True,True,True,,False
1149,UFMG-17,Revista Brasileira de Estudos do Lazer,Universidade Federal de Minas Gerais (UFMG),106041,2026-01-09 10:11:12,INDEXED,276,https://periodicos.ufmg.br/index.php/rbel/oai,ojs,periodico,toolkit,oai_dc,Open Journal Systems,Revista Brasileira de Estudos do Lazer,oai:periodicos.ufmg.br:article/1,,,,,,,True,True,True,,False
2004,UFMG-20,Múltiplos Olhares em Ciência da Informação,Universidade Federal de Minas Gerais (UFMG),102971,2025-05-13 16:31:23,INDEXED,433,https://periodicos.ufmg.br/index.php/moci/oai,ojs,periodico,toolkit,oai_dc,Open Journal Systems,Múltiplos Olhares em Ciência da Informação,oai:periodicos.ufmg.br:article/1,,,,,,,True,True,True,,False
1326,UFMG-21,Revista Brasileira de Estudos Políticos (Online),Universidade Federal de Minas Gerais (UFMG),106130,2026-01-09 12:06:05,INDEXED,604,https://pos.direito.ufmg.br/rbep/index.php/rbep/oai,ojs,periodico,toolkit,oai_dc,Open Journal Systems,Revista Brasileira de Estudos Políticos,oai:ojs.pkp.sfu.ca:article/1,,,,,,,True,True,True,,False
1566,UFMG-23,Trabalho & Educação (Online),Universidade Federal de Minas Gerais (UFMG),96879,2024-04-24 09:38:58,INDEXED,1154,https://periodicos.ufmg.br/index.php/trabedu/oai,ojs,periodico,toolkit,oai_dc,Open Journal Systems,Trabalho & Educação,oai:periodicos.ufmg.br:article/1,,,,,,,True,True,True,,False
1613,UFMG-24,Revista Docência do Ensino Superior (Online),Universidade Federal de Minas Gerais (UFMG),102623,2025-05-07 12:43:10,INDEXED,456,https://periodicos.ufmg.br/index.php/rdes/oai,ojs,periodico,toolkit,oai_dc,Open Journal Systems,Revista Docência do Ensino Superior,oai:periodicos.ufmg.br:article/1,,,,,,,True,True,True,,False
1828,UFMG-26,Transversal (Belo Horizonte),Universidade Federal de Minas Gerais (UFMG),103943,2025-08-06 10:12:36,INDEXED,222,https://periodicos.ufmg.br/index.php/transversal/oai,ojs,periodico,toolkit,oai_dc,Open Journal Systems,Transversal: International Journal for the Historiography of Science,oai:periodicos.ufmg.br:article/1,,,,,,,True,True,True,,False
1974,UFMG-27,Reme (Online),Universidade Federal de Minas Gerais (UFMG),102943,2025-05-13 11:06:06,INDEXED,1734,https://periodicos.ufmg.br/index.php/reme/oai,ojs,periodico,toolkit,oai_dc,Open Journal Systems,REME-Revista Mineira de Enfermagem,oai:periodicos.ufmg.br:article/1,,,,,,,True,True,True,,False
1979,UFMG-28,Revista de Ciências do Estado (Online),Universidade Federal de Minas Gerais (UFMG),102951,2025-05-13 11:05:19,INDEXED,360,https://periodicos.ufmg.br/index.php/revice/oai,ojs,periodico,toolkit,oai_dc,Open Journal Systems,Revista de Ciências do Estado,oai:periodicos.ufmg.br:article/1,,,,,,,True,True,True,,False
2011,UFMG-29,Revista do CAAP (Online),Universidade Federal de Minas Gerais (UFMG),102981,2025-05-13 16:32:06,INDEXED,506,https://periodicos.ufmg.br/index.php/caap/oai,ojs,periodico,toolkit,oai_dc,Open Journal Systems,Revista do CAAP,oai:periodicos.ufmg.br:article/1,,,,,,,True,True,True,,False
2656,UFMG-30,"Fulia/UFMG - Futebol, Linguagem, Artes e outros Esportes",Universidade Federal de Minas Gerais (UFMG),108583,2026-09-09 10:58:22,INDEXED,387,https://periodicos.ufmg.br/index.php/fulia/oai,ojs,periodico,toolkit,oai_dc,Open Journal Systems,FuLiA/UFMG,oai:periodicos.ufmg.br:article/1,,,,,,,True,True,True,,False
2659,UFMG-31,Interfaces (Belo Horizonte. Online) - Revista de Extensão da UFMG,Universidade Federal de Minas Gerais (UFMG),108584,2026-09-09 10:58:19,INDEXED,407,https://periodicos.ufmg.br/index.php/revistainterfaces/oai,ojs,periodico,toolkit,oai_dc,Open Journal Systems,Interfaces - Revista de Extensão da UFMG,oai:periodicos.ufmg.br:article/1,,,,,,,True,True,True,,False
2661,UFMG-33,(Des)troços - Revista de pensamento radical,Universidade Federal de Minas Gerais (UFMG),108166,2026-08-19 18:36:22,INDEXED,257,https://periodicos.ufmg.br/index.php/revistadestrocos/oai,ojs,periodico,toolkit,oai_dc,Open Journal Systems,(Des)troços: revista de pensamento radical,oai:periodicos.ufmg.br:article/1,,,,,,,True,True,True,,False
360,UFMS-2,Perspectivas em Diálogo,Universidade Federal de Mato Grosso do Sul (UFMS),105669,2026-01-08 16:28:02,INDEXED,669,https://periodicos.ufms.br/index.php/persdia/oai,ojs,periodico,toolkit,oai_dc,Open Journal Systems,Perspectivas em Diálogo: Revista de Educação e Sociedade,oai:periodicos.ufms.br:article/1,,,,,,,True,True,True,,False
1041,UFMS-3,Revista Direito UFMS,Universidade Federal de Mato Grosso do Sul (UFMS),105942,2026-01-08 22:20:43,INDEXED,236,https://periodicos.ufms.br/index.php/revdir/oai,ojs,periodico,toolkit,oai_dc,Open Journal Systems,Revista Direito UFMS,oai:periodicos.ufms.br:article/1,,,,,,,True,True,True,,False
1083,UFMS-4,Revista Corpoconsciência (Online),Universidade Federal de Mato Grosso (UFMT),105962,2026-01-08 23:22:48,INDEXED,652,https://periodicoscientificos.ufmt.br/ojs/index.php/corpoconsciencia/oai,ojs,periodico,toolkit,oai_dc,Open Journal Systems,Corpoconsciência,oai:periodicoscientificos.ufmt.br:article/1,,,,,,,True,True,True,,False
1512,UFMS-5,GESTO-Debate,Universidade Federal de Mato Grosso do Sul (UFMS),102607,2025-05-07 12:28:06,INDEXED,134,https://periodicos.ufms.br/index.php/gestodebate/oai,ojs,periodico,toolkit,oai_dc,Open Journal Systems,Revista GESTO-Debate,oai:periodicos.ufms.br:article/1,,,,,,,True,True,True,,False
1652,UFMS-6,Albuquerque (Online),Universidade Federal de Mato Grosso do Sul (UFMS),102658,2025-05-07 13:39:36,INDEXED,477,https://periodicos.ufms.br/index.php/AlbRHis/oai,ojs,periodico,toolkit,oai_dc,Open Journal Systems,Albuquerque (online),oai:periodicos.ufms.br:article/1,,,,,,,True,True,True,,False
2662,UFMS-7,Revista Eletrônica Trilhas da História,Universidade Federal de Mato Grosso do Sul (UFMS),108169,2026-08-19 18:36:29,INDEXED,522,https://trilhasdahistoria.ufms.br/index.php/RevTH/oai,ojs,periodico,toolkit,oai_dc,Open Journal Systems,Revista Trilhas da História,oai:periodicos.ufms.br:article/1,,,,,,,True,True,True,,False
2663,UFMS-8,"Revista eletrônica da Associação dos Geógrafos Brasileiros, Seção Três Lagoas",Universidade Federal de Mato Grosso do Sul (UFMS),108168,2026-08-19 18:36:16,INDEXED,392,https://periodicos.ufms.br/index.php/RevAGB/oai,ojs,periodico,toolkit,oai_dc,Open Journal Systems,Revista Eletrônica da Associação dos Geógrafos Brasileiros Seção Três Lagoas - (ISSN 1808-2653),oai:periodicos.ufms.br:article/1,,,,,,,True,True,True,,False
2664,UFMS-9,Orbital - The Electronic Journal of Chemistry (Campo Grande),Universidade Federal de Mato Grosso do Sul (UFMS),108140,2026-08-19 18:26:46,INDEXED,615,https://periodicos.ufms.br/index.php/orbital/oai,ojs,periodico,toolkit,oai_dc,Open Journal Systems,Orbital: The Electronic Journal of Chemistry,oai:periodicos.ufms.br:article/1,,,,,,,True,True,True,,False
357,UFMT-2,Nativa (Sinop),Universidade Federal de Mato Grosso (UFMT),105666,2026-01-08 16:27:47,INDEXED,1024,https://periodicoscientificos.ufmt.br/ojs/index.php/nativa/oai,ojs,periodico,toolkit,oai_dc,Open Journal Systems,Nativa,oai:periodicoscientificos.ufmt.br:article/1,,,,,,,True,True,True,,False
358,UFMT-3,Revista de Educação Pública,Universidade Federal de Mato Grosso (UFMT),105668,2026-01-08 16:28:03,INDEXED,811,https://periodicoscientificos.ufmt.br/ojs/index.php/educacaopublica/oai,ojs,periodico,toolkit,oai_dc,Open Journal Systems,Revista de Educação Pública,oai:periodicoscientificos.ufmt.br:article/1,,,,,,,True,True,True,,False
1518,UFMT-4,Revista Estudos e Pesquisas em Administração,Universidade Federal de Mato Grosso (UFMT),102592,2025-05-07 12:13:35,INDEXED,161,https://periodicoscientificos.ufmt.br/ojs/index.php/repad/oai,ojs,periodico,toolkit,oai_dc,Open Journal Systems,Revista Estudos e Pesquisas em Administração,oai:periodicoscientificos.ufmt.br:article/1,,,,,,,True,True,True,,False
1604,UFMT-5,Revista Reamec,Universidade Federal de Mato Grosso (UFMT),102624,2025-05-07 12:43:59,INDEXED,709,https://periodicoscientificos.ufmt.br/ojs/index.php/reamec/oai,ojs,periodico,toolkit,oai_dc,Open Journal Systems,REAMEC - Rede Amazônica de Educação em Ciências e Matemática,oai:periodicoscientificos.ufmt.br:article/1,,,,,,,True,True,True,,False
2665,UFMT-6,Revista de Estudos Sociais (Online),Universidade Federal de Mato Grosso (UFMT),108141,2026-08-19 18:26:44,INDEXED,425,https://periodicoscientificos.ufmt.br/ojs/index.php/res/oai,ojs,periodico,toolkit,oai_dc,Open Journal Systems,Revista de Estudos Sociais,oai:periodicoscientificos.ufmt.br:article/1,,,,,,,True,True,True,,False
2666,UFMT-7,E&S Engineering and Science,Universidade Federal de Mato Grosso (UFMT),108142,2026-08-19 18:26:46,INDEXED,245,https://periodicoscientificos.ufmt.br/ojs/index.php/eng/oai,ojs,periodico,toolkit,oai_dc,Open Journal Systems,E&S Engineering and Science,oai:periodicoscientificos.ufmt.br:article/1,,,,,,,True,True,True,,False
355,UFOP,Repositório Institucional da UFOP,Universidade Federal de Ouro Preto (UFOP),107775,2026-08-10 11:42:14,INDEXED,19507,https://www.repositorio.ufop.br/server/oai/request,dspace,repositorio,sampleIdentifier,oai_dc,,REPOSITORIO INSTITUCIONAL DA UFOP,oai:repositorio.ufop.br:123456789/1234,,,,,,,True,True,True,,False
1197,UFOP-1,Artefilosofia,Universidade Federal de Ouro Preto (UFOP),106091,2026-01-09 10:58:55,INDEXED,635,https://periodicos.ufop.br/raf/oai,ojs,periodico,toolkit,oai_dc,Open Journal Systems,Artefilosofia,oai:pp.periodicos.ufop.br:article/1,,,,,,,True,True,True,,False
1555,UFOP-2,História da Historiografia,Universidade Federal de Ouro Preto (UFOP),96865,2024-04-24 09:33:11,INDEXED,750,https://www.historiadahistoriografia.com.br/revista/oai,ojs,periodico,toolkit,oai_dc,Open Journal Systems,História da Historiografia: International Journal of Theory and History of Historiography,oai:ojs3.www.historiadahistoriografia.com.br:article/1,,,,,,,True,True,True,,False
1662,UFOP-3,Revemop,Universidade Federal de Ouro Preto (UFOP),102672,2025-05-07 13:41:12,INDEXED,196,https://periodicos.ufop.br/revemop/oai,ojs,periodico,toolkit,oai_dc,Open Journal Systems,Revemop,oai:pp.periodicos.ufop.br:article/1,,,,,,,True,True,True,,False
354,UFOPA-1,Revista Exitus,Universidade Federal do Oeste do Pará (UFOPA),105667,2026-01-08 16:27:42,INDEXED,925,https://portaldeperiodicos.ufopa.edu.br/index.php/revistaexitus/oai,ojs,periodico,toolkit,oai_dc,Open Journal Systems,Revista Exitus,oai:ojs.pkp.sfu.ca:article/1,,,,,,,True,True,True,,False
1213,UFOR-2,Revista Brasileira em Promoção da Saúde,Universidade de Fortaleza (UNIFOR),106058,2026-01-09 10:57:57,INDEXED,2566,https://periodicos.unifor.br/RBPS/oai,ojs,periodico,toolkit,oai_dc,Open Journal Systems,Revista Brasileira em Promoção da Saúde,oai:ojs3.ojs.unifor.br:article/1,,,,,,,True,True,True,,False
2528,UFOR-3,Revista Tecnologia (Fortaleza. Online),Universidade de Fortaleza (UNIFOR),108329,2026-08-24 16:52:08,INDEXED,626,https://ojs.unifor.br/tec/oai,ojs,periodico,toolkit,oai_dc,Open Journal Systems,Revista Tecnologia,oai:ojs3.ojs.unifor.br:article/1,,,,,,,True,True,True,,False
1240,UFPA-5,Revista Sentidos da Cultura,Universidade do Estado do Pará (UEPA),106094,2026-01-09 11:23:04,INDEXED,276,https://periodicos.uepa.br/index.php/sentidos/oai,ojs,periodico,toolkit,oai_dc,Open Journal Systems,Revista Sentidos da Cultura,oai:ojs.pkp.sfu.ca:article/1,,,,,,,True,True,True,,False
1642,UFPA-6,Rematec (Online),Universidade Federal do Pará (UFPA),102643,2025-05-07 13:19:07,INDEXED,640,http://www.rematec.net.br/index.php/rematec/oai,ojs,periodico,toolkit,oai_dc,Open Journal Systems,REMATEC,oai:ojs2.www.rematec.net.br:article/1,,,,,,,True,True,True,,False
2457,UFPA-9,"Revista Matemática, Ensino e Cultura - Rematec (Online)",Universidade Federal do Pará (UFPA),108460,2026-09-02 17:00:55,INDEXED,703,https://www.rematec.net.br/index.php/rematec/oai,ojs,periodico,toolkit,oai_dc,Open Journal Systems,REMATEC,oai:ojs2.www.rematec.net.br:article/1,,,,,,,True,True,True,,False
1018,UFPB-10,Acta Semiótica et Lingvistica (Online),Universidade Federal da Paraíba (UFPB),105915,2026-01-08 22:09:54,INDEXED,641,https://periodicos.ufpb.br/index.php/actas/oai,ojs,periodico,toolkit,oai_dc,Open Journal Systems,Acta Semiótica et Lingvistica,oai:periodicos.ufpb.br:article/1,,,,,,,True,True,True,,False
1239,UFPB-11,Temas em Educação,Universidade Federal da Paraíba (UFPB),106093,2026-01-09 11:23:05,INDEXED,561,https://periodicos.ufpb.br/index.php/rteo/oai,ojs,periodico,toolkit,oai_dc,Open Journal Systems,Revista Temas em Educação,oai:periodicos.ufpb.br:article/1,,,,,,,True,True,True,,False
2684,UFPB-14,Prolíngua,Universidade Federal da Paraíba (UFPB),108148,2026-08-19 18:27:27,INDEXED,439,https://periodicos.ufpb.br/index.php/prolingua/oai,ojs,periodico,toolkit,oai_dc,Open Journal Systems,PROLÍNGUA,oai:periodicos.ufpb.br:article/1,,,,,,,True,True,True,,False
2685,UFPB-15,Prim@ Facie,Universidade Federal da Paraíba (UFPB),108147,2026-08-19 18:27:22,INDEXED,577,https://periodicos.ufpb.br/index.php/primafacie/oai,ojs,periodico,toolkit,oai_dc,Open Journal Systems,Prim Facie,oai:periodicos.ufpb.br:article/1,,,,,,,True,True,True,,False
348,UFPB-7,Revista Gênero & Direito,Universidade Federal da Paraíba (UFPB),105679,2026-01-08 16:30:44,INDEXED,100,https://periodicos.ufpb.br/index.php/ged/oai,ojs,periodico,toolkit,oai_dc,Open Journal Systems,Gênero & Direito,oai:periodicos.ufpb.br:article/1,,,,,,,True,True,True,,False
349,UFPB-8,Teoria e Prática em Administração,Universidade Federal da Paraíba (UFPB),105680,2026-01-08 16:30:44,INDEXED,125,https://periodicos.ufpb.br/index.php/tpa/oai,ojs,periodico,toolkit,oai_dc,Open Journal Systems,Teoria e Prática em Administração,oai:periodicos.ufpb.br:article/1,,,,,,,True,True,True,,False
1093,UFPE-1,Revista Acadêmica (Faculdade de Direito do Recife. Online),Universidade Federal de Pernambuco (UFPE),105987,2026-01-08 23:24:23,INDEXED,740,https://periodicos.ufpe.br/revistas/ACADEMICA/oai,ojs,periodico,toolkit,oai_dc,Open Journal Systems,Revista Acadêmica da Faculdade de Direito do Recife,oai:oai.periodicos.ufpe.br:article/1,,,,,,,True,True,True,,False
2632,UFPE-10,Perspectiva Filosófica (Online),Universidade Federal de Pernambuco (UFPE),108257,2026-08-24 13:05:36,INDEXED,525,https://periodicos.ufpe.br/revistas/perspectivafilosofica/oai,ojs,periodico,toolkit,oai_dc,Open Journal Systems,Perspectiva Filosófica,oai:oai.periodicos.ufpe.br:article/1,,,,,,,True,True,True,,False
2638,UFPE-12,Revista Tópicos Educacionais (Recife. Online),Universidade Federal de Pernambuco (UFPE),108187,2026-08-19 18:40:24,INDEXED,545,https://periodicos.ufpe.br/revistas/topicoseducacionais/oai,ojs,periodico,toolkit,oai_dc,Open Journal Systems,Tópicos Educacionais,oai:oai.periodicos.ufpe.br:article/1,,,,,,,True,True,True,,False
2640,UFPE-13,Revista Investigações (Online),Universidade Federal de Pernambuco (UFPE),108171,2026-08-19 18:38:58,INDEXED,691,https://periodicos.ufpe.br/revistas/index.php/INV/oai,ojs,periodico,toolkit,oai_dc,Open Journal Systems,Revista Investigações,oai:oai.periodicos.ufpe.br:article/1,,,,,,,True,True,True,,False
2644,UFPE-14,Estudos de Sociologia (Recife. Online),Universidade Federal de Pernambuco (UFPE),108175,2026-08-19 18:38:00,INDEXED,524,https://periodicos.ufpe.br/revistas/revsocio/oai,ojs,periodico,toolkit,oai_dc,Open Journal Systems,Estudos de Sociologia,oai:oai.periodicos.ufpe.br:article/1,,,,,,,True,True,True,,False
1324,UFPE-2,Revista de Engenharia e Pesquisa Aplicada,Universidade Federal de Pernambuco (UFPE),106129,2026-01-09 12:05:54,INDEXED,437,http://revistas.poli.br/index.php/repa/oai,ojs,periodico,toolkit,oai_dc,Open Journal Systems,Revista de Engenharia e Pesquisa Aplicada,oai:ojs.poli.br:article/1,,,,,,,True,True,True,,False
1507,UFPE-3,Clio (Recife. Online),Universidade Federal de Pernambuco (UFPE),102563,2025-05-07 11:38:06,INDEXED,912,https://periodicos.ufpe.br/revistas/revistaclio/oai,ojs,periodico,toolkit,oai_dc,Open Journal Systems,CLIO: Revista de Pesquisa Histórica,oai:oai.periodicos.ufpe.br:article/1,,,,,,,True,True,True,,False
1962,UFPE-4,Journal of Perspectives in Management,Universidade Federal de Pernambuco (UFPE),102929,2025-05-13 10:19:18,INDEXED,68,https://periodicos.ufpe.br/revistas/jpm/oai,ojs,periodico,toolkit,oai_dc,Open Journal Systems,JPM - Journal of Perspectives in Management,oai:oai.periodicos.ufpe.br:article/1,,,,,,,True,True,True,,False
1557,UFPE-5,Consumer Behavior Review,Universidade Federal de Pernambuco (UFPE),96866,2024-04-24 09:33:41,INDEXED,139,https://periodicos.ufpe.br/revistas/cbr/oai,ojs,periodico,toolkit,oai_dc,Open Journal Systems,CBR - Consumer Behavior Review,oai:oai.periodicos.ufpe.br:article/1,,,,,,,True,True,True,,False
1980,UFPE-6,Estudos Universitários (Online),Universidade Federal de Pernambuco (UFPE),102954,2025-05-13 11:05:51,INDEXED,885,https://periodicos.ufpe.br/revistas/estudosuniversitarios/oai,ojs,periodico,toolkit,oai_dc,Open Journal Systems,Estudos Universitários,oai:oai.periodicos.ufpe.br:article/1,,,,,,,True,True,True,,False
2157,UFPE-7,Revista Movimentos Sociais e Dinâmicas Espaciais,Universidade Federal de Pernambuco (UFPE),103074,2025-05-14 13:05:24,INDEXED,311,https://periodicos.ufpe.br/revistas/index.php/revistamseu/oai,ojs,periodico,toolkit,oai_dc,Open Journal Systems,Revista Movimentos Sociais e Dinâmicas Espaciais,oai:oai.periodicos.ufpe.br:article/1,,,,,,,True,True,True,,False
2606,UFPE-8,Revista Rural & Urbano,Universidade Federal de Pernambuco (UFPE),108268,2026-08-24 13:06:17,INDEXED,209,https://periodicos.ufpe.br/revistas/ruralurbano/oai,ojs,periodico,toolkit,oai_dc,Open Journal Systems,Revista Rural & Urbano,oai:oai.periodicos.ufpe.br:article/1,,,,,,,True,True,True,,False
2607,UFPE-9,Revista Clio Arqueológica (Online),Universidade Federal de Pernambuco (UFPE),108267,2026-08-24 13:06:13,INDEXED,714,https://periodicos.ufpe.br/revistas/clioarqueologica/oai,ojs,periodico,toolkit,oai_dc,Open Journal Systems,CLIO Arqueológica,oai:oai.periodicos.ufpe.br:article/1,,,,,,,True,True,True,,False
2046,UFPEL-1,Pixo,Universidade Federal de Pelotas (UFPEL),103003,2025-05-14 11:06:17,INDEXED,685,https://revistas.ufpel.edu.br/index.php/pixo/oai,ojs,periodico,toolkit,oai_dc,Open Journal Systems,"PIXO - Revista de Arquitetura, Cidade e Contemporaneidade",oai:ojs.ufpel:article/1,,,,,,,True,True,True,,False
2654,UFPEL-6,Revista Novos Rumos Sociológicos - NORUS,Universidade Federal de Pelotas (UFPEL),108181,2026-08-19 18:39:19,INDEXED,355,https://periodicos.ufpel.edu.br/index.php/NORUS/oai,ojs,periodico,toolkit,oai_dc,Open Journal Systems,Novos Rumos Sociológicos,oai:ojs.ufpel:article/1,,,,,,,True,True,True,,False
2655,UFPEL-7,Dissertatio - Revista de Filosofia (Online),Universidade Federal de Pelotas (UFPEL),108184,2026-08-19 18:39:46,INDEXED,645,https://periodicos.ufpel.edu.br/index.php/dissertatio/oai,ojs,periodico,toolkit,oai_dc,Open Journal Systems,Revista Dissertatio de Filosofia,oai:ojs.ufpel:article/1,,,,,,,True,True,True,,False
2849,UFPEL-8,Perspectivas Sociais,Universidade Federal de Pelotas (UFPEL),107964,2026-08-18 13:15:21,INDEXED,215,https://periodicos.ufpel.edu.br/index.php/percsoc/oai,ojs,periodico,toolkit,oai_dc,Open Journal Systems,Perspectivas Sociais,oai:ojs.ufpel:article/1,,,,,,,True,True,True,,False
333,UFPI-1,Pensando,Universidade Federal do Piauí (UFPI),105658,2026-01-08 16:26:34,INDEXED,593,https://periodicos.ufpi.br/index.php/pensando/oai,ojs,periodico,toolkit,oai_dc,Open Journal Systems,Pensando - Revista de Filosofia,oai:periodicos.ufpi.br:article/1,,,,,,,True,True,True,,False
334,UFPI-2,Revista Equador,Universidade Federal do Piauí (UFPI),108270,2026-08-24 14:11:43,INDEXED,513,https://periodicos.ufpi.br/index.php/revistaequador/oai,ojs,periodico,toolkit,oai_dc,Open Journal Systems,Revista Equador,oai:periodicos.ufpi.br:article/1,,,,,,,True,True,True,,False
2005,UFPI-5,"Linguagens, Educação e Sociedade (Online)",Universidade Federal do Piauí (UFPI),102972,2025-05-13 16:31:38,INDEXED,867,https://periodicos.ufpi.br/index.php/lingedusoc/oai,ojs,periodico,toolkit,oai_dc,Open Journal Systems,"Linguagens, Educação e Sociedade",oai:periodicos.ufpi.br:article/1,,,,,,,True,True,True,,False
2043,UFPI-6,Jornal de Ciências da Saúde do Hospital Universitário da Universidade Federal do Piauí,Universidade Federal do Piauí (UFPI),102997,2025-05-14 11:06:08,INDEXED,143,https://periodicos.ufpi.br/index.php/rehu/oai,ojs,periodico,toolkit,oai_dc,Open Journal Systems,Jornal de Ciências da Saúde do Hospital Universitário da Universidade Federal do Piauí,oai:periodicos.ufpi.br:article/1,,,,,,,True,True,True,,False
2055,UFPI-7,Revista de Enfermagem da UFPI,Universidade Federal do Piauí (UFPI),104182,2025-08-22 15:31:05,INDEXED,827,https://periodicos.ufpi.br/index.php/reufpi/oai,ojs,periodico,toolkit,oai_dc,Open Journal Systems,Revista de Enfermagem da UFPI,oai:periodicos.ufpi.br:article/1,,,,,,,True,True,True,,False
331,UFPR-10,Revista de Sociologia e Política,Universidade Federal do Paraná (UFPR),105644,2026-01-07 14:09:15,INDEXED,926,https://revistas.ufpr.br/rsp/oai,ojs,periodico,toolkit,oai_dc,Open Journal Systems,Revista de Sociologia e Política,oai:ojs.pkp.sfu.ca:article/1,,,,,,,True,True,True,,False
1047,UFPR-12,Revista da ABRALIN (Online),Universidade Federal do Paraná (UFPR),105949,2026-01-08 22:21:15,INDEXED,855,https://revista.abralin.org/index.php/abralin/oai,ojs,periodico,toolkit,oai_dc,Open Journal Systems,Revista da ABRALIN,oai:ojs.revista.abralin.org:article/1,,,,,,,True,True,True,,False
1533,UFPR-13,Repositório de Dados Científicos da UFPR,Universidade Federal do Paraná (UFPR),103113,2025-05-19 09:53:46,INDEXED,85,https://bdc.c3sl.ufpr.br/oai/request,dspace,repositorio,sampleIdentifier,oai_dc,,Biblioteca de Dados CientÃ­ficos da Universidade Federal do ParanÃ¡,oai:bdc.c3sl.ufpr.br:123456789/1234,,,,,,,True,True,True,,False
1612,UFPR-14,Revista de Investigações Constitucionais,Universidade Federal do Paraná (UFPR),102622,2025-05-07 12:43:12,INDEXED,429,https://revistas.ufpr.br/rinc/oai,ojs,periodico,toolkit,oai_dc,Open Journal Systems,Revista de Investigações Constitucionais,oai:ojs.pkp.sfu.ca:article/1,,,,,,,True,True,True,,False
1756,UFPR-15,Cogitare Enfermagem (Online),Universidade Federal do Paraná (UFPR),102748,2025-05-09 13:45:55,INDEXED,2910,https://revistas.ufpr.br/cogitare/oai,ojs,periodico,toolkit,oai_dc,Open Journal Systems,Cogitare Enfermagem,oai:ojs.pkp.sfu.ca:article/1,,,,,,,True,True,True,,False
1761,UFPR-16,Revista de Economia (Curitiba. Online),Universidade Federal do Paraná (UFPR),102750,2025-05-09 13:46:20,INDEXED,626,https://revistas.ufpr.br/economia/oai,ojs,periodico,toolkit,oai_dc,Open Journal Systems,Revista de Economia,oai:ojs.pkp.sfu.ca:article/1,,,,,,,True,True,True,,False
1986,UFPR-17,"Phenomenology, Humanities and Sciences",Universidade Federal do Paraná (UFPR),102957,2025-05-13 11:05:52,INDEXED,137,https://phenomenology.com.br/index.php/index/oai,ojs,periodico,toolkit,oai_dc,Open Journal Systems,,oai:phenomenology.com.br:article/1,,,,,,,True,True,True,,False
2019,UFPR-18,Novation,Universidade Federal do Paraná (UFPR),102984,2025-05-13 16:32:16,INDEXED,50,https://revistas.ufpr.br/novation/oai,ojs,periodico,toolkit,oai_dc,Open Journal Systems,NOvation — Critical Studies of Innovation,oai:ojs.pkp.sfu.ca:article/1,,,,,,,True,True,True,,False
323,UFPR-2,Boletim de Ciências Geodésicas,Universidade Federal do Paraná (UFPR),105630,2026-01-07 14:08:57,INDEXED,936,https://revistas.ufpr.br/bcg/oai,ojs,periodico,toolkit,oai_dc,Open Journal Systems,Boletim de Ciências Geodésicas,oai:ojs.pkp.sfu.ca:article/1,,,,,,,True,True,True,,False
2154,UFPR-20,Revista COR LGBTQIA+,Universidade Federal do Paraná (UFPR),103073,2025-05-14 13:02:32,INDEXED,135,https://revistas.ceeinter.com.br/CORLGBTI/oai,ojs,periodico,toolkit,oai_dc,Open Journal Systems,COR LGBTQIA+,oai:ojs.pkp.sfu.ca:article/1,,,,,,,True,True,True,,False
2447,UFPR-26,Revista Guaju,Universidade Federal do Paraná (UFPR),108453,2026-09-02 16:59:03,INDEXED,235,https://revistas.ufpr.br/guaju/oai,ojs,periodico,toolkit,oai_dc,Open Journal Systems,Guaju: Revista Brasileira de Desenvolvimento Territorial Sustentável,oai:ojs.pkp.sfu.ca:article/1,,,,,,,True,True,True,,False
2454,UFPR-27,Revista Interação em Psicologia (Online),Universidade Federal do Paraná (UFPR),108455,2026-09-02 17:00:12,INDEXED,931,https://revistas.ufpr.br/psicologia/oai,ojs,periodico,toolkit,oai_dc,Open Journal Systems,Interação em Psicologia,oai:ojs.pkp.sfu.ca:article/1,,,,,,,True,True,True,,False
2455,UFPR-28,Archives of Veterinary Science (Online),Universidade Federal do Paraná (UFPR),108457,2026-09-02 17:01:10,INDEXED,1337,https://revistas.ufpr.br/veterinary/oai,ojs,periodico,toolkit,oai_dc,Open Journal Systems,Archives of Veterinary Science,oai:ojs.pkp.sfu.ca:article/1,,,,,,,True,True,True,,False
2456,UFPR-29,Revista Desenvolvimento e Meio Ambiente (Online),Universidade Federal do Paraná (UFPR),108458,2026-09-02 17:00:35,INDEXED,1228,https://revistas.ufpr.br/made/oai,ojs,periodico,toolkit,oai_dc,Open Journal Systems,Desenvolvimento e Meio Ambiente,oai:ojs.pkp.sfu.ca:article/1,,,,,,,True,True,True,,False
325,UFPR-4,Educar em Revista,Universidade Federal do Paraná (UFPR),105633,2026-01-07 14:08:40,INDEXED,2159,https://revistas.ufpr.br/educar/oai,ojs,periodico,toolkit,oai_dc,Open Journal Systems,Educar em Revista,oai:ojs.pkp.sfu.ca:article/1,,,,,,,True,True,True,,False
327,UFPR-6,AtoZ (Curitiba),Universidade Federal do Paraná (UFPR),105632,2026-01-07 14:08:43,INDEXED,384,https://revistas.ufpr.br/atoz/oai,ojs,periodico,toolkit,oai_dc,Open Journal Systems,AtoZ: novas práticas em informação e conhecimento,oai:ojs.pkp.sfu.ca:article/1,,,,,,,True,True,True,,False
328,UFPR-7,Revista Geografar,Universidade Federal do Paraná (UFPR),105631,2026-01-07 14:08:36,INDEXED,578,https://revistas.ufpr.br/geografar/oai,ojs,periodico,toolkit,oai_dc,Open Journal Systems,Revista Geografar,oai:ojs.pkp.sfu.ca:article/1,,,,,,,True,True,True,,False
329,UFPR-8,Ação Midiática,Universidade Federal do Paraná (UFPR),105636,2026-01-07 14:08:45,INDEXED,422,https://revistas.ufpr.br/acaomidiatica/oai,ojs,periodico,toolkit,oai_dc,Open Journal Systems,"Ação Midiática – Estudos em Comunicação, Sociedade e Cultura",oai:ojs.pkp.sfu.ca:article/1,,,,,,,True,True,True,,False
330,UFPR-9,Contradictio,Universidade Federal do Paraná (UFPR),105645,2026-01-07 14:09:15,INDEXED,47,https://revistas.ufpr.br/contradictio/oai,ojs,periodico,toolkit,oai_dc,Open Journal Systems,Contradictio,oai:ojs.pkp.sfu.ca:article/1,,,,,,,True,True,True,,False
1542,UFRA,Revista de Ciências Agrárias (Belém. Online),Universidade Federal Rural da Amazônia (UFRA),96897,2024-04-24 10:26:26,INDEXED,951,https://ajaes.ufra.edu.br/index.php/ajaes/oai,ojs,periodico,toolkit,oai_dc,Open Journal Systems,Revista de Ciências Agrárias / Amazonian Journal of Agricultural and Environmental Sciences,oai:ojs.pkp.sfu.ca:article/1,,,,,,,True,True,True,,False
1246,UFRA-1,Repositório Institucional da UFRA,Universidade Federal Rural da Amazônia (UFRA),106097,2026-01-09 11:23:15,INDEXED,262,http://repositorio.ufra.edu.br/oai/request,dspace,repositorio,sampleIdentifier,oai_dc,,Reposit&#243;rio Institucional da Universidade Federal Rural da Amaz&#244;nia - RIUFRA,oai:repositorio.ufra.edu.br:123456789/1234,,,,,,,True,True,True,,False
321,UFRB-1,Repositório Institucional da UFRB,Universidade Federal do Recôncavo da Bahia (UFRB),107799,2026-08-12 11:51:35,INDEXED,1398,https://ri.ufrb.edu.br/oai/request,dspace,repositorio,sampleIdentifier,oai_dc,,Repositório Institucional da UFRB,oai:ri.ufrb.edu.br:123456789/1234,,,,,,,True,True,True,,False
306,UFRGS-10,Sociologias (Online),Universidade Federal do Rio Grande do Sul (UFRGS),105621,2026-01-07 14:07:53,INDEXED,1046,https://seer.ufrgs.br/sociologias/oai,ojs,periodico,toolkit,oai_dc,Open Journal Systems,Sociologias,oai:seer.ufrgs.br:article/1,,,,,,,True,True,True,,False
308,UFRGS-12,Cadernos do IL (Online),Universidade Federal do Rio Grande do Sul (UFRGS),105626,2026-01-07 14:08:16,INDEXED,604,https://seer.ufrgs.br/index.php/cadernosdoil/oai,ojs,periodico,toolkit,oai_dc,Open Journal Systems,Cadernos do IL,oai:seer.ufrgs.br:article/1,,,,,,,True,True,True,,False
309,UFRGS-13,REAd (Porto Alegre. Online),Universidade Federal do Rio Grande do Sul (UFRGS),105625,2026-01-07 14:08:15,INDEXED,860,https://seer.ufrgs.br/read/oai,ojs,periodico,toolkit,oai_dc,Open Journal Systems,Revista Eletrônica de Administração,oai:seer.ufrgs.br:article/1,,,,,,,True,True,True,,False
310,UFRGS-14,Cadernos do Programa de Pós-Graduação em Direito - PPGDir./UFRGS (Online),Universidade Federal do Rio Grande do Sul (UFRGS),107184,2026-06-04 16:40:31,INDEXED,839,https://seer.ufrgs.br/ppgdir/oai,ojs,periodico,toolkit,oai_dc,Open Journal Systems,Cadernos do Programa de Pós-Graduação em Direito – PPGDir./UFRGS,oai:seer.ufrgs.br:article/1,,,,,,,True,True,True,,False
311,UFRGS-15,Revista Gaúcha de Enfermagem,Universidade Federal do Rio Grande do Sul (UFRGS),105638,2026-01-07 14:09:07,INDEXED,2775,https://seer.ufrgs.br/rgenf/oai,ojs,periodico,toolkit,oai_dc,Open Journal Systems,Revista Gaúcha de Enfermagem,oai:seer.ufrgs.br:article/1,,,,,,,True,True,True,,False
312,UFRGS-16,Horizontes Antropológicos,Universidade Federal do Rio Grande do Sul (UFRGS),105635,2026-01-07 14:08:44,INDEXED,42,https://seer.ufrgs.br/horizontesantropologicos/oai,ojs,periodico,toolkit,oai_dc,Open Journal Systems,Horizontes Antropológicos,oai:seer.ufrgs.br:article/1,,,,,,,True,True,True,,False
313,UFRGS-17,Revista Brasileira de Estudos da Presença,Universidade Federal do Rio Grande do Sul (UFRGS),105634,2026-01-07 14:08:49,INDEXED,1029,https://seer.ufrgs.br/presenca/oai,ojs,periodico,toolkit,oai_dc,Open Journal Systems,Revista Brasileira de Estudos da Presença,oai:seer.ufrgs.br:article/1,,,,,,,True,True,True,,False
315,UFRGS-19,Organon (Porto Alegre. Online),Universidade Federal do Rio Grande do Sul (UFRGS),105640,2026-01-07 14:09:08,INDEXED,1276,https://seer.ufrgs.br/organon/oai,ojs,periodico,toolkit,oai_dc,Open Journal Systems,Organon,oai:seer.ufrgs.br:article/1,,,,,,,True,True,True,,False
316,UFRGS-20,Clinical and Biomedical Research,Universidade Federal do Rio Grande do Sul (UFRGS),105641,2026-01-07 14:09:09,INDEXED,1382,https://seer.ufrgs.br/hcpa/oai,ojs,periodico,toolkit,oai_dc,Open Journal Systems,Clinical and Biomedical Research,oai:seer.ufrgs.br:article/1,,,,,,,True,True,True,,False
317,UFRGS-21,Boletim Gaúcho de Geografia (Online),Associação dos Geógrafos Brasileiros (AGB),105639,2026-01-07 14:08:57,INDEXED,753,https://seer.ufrgs.br/index.php/bgg/oai,ojs,periodico,toolkit,oai_dc,Open Journal Systems,Boletim Gaúcho de Geografia,oai:seer.ufrgs.br:article/1,,,,,,,True,True,True,,False
318,UFRGS-22,Revista Brasileira de Política e Administração da Educação (Online),Associação Nacional de Política e Administração da Educação (ANPAE),105643,2026-01-07 14:09:19,INDEXED,950,https://seer.ufrgs.br/index.php/rbpae/oai,ojs,periodico,toolkit,oai_dc,Open Journal Systems,Revista Brasileira de Política e Administração da Educação - Periódico científico editado pela ANPAE,oai:seer.ufrgs.br:article/1,,,,,,,True,True,True,,False
319,UFRGS-23,ConTexto,Universidade Federal do Rio Grande do Sul (UFRGS),105642,2026-01-07 14:09:04,INDEXED,476,https://www.seer.ufrgs.br/index.php/ConTexto/oai,ojs,periodico,toolkit,oai_dc,Open Journal Systems,ConTexto - Contabilidade em Texto,oai:seer.ufrgs.br:article/1,,,,,,,True,True,True,,False
320,UFRGS-24,Análise Econômica (Online),Universidade Federal do Rio Grande do Sul (UFRGS),105629,2026-01-07 14:08:27,INDEXED,944,https://seer.ufrgs.br/index.php/AnaliseEconomica/oai,ojs,periodico,toolkit,oai_dc,Open Journal Systems,Análise Econômica,oai:seer.ufrgs.br:article/1,,,,,,,True,True,True,,False
1233,UFRGS-26,Revista Debates,Universidade Federal do Rio Grande do Sul (UFRGS),106060,2026-01-09 10:57:15,INDEXED,487,https://seer.ufrgs.br/debates/oai,ojs,periodico,toolkit,oai_dc,Open Journal Systems,Revista Debates,oai:seer.ufrgs.br:article/1,,,,,,,True,True,True,,False
1801,UFRGS-27,FINEDUCA - Revista de Financiamento da Educação,Universidade Federal do Rio Grande do Sul (UFRGS),102820,2025-05-12 12:20:11,INDEXED,310,https://seer.ufrgs.br/fineduca/oai,ojs,periodico,toolkit,oai_dc,Open Journal Systems,FINEDUCA - Revista de Financiamento da Educação,oai:seer.ufrgs.br:article/1,,,,,,,True,True,True,,False
1556,UFRGS-29,Conjuntura Austral,Universidade Federal do Rio Grande do Sul (UFRGS),96864,2024-04-24 09:33:04,INDEXED,508,https://seer.ufrgs.br/ConjunturaAustral/oai,ojs,periodico,toolkit,oai_dc,Open Journal Systems,Conjuntura Austral,oai:seer.ufrgs.br:article/1,,,,,,,True,True,True,,False
1627,UFRGS-31,Anos 90 (Online),Universidade Federal do Rio Grande do Sul (UFRGS),102654,2025-05-07 13:20:09,INDEXED,825,https://seer.ufrgs.br/anos90/oai,ojs,periodico,toolkit,oai_dc,Open Journal Systems,Anos 90,oai:seer.ufrgs.br:article/1,,,,,,,True,True,True,,False
2097,UFRGS-33,Revista Eletrônica de Direito Penal e Política Criminal,Universidade Federal do Rio Grande do Sul (UFRGS),103033,2025-05-14 12:08:20,INDEXED,174,https://seer.ufrgs.br/redppc/oai,ojs,periodico,toolkit,oai_dc,Open Journal Systems,Revista Eletrônica de Direito Penal e Política Criminal,oai:seer.ufrgs.br:article/1,,,,,,,True,True,True,,False
2401,UFRGS-34,Revista Gearte (Online),Universidade Federal do Rio Grande do Sul (UFRGS),103501,2025-07-09 09:53:56,INDEXED,468,https://seer.ufrgs.br/index.php/gearte/oai,ojs,periodico,toolkit,oai_dc,Open Journal Systems,Revista GEARTE,oai:seer.ufrgs.br:article/1,,,,,,,True,True,True,,False
2404,UFRGS-35,Revista Cena (Online),Universidade Federal do Rio Grande do Sul (UFRGS),103504,2025-07-09 10:11:16,INDEXED,566,https://seer.ufrgs.br/cena/oai,ojs,periodico,toolkit,oai_dc,Open Journal Systems,Cena,oai:seer.ufrgs.br:article/1,,,,,,,True,True,True,,False
2406,UFRGS-36,Revista da Faculdade de Odontologia de Porto Alegre (Online),Universidade Federal do Rio Grande do Sul (UFRGS),103505,2025-07-09 10:25:10,INDEXED,948,https://seer.ufrgs.br/RevistadaFaculdadeOdontologia/oai,ojs,periodico,toolkit,oai_dc,Open Journal Systems,Revista da Faculdade de Odontologia de Porto Alegre,oai:seer.ufrgs.br:article/1,,,,,,,True,True,True,,False
2407,UFRGS-37,Revista Iluminuras,Universidade Federal do Rio Grande do Sul (UFRGS),103509,2025-07-09 11:07:43,INDEXED,1097,https://seer.ufrgs.br/iluminuras/oai,ojs,periodico,toolkit,oai_dc,Open Journal Systems,ILUMINURAS,oai:seer.ufrgs.br:article/1,,,,,,,True,True,True,,False
2410,UFRGS-38,Revista Debates NER (Online),Universidade Federal do Rio Grande do Sul (UFRGS),103513,2025-07-09 11:26:56,INDEXED,701,https://seer.ufrgs.br/debatesdoner/oai,ojs,periodico,toolkit,oai_dc,Open Journal Systems,Debates do NER,oai:seer.ufrgs.br:article/1,,,,,,,True,True,True,,False
300,UFRGS-4,Estudos Interdisciplinares sobre o Envelhecimento,Universidade Federal do Rio Grande do Sul (UFRGS),105620,2026-01-07 14:08:00,INDEXED,998,https://seer.ufrgs.br/index.php/RevEnvelhecer/oai,ojs,periodico,toolkit,oai_dc,Open Journal Systems,Estudos Interdisciplinares sobre o Envelhecimento,oai:seer.ufrgs.br:article/1,,,,,,,True,True,True,,False
2412,UFRGS-40,Revista Acta Scientiae Veterinariae (Online),Universidade Federal do Rio Grande do Sul (UFRGS),103515,2025-07-09 11:57:43,INDEXED,2109,https://seer.ufrgs.br/ActaScientiaeVeterinariae/oai,ojs,periodico,toolkit,oai_dc,Open Journal Systems,Acta Scientiae Veterinariae,oai:seer.ufrgs.br:article/1,,,,,,,True,True,True,,False
302,UFRGS-6,Intexto (Porto Alegre),Universidade Federal do Rio Grande do Sul (UFRGS),105619,2026-01-07 14:08:27,INDEXED,1000,https://seer.ufrgs.br/intexto/oai,ojs,periodico,toolkit,oai_dc,Open Journal Systems,Intexto,oai:seer.ufrgs.br:article/1,,,,,,,True,True,True,,False
303,UFRGS-7,Informática na Educação: teoria & prática,Universidade Federal do Rio Grande do Sul (UFRGS),105624,2026-01-07 14:08:05,INDEXED,741,https://seer.ufrgs.br/InfEducTeoriaPratica/oai,ojs,periodico,toolkit,oai_dc,Open Journal Systems,Informática na educação teoria & prática,oai:seer.ufrgs.br:article/1,,,,,,,True,True,True,,False
304,UFRGS-8,Em Questão (Online),Universidade Federal do Rio Grande do Sul (UFRGS),105623,2026-01-07 14:08:03,INDEXED,1211,https://seer.ufrgs.br/EmQuestao/oai,ojs,periodico,toolkit,oai_dc,Open Journal Systems,Em Questão,oai:seer.ufrgs.br:article/1,,,,,,,True,True,True,,False
305,UFRGS-9,Educação & Realidade,Universidade Federal do Rio Grande do Sul (UFRGS),105622,2026-01-07 14:08:04,INDEXED,1453,https://seer.ufrgs.br/educacaoerealidade/oai,ojs,periodico,toolkit,oai_dc,Open Journal Systems,Educação & Realidade,oai:seer.ufrgs.br:article/1,,,,,,,True,True,True,,False
1075,UFRJ-13,Dilemas : Revista de Estudos de Conflito e Controle Social (Online),Universidade Federal do Rio de Janeiro (UFRJ),105952,2026-01-08 22:21:39,INDEXED,636,https://revistas.ufrj.br/index.php/dilemas/oai,ojs,periodico,toolkit,oai_dc,Open Journal Systems,Dilemas - Revista de Estudos de Conflito e Controle Social,oai:ojs.pkp.sfu.ca:article/1,,,,,,,True,True,True,,False
1090,UFRJ-14,Revisbrato,Universidade Federal do Rio de Janeiro (UFRJ),105989,2026-01-08 23:23:47,INDEXED,595,https://revistas.ufrj.br/index.php/ribto/oai,ojs,periodico,toolkit,oai_dc,Open Journal Systems,Revista Interinstitucional Brasileira de Terapia Ocupacional - REVISBRATO,oai:ojs.pkp.sfu.ca:article/1,,,,,,,True,True,True,,False
1101,UFRJ-15,Codex : Revista de Estudos Clássicos,Universidade Federal do Rio de Janeiro (UFRJ),105980,2026-01-08 23:23:27,INDEXED,281,https://revistas.ufrj.br/index.php/CODEX/oai,ojs,periodico,toolkit,oai_dc,Open Journal Systems,CODEX - Revista de Estudos Clássicos,oai:ojs.pkp.sfu.ca:article/1,,,,,,,True,True,True,,False
287,UFRJ-2,Revista de Economia Contemporânea,Universidade Federal do Rio de Janeiro (UFRJ),105646,2026-01-07 14:09:15,INDEXED,567,https://revistas.ufrj.br/index.php/rec/oai,ojs,periodico,toolkit,oai_dc,Open Journal Systems,Revista de Economia Contemporânea,oai:ojs.pkp.sfu.ca:article/1,,,,,,,True,True,True,,False
1635,UFRJ-20,Desidades,Universidade Federal do Rio de Janeiro (UFRJ),102640,2025-05-07 13:18:51,INDEXED,1086,https://revistas.ufrj.br/index.php/desidades/oai,ojs,periodico,toolkit,oai_dc,Open Journal Systems,"DESIDADES - Revista Científica da Infância, Adolescência e Juventude",oai:ojs.pkp.sfu.ca:article/1,,,,,,,True,True,True,,False
1717,UFRJ-21,Anuário do Instituto de Geociências (Online),Universidade Federal do Rio de Janeiro (UFRJ),102700,2025-05-07 21:00:11,INDEXED,2234,https://revistas.ufrj.br/index.php/aigeo/oai,ojs,periodico,toolkit,oai_dc,Open Journal Systems,Anuário do Instituto de Geociências,oai:ojs.pkp.sfu.ca:article/1,,,,,,,True,True,True,,False
1918,UFRJ-22,Teoria Jurídica Contemporânea,Universidade Federal do Rio de Janeiro (UFRJ),102902,2025-05-13 09:39:52,INDEXED,236,https://revistas.ufrj.br/index.php/rjur/oai,ojs,periodico,toolkit,oai_dc,Open Journal Systems,Teoria Jurídica Contemporânea,oai:ojs.pkp.sfu.ca:article/1,,,,,,,True,True,True,,False
290,UFRJ-5,Alea (Online),Universidade Federal do Rio de Janeiro (UFRJ),105648,2026-01-07 14:09:27,INDEXED,538,https://revistas.ufrj.br/index.php/alea/oai,ojs,periodico,toolkit,oai_dc,Open Journal Systems,Alea: Estudos Neolatinos,oai:ojs.pkp.sfu.ca:article/1,,,,,,,True,True,True,,False
293,UFRJ-8,Estudos Avançados,Universidade de São Paulo (USP),105649,2026-01-07 14:09:42,INDEXED,2555,https://www.revistas.usp.br/eav/oai,ojs,periodico,toolkit,oai_dc,Open Journal Systems,Estudos Avançados,oai:revistas.usp.br:article/1,,,,,,,True,True,True,,False
280,UFRN,Repositório Institucional da UFRN,Universidade Federal do Rio Grande do Norte (UFRN),108684,2026-09-15 11:29:31,INDEXED,56033,https://repositorio.ufrn.br/server/oai/request,dspace,repositorio,sampleIdentifier,xoai,,Repositório Institucional da UFRN,oai:repositorio.ufrn.br:123456789/1234,,,,,,,True,True,True,,False
1704,UFRN-10,Espacialidades,Universidade Federal do Rio Grande do Norte (UFRN),102680,2025-05-07 13:42:49,INDEXED,447,https://periodicos.ufrn.br/espacialidades/oai,ojs,periodico,toolkit,oai_dc,Open Journal Systems,Revista Espacialidades,oai:periodicos.ufrn.br:article/1,,,,,,,True,True,True,,False
1767,UFRN-11,Revista Informação na Sociedade Contemporânea,Universidade Federal do Rio Grande do Norte (UFRN),102791,2025-05-12 11:20:56,INDEXED,137,https://periodicos.ufrn.br/informacao/oai,ojs,periodico,toolkit,oai_dc,Open Journal Systems,Revista Informação na Sociedade Contemporânea,oai:periodicos.ufrn.br:article/1,,,,,,,True,True,True,,False
1818,UFRN-12,Revista de Geociências do Nordeste,Universidade Federal do Rio Grande do Norte (UFRN),102830,2025-05-12 12:20:47,INDEXED,535,https://periodicos.ufrn.br/revistadoregne/oai,ojs,periodico,toolkit,oai_dc,Open Journal Systems,Revista de Geociências do Nordeste,oai:periodicos.ufrn.br:article/1,,,,,,,True,True,True,,False
281,UFRN-2,Estudos de Psicologia (Natal),Universidade Federal do Rio Grande do Norte (UFRN),105615,2026-01-07 14:07:34,INDEXED,101,https://submission-pepsic.scielo.br/index.php/epsic/oai,ojs,periodico,toolkit,oai_dc,Open Journal Systems,Estudos de Psicologia (Natal),oai:ojs.pkp.sfu.ca:article/1,,,,,,,True,True,True,,False
283,UFRN-4,Revista Ciência Plural,Universidade Federal do Rio Grande do Norte (UFRN),105617,2026-01-07 14:07:31,INDEXED,523,https://periodicos.ufrn.br/rcp/oai,ojs,periodico,toolkit,oai_dc,Open Journal Systems,Revista Ciência Plural,oai:periodicos.ufrn.br:article/1,,,,,,,True,True,True,,False
284,UFRN-5,Princípios (Natal. Online),Universidade Federal do Rio Grande do Norte (UFRN),105618,2026-01-07 14:07:37,INDEXED,885,https://periodicos.ufrn.br/principios/oai,ojs,periodico,toolkit,oai_dc,Open Journal Systems,Princípios: Revista de Filosofia (UFRN),oai:periodicos.ufrn.br:article/1,,,,,,,True,True,True,,False
285,UFRN-6,Mneme (Caicó. Online),Universidade Federal do Rio Grande do Norte (UFRN),105647,2026-01-07 14:09:25,INDEXED,595,https://periodicos.ufrn.br/mneme/oai,ojs,periodico,toolkit,oai_dc,Open Journal Systems,Mneme - Revista de Humanidades,oai:periodicos.ufrn.br:article/1,,,,,,,True,True,True,,False
1057,UFRN-7,Revista odisséia,Universidade Federal do Rio Grande do Norte (UFRN),105930,2026-01-08 22:20:10,INDEXED,439,https://periodicos.ufrn.br/odisseia/oai,ojs,periodico,toolkit,oai_dc,Open Journal Systems,Revista Odisseia,oai:periodicos.ufrn.br:article/1,,,,,,,True,True,True,,False
1337,UFRN-9,Inter-legere,Universidade Federal do Rio Grande do Norte (UFRN),106116,2026-01-09 12:04:14,INDEXED,654,https://periodicos.ufrn.br/interlegere/oai,ojs,periodico,toolkit,oai_dc,Open Journal Systems,Revista Inter-Legere,oai:periodicos.ufrn.br:article/1,,,,,,,True,True,True,,False
1550,UFRRJ-4,Estudos Sociedade e Agricultura (Online),Universidade Federal Rural do Rio de Janeiro (UFRRJ),96855,2024-04-24 09:26:30,INDEXED,645,https://revistaesa.com/ojs/index.php/esa/oai,ojs,periodico,toolkit,oai_dc,Open Journal Systems,Estudos Sociedade e Agricultura,oai:ojs.pkp.sfu.ca:article/1,,,,,,,True,True,True,,False
1835,UFS-10,Interdisciplinar,Universidade Federal de Sergipe (UFS),102858,2025-05-12 14:14:17,INDEXED,662,https://periodicos.ufs.br/interdisciplinar/oai,ojs,periodico,toolkit,oai_dc,Open Journal Systems,Interdisciplinar - Revista de Estudos em Língua e Literatura,oai:ojs.ufs.emnuvens.com.br:article/1,,,,,,,True,True,True,,False
2518,UFS-12,Revista Convergências em Ciência da Informação (Conci),Universidade Federal de Sergipe (UFS),108353,2026-08-24 17:00:48,INDEXED,156,https://periodicos.ufs.br/conci/oai,ojs,periodico,toolkit,oai_dc,Open Journal Systems,ConCI: Convergências em Ciência da Informação,oai:ojs.ufs.emnuvens.com.br:article/1,,,,,,,True,True,True,,False
2520,UFS-13,Revista Geonordeste (Online),Universidade Federal de Sergipe (UFS),108314,2026-08-24 16:51:18,INDEXED,766,https://periodicos.ufs.br/geonordeste/oai,ojs,periodico,toolkit,oai_dc,Open Journal Systems,Revista GeoNordeste,oai:ojs.ufs.emnuvens.com.br:article/1,,,,,,,True,True,True,,False
2521,UFS-14,Revista EDaPECI : Educação a Distância e Práticas Educativas Comunicacionais e Interculturais,Universidade Federal de Sergipe (UFS),108315,2026-08-24 16:51:21,INDEXED,689,https://periodicos.ufs.br/edapeci/oai,ojs,periodico,toolkit,oai_dc,Open Journal Systems,Revista EDaPECI,oai:ojs.ufs.emnuvens.com.br:article/1,,,,,,,True,True,True,,False
2522,UFS-15,Revista de Estudos de Cultura,Universidade Federal de Sergipe (UFS),108324,2026-08-24 16:52:01,INDEXED,443,https://periodicos.ufs.br/revec/oai,ojs,periodico,toolkit,oai_dc,Open Journal Systems,Revista de Estudos de Cultura,oai:ojs.ufs.emnuvens.com.br:article/1,,,,,,,True,True,True,,False
2523,UFS-16,Ambivalências - Revista de antropologia da PPGA-UFS,Universidade Federal de Sergipe (UFS),108326,2026-08-24 16:51:56,INDEXED,371,https://periodicos.ufs.br/Ambivalencias/oai,ojs,periodico,toolkit,oai_dc,Open Journal Systems,Ambivalências,oai:ojs.ufs.emnuvens.com.br:article/1,,,,,,,True,True,True,,False
272,UFS-3,Revista Tempos e Espaços em Educação (Online),Universidade Federal de Sergipe (UFS),105574,2026-01-05 11:13:48,INDEXED,1056,https://periodicos.ufs.br/revtee/oai,ojs,periodico,toolkit,oai_dc,Open Journal Systems,Revista Tempos e Espaços em Educação,oai:ojs.ufs.emnuvens.com.br:article/1,,,,,,,True,True,True,,False
273,UFS-4,Clínica & Cultura,Universidade Federal de Sergipe (UFS),105586,2026-01-05 11:15:16,INDEXED,149,https://periodicos.ufs.br/clinicaecultura/oai,ojs,periodico,toolkit,oai_dc,Open Journal Systems,Clínica & Cultura,oai:ojs.ufs.emnuvens.com.br:article/1,,,,,,,True,True,True,,False
1084,UFS-5,Travessias Interativas,Universidade Federal de Sergipe (UFS),105963,2026-01-08 23:22:39,INDEXED,560,https://periodicos.ufs.br/Travessias/oai,ojs,periodico,toolkit,oai_dc,Open Journal Systems,Travessias Interativas,oai:ojs.ufs.emnuvens.com.br:article/1,,,,,,,True,True,True,,False
1266,UFS-6,Revista Sergipana de Matemática e Educação Matemática,Universidade Federal de Sergipe (UFS),106108,2026-01-09 12:03:45,INDEXED,338,https://periodicos.ufs.br/ReviSe/oai,ojs,periodico,toolkit,oai_dc,Open Journal Systems,Revista Sergipana de Matemática e Educação Matemática,oai:ojs.ufs.emnuvens.com.br:article/1,,,,,,,True,True,True,,False
259,UFSC-10,Revista Katálysis (Online),Universidade Federal de Santa Catarina (UFSC),105585,2026-01-05 11:14:48,INDEXED,1028,https://periodicos.ufsc.br/index.php/katalysis/oai,ojs,periodico,toolkit,oai_dc,Open Journal Systems,Revista Katálysis,oai:periodicos.ufsc.br:article/1,,,,,,,True,True,True,,False
260,UFSC-11,Revista Estudos Feministas,Universidade Federal de Santa Catarina (UFSC),105583,2026-01-05 11:14:56,INDEXED,2540,https://periodicos.ufsc.br/index.php/ref/oai,ojs,periodico,toolkit,oai_dc,Open Journal Systems,Revista Estudos Feministas,oai:periodicos.ufsc.br:article/1,,,,,,,True,True,True,,False
262,UFSC-13,INTERthesis,Universidade Federal de Santa Catarina (UFSC),105571,2026-01-05 11:13:45,INDEXED,646,https://periodicos.ufsc.br/index.php/interthesis/oai,ojs,periodico,toolkit,oai_dc,Open Journal Systems,"INTERthesis, Revista Internacional Interdisciplinar",oai:periodicos.ufsc.br:article/1,,,,,,,True,True,True,,False
263,UFSC-14,Biotemas (Online),Universidade Federal de Santa Catarina (UFSC),105570,2026-01-05 11:13:32,INDEXED,1414,https://periodicos.ufsc.br/index.php/biotemas/oai,ojs,periodico,toolkit,oai_dc,Open Journal Systems,Biotemas,oai:periodicos.ufsc.br:article/1,,,,,,,True,True,True,,False
264,UFSC-15,Revista de Ciências da Administração,Universidade Federal de Santa Catarina (UFSC),105569,2026-01-05 11:13:38,INDEXED,790,https://periodicos.ufsc.br/index.php/adm/oai,ojs,periodico,toolkit,oai_dc,Open Journal Systems,Revista de Ciências da Administração,oai:periodicos.ufsc.br:article/1,,,,,,,True,True,True,,False
265,UFSC-16,Revista Brasileira de Cineantropometria & Desempenho Humano (Online),Universidade Federal de Santa Catarina (UFSC),105568,2026-01-05 11:13:34,INDEXED,1301,https://periodicos.ufsc.br/index.php/rbcdh/oai,ojs,periodico,toolkit,oai_dc,Open Journal Systems,Revista Brasileira de Cineantropometria e Desempenho Humano,oai:periodicos.ufsc.br:article/1,,,,,,,True,True,True,,False
267,UFSC-18,Política & Sociedade (Online),Universidade Federal de Santa Catarina (UFSC),105573,2026-01-05 11:13:46,INDEXED,867,https://periodicos.ufsc.br/index.php/politica/oai,ojs,periodico,toolkit,oai_dc,Open Journal Systems,Política & Sociedade,oai:periodicos.ufsc.br:article/1,,,,,,,True,True,True,,False
268,UFSC-19,Caderno Brasileiro de Ensino de Física (Online),Universidade Federal de Santa Catarina (UFSC),105575,2026-01-05 11:13:56,INDEXED,1638,https://periodicos.ufsc.br/index.php/fisica/oai,ojs,periodico,toolkit,oai_dc,Open Journal Systems,Caderno Brasileiro de Ensino de Física,oai:periodicos.ufsc.br:article/1,,,,,,,True,True,True,,False
269,UFSC-20,Ágora (Florianópolis. Online),Universidade Federal de Santa Catarina (UFSC),105572,2026-01-05 11:13:37,INDEXED,821,https://agora.emnuvens.com.br/ra/oai,ojs,periodico,toolkit,oai_dc,Open Journal Systems,ÁGORA: Arquivologia em debate,oai:ojs.agora.emnuvens.com.br:article/1,,,,,,,True,True,True,,False
1053,UFSC-21,Journal of Lean Systems,Universidade Federal de Santa Catarina (UFSC),105929,2026-01-08 22:20:05,INDEXED,401,https://ojs.sites.ufsc.br/index.php/peri/oai,ojs,periodico,toolkit,oai_dc,Open Journal Systems,PERI – Revista de Filosofia,oai:ojs.sites.ufsc.br:article/1,,,,,,,True,True,True,,False
1065,UFSC-22,Mix Sustentável (Online),Universidade Federal de Santa Catarina (UFSC),105938,2026-01-08 22:21:36,INDEXED,792,https://ojs.sites.ufsc.br/index.php/mixsustentavel/oai,ojs,periodico,toolkit,oai_dc,Open Journal Systems,MIX Sustentável,oai:ojs.sites.ufsc.br:article/1,,,,,,,True,True,True,,False
1205,UFSC-23,Alexandria (Florianópolis),Universidade Federal de Santa Catarina (UFSC),106085,2026-01-09 10:58:48,INDEXED,615,https://periodicos.ufsc.br/index.php/alexandria/oai,ojs,periodico,toolkit,oai_dc,Open Journal Systems,Alexandria: Revista de Educação em Ciência e Tecnologia,oai:periodicos.ufsc.br:article/1,,,,,,,True,True,True,,False
1796,UFSC-24,Fórum Linguístico,Universidade Federal de Santa Catarina (UFSC),102798,2025-05-12 11:21:45,INDEXED,963,https://periodicos.ufsc.br/index.php/forum/oai,ojs,periodico,toolkit,oai_dc,Open Journal Systems,Fórum Linguístico,oai:periodicos.ufsc.br:article/1,,,,,,,True,True,True,,False
1514,UFSC-25,Em Tese (Florianópolis),Universidade Federal de Santa Catarina (UFSC),102584,2025-05-07 12:12:52,INDEXED,432,https://periodicos.ufsc.br/index.php/emtese/oai,ojs,periodico,toolkit,oai_dc,Open Journal Systems,Em Tese,oai:periodicos.ufsc.br:article/1,,,,,,,True,True,True,,False
1609,UFSC-26,Esboços (Online),Universidade Federal de Santa Catarina (UFSC),102629,2025-05-07 12:43:53,INDEXED,851,https://periodicos.ufsc.br/index.php/esbocos/oai,ojs,periodico,toolkit,oai_dc,Open Journal Systems,Esboços: histórias em contextos globais,oai:periodicos.ufsc.br:article/1,,,,,,,True,True,True,,False
1618,UFSC-27,Texto digital,Universidade Federal de Santa Catarina (UFSC),102644,2025-05-07 13:19:10,INDEXED,558,https://periodicos.ufsc.br/index.php/textodigital/oai,ojs,periodico,toolkit,oai_dc,Open Journal Systems,Texto Digital,oai:periodicos.ufsc.br:article/1,,,,,,,True,True,True,,False
1619,UFSC-28,Working Papers em Lingüística (Online),Universidade Federal de Santa Catarina (UFSC),102642,2025-05-07 13:19:00,INDEXED,499,https://periodicos.ufsc.br/index.php/workingpapers/oai,ojs,periodico,toolkit,oai_dc,Open Journal Systems,Working Papers em Linguística,oai:periodicos.ufsc.br:article/1,,,,,,,True,True,True,,False
1626,UFSC-29,Encontros Bibli,Universidade Federal de Santa Catarina (UFSC),102649,2025-05-07 13:19:59,INDEXED,1228,https://periodicos.ufsc.br/index.php/eb/oai,ojs,periodico,toolkit,oai_dc,Open Journal Systems,Encontros Bibli: revista eletrônica de biblioteconomia e ciência da informação,oai:periodicos.ufsc.br:article/1,,,,,,,True,True,True,,False
252,UFSC-3,Sequência (Florianópolis. Online),Universidade Federal de Santa Catarina (UFSC),105578,2026-01-05 11:14:33,INDEXED,1217,https://periodicos.ufsc.br/index.php/sequencia/oai,ojs,periodico,toolkit,oai_dc,Open Journal Systems,Seqüência Estudos Jurídicos e Políticos,oai:periodicos.ufsc.br:article/1,,,,,,,True,True,True,,False
2600,UFSC-36,Ethic@ - Revista Internacional de Filosofia da Moral,Universidade Federal de Santa Catarina (UFSC),108262,2026-08-24 13:05:49,INDEXED,739,https://periodicos.ufsc.br/index.php/ethic/oai,ojs,periodico,toolkit,oai_dc,Open Journal Systems,ethic@ - An international Journal for Moral Philosophy,oai:periodicos.ufsc.br:article/1,,,,,,,True,True,True,,False
253,UFSC-4,Zero-a-seis,Universidade Federal de Santa Catarina (UFSC),105576,2026-01-05 11:14:01,INDEXED,818,https://periodicos.ufsc.br/index.php/zeroseis/oai,ojs,periodico,toolkit,oai_dc,Open Journal Systems,Zero-a-Seis,oai:periodicos.ufsc.br:article/1,,,,,,,True,True,True,,False
254,UFSC-5,Principia (Florianópolis. Online),Universidade Federal de Santa Catarina (UFSC),105577,2026-01-05 11:14:04,INDEXED,697,https://periodicos.ufsc.br/index.php/principia/oai,ojs,periodico,toolkit,oai_dc,Open Journal Systems,Principia: an international journal of epistemology,oai:periodicos.ufsc.br:article/1,,,,,,,True,True,True,,False
255,UFSC-6,Cadernos de Tradução (Florianópolis. Online),Universidade Federal de Santa Catarina (UFSC),105584,2026-01-05 11:15:30,INDEXED,1808,https://periodicos.ufsc.br/index.php/traducao/oai,ojs,periodico,toolkit,oai_dc,Open Journal Systems,Cadernos de Tradução,oai:periodicos.ufsc.br:article/1,,,,,,,True,True,True,,False
256,UFSC-7,Peri,Universidade Federal de Santa Catarina (UFSC),105582,2026-01-05 11:14:25,INDEXED,401,https://ojs.sites.ufsc.br/index.php/peri/oai,ojs,periodico,toolkit,oai_dc,Open Journal Systems,PERI – Revista de Filosofia,oai:ojs.sites.ufsc.br:article/1,,,,,,,True,True,True,,False
257,UFSC-8,Revista Mundos do Trabalho,Universidade Federal de Santa Catarina (UFSC),105581,2026-01-05 11:14:24,INDEXED,587,https://periodicos.ufsc.br/index.php/mundosdotrabalho/oai,ojs,periodico,toolkit,oai_dc,Open Journal Systems,Revista Mundos do Trabalho,oai:periodicos.ufsc.br:article/1,,,,,,,True,True,True,,False
258,UFSC-9,Ilha do Desterro,Universidade Federal de Santa Catarina (UFSC),105579,2026-01-05 11:14:28,INDEXED,1525,https://periodicos.ufsc.br/index.php/desterro/oai,ojs,periodico,toolkit,oai_dc,Open Journal Systems,"Ilha do Desterro A Journal of English Language, Literatures in English and Cultural Studies",oai:periodicos.ufsc.br:article/1,,,,,,,True,True,True,,False
248,UFSCAR-2,Revista GEMInIS,Universidade Federal de São Carlos (UFSCAR),105560,2026-01-05 11:12:58,INDEXED,542,https://www.revistageminis.ufscar.br/index.php/geminis/oai,ojs,periodico,toolkit,oai_dc,Open Journal Systems,Revista GEMInIS,oai:ojs.pkp.sfu.ca:article/1,,,,,,,True,True,True,,False
240,UFSM-12,Revista de Enfermagem da Universidade Federal de Santa Maria,Universidade Federal de Santa Maria (UFSM),108720,2026-09-18 12:20:32,INDEXED,1060,http://cascavel.ufsm.br/revistas/ojs-2.2.2/index.php/reufsm/oai,ojs,periodico,toolkit,oai_dc,Open Journal Systems,Revista de Enfermagem da UFSM,oai:ojs.pkp.sfu.ca:article/1,,,,,,,True,True,True,,False
241,UFSM-13,Literatura e Autoritarismo,Universidade Federal de Santa Maria (UFSM),108721,2026-09-18 12:20:30,INDEXED,804,http://periodicos.ufsm.br/index.php/LA/oai,ojs,periodico,toolkit,oai_dc,Open Journal Systems,Literatura e Autoritarismo,oai:ojs.pkp.sfu.ca:article/1,,,,,,,True,True,True,,False
242,UFSM-14,Saúde (Santa Maria),Universidade Federal de Santa Maria (UFSM),108722,2026-09-18 12:20:33,INDEXED,1048,https://periodicos.ufsm.br/revistasaude/oai,ojs,periodico,toolkit,oai_dc,Open Journal Systems,Saúde (Santa Maria),oai:ojs.pkp.sfu.ca:article/1,,,,,,,True,True,True,,False
246,UFSM-18,Revista Digital do LAV ( Laboratório de Artes Visuais),Universidade Federal de Santa Maria (UFSM),105559,2026-01-05 11:12:56,INDEXED,526,http://periodicos.ufsm.br/index.php/revislav/oai,ojs,periodico,toolkit,oai_dc,Open Journal Systems,Revista Digital do LAV,oai:ojs.pkp.sfu.ca:article/1,,,,,,,True,True,True,,False
1138,UFSM-19,Letras (Santa Maria. Online),Universidade Federal de Santa Maria (UFSM),106035,2026-01-09 10:10:59,INDEXED,1103,https://periodicos.ufsm.br/letras/oai,ojs,periodico,toolkit,oai_dc,Open Journal Systems,Letras,oai:ojs.pkp.sfu.ca:article/1,,,,,,,True,True,True,,False
2551,UFSM-20,Revista Ecologia e Nutrição Florestal,Universidade Federal de Santa Maria (UFSM),108277,2026-08-24 14:26:31,INDEXED,91,https://periodicos.ufsm.br/enflo/oai,ojs,periodico,toolkit,oai_dc,Open Journal Systems,Revista Ecologia e Nutrição Florestal - ENFLO,oai:ojs.pkp.sfu.ca:article/1,,,,,,,True,True,True,,False
2554,UFSM-21,Voluntas - Revista Internacional de Filosofia (Santa Maria),Universidade Federal de Santa Maria (UFSM),108292,2026-08-24 14:27:07,INDEXED,559,https://periodicos.ufsm.br/voluntas/oai,ojs,periodico,toolkit,oai_dc,Open Journal Systems,Voluntas: Revista Internacional de Filosofia,oai:ojs.pkp.sfu.ca:article/1,,,,,,,True,True,True,,False
2557,UFSM-22,Revista Educação (Santa Maria. Online),Universidade Federal de Santa Maria (UFSM),108293,2026-08-24 14:27:20,INDEXED,1695,https://periodicos.ufsm.br/reveducacao/oai,ojs,periodico,toolkit,oai_dc,Open Journal Systems,Educação,oai:ojs.pkp.sfu.ca:article/1,,,,,,,True,True,True,,False
2561,UFSM-23,Revista Ciência e Natura (Online),Universidade Federal de Santa Maria (UFSM),108281,2026-08-24 14:26:42,INDEXED,3146,https://periodicos.ufsm.br/cienciaenatura/oai,ojs,periodico,toolkit,oai_dc,Open Journal Systems,Ciência e Natura,oai:ojs.pkp.sfu.ca:article/1,,,,,,,True,True,True,,False
2566,UFSM-24,Revista Animus (Santa Maria. Online),Universidade Federal de Santa Maria (UFSM),108282,2026-08-24 14:26:48,INDEXED,841,https://periodicos.ufsm.br/animus/oai,ojs,periodico,toolkit,oai_dc,Open Journal Systems,Animus. Revista Interamericana de Comunicação Midiática,oai:ojs.pkp.sfu.ca:article/1,,,,,,,True,True,True,,False
2567,UFSM-25,Revista Práticas de Administração Pública,Universidade Federal de Santa Maria (UFSM),108285,2026-08-24 14:26:46,INDEXED,124,https://periodicos.ufsm.br/pap/oai,ojs,periodico,toolkit,oai_dc,Open Journal Systems,Práticas de Administração Pública,oai:ojs.pkp.sfu.ca:article/1,,,,,,,True,True,True,,False
2569,UFSM-26,Fragmentum (Online),Universidade Federal de Santa Maria (UFSM),108287,2026-08-24 14:26:56,INDEXED,636,https://periodicos.ufsm.br/fragmentum/oai,ojs,periodico,toolkit,oai_dc,Open Journal Systems,Fragmentum,oai:ojs.pkp.sfu.ca:article/1,,,,,,,True,True,True,,False
2571,UFSM-27,Extensão Rural (Santa Maria. Online),Universidade Federal de Santa Maria (UFSM),108286,2026-08-24 14:26:56,INDEXED,435,https://periodicos.ufsm.br/extensaorural/oai,ojs,periodico,toolkit,oai_dc,Open Journal Systems,Extensão Rural,oai:ojs.pkp.sfu.ca:article/1,,,,,,,True,True,True,,False
2572,UFSM-28,Revista de Administração da UFSM,Universidade Federal de Santa Maria (UFSM),108297,2026-08-24 14:27:32,INDEXED,988,https://periodicos.ufsm.br/reaufsm/oai,ojs,periodico,toolkit,oai_dc,Open Journal Systems,Revista de Administração da UFSM,oai:ojs.pkp.sfu.ca:article/1,,,,,,,True,True,True,,False
2573,UFSM-29,Geografia Ensino & Pesquisa (Online),Universidade Federal de Santa Maria (UFSM),108298,2026-08-24 14:27:38,INDEXED,788,https://periodicos.ufsm.br/geografia/oai,ojs,periodico,toolkit,oai_dc,Open Journal Systems,Geografia Ensino & Pesquisa,oai:ojs.pkp.sfu.ca:article/1,,,,,,,True,True,True,,False
231,UFSM-3,Revista Monografias Ambientais,Universidade Federal de Santa Maria (UFSM),108705,2026-09-16 15:55:00,INDEXED,576,http://cascavel.ufsm.br/revistas/ojs-2.2.2/index.php/remoa/oai,ojs,periodico,toolkit,oai_dc,Open Journal Systems,Revista Monografias Ambientais,oai:ojs.pkp.sfu.ca:article/1,,,,,,,True,True,True,,False
2832,UFSM-30,"Revista Edutec - Educação, Tecnologias Digitais e Formação Docente",Universidade Federal de Mato Grosso do Sul (UFMS),107972,2026-08-18 13:15:25,INDEXED,50,https://periodicos.ufms.br/index.php/EduTec/oai,ojs,periodico,toolkit,oai_dc,Open Journal Systems,"Revista Edutec - Educação, Tecnologias Digitais e Formação Docente",oai:periodicos.ufms.br:article/1,,,,,,,True,True,True,,False
233,UFSM-5,Balduinia (Online),Universidade Federal de Santa Maria (UFSM),108714,2026-09-18 11:25:15,INDEXED,311,http://periodicos.ufsm.br/index.php/balduinia/oai,ojs,periodico,toolkit,oai_dc,Open Journal Systems,Balduinia,oai:ojs.pkp.sfu.ca:article/1,,,,,,,True,True,True,,False
234,UFSM-6,Ciência Florestal (Online),Universidade Federal de Santa Maria (UFSM),108715,2026-09-18 11:25:27,INDEXED,2162,https://periodicos.ufsm.br/cienciaflorestal/oai,ojs,periodico,toolkit,oai_dc,Open Journal Systems,Ciência Florestal,oai:ojs.pkp.sfu.ca:article/1,,,,,,,True,True,True,,False
235,UFSM-7,Revista de Gestão e Avaliação Educacional,Universidade Federal de Santa Maria (UFSM),108716,2026-09-18 12:12:45,INDEXED,432,http://periodicos.ufsm.br/index.php/regae/oai,ojs,periodico,toolkit,oai_dc,Open Journal Systems,Regae: Revista de Gestão e Avaliação Educacional,oai:ojs.pkp.sfu.ca:article/1,,,,,,,True,True,True,,False
236,UFSM-8,Revista Direitos Emergentes na Sociedade Global,Universidade Federal de Santa Maria (UFSM),108717,2026-09-18 12:12:44,INDEXED,161,http://cascavel.ufsm.br/revistas/ojs-2.2.2/index.php/REDESG/oai,ojs,periodico,toolkit,oai_dc,Open Journal Systems,Revista Direitos Emergentes na Sociedade Global,oai:ojs.pkp.sfu.ca:article/1,,,,,,,True,True,True,,False
237,UFSM-9,Revista Educação Especial (UFSM),Universidade Federal de Santa Maria (UFSM),108718,2026-09-18 12:12:55,INDEXED,1297,http://cascavel.ufsm.br/revistas/ojs-2.2.2/index.php/educacaoespecial/oai,ojs,periodico,toolkit,oai_dc,Open Journal Systems,Revista Educação Especial,oai:ojs.pkp.sfu.ca:article/1,,,,,,,True,True,True,,False
228,UFT-2,Escritas: Revista do Colegiado de História do Câmpus de Araguaína,Universidade Federal do Tocantins (UFT),108703,2026-09-16 15:55:00,INDEXED,365,https://periodicos.ufnt.edu.br/index.php/escritas/oai,ojs,periodico,toolkit,oai_dc,Open Journal Systems,Revista Escritas,oai:ojs2.periodicos.ufnt.edu.br:article/1,,,,,,,True,True,True,,False
1129,UFT-4,EntreLetras,Universidade Federal do Tocantins (UFT),106005,2026-01-09 09:45:46,INDEXED,872,https://periodicos.ufnt.edu.br/index.php/entreletras/oai,ojs,periodico,toolkit,oai_dc,Open Journal Systems,EntreLetras,oai:ojs2.periodicos.ufnt.edu.br:article/1,,,,,,,True,True,True,,False
1137,UFT-5,Revista Brasileira de Educação do Campo,Universidade Federal do Tocantins (UFT),106010,2026-01-09 10:09:53,INDEXED,950,https://periodicos.ufnt.edu.br/index.php/campo/oai,ojs,periodico,toolkit,oai_dc,Open Journal Systems,Revista Brasileira de Educação do Campo,oai:ojs2.periodicos.ufnt.edu.br:article/1,,,,,,,True,True,True,,False
226,UFTM,Biblioteca Digital de Teses e Dissertações da UFTM,Universidade Federal do Triangulo Mineiro (UFTM),108711,2026-09-17 16:35:48,INDEXED,2018,https://bdtd.uftm.edu.br/oai/request,dspace,repositorio,sampleIdentifier,xoai,,Biblioteca Digital de Teses e Dissertações,oai:bdtd.uftm.edu.br:123456789/1234,,,,,,,True,True,True,,False
2320,UFTM-1,"Revista Família, Ciclos de Vida e Saúde no Contexto Social",Universidade Federal do Triangulo Mineiro (UFTM),103453,2025-07-04 15:58:31,INDEXED,747,https://seer.uftm.edu.br/revistaeletronica/index.php/refacs/oai,ojs,periodico,toolkit,oai_dc,Open Journal Systems,"Revista Família, Ciclos de Vida e Saúde no Contexto Social",oai:ojs.pkp.sfu.ca:article/1,,,,,,,True,True,True,,False
2323,UFTM-2,Revista Arquivos de Ciências do Esporte,Universidade Federal do Triangulo Mineiro (UFTM),103456,2025-07-04 16:19:32,INDEXED,227,https://seer.uftm.edu.br/revistaeletronica/index.php/aces/oai,ojs,periodico,toolkit,oai_dc,Open Journal Systems,Arquivos de Ciências do Esporte,oai:ojs.pkp.sfu.ca:article/1,,,,,,,True,True,True,,False
217,UFU,Repositório Institucional da UFU,Universidade Federal de Uberlândia (UFU),101468,2025-03-24 10:21:05,INDEXED,31822,https://repositorio.ufu.br/oai/request,dspace,repositorio,sampleIdentifier,oai_dc,,Repositório Institucional - Universidade Federal de Uberlândia,oai:repositorio.ufu.br:123456789/1234,,,,,,,True,True,True,,False
1184,UFU-10,Campo - Território,Universidade Federal de Uberlândia (UFU),106051,2026-01-09 10:33:53,INDEXED,950,https://seer.ufu.br/index.php/campoterritorio/oai,ojs,periodico,toolkit,oai_dc,Open Journal Systems,Revista Campo-Território,oai:ojs.www.seer.ufu.br:article/1,,,,,,,True,True,True,,False
1334,UFU-11,Revista Perspectivas em Psicologia (Online),Universidade Federal de Uberlândia (UFU),106113,2026-01-09 12:04:08,INDEXED,295,https://seer.ufu.br/index.php/perspectivasempsicologia/oai,ojs,periodico,toolkit,oai_dc,Open Journal Systems,Perspectivas em Psicologia,oai:ojs.www.seer.ufu.br:article/1,,,,,,,True,True,True,,False
1636,UFU-12,Domínios de Lingu@gem,Universidade Federal de Uberlândia (UFU),102639,2025-05-07 13:19:21,INDEXED,1045,https://seer.ufu.br/index.php/dominiosdelinguagem/oai,ojs,periodico,toolkit,oai_dc,Open Journal Systems,Domínios de Lingu@gem,oai:ojs.www.seer.ufu.br:article/1,,,,,,,True,True,True,,False
1654,UFU-13,Revista de educação popular (Online),Universidade Federal de Uberlândia (UFU),102660,2025-05-07 13:39:31,INDEXED,917,https://seer.ufu.br/index.php/reveducpop/oai,ojs,periodico,toolkit,oai_dc,Open Journal Systems,Revista de Educação Popular,oai:ojs.www.seer.ufu.br:article/1,,,,,,,True,True,True,,False
1702,UFU-14,Bioscience journal (Online),Universidade Federal de Uberlândia (UFU),102678,2025-05-07 13:42:29,INDEXED,3127,https://seer.ufu.br/index.php/biosciencejournal/oai,ojs,periodico,toolkit,oai_dc,Open Journal Systems,Bioscience Journal,oai:ojs.www.seer.ufu.br:article/1,,,,,,,True,True,True,,False
1708,UFU-15,ArtCultura (Online),Universidade Federal de Uberlândia (UFU),102693,2025-05-07 20:58:49,INDEXED,939,https://seer.ufu.br/index.php/artcultura/oai,ojs,periodico,toolkit,oai_dc,Open Journal Systems,ArtCultura,oai:ojs.www.seer.ufu.br:article/1,,,,,,,True,True,True,,False
1753,UFU-16,Caminhos de Geografia,Universidade Federal de Uberlândia (UFU),102747,2025-05-09 13:45:08,INDEXED,2060,https://seer.ufu.br/index.php/caminhosdegeografia/oai,ojs,periodico,toolkit,oai_dc,Open Journal Systems,Caminhos de Geografia,oai:ojs.www.seer.ufu.br:article/1,,,,,,,True,True,True,,False
2229,UFU-17,Revista InovaEducaTech,Universidade Federal de Uberlândia (UFU),103346,2025-06-25 11:20:11,INDEXED,13,https://inovaeducatech.com.br/iet/oai,ojs,periodico,toolkit,oai_dc,Open Journal Systems,Revista InovaEducaTech,oai:ojs2.inovaeducatech.com.br:article/1,,,,,,,True,True,True,,False
2506,UFU-18,Revista Téssera (Uberlândia),Universidade Federal de Uberlândia (UFU),108341,2026-08-24 17:00:05,INDEXED,87,https://seer.ufu.br/index.php/tessera/oai,ojs,periodico,toolkit,oai_dc,Open Journal Systems,Téssera,oai:ojs.www.seer.ufu.br:article/1,,,,,,,True,True,True,,False
2507,UFU-19,Revista de Didática e Psicologia Pedagógica - Obutchénie,Universidade Federal de Uberlândia (UFU),108344,2026-08-24 17:00:21,INDEXED,456,https://seer.ufu.br/index.php/Obutchenie/oai,ojs,periodico,toolkit,oai_dc,Open Journal Systems,Obutchénie. Revista de Didática e Psicologia Pedagógica,oai:ojs.www.seer.ufu.br:article/1,,,,,,,True,True,True,,False
218,UFU-2,Educação e Filosofia,Universidade Federal de Uberlândia (UFU),108681,2026-09-14 15:53:30,INDEXED,1683,https://seer.ufu.br/index.php/EducacaoFilosofia/oai,ojs,periodico,toolkit,oai_dc,Open Journal Systems,Educação e Filosofia,oai:ojs.www.seer.ufu.br:article/1,,,,,,,True,True,True,,False
2510,UFU-21,Revista OuvirOUver (Online),Universidade Federal de Uberlândia (UFU),108347,2026-08-24 17:00:26,INDEXED,610,https://seer.ufu.br/index.php/ouvirouver/oai,ojs,periodico,toolkit,oai_dc,Open Journal Systems,ouvirOUver,oai:ojs.www.seer.ufu.br:article/1,,,,,,,True,True,True,,False
2511,UFU-22,Letras & letras (Online),Universidade Federal de Uberlândia (UFU),108346,2026-08-24 17:00:32,INDEXED,914,https://seer.ufu.br/index.php/letraseletras/oai,ojs,periodico,toolkit,oai_dc,Open Journal Systems,Letras & Letras,oai:ojs.www.seer.ufu.br:article/1,,,,,,,True,True,True,,False
2512,UFU-23,Revista brasileira de cartografia - RBC (Online),Universidade Federal de Uberlândia (UFU),108349,2026-08-24 17:00:43,INDEXED,1637,https://seer.ufu.br/index.php/revistabrasileiracartografia/oai,ojs,periodico,toolkit,oai_dc,Open Journal Systems,Revista Brasileira de Cartografia,oai:ojs.www.seer.ufu.br:article/1,,,,,,,True,True,True,,False
2513,UFU-24,Revista Em Extensão (Online),Universidade Federal de Uberlândia (UFU),108350,2026-08-24 17:00:38,INDEXED,747,https://seer.ufu.br/index.php/revextensao/oai,ojs,periodico,toolkit,oai_dc,Open Journal Systems,Revista Em Extensão,oai:ojs.www.seer.ufu.br:article/1,,,,,,,True,True,True,,False
2514,UFU-25,Revista Veterinária Notícias (Online),Universidade Federal de Uberlândia (UFU),108348,2026-08-24 17:00:36,INDEXED,609,https://seer.ufu.br/index.php/vetnot/oai,ojs,periodico,toolkit,oai_dc,Open Journal Systems,Veterinária Notícias,oai:ojs.www.seer.ufu.br:article/1,,,,,,,True,True,True,,False
219,UFU-3,Rascunhos,Universidade Federal de Uberlândia (UFU),108686,2026-09-16 11:29:40,INDEXED,480,https://seer.ufu.br/index.php/rascunhos/oai,ojs,periodico,toolkit,oai_dc,Open Journal Systems,Revista Rascunhos - Caminhos da Pesquisa em Artes Cênicas,oai:ojs.www.seer.ufu.br:article/1,,,,,,,True,True,True,,False
220,UFU-4,Revista Educação e Políticas em Debate,Universidade Federal de Uberlândia (UFU),108687,2026-09-16 11:29:40,INDEXED,775,https://seer.ufu.br/index.php/revistaeducaopoliticas/oai,ojs,periodico,toolkit,oai_dc,Open Journal Systems,Revista Educação e Políticas em Debate,oai:ojs.www.seer.ufu.br:article/1,,,,,,,True,True,True,,False
221,UFU-5,Horizonte Científico,Universidade Federal de Uberlândia (UFU),108688,2026-09-16 11:29:40,INDEXED,860,https://seer.ufu.br/index.php/horizontecientifico/oai,ojs,periodico,toolkit,oai_dc,Open Journal Systems,Horizonte Científico,oai:ojs.www.seer.ufu.br:article/1,,,,,,,True,True,True,,False
222,UFU-6,Sociedade & natureza (Online),Universidade Federal de Uberlândia (UFU),108689,2026-09-16 11:39:02,INDEXED,1245,https://seer.ufu.br/index.php/sociedadenatureza/oai,ojs,periodico,toolkit,oai_dc,Open Journal Systems,Sociedade & Natureza,oai:ojs.www.seer.ufu.br:article/1,,,,,,,True,True,True,,False
223,UFU-7,Hygeia (Uberlândia),Universidade Federal de Uberlândia (UFU),108690,2026-09-16 11:39:01,INDEXED,823,https://seer.ufu.br/index.php/hygeia/oai,ojs,periodico,toolkit,oai_dc,Open Journal Systems,Hygeia - Revista Brasileira de Geografia Médica e da Saúde,oai:ojs.www.seer.ufu.br:article/1,,,,,,,True,True,True,,False
224,UFU-8,Ensino em Revista,Universidade Federal de Uberlândia (UFU),108691,2026-09-16 11:39:02,INDEXED,1065,https://seer.ufu.br/index.php/emrevista/oai,ojs,periodico,toolkit,oai_dc,Open Journal Systems,Ensino em Re-Vista,oai:ojs.www.seer.ufu.br:article/1,,,,,,,True,True,True,,False
225,UFU-9,Economia Ensaios,Universidade Federal de Uberlândia (UFU),108692,2026-09-16 11:39:01,INDEXED,501,https://seer.ufu.br/index.php/revistaeconomiaensaios/oai,ojs,periodico,toolkit,oai_dc,Open Journal Systems,Revista Economia Ensaios,oai:ojs.www.seer.ufu.br:article/1,,,,,,,True,True,True,,False
2499,UFV-10,Revista Educação em Perspectiva (Online),Universidade Federal de Viçosa (UFV),108356,2026-08-24 17:01:16,INDEXED,362,https://periodicos.ufv.br/educacaoemperspectiva/oai,ojs,periodico,toolkit,oai_dc,Open Journal Systems,Educação em Perspectiva,oai:ojs.periodicos.ufv.br:article/1,,,,,,,True,True,True,,False
2501,UFV-11,Revista Oikos: Família e Sociedade em Debate (Viçosa. Online),Universidade Federal de Viçosa (UFV),108342,2026-08-24 17:00:17,INDEXED,502,https://periodicos.ufv.br/oikos/oai,ojs,periodico,toolkit,oai_dc,Open Journal Systems,Oikos: Política Social em Debate,oai:ojs.periodicos.ufv.br:article/1,,,,,,,True,True,True,,False
213,UFV-2,Engenharia na Agricultura,Universidade Federal de Viçosa (UFV),108676,2026-09-14 15:17:03,INDEXED,775,https://periodicos.ufv.br/reveng/oai,ojs,periodico,toolkit,oai_dc,Open Journal Systems,Revista Engenharia na Agricultura - REVENG,oai:ojs.periodicos.ufv.br:article/1,,,,,,,True,True,True,,False
214,UFV-3,Administração Pública e Gestão Social,Universidade Federal de Viçosa (UFV),108678,2026-09-14 15:51:20,INDEXED,603,https://periodicos.ufv.br/apgs/oai,ojs,periodico,toolkit,oai_dc,Open Journal Systems,Administração Pública e Gestão Social,oai:ojs.periodicos.ufv.br:article/1,,,,,,,True,True,True,,False
215,UFV-4,Revista de Engenharia Química e Química,Universidade Federal de Viçosa (UFV),108679,2026-09-14 15:52:35,INDEXED,1011,https://periodicos.ufv.br/jcec/oai,ojs,periodico,toolkit,oai_dc,Open Journal Systems,The Journal of Engineering and Exact Sciences,oai:ojs.periodicos.ufv.br:article/1,,,,,,,True,True,True,,False
1230,UFV-7,Revista de Direito,Universidade Federal de Viçosa (UFV),106061,2026-01-09 10:57:17,INDEXED,371,https://periodicos.ufv.br/revistadir/oai,ojs,periodico,toolkit,oai_dc,Open Journal Systems,Revista de Direito,oai:ojs.periodicos.ufv.br:article/1,,,,,,,True,True,True,,False
1718,UFV-8,REVES - Revista Relações Sociais,Universidade Federal de Viçosa (UFV),102699,2025-05-07 20:59:10,INDEXED,352,https://periodicos.ufv.br/reves/oai,ojs,periodico,toolkit,oai_dc,Open Journal Systems,REVES - Revista Relações Sociais,oai:ojs.periodicos.ufv.br:article/1,,,,,,,True,True,True,,False
2051,UFV-9,"Elo (Viçosa, Online)",Universidade Federal de Viçosa (UFV),103007,2025-05-14 11:06:34,INDEXED,381,https://periodicos.ufv.br/elo/oai,ojs,periodico,toolkit,oai_dc,Open Journal Systems,Revista ELO – Diálogos em Extensão,oai:ojs.periodicos.ufv.br:article/1,,,,,,,True,True,True,,False
1078,UFVJM-1,Revista Espinhaço,Universidade Federal dos Vales do Jequitinhonha e Mucuri (UFVJM),105957,2026-01-08 22:22:05,INDEXED,241,https://revistas.ufvjm.edu.br/revista-espinhaco/oai,ojs,periodico,toolkit,oai_dc,Open Journal Systems,Revista Espinhaço,oai:ojs.pkp.sfu.ca:article/1,,,,,,,True,True,True,,False
211,UFVJM-2,Repositório Institucional da UFVJM,Universidade Federal dos Vales do Jequitinhonha e Mucuri (UFVJM),103259,2025-06-03 22:09:45,INDEXED,2959,https://acervo.ufvjm.edu.br/server/oai/request,dspace,repositorio,sampleIdentifier,xoai,,Repositório UFVJM,oai:localhost:123456789/1234,,,,,,,True,True,True,,False
210,ULBRA-1,Revista Textura - ULBRA,Universidade Luterana do Brasil (ULBRA),108674,2026-09-14 15:16:57,INDEXED,730,http://www.periodicos.ulbra.br/index.php/txra/oai,ojs,periodico,toolkit,oai_dc,Open Journal Systems,TEXTURA - Revista de Educação e Letras,oai:ojs.pkp.sfu.ca:article/1,,,,,,,True,True,True,,False
2280,ULBRA-2,Revista Aletheia (Canoas. Online),Universidade Luterana do Brasil (ULBRA),103396,2025-07-02 11:09:27,INDEXED,520,http://www.periodicos.ulbra.br/index.php/aletheia/oai,ojs,periodico,toolkit,oai_dc,Open Journal Systems,ALETHEIA,oai:ojs.pkp.sfu.ca:article/1,,,,,,,True,True,True,,False
2255,UNASP,Lifestyle Journal,Centro Universitário Adventista de São Paulo (Unasp),107044,2026-05-19 18:08:58,INDEXED,178,https://revistas.unasp.edu.br/LifestyleJournal/oai,ojs,periodico,toolkit,oai_dc,Open Journal Systems,Journal of Interdisciplinary Lifestyle Studies,oai:ojs.emnuvens.com.br:article/1,,,,,,,True,True,True,,False
200,UNB,Repositório Institucional da UnB,Universidade de Brasília (UnB),108667,2026-09-14 12:44:58,INDEXED,51146,https://repositorio.unb.br/oai/request,dspace,repositorio,sampleIdentifier,xoai,,Repositório Institucional da UnB,oai:localhost:123456789/1234,,,,,,,True,True,True,,False
1193,UNB-21,"Contabilidade, Gestão e Governança",Universidade de Brasília (UnB),106056,2026-01-09 10:57:06,INDEXED,571,https://revistacgg.org/index.php/contabil/oai,ojs,periodico,toolkit,oai_dc,Open Journal Systems,Contabilidade Gestão e Governança,oai:oai.jamg.cloud:article/1,,,,,,,True,True,True,,False
2864,UNB-41,RIUnB Tainacan,Universidade de Brasília (UnB),108441,2026-09-02 16:57:02,INDEXED,32160,https://riunbtainacan.unb.br/wp-json/tainacan/v2/oai,eprints,repositorio,sampleIdentifier,oai_dc,,RIUnB Tainacan,oai:riunbtainacan.unb.br:1,,,,,,,True,True,True,,False
207,UNB-8,Revista Ciência & Maçonaria,Universidade de Brasília (UnB),108672,2026-09-14 15:16:53,INDEXED,102,http://www.cienciaemaconaria.com.br/index.php/cem/oai,ojs,periodico,toolkit,oai_dc,Open Journal Systems,Revista Ciência & Maçonaria,oai:ojs.cienciaemaconaria.com.br:article/1,,,,,,,True,True,True,,False
2074,UNC-1,DRd - Desenvolvimento Regional em debate,Universidade do Contestado (UNC),103030,2025-05-14 11:54:06,INDEXED,516,https://www.periodicos.unc.br/index.php/drd/oai,ojs,periodico,toolkit,oai_dc,Open Journal Systems,DRd - Desenvolvimento Regional em debate,oai:ojs.pkp.sfu.ca:article/1,,,,,,,True,True,True,,False
1805,UNEAL,Diversitas Journal,Universidade Estadual de Alagoas (UNEAL),102836,2025-05-12 12:22:12,INDEXED,2539,https://diversitasjournal.com.br/diversitas_journal/oai,ojs,periodico,toolkit,oai_dc,Open Journal Systems,Diversitas Journal,oai:ojs.diversitasjournal.com.br:article/1,,,,,,,True,True,True,,False
1972,UNEAL-2,Revista Ambientale (Online),Universidade Estadual de Alagoas (UNEAL),102941,2025-05-13 11:04:49,INDEXED,208,https://periodicosuneal.emnuvens.com.br/ambientale/oai,ojs,periodico,toolkit,oai_dc,Open Journal Systems,Revista Ambientale,oai:ojs.emnuvens.com.br:article/1,,,,,,,True,True,True,,False
1973,UNEAL-3,REVext (Online),Universidade Estadual de Alagoas (UNEAL),102946,2025-05-13 11:05:06,INDEXED,68,https://periodicosuneal.emnuvens.com.br/revext/oai,ojs,periodico,toolkit,oai_dc,Open Journal Systems,REVEXT - Revista de Extensão da Universidade Estadual de Alagoas - UNEAL,oai:ojs.emnuvens.com.br:article/1,,,,,,,True,True,True,,False
196,UNEB-1,Revista Ouricuri (Online),Universidade do Estado da Bahia (UNEB),108660,2026-09-11 16:30:45,INDEXED,300,https://www.revistas.uneb.br/index.php/ouricuri/oai,ojs,periodico,toolkit,oai_dc,Open Journal Systems,Revista Ouricuri,oai:revistas.uneb.br:article/1,,,,,,,True,True,True,,False
2739,UNEB-10,Cenas Educacionais,Universidade do Estado da Bahia (UNEB),108080,2026-08-18 16:26:03,INDEXED,659,https://www.revistas.uneb.br/index.php/cenaseducacionais/oai,ojs,periodico,toolkit,oai_dc,Open Journal Systems,Cenas Educacionais,oai:revistas.uneb.br:article/1,,,,,,,True,True,True,,False
2752,UNEB-11,Revista Baiana de Educação Matemática,Universidade do Estado da Bahia (UNEB),108054,2026-08-18 15:53:18,INDEXED,242,https://www.revistas.uneb.br/index.php/baeducmatematica/oai,ojs,periodico,toolkit,oai_dc,Open Journal Systems,Revista Baiana de Educação Matemática,oai:revistas.uneb.br:article/1,,,,,,,True,True,True,,False
2753,UNEB-12,Diálogos e Diversidade,Universidade do Estado da Bahia (UNEB),108053,2026-08-18 15:53:06,INDEXED,139,https://revistas.uneb.br/index.php/rdd/oai,ojs,periodico,toolkit,oai_dc,Open Journal Systems,Diálogos e Diversidade,oai:revistas.uneb.br:article/1,,,,,,,True,True,True,,False
198,UNEB-3,Revista da FAEEBA (Online),Universidade do Estado da Bahia (UNEB),108663,2026-09-12 22:14:08,INDEXED,935,https://www.revistas.uneb.br/index.php/faeeba/oai,ojs,periodico,toolkit,oai_dc,Open Journal Systems,Revista da FAEEBA - Educação e Contemporaneidade,oai:revistas.uneb.br:article/1,,,,,,,True,True,True,,False
199,UNEB-4,Tabuleiro de Letras,Universidade do Estado da Bahia (UNEB),108666,2026-09-14 12:43:56,INDEXED,585,https://revistas.uneb.br/index.php/tabuleirodeletras/oai,ojs,periodico,toolkit,oai_dc,Open Journal Systems,Tabuleiro de Letras,oai:revistas.uneb.br:article/1,,,,,,,True,True,True,,False
1106,UNEB-5,Plurais (Salvador. Online),Universidade do Estado da Bahia (UNEB),105983,2026-01-08 23:23:34,INDEXED,324,https://revistas.uneb.br/index.php/plurais/oai,ojs,periodico,toolkit,oai_dc,Open Journal Systems,Plurais - Revista Multidisciplinar,oai:revistas.uneb.br:article/1,,,,,,,True,True,True,,False
1958,UNEB-7,Grau Zero,Universidade do Estado da Bahia (UNEB),104298,2025-09-01 16:52:22,INDEXED,370,https://revistas.uneb.br/index.php/grauzero/oai,ojs,periodico,toolkit,oai_dc,Open Journal Systems,Grau Zero – Revista de Crítica Cultural,oai:revistas.uneb.br:article/1,,,,,,,True,True,True,,False
2738,UNEB-9,Babel (Alagoinhas),Universidade do Estado da Bahia (UNEB),108081,2026-08-18 16:26:06,INDEXED,191,https://revistas.uneb.br/index.php/babel/oai,ojs,periodico,toolkit,oai_dc,Open Journal Systems,Babel: Revista Eletrônica de Línguas e Literaturas Estrangeiras,oai:revistas.uneb.br:article/1,,,,,,,True,True,True,,False
193,UNEMAT-1,Revista Eventos Pedagógicos,Universidade do Estado de Mato Grosso (UNEMAT),108658,2026-09-11 16:20:17,INDEXED,1440,https://periodicos.unemat.br/index.php/reps/oai,ojs,periodico,toolkit,oai_dc,Open Journal Systems,Eventos Pedagógicos,oai:ojs.pkp.sfu.ca:article/1,,,,,,,True,True,True,,False
194,UNEMAT-2,Revista de Letras Norte@mentos,Universidade do Estado de Mato Grosso (UNEMAT),108659,2026-09-11 16:30:47,INDEXED,1004,https://periodicos.unemat.br/index.php/norteamentos/oai,ojs,periodico,toolkit,oai_dc,Open Journal Systems,Revista de Letras Norte@mentos,oai:ojs.pkp.sfu.ca:article/1,,,,,,,True,True,True,,False
1776,UNEMAT-3,Journal Health NPEPS,Universidade do Estado de Mato Grosso (UNEMAT),102806,2025-05-12 11:21:58,INDEXED,378,https://periodicos.unemat.br/index.php/jhnpeps/oai,ojs,periodico,toolkit,oai_dc,Open Journal Systems,Journal Health NPEPS,oai:ojs.pkp.sfu.ca:article/1,,,,,,,True,True,True,,False
2045,UNEMAT-5,Revista da Faculdade de Educação (Universidade do Estado de Mato Grosso. Online),Universidade do Estado de Mato Grosso (UNEMAT),103000,2025-05-14 11:06:09,INDEXED,471,https://periodicos.unemat.br/index.php/ppgedu/oai,ojs,periodico,toolkit,oai_dc,Open Journal Systems,Revista da Faculdade de Educação,oai:ojs.pkp.sfu.ca:article/1,,,,,,,True,True,True,,False
1030,UNESC-1,Repositório Institucional da Universidade do Extremo Sul Catarinense (Unesc),Universidade do Extremo Sul Catarinense (Unesc),108590,2026-09-09 14:38:51,INDEXED,12496,https://repositorio.unesc.net/server/oai/request,dspace,repositorio,sampleIdentifier,xoai,,DSpace at My University,oai:repositorio.unesc.net:123456789/1234,,,,,,,True,True,True,,False
1185,UNESC-2,Revista Desenvolvimento Socioeconômico em Debate,Universidade do Extremo Sul Catarinense (Unesc),106050,2026-01-09 10:33:44,INDEXED,216,https://periodicos.unesc.net/ojs/index.php/RDSD/oai,ojs,periodico,toolkit,oai_dc,Open Journal Systems,Desenvolvimento Socioeconômico em Debate,oai:ojs2.periodicos.unesc.net:article/1,,,,,,,True,True,True,,False
192,UNESC-24,Criar Educação,Universidade do Extremo Sul Catarinense (Unesc),108657,2026-09-11 16:20:12,INDEXED,725,https://periodicos.unesc.net/ojs/index.php/criaredu/oai,ojs,periodico,toolkit,oai_dc,Open Journal Systems,Criar Educação,oai:ojs2.periodicos.unesc.net:article/1,,,,,,,True,True,True,,False
1896,UNESC-3,Unesc em Revista (Online),Centro Universitário do Espírito Santo (Unesc),102890,2025-05-12 21:48:42,INDEXED,125,http://revista.unesc.br/ojs/index.php/revistaunesc/oai,ojs,periodico,toolkit,oai_dc,Open Journal Systems,UNESC em Revista,oai:ojs.pkp.sfu.ca:article/1,,,,,,,True,True,True,,False
178,UNESP-10,Trans/Form/Ação (Online),Universidade Estadual Paulista (UNESP),108648,2026-09-11 15:48:08,INDEXED,2123,https://revistas.marilia.unesp.br/index.php/transformacao/oai,ojs,periodico,toolkit,oai_dc,Open Journal Systems,Trans/Form/Ação,oai:ojs.www2.marilia.unesp.br:article/1,,,,,,,True,True,True,,False
180,UNESP-12,Estudos de Sociologia,Universidade Estadual Paulista (UNESP),108649,2026-09-11 15:48:09,INDEXED,851,https://periodicos.fclar.unesp.br/estudos/oai,ojs,periodico,toolkit,oai_dc,Open Journal Systems,Estudos de Sociologia,oai:ojs.pkp.sfu.ca:article/1,,,,,,,True,True,True,,False
181,UNESP-13,Revista de História (São Paulo),Universidade de São Paulo (USP),108650,2026-09-11 15:59:20,INDEXED,3963,https://www.revistas.usp.br/revhistoria/oai,ojs,periodico,toolkit,oai_dc,Open Journal Systems,Revista de História,oai:revistas.usp.br:article/1,,,,,,,True,True,True,,False
182,UNESP-14,Bolema: Boletim de Educação Matemática,Universidade Estadual Paulista (UNESP),108651,2026-09-11 15:59:15,INDEXED,1014,https://www.periodicos.rc.biblioteca.unesp.br/index.php/bolema/oai,ojs,periodico,toolkit,oai_dc,Open Journal Systems,Bolema: Boletim de Educação Matemática,oai:periodicos.rc.biblioteca.unesp.br:article/1,,,,,,,True,True,True,,False
183,UNESP-15,Revista Ibero-Americana de Estudos em Educação (Online),Universidade Estadual Paulista (UNESP),108652,2026-09-11 15:59:16,INDEXED,2151,https://periodicos.fclar.unesp.br/iberoamericana/oai,ojs,periodico,toolkit,oai_dc,Open Journal Systems,Revista Ibero-Americana de Estudos em Educação,oai:ojs.pkp.sfu.ca:article/1,,,,,,,True,True,True,,False
185,UNESP-17,Motriz (Online),Universidade Estadual Paulista (UNESP),108653,2026-09-11 16:07:44,INDEXED,708,https://www.periodicos.rc.biblioteca.unesp.br/index.php/motriz/oai,ojs,periodico,toolkit,oai_dc,Open Journal Systems,Motriz Revista de Educação Física,oai:periodicos.rc.biblioteca.unesp.br:article/1,,,,,,,True,True,True,,False
186,UNESP-18,Patrimônio e Memória,Universidade Estadual Paulista (UNESP),108654,2026-09-11 16:07:43,INDEXED,791,http://pem.assis.unesp.br/index.php/pem/oai,ojs,periodico,toolkit,oai_dc,Open Journal Systems,Patrimônio e Memória,oai:seer.assis.unesp.br:article/1,,,,,,,True,True,True,,False
170,UNESP-2,GEPROS. Gestão da Produção. Operações e Sistemas,Universidade Estadual Paulista (UNESP),108639,2026-09-11 11:44:40,INDEXED,860,https://revista.feb.unesp.br/gepros/oai,ojs,periodico,toolkit,oai_dc,Open Journal Systems,Revista Gestão da Produção Operações e Sistemas,oai:ojs.pkp.sfu.ca:article/1,,,,,,,True,True,True,,False
188,UNESP-20,Brazilian Dental Science,Universidade Estadual Paulista (UNESP),108655,2026-09-11 16:07:44,INDEXED,1768,https://ojs.ict.unesp.br/index.php/cob/oai,ojs,periodico,toolkit,oai_dc,Open Journal Systems,Brazilian Dental Science,oai:ojs.pkp.sfu.ca:article/1,,,,,,,True,True,True,,False
1859,UNESP-24,Olho D'água,Universidade Estadual Paulista (UNESP),102865,2025-05-12 20:48:57,INDEXED,549,http://www.olhodagua.ibilce.unesp.br/index.php/Olhodagua/oai,ojs,periodico,toolkit,oai_dc,Open Journal Systems,Olho d'água,oai:ojs.pkp.sfu.ca:article/1,,,,,,,True,True,True,,False
1865,UNESP-25,Revista NERA,Universidade Estadual Paulista (UNESP),102857,2025-05-12 14:14:18,INDEXED,1150,https://revista.fct.unesp.br/index.php/nera/oai,ojs,periodico,toolkit,oai_dc,Open Journal Systems,REVISTA NERA,oai:ojs.pkp.sfu.ca:article/1,,,,,,,True,True,True,,False
1800,UNESP-26,CASA: Cadernos de Semiótica Aplicada,Universidade Estadual Paulista (UNESP),102819,2025-05-12 12:20:13,INDEXED,383,https://periodicos.fclar.unesp.br/casa/oai,ojs,periodico,toolkit,oai_dc,Open Journal Systems,CASA: Cadernos de Semiótica Aplicada,oai:ojs.pkp.sfu.ca:article/1,,,,,,,True,True,True,,False
1903,UNESP-28,Revista Diálogos e Perspectivas em Educação Especial (Online),Universidade Estadual Paulista (UNESP),102894,2025-05-12 21:49:20,INDEXED,358,https://revistas.marilia.unesp.br/index.php/dialogoseperspectivas/oai,ojs,periodico,toolkit,oai_dc,Open Journal Systems,Revista Diálogos e Perspectivas em Educação Especial,oai:ojs.www2.marilia.unesp.br:article/1,,,,,,,True,True,True,,False
171,UNESP-3,Pesquisa em Educação Ambiental (Online),Universidade Estadual Paulista (UNESP),108640,2026-09-11 14:21:27,INDEXED,446,https://www.periodicos.rc.biblioteca.unesp.br/index.php/pesquisa/oai,ojs,periodico,toolkit,oai_dc,Open Journal Systems,Pesquisa em Educação Ambiental,oai:periodicos.rc.biblioteca.unesp.br:article/1,,,,,,,True,True,True,,False
1515,UNESP-30,Revista Eletrônica Competências Digitais para Agricultura Familiar,Universidade Estadual Paulista (UNESP),102591,2025-05-07 12:13:28,INDEXED,152,https://owl.tupa.unesp.br/recodaf/index.php/recodaf/oai,ojs,periodico,toolkit,oai_dc,Open Journal Systems,Revista Eletrônica Competências Digitais para Agricultura Familiar,oai:codaf.tupa.unesp.br:8082:article/1,,,,,,,True,True,True,,False
1705,UNESP-31,Brazilian Journal of Information Science,Universidade Estadual Paulista (UNESP),102679,2025-05-07 13:42:42,INDEXED,502,https://revistas.marilia.unesp.br/index.php/bjis/oai,ojs,periodico,toolkit,oai_dc,Open Journal Systems,Brazilian Journal of Information Science: research trends,oai:ojs.www2.marilia.unesp.br:article/1,,,,,,,True,True,True,,False
1719,UNESP-32,Revista Aurora (Online),Universidade Estadual Paulista (UNESP),102701,2025-05-07 20:59:56,INDEXED,810,https://revistas.marilia.unesp.br/index.php/aurora/oai,ojs,periodico,toolkit,oai_dc,Open Journal Systems,Revista Aurora,oai:ojs.www2.marilia.unesp.br:article/1,,,,,,,True,True,True,,False
1837,UNESP-33,Revista Falange Miúda,Universidade Estadual Paulista (UNESP),102839,2025-05-12 14:00:14,INDEXED,271,https://periodicos.upe.br/index.php/refami/oai,ojs,periodico,toolkit,oai_dc,Open Journal Systems,Revista Falange Miúda,oai:periodicos.upe.br:article/1,,,,,,,True,True,True,,False
1882,UNESP-34,Revista Fim do Mundo (Online),Universidade Estadual Paulista (UNESP),102879,2025-05-12 20:53:08,INDEXED,375,https://revistas.marilia.unesp.br/index.php/RFM/oai,ojs,periodico,toolkit,oai_dc,Open Journal Systems,Revista Fim do Mundo,oai:ojs.www2.marilia.unesp.br:article/1,,,,,,,True,True,True,,False
1891,UNESP-35,Schème : Revista Eletrônica de Psicologia e Epistemologia Genéticas,Universidade Estadual Paulista (UNESP),102868,2025-05-12 20:51:57,INDEXED,390,https://revistas.marilia.unesp.br/index.php/scheme/oai,ojs,periodico,toolkit,oai_dc,Open Journal Systems,Schème: Revista Eletrônica de Psicologia e Epistemologia Genéticas,oai:ojs.www2.marilia.unesp.br:article/1,,,,,,,True,True,True,,False
1902,UNESP-36,Org & Demo (Online),Universidade Estadual Paulista (UNESP),102895,2025-05-12 21:49:26,INDEXED,387,https://revistas.marilia.unesp.br/index.php/orgdemo/oai,ojs,periodico,toolkit,oai_dc,Open Journal Systems,ORG & DEMO,oai:ojs.www2.marilia.unesp.br:article/1,,,,,,,True,True,True,,False
2706,UNESP-38,Doxa - Revista Brasileira de Psicologia e Educação (Araraquara. Online),"Universidade Estadual Paulista ""Júlio de Mesquita Filho"" (UNESP)",108094,2026-08-18 16:54:19,INDEXED,215,https://periodicos.fclar.unesp.br/doxa/oai,ojs,periodico,toolkit,oai_dc,Open Journal Systems,DOXA: Revista Brasileira de Psicologia e Educação,oai:ojs.pkp.sfu.ca:article/1,,,,,,,True,True,True,,False
2707,UNESP-39,Revista Temas em Educação e Saúde,"Universidade Estadual Paulista ""Júlio de Mesquita Filho"" (UNESP)",108095,2026-08-18 16:54:25,INDEXED,337,https://periodicos.fclar.unesp.br/tes/oai,ojs,periodico,toolkit,oai_dc,Open Journal Systems,Temas em Educação e Saúde,oai:ojs.pkp.sfu.ca:article/1,,,,,,,True,True,True,,False
172,UNESP-4,Alfa (São José do Rio Preto. Online),Universidade Estadual Paulista (UNESP),108641,2026-09-11 14:21:29,INDEXED,1271,https://periodicos.fclar.unesp.br/alfa/oai,ojs,periodico,toolkit,oai_dc,Open Journal Systems,ALFA: Revista de Linguística,oai:ojs.pkp.sfu.ca:article/1,,,,,,,True,True,True,,False
2710,UNESP-42,Cadernos de Campo: Revista de Ciências Sociais,"Universidade Estadual Paulista ""Júlio de Mesquita Filho"" (UNESP)",108100,2026-08-18 16:54:37,INDEXED,461,https://periodicos.fclar.unesp.br/cadernos/oai,ojs,periodico,toolkit,oai_dc,Open Journal Systems,Cadernos de Campo: Revista de Ciências Sociais,oai:ojs.pkp.sfu.ca:article/1,,,,,,,True,True,True,,False
2711,UNESP-43,Revista Sem Aspas (Online),"Universidade Estadual Paulista ""Júlio de Mesquita Filho"" (UNESP)",108099,2026-08-18 16:54:36,INDEXED,225,https://periodicos.fclar.unesp.br/semaspas/oai,ojs,periodico,toolkit,oai_dc,Open Journal Systems,Revista Sem Aspas,oai:ojs.pkp.sfu.ca:article/1,,,,,,,True,True,True,,False
2712,UNESP-44,Revista Formação,"Universidade Estadual Paulista ""Júlio de Mesquita Filho"" (UNESP)",108102,2026-08-18 16:54:40,INDEXED,874,https://revista.fct.unesp.br/index.php/formacao/oai,ojs,periodico,toolkit,oai_dc,Open Journal Systems,Formação (Online),oai:ojs.pkp.sfu.ca:article/1,,,,,,,True,True,True,,False
2713,UNESP-45,Journal of Human Growth and Development (Online),"Universidade Estadual Paulista ""Júlio de Mesquita Filho"" (UNESP)",108101,2026-08-18 16:54:46,INDEXED,382,https://revistas.marilia.unesp.br/index.php/jhgd/oai,ojs,periodico,toolkit,oai_dc,Open Journal Systems,Journal of Human Growth and Development,oai:ojs.www2.marilia.unesp.br:article/1,,,,,,,True,True,True,,False
2714,UNESP-46,Kínesis (Marília) -  Revista de Estudos dos Pós-Graduandos em Filosofia,"Universidade Estadual Paulista ""Júlio de Mesquita Filho"" (UNESP)",108105,2026-08-18 16:54:57,INDEXED,812,https://revistas.marilia.unesp.br/index.php/kinesis/oai,ojs,periodico,toolkit,oai_dc,Open Journal Systems,Kínesis - Revista de Estudos dos Pós-Graduandos em Filosofia,oai:ojs.www2.marilia.unesp.br:article/1,,,,,,,True,True,True,,False
2716,UNESP-48,Revista Política e gestão educacional,"Universidade Estadual Paulista ""Júlio de Mesquita Filho"" (UNESP)",108106,2026-08-18 16:55:11,INDEXED,1358,https://periodicos.fclar.unesp.br/rpge/oai,ojs,periodico,toolkit,oai_dc,Open Journal Systems,Revista on line de Política e Gestão Educacional,oai:ojs.pkp.sfu.ca:article/1,,,,,,,True,True,True,,False
2717,UNESP-49,Revista do Instituto de Políticas Públicas de Marília,"Universidade Estadual Paulista ""Júlio de Mesquita Filho"" (UNESP)",108104,2026-08-18 16:54:48,INDEXED,182,https://revistas.marilia.unesp.br/index.php/RIPPMAR/oai,ojs,periodico,toolkit,oai_dc,Open Journal Systems,Revista do Instituto de Políticas Públicas de Marília,oai:ojs.www2.marilia.unesp.br:article/1,,,,,,,True,True,True,,False
173,UNESP-5,Perspectivas,Universidade Estadual Paulista (UNESP),108645,2026-09-11 15:32:56,INDEXED,579,https://periodicos.fclar.unesp.br/perspectivas/oai,ojs,periodico,toolkit,oai_dc,Open Journal Systems,Perspectivas: Revista de Ciências Sociais,oai:ojs.pkp.sfu.ca:article/1,,,,,,,True,True,True,,False
174,UNESP-6,Faces da História,Universidade Estadual Paulista (UNESP),108646,2026-09-11 15:32:53,INDEXED,529,https://seer.assis.unesp.br/index.php/facesdahistoria/oai,ojs,periodico,toolkit,oai_dc,Open Journal Systems,Faces da História,oai:seer.assis.unesp.br:article/1,,,,,,,True,True,True,,False
175,UNESP-7,EDUCAÇÃO: Teoria e Prática,Universidade Estadual Paulista (UNESP),108647,2026-09-11 15:32:53,INDEXED,1109,https://www.periodicos.rc.biblioteca.unesp.br/index.php/educacao/oai,ojs,periodico,toolkit,oai_dc,Open Journal Systems,Educação: Teoria e Prática,oai:periodicos.rc.biblioteca.unesp.br:article/1,,,,,,,True,True,True,,False
1623,UNESPAR,Revista NUPEM (Online),Universidade Estadual do Paraná (UNESPAR),102650,2025-05-07 13:19:36,INDEXED,298,https://periodicos.unespar.edu.br/nupem/oai,ojs,periodico,toolkit,oai_dc,Open Journal Systems,Revista NUPEM,oai:ojs.pkp.sfu.ca:article/1,,,,,,,True,True,True,,False
2148,UNESPAR-2,Art&Sensorium,Universidade Estadual do Paraná (UNESPAR),103068,2025-05-14 13:01:56,INDEXED,417,https://periodicos.unespar.edu.br/index.php/sensorium/oai,ojs,periodico,toolkit,oai_dc,Open Journal Systems,Art&Sensorium,oai:ojs.pkp.sfu.ca:article/1,,,,,,,True,True,True,,False
2818,UNESPAR-3,Revista Educação e Linguagens,Universidade Estadual do Paraná (UNESPAR),108005,2026-08-18 13:44:47,INDEXED,482,https://periodicos.unespar.edu.br/revistaeduclings/oai,ojs,periodico,toolkit,oai_dc,Open Journal Systems,Revista Educação e Linguagens,oai:ojs.pkp.sfu.ca:article/1,,,,,,,True,True,True,,False
2822,UNESPAR-4,InCantare,Universidade Estadual do Paraná (UNESPAR),107988,2026-08-18 13:40:56,INDEXED,325,https://periodicos.unespar.edu.br/index.php/incantare/oai,ojs,periodico,toolkit,oai_dc,Open Journal Systems,Revista InCantare,oai:ojs.pkp.sfu.ca:article/1,,,,,,,True,True,True,,False
2860,UNIAENE-1,Práxis Teológica (Online),Centro Universitário Adventista de Ensino do Nordeste (UNIAENE),108383,2026-08-27 15:47:56,INDEXED,252,https://adventista.emnuvens.com.br/praxis/oai,ojs,periodico,toolkit,oai_dc,Open Journal Systems,Práxis Teológica,oai:ojs3.adventista.emnuvens.com.br:article/1,,,,,,,True,True,True,,False
1611,UNIARA,Revista Brasileira Multidisciplinar,Universidade de Araraquara (UNIARA),102619,2025-05-07 12:43:02,INDEXED,758,http://revistarebram.com/index.php/revistauniara/oai,ojs,periodico,toolkit,oai_dc,Open Journal Systems,Revista Brasileira Multidisciplinar,oai:ojs.revistarebram.com:article/1,,,,,,,True,True,True,,False
164,UNIBH-1,e-Hum: Revista das Áreas de Humanidade do Centro Universitário de Belo Horizonte,Centro Universitário de Belo Horizonte (UNIBH),108635,2026-09-11 11:32:57,INDEXED,293,https://portaldeperiodicos.animaeducacao.com.br/index.php/dchla/oai,ojs,periodico,toolkit,oai_dc,Open Journal Systems,e-hum,oai:portaldeperiodicos.animaeducacao.com.br:article/1,,,,,,,True,True,True,,False
165,UNIBH-2,Revista e-xacta,Centro Universitário de Belo Horizonte (UNIBH),108636,2026-09-11 11:32:57,INDEXED,885,https://periodicos.uninove.br/exacta/oai,ojs,periodico,toolkit,oai_dc,Open Journal Systems,Exacta,oai:ojs.periodicos.uninove.br:article/1,,,,,,,True,True,True,,False
2147,UNIBR-1,Revista Direitos Fundamentais e Democracia,Centro Universitário Autônomo do Brasil (UniBrasil),103069,2025-05-14 13:02:22,INDEXED,714,https://revistaeletronicardfd.unibrasil.com.br/index.php/rdfd/oai,ojs,periodico,toolkit,oai_dc,Open Journal Systems,Revista Direitos Fundamentais & Democracia,oai:ojs.pkp.sfu.ca:article/1,,,,,,,True,True,True,,False
152,UNICAMP-10,Opinião Pública (Online),Universidade Estadual de Campinas (UNICAMP),108624,2026-09-11 10:55:51,INDEXED,622,https://periodicos.sbu.unicamp.br/ojs/index.php/op/oai,ojs,periodico,toolkit,oai_dc,Open Journal Systems,Opinião Pública,oai:ojs.periodicos.sbu.unicamp.br:article/1,,,,,,,True,True,True,,False
153,UNICAMP-11,Economia e Sociedade,Universidade Estadual de Campinas (UNICAMP),108625,2026-09-11 10:55:51,INDEXED,657,https://periodicos.sbu.unicamp.br/ojs/index.php/ecos/oai,ojs,periodico,toolkit,oai_dc,Open Journal Systems,Economia e Sociedade,oai:ojs.periodicos.sbu.unicamp.br:article/1,,,,,,,True,True,True,,False
154,UNICAMP-12,Trabalhos em Lingüística Aplicada (Online),Universidade Estadual de Campinas (UNICAMP),108626,2026-09-11 10:55:52,INDEXED,869,https://periodicos.sbu.unicamp.br/ojs/index.php/tla/oai,ojs,periodico,toolkit,oai_dc,Open Journal Systems,Trabalhos em Linguística Aplicada,oai:ojs.periodicos.sbu.unicamp.br:article/1,,,,,,,True,True,True,,False
155,UNICAMP-13,Cadernos de Estudos Linguísticos,Universidade Estadual de Campinas (UNICAMP),108627,2026-09-11 11:05:36,INDEXED,1142,https://periodicos.sbu.unicamp.br/ojs/index.php/cel/oai,ojs,periodico,toolkit,oai_dc,Open Journal Systems,Cadernos de Estudos Linguísticos,oai:ojs.periodicos.sbu.unicamp.br:article/1,,,,,,,True,True,True,,False
156,UNICAMP-14,Cadernos Pagu (Online),Universidade Estadual de Campinas (UNICAMP),108628,2026-09-11 11:05:36,INDEXED,1140,https://periodicos.sbu.unicamp.br/ojs/index.php/cadpagu/oai,ojs,periodico,toolkit,oai_dc,Open Journal Systems,Cadernos Pagu,oai:ojs.periodicos.sbu.unicamp.br:article/1,,,,,,,True,True,True,,False
157,UNICAMP-15,Labor & Engenho (Online),Universidade Estadual de Campinas (UNICAMP),108629,2026-09-11 11:05:35,INDEXED,494,https://periodicos.sbu.unicamp.br/ojs/index.php/labore/oai,ojs,periodico,toolkit,oai_dc,Open Journal Systems,Labor e Engenho,oai:ojs.periodicos.sbu.unicamp.br:article/1,,,,,,,True,True,True,,False
158,UNICAMP-16,Revista Segurança Alimentar e Nutricional (Online),Universidade Estadual de Campinas (UNICAMP),108630,2026-09-11 11:05:35,INDEXED,521,https://periodicos.sbu.unicamp.br/ojs/index.php/san/oai,ojs,periodico,toolkit,oai_dc,Open Journal Systems,Segurança Alimentar e Nutricional,oai:ojs.periodicos.sbu.unicamp.br:article/1,,,,,,,True,True,True,,False
159,UNICAMP-17,Manuscrito (Online),Universidade Estadual de Campinas (UNICAMP),108631,2026-09-11 11:25:36,INDEXED,825,https://periodicos.sbu.unicamp.br/ojs/index.php/manuscrito/oai,ojs,periodico,toolkit,oai_dc,Open Journal Systems,Manuscrito: Revista Internacional de Filosofia,oai:ojs.periodicos.sbu.unicamp.br:article/1,,,,,,,True,True,True,,False
161,UNICAMP-19,ETD - Educação Temática Digital,Universidade Estadual de Campinas (UNICAMP),108633,2026-09-11 11:25:37,INDEXED,1463,https://periodicos.sbu.unicamp.br/ojs/index.php/etd/oai,ojs,periodico,toolkit,oai_dc,Open Journal Systems,ETD - Educação Temática Digital,oai:ojs.periodicos.sbu.unicamp.br:article/1,,,,,,,True,True,True,,False
162,UNICAMP-20,PARC (Campinas),Universidade Estadual de Campinas (UNICAMP),108634,2026-09-11 11:32:58,INDEXED,458,https://periodicos.sbu.unicamp.br/ojs/index.php/parc/oai,ojs,periodico,toolkit,oai_dc,Open Journal Systems,PARC: Pesquisa em Arquitetura e Construção,oai:ojs.periodicos.sbu.unicamp.br:article/1,,,,,,,True,True,True,,False
1721,UNICAMP-26,Ciencias Sociales y Religión (Online),Universidade Estadual de Campinas (UNICAMP),104826,2025-10-22 15:42:35,INDEXED,452,https://periodicos.sbu.unicamp.br/ojs/index.php/csr/oai,ojs,periodico,toolkit,oai_dc,Open Journal Systems,Ciencias Sociales y Religión,oai:ojs.periodicos.sbu.unicamp.br:article/1,,,,,,,True,True,True,,False
1723,UNICAMP-27,Kant e-prints (Online),Universidade Estadual de Campinas (UNICAMP),104829,2025-10-22 15:52:38,INDEXED,346,https://periodicos.sbu.unicamp.br/ojs/index.php/kant/oai,ojs,periodico,toolkit,oai_dc,Open Journal Systems,Kant e-prints,oai:ojs.periodicos.sbu.unicamp.br:article/1,,,,,,,True,True,True,,False
2773,UNICAMP-34,Revista Terrae didatica (Online),Universidade Estadual de Campinas (UNICAMP),108027,2026-08-18 15:33:31,INDEXED,624,https://periodicos.sbu.unicamp.br/ojs/index.php/td/oai,ojs,periodico,toolkit,oai_dc,Open Journal Systems,Terrae Didatica,oai:ojs.periodicos.sbu.unicamp.br:article/1,,,,,,,True,True,True,,False
2772,UNICAMP-35,Revista Visuais,Universidade Estadual de Campinas (UNICAMP),108036,2026-08-18 15:46:59,INDEXED,208,https://econtents.sbu.unicamp.br/inpec/index.php/visuais/oai,ojs,periodico,toolkit,oai_dc,Open Journal Systems,Revista Visuais,oai:inpec.econtents.sbu.unicamp.br:article/1,,,,,,,True,True,True,,False
2770,UNICAMP-36,Modernos & Contemporâneos,Universidade Estadual de Campinas (UNICAMP),108009,2026-08-18 15:32:29,INDEXED,383,https://ojs.ifch.unicamp.br//index.php/modernoscontemporaneos/oai,ojs,periodico,toolkit,oai_dc,Open Journal Systems,Modernos & Contemporâneos - International Journal of Philosophy [issn 2595-1211],oai:ojs.ifch.unicamp.br:article/1,,,,,,,True,True,True,,False
2774,UNICAMP-37,Revista Serviço Social & Saúde,Universidade Estadual de Campinas (UNICAMP),108028,2026-08-18 15:33:36,INDEXED,332,https://periodicos.sbu.unicamp.br/ojs/index.php/sss/oai,ojs,periodico,toolkit,oai_dc,Open Journal Systems,Serviço Social e Saúde,oai:ojs.periodicos.sbu.unicamp.br:article/1,,,,,,,True,True,True,,False
2775,UNICAMP-38,Revista Internacional de Educação Superior,Universidade Estadual de Campinas (UNICAMP),108026,2026-08-18 15:33:28,INDEXED,527,https://periodicos.sbu.unicamp.br/ojs/index.php/riesup/oai,ojs,periodico,toolkit,oai_dc,Open Journal Systems,Revista Internacional de Educação Superior,oai:ojs.periodicos.sbu.unicamp.br:article/1,,,,,,,True,True,True,,False
2776,UNICAMP-39,Revista HISTEDBR on-line,Universidade Estadual de Campinas (UNICAMP),108030,2026-08-18 15:33:58,INDEXED,1841,https://periodicos.sbu.unicamp.br/ojs/index.php/histedbr/oai,ojs,periodico,toolkit,oai_dc,Open Journal Systems,Revista HISTEDBR On-line,oai:ojs.periodicos.sbu.unicamp.br:article/1,,,,,,,True,True,True,,False
146,UNICAMP-4,Revista Digital de Biblioteconomia e Ciência da Informação,Universidade Estadual de Campinas (UNICAMP),108618,2026-09-11 10:07:51,INDEXED,702,https://periodicos.sbu.unicamp.br/ojs/index.php/rdbci/oai,ojs,periodico,toolkit,oai_dc,Open Journal Systems,RDBCI: Revista Digital de Biblioteconomia e Ciência da Informação,oai:ojs.periodicos.sbu.unicamp.br:article/1,,,,,,,True,True,True,,False
2777,UNICAMP-40,Remate de Males (Online),Universidade Estadual de Campinas (UNICAMP),108029,2026-08-18 15:34:05,INDEXED,1137,https://periodicos.sbu.unicamp.br/ojs/index.php/remate/oai,ojs,periodico,toolkit,oai_dc,Open Journal Systems,Remate de Males,oai:ojs.periodicos.sbu.unicamp.br:article/1,,,,,,,True,True,True,,False
2779,UNICAMP-42,Revista Pitágoras 500,Universidade Estadual de Campinas (UNICAMP),108031,2026-08-18 15:33:36,INDEXED,307,https://periodicos.sbu.unicamp.br/ojs/index.php/pit500/oai,ojs,periodico,toolkit,oai_dc,Open Journal Systems,Pitágoras 500,oai:ojs.periodicos.sbu.unicamp.br:article/1,,,,,,,True,True,True,,False
2780,UNICAMP-43,Revista Liames (Online),Universidade Estadual de Campinas (UNICAMP),108014,2026-08-18 15:32:40,INDEXED,371,https://periodicos.sbu.unicamp.br/ojs/index.php/liames/oai,ojs,periodico,toolkit,oai_dc,Open Journal Systems,LIAMES: Línguas Indígenas Americanas,oai:ojs.periodicos.sbu.unicamp.br:article/1,,,,,,,True,True,True,,False
2781,UNICAMP-44,Filosofia e Educação,Universidade Estadual de Campinas (UNICAMP),108013,2026-08-18 15:32:41,INDEXED,574,https://periodicos.sbu.unicamp.br/ojs/index.php/rfe/oai,ojs,periodico,toolkit,oai_dc,Open Journal Systems,Filosofia e Educação,oai:ojs.periodicos.sbu.unicamp.br:article/1,,,,,,,True,True,True,,False
2782,UNICAMP-45,Revista Conexões (Campinas. Online),Universidade Estadual de Campinas (UNICAMP),108012,2026-08-18 15:32:45,INDEXED,1024,https://periodicos.sbu.unicamp.br/ojs/index.php/conexoes/oai,ojs,periodico,toolkit,oai_dc,Open Journal Systems,Conexões,oai:ojs.periodicos.sbu.unicamp.br:article/1,,,,,,,True,True,True,,False
2783,UNICAMP-46,Conceição/Conception,Universidade Estadual de Campinas (UNICAMP),108016,2026-08-18 15:32:47,INDEXED,309,https://periodicos.sbu.unicamp.br/ojs/index.php/conce/oai,ojs,periodico,toolkit,oai_dc,Open Journal Systems,Conceição/Conception,oai:ojs.periodicos.sbu.unicamp.br:article/1,,,,,,,True,True,True,,False
147,UNICAMP-5,Revista de Arqueologia Pública,Universidade Estadual de Campinas (UNICAMP),108619,2026-09-11 10:45:29,INDEXED,370,https://periodicos.sbu.unicamp.br/ojs/index.php/rap/oai,ojs,periodico,toolkit,oai_dc,Open Journal Systems,Revista Arqueologia Pública,oai:ojs.periodicos.sbu.unicamp.br:article/1,,,,,,,True,True,True,,False
148,UNICAMP-6,Resgate (Online),Universidade Estadual de Campinas (UNICAMP),108620,2026-09-11 10:46:01,INDEXED,664,https://periodicos.sbu.unicamp.br/ojs/index.php/resgate/oai,ojs,periodico,toolkit,oai_dc,Open Journal Systems,Resgate: Revista Interdisciplinar de  Cultura,oai:ojs.periodicos.sbu.unicamp.br:article/1,,,,,,,True,True,True,,False
150,UNICAMP-8,Brazilian journal of oral sciences (Online),Universidade Estadual de Campinas (UNICAMP),108622,2026-09-11 10:45:31,INDEXED,1350,https://periodicos.sbu.unicamp.br/ojs/index.php/bjos/oai,ojs,periodico,toolkit,oai_dc,Open Journal Systems,Brazilian Journal of Oral Sciences,oai:ojs.periodicos.sbu.unicamp.br:article/1,,,,,,,True,True,True,,False
151,UNICAMP-9,Revista Brasileira de Inovação (Online),Universidade Estadual de Campinas (UNICAMP),108623,2026-09-11 10:55:51,INDEXED,476,https://periodicos.sbu.unicamp.br/ojs/index.php/rbi/oai,ojs,periodico,toolkit,oai_dc,Open Journal Systems,Revista Brasileira de Inovação,oai:ojs.periodicos.sbu.unicamp.br:article/1,,,,,,,True,True,True,,False
144,UNICAP-2,Ágora Filosófica (Online),Universidade Católica de Pernambuco (UNICAP),108616,2026-09-11 10:07:13,INDEXED,469,https://www1.unicap.br/ojs/index.php/agora/oai,ojs,periodico,toolkit,oai_dc,Open Journal Systems,Revista Ágora Filosófica,oai:ojs3.periodicos.unicap.br:article/1,,,,,,,True,True,True,,False
2126,UNICEUB-10,Universitas Humanas,Centro de Ensino de Brasília (UNICEUB),103057,2025-05-14 12:37:18,INDEXED,98,https://www.publicacoesacademicas.uniceub.br/universitashumanas/oai,ojs,periodico,toolkit,oai_dc,Open Journal Systems,Universitas Humanas (encerrada),oai:ojs35.uniceub.emnuvens.com.br:article/1,,,,,,,True,True,True,,False
2127,UNICEUB-11,Universitas Jus,Centro de Ensino de Brasília (UNICEUB),103061,2025-05-14 12:37:40,INDEXED,180,https://www.publicacoesacademicas.uniceub.br/jus/oai,ojs,periodico,toolkit,oai_dc,Open Journal Systems,Universitas Jus (encerrada),oai:ojs35.uniceub.emnuvens.com.br:article/1,,,,,,,True,True,True,,False
2128,UNICEUB-12,"Padê: Estudos em filosofia, raça, gênero e direitos humanos",Centro de Ensino de Brasília (UNICEUB),103058,2025-05-14 12:37:27,INDEXED,62,https://www.publicacoesacademicas.uniceub.br/pade/oai,ojs,periodico,toolkit,oai_dc,Open Journal Systems,"Padê: Estudos em filosofia, raça, gênero e direitos humanos (encerrada)",oai:ojs35.uniceub.emnuvens.com.br:article/1,,,,,,,True,True,True,,False
2130,UNICEUB-13,"Prismas: Direito, Políticas Públicas e Mundialização",Centro de Ensino de Brasília (UNICEUB),103062,2025-05-14 12:37:39,INDEXED,131,https://www.publicacoes.uniceub.br/prisma/oai,ojs,periodico,toolkit,oai_dc,Open Journal Systems,"Prismas: Direito, Políticas Públicas e Mundialização (substituída pela Revista de Direito Internacional)",oai:ojs35.uniceub.emnuvens.com.br:article/1,,,,,,,True,True,True,,False
2131,UNICEUB-14,Universitas FACE,Centro de Ensino de Brasília (UNICEUB),103060,2025-05-14 12:37:36,INDEXED,58,https://www.publicacoesacademicas.uniceub.br/face/oai,ojs,periodico,toolkit,oai_dc,Open Journal Systems,Universitas FACE (encerrada),oai:ojs35.uniceub.emnuvens.com.br:article/1,,,,,,,True,True,True,,False
139,UNICEUB-2,Universitas. Ciências da saúde (Online),Centro de Ensino de Brasília (UNICEUB),108612,2026-09-11 10:00:16,INDEXED,245,https://www.publicacoesacademicas.uniceub.br/cienciasaude/oai,ojs,periodico,toolkit,oai_dc,Open Journal Systems,Universitas: Ciências da Saúde (encerrada),oai:ojs35.uniceub.emnuvens.com.br:article/1,,,,,,,True,True,True,,False
2120,UNICEUB-5,Revista de Direito Internacional,Centro de Ensino de Brasília (UNICEUB),103053,2025-05-14 12:37:30,INDEXED,834,https://www.publicacoesacademicas.uniceub.br/rdi/oai,ojs,periodico,toolkit,oai_dc,Open Journal Systems,Revista de Direito Internacional,oai:ojs35.uniceub.emnuvens.com.br:article/1,,,,,,,True,True,True,,False
2121,UNICEUB-6,Revista da Arquitetura: cidade e habitação,Centro de Ensino de Brasília (UNICEUB),103054,2025-05-14 12:37:08,INDEXED,45,https://www.publicacoesacademicas.uniceub.br/ra/oai,ojs,periodico,toolkit,oai_dc,Open Journal Systems,Revista da Arquitetura: cidade e habitação (encerrada),oai:ojs35.uniceub.emnuvens.com.br:article/1,,,,,,,True,True,True,,False
2122,UNICEUB-7,Programa de Iniciação Científica - PIC/UniCEUB - Relatórios de Pesquisa,Centro de Ensino de Brasília (UNICEUB),108116,2026-08-19 11:01:18,INDEXED,1211,https://www.publicacoesacademicas.uniceub.br/pic/oai,ojs,periodico,toolkit,oai_dc,Open Journal Systems,Programa de Iniciação Científica - PIC/UniCEUB - Relatórios de Pesquisa,oai:ojs35.uniceub.emnuvens.com.br:article/1,,,,,,,True,True,True,,False
2123,UNICEUB-8,Universitas: Arquitetura e Comunicação Social,Centro de Ensino de Brasília (UNICEUB),103055,2025-05-14 12:37:18,INDEXED,112,https://www.publicacoesacademicas.uniceub.br/arqcom/oai,ojs,periodico,toolkit,oai_dc,Open Journal Systems,Universitas: Arquitetura e Comunicação Social (encerrada),oai:ojs35.uniceub.emnuvens.com.br:article/1,,,,,,,True,True,True,,False
1071,UNIDA-1,Reflexus (Online),Faculdade Unida (UNIDA),105950,2026-01-08 22:21:25,INDEXED,484,https://revista.fuv.edu.br/index.php/reflexus/oai,ojs,periodico,toolkit,oai_dc,Open Journal Systems,REFLEXUS - Revista Semestral de Teologia e Ciências das Religiões,oai:ojs.pkp.sfu.ca:article/1,,,,,,,True,True,True,,False
2727,UNIEST-7,Revista Ideação (Foz do Iguaçu. Online),Universidade Estadual do Oeste do Paraná (UNIOESTE),108071,2026-08-18 16:25:20,INDEXED,631,https://e-revista.unioeste.br/index.php/ideacao/oai,ojs,periodico,toolkit,oai_dc,Open Journal Systems,Ideação,oai:e-revista.unioeste.br:article/1,,,,,,,True,True,True,,False
2728,UNIEST-8,Acta Elit Salutis,Universidade Estadual do Oeste do Paraná (UNIOESTE),108070,2026-08-18 16:23:16,INDEXED,84,https://e-revista.unioeste.br/index.php/salutis/oai,ojs,periodico,toolkit,oai_dc,Open Journal Systems,Acta Elit Salutis,oai:e-revista.unioeste.br:article/1,,,,,,,True,True,True,,False
2014,UNIEURO-1,Revista Ciências da Saúde Ceuma,Centro Universitário Euro-Americano (Unieuro),102980,2025-05-13 16:31:46,INDEXED,43,https://revcsaudeceuma.emnuvens.com.br/revista/oai,ojs,periodico,toolkit,oai_dc,Open Journal Systems,Revista Ciências da Saúde Ceuma,oai:ojs.revcsaudeceuma.emnuvens.com.br:article/1,,,,,,,True,True,True,,False
2266,UNIEVANG-1,Historia Ambiental Latinoamericana y Caribeña,Centro Universitário de Anápolis (UniEVANGÉLICA),103395,2025-07-02 11:06:44,INDEXED,499,https://www.halacsolcha.org/index.php/halac/oai,ojs,periodico,toolkit,oai_dc,Open Journal Systems,Historia Ambiental Latinoamericana y Caribeña (HALAC) revista de la Solcha,oai:ojs2.www.halacsolcha.org:article/1,,,,,,,True,True,True,,False
2217,UNIF-1,Revista de Sistemas e Computação,Universidade Salvador (UNIFACS),103218,2025-06-02 12:11:18,INDEXED,341,https://revistas.unifacs.br/index.php/rsc/oai,ojs,periodico,sampleIdentifier,oai_dc,,Revista de Sistemas e Computação - RSC,oai:ojs.200.223.74.126:article/1,,,,,,,True,True,True,,False
2218,UNIFACS-2,Revista Gestão e Planejamento (Online),Universidade Salvador (UNIFACS),103298,2025-06-11 11:50:23,INDEXED,685,https://revistas.unifacs.br/index.php/rgb/oai,ojs,periodico,sampleIdentifier,oai_dc,,Gestão & Planejamento - G&P,oai:ojs.200.223.74.126:article/1,,,,,,,True,True,True,,False
2283,UNIFAFIBE,Revista Direitos Sociais e Políticas Públicas,Centro Universitário Unifafibe (UNIFAFIBE),103410,2025-07-02 14:50:18,INDEXED,608,https://portal.unifafibe.com.br/revista/index.php/direitos-sociais-politicas-pub/oai,ojs,periodico,toolkit,oai_dc,Open Journal Systems,Revista Direitos Sociais e Políticas Públicas (UNIFAFIBE),oai:ojs.pkp.sfu.ca:article/1,,,,,,,True,True,True,,False
1846,UNIFAL,Repositório Institucional da Universidade Federal de Alfenas - RiUnifal,Universidade Federal de Alfenas (UNIFAL),106661,2026-03-16 11:41:32,INDEXED,2695,https://repositorio.unifal-mg.edu.br/server/oai/request,dspace,repositorio,sampleIdentifier,xoai,,Repositório UNIFAL,oai:repositorio.unifal-mg.edu.br:123456789/1234,,,,,,,True,True,True,,False
132,UNIFAP-1,PRACS: Revista Eletrônica de Humanidades do Curso de Ciências Sociais da UNIFAP,Universidade Federal do Amapá (UNIFAP),108609,2026-09-11 09:55:44,INDEXED,349,https://periodicos.unifap.br/index.php/pracs/oai,ojs,periodico,toolkit,oai_dc,Open Journal Systems,PRACS: REVISTA ELETRÔNICA DE HUMANIDADES DO CURSO DE CIÊNCIAS SOCIAIS DA UNIFAP,oai:ojs2.200.139.21.65:article/1,,,,,,,True,True,True,,False
2338,UNIFE-1,Revista Diálogos e Perspectivas em Educação (ReDiPE),Universidade Federal do Sul e Sudeste do Pará (UNIFESSPA),103471,2025-07-07 11:29:55,INDEXED,148,https://periodicos.unifesspa.edu.br/index.php/ReDiPE/oai,ojs,periodico,toolkit,oai_dc,Open Journal Systems,ReDiPE: Revista Diálogos e Perspectivas em Educação,oai:ojs.pkp.sfu.ca:article/1,,,,,,,True,True,True,,False
131,UNIFEBE-1,Revista da Unifebe,Centro Universitário de Brusque (UNIFEBE),108608,2026-09-11 09:55:45,INDEXED,430,https://periodicos.unifebe.edu.br/index.php/RevistaUnifebe/oai,ojs,periodico,toolkit,oai_dc,Open Journal Systems,Revista da UNIFEBE,oai:periodicos.unifebe.edu.br:article/1,,,,,,,True,True,True,,False
1814,UNIFEI,"Research, Society and Development",Universidade Federal de Itajubá (UNIFEI),107563,2026-08-02 19:36:58,INDEXED,34556,https://rsdjournal.org/index.php/rsd/oai,ojs,periodico,toolkit,oai_dc,Open Journal Systems,"Research, Society and Development",oai:ojs.pkp.sfu.ca:article/1,,,,,,,True,True,True,,False
127,UNIFESP-2,Almanack (Guarulhos),Universidade Federal de São Paulo (UNIFESP),108604,2026-09-11 09:36:34,INDEXED,596,https://periodicos.unifesp.br/index.php/alm/oai,ojs,periodico,toolkit,oai_dc,Open Journal Systems,Almanack,oai:ojs.pkp.sfu.ca:article/1,,,,,,,True,True,True,,False
128,UNIFESP-3,Olh@res (Universidade Federal de São Paulo),Universidade Federal de São Paulo (UNIFESP),108605,2026-09-11 09:47:31,INDEXED,464,https://periodicos.unifesp.br/index.php/olhares/oai,ojs,periodico,toolkit,oai_dc,Open Journal Systems,Olhares: Revista do Departamento de Educação da Unifesp,oai:ojs.pkp.sfu.ca:article/1,,,,,,,True,True,True,,False
1530,UNIFESP-4,Repositório de Dados de Pesquisa da UNIFESP,Universidade Federal de São Paulo (UNIFESP),107107,2026-05-25 13:38:09,INDEXED,114,https://repositoriodedados.unifesp.br/oai,dataverse,dados,repositoryName,oai_datacite,,Domus Dados: repositório de dados de pesquisa da Universidade Federal de São Paulo Dataverse OAI Archive,,,,,,,,True,True,True,,False
2531,UNIFESP-5,Revista Heródoto,Universidade Federal de São Paulo (UNIFESP),108332,2026-08-24 16:54:13,INDEXED,414,https://periodicos.unifesp.br/index.php/herodoto/oai,ojs,periodico,toolkit,oai_dc,Open Journal Systems,Heródoto: Revista do Grupo de Estudos e Pesquisas sobre a Antiguidade Clássica e suas Conexões Afro-asiáticas,oai:ojs.pkp.sfu.ca:article/1,,,,,,,True,True,True,,False
2534,UNIFESP-6,Revista Prometeica (Mar del Plata),Universidade Federal de São Paulo (UNIFESP),108336,2026-08-24 16:54:34,INDEXED,642,https://periodicos.unifesp.br/index.php/prometeica/oai,ojs,periodico,toolkit,oai_dc,Open Journal Systems,Prometeica - Revista de Filosofía y Ciencias,oai:ojs.pkp.sfu.ca:article/1,,,,,,,True,True,True,,False
2542,UNIFESP-7,Exilium - Revista de Estudos da Contemporaneidade,Universidade Federal de São Paulo (UNIFESP),108319,2026-08-24 16:51:39,INDEXED,177,https://periodicos.unifesp.br/index.php/exilium/oai,ojs,periodico,toolkit,oai_dc,Open Journal Systems,EXILIUM Revista de Estudos da Contemporaneidade,oai:ojs.pkp.sfu.ca:article/1,,,,,,,True,True,True,,False
124,UNIFOR-2,Revista Ciências Administrativas (Fortaleza. Online),Universidade de Fortaleza (UNIFOR),108599,2026-09-09 16:12:38,INDEXED,1516,https://ojs.unifor.br/rca/oai,ojs,periodico,toolkit,oai_dc,Open Journal Systems,Revista Ciências Administrativas,oai:ojs3.ojs.unifor.br:article/1,,,,,,,True,True,True,,False
125,UNIFOR-3,Pensar (Fortaleza. Online),Universidade de Fortaleza (UNIFOR),108600,2026-09-09 16:12:39,INDEXED,1600,https://periodicos.unifor.br/rpen/oai,ojs,periodico,toolkit,oai_dc,Open Journal Systems,Pensar - Revista de Ciências Jurídicas,oai:ojs3.ojs.unifor.br:article/1,,,,,,,True,True,True,,False
121,UNIJ,Repositório Institucional da UNIJUI,Universidade Regional do Noroeste do Estado do Rio Grande do Sul (UNIJUI),108596,2026-09-09 15:03:31,INDEXED,7506,http://bibliodigital.unijui.edu.br:8080/server/oai/request,dspace,repositorio,sampleIdentifier,oai_dc,,Repositorio Insitucional,oai:bibliodigital.unijui.edu.br:123456789/1234,,,,,,,True,True,True,,False
1186,UNIJ-1,Revista Direitos Humanos e Democracia,Universidade Regional do Noroeste do Estado do Rio Grande do Sul (UNIJUI),106053,2026-01-09 10:33:47,INDEXED,439,https://www.revistas.unijui.edu.br/index.php/direitoshumanosedemocracia/oai,ojs,periodico,toolkit,oai_dc,Open Journal Systems,Revista Direitos Humanos e Democracia,oai:ojs.revistas.unijui.edu.br:article/1,,,,,,,True,True,True,,False
2225,UNIJ-2,Revista Contexto & Educação,Universidade Regional do Noroeste do Estado do Rio Grande do Sul (UNIJUI),103330,2025-06-16 15:53:05,INDEXED,1007,https://www.revistas.unijui.edu.br/index.php/contextoeducacao/oai,ojs,periodico,toolkit,oai_dc,Open Journal Systems,Revista Contexto & Educação,oai:ojs.revistas.unijui.edu.br:article/1,,,,,,,True,True,True,,False
2226,UNIJ-3,Revista Direito em Debate (Online),Universidade Regional do Noroeste do Estado do Rio Grande do Sul (UNIJUI),103331,2025-06-16 16:43:13,INDEXED,721,https://www.revistas.unijui.edu.br/index.php/revistadireitoemdebate/oai,ojs,periodico,toolkit,oai_dc,Open Journal Systems,Revista Direito em Debate,oai:ojs.revistas.unijui.edu.br:article/1,,,,,,,True,True,True,,False
2227,UNIJ-4,Revista Desenvolvimento em Questão,Universidade Regional do Noroeste do Estado do Rio Grande do Sul (UNIJUI),103341,2025-06-24 16:21:27,INDEXED,1074,https://www.revistas.unijui.edu.br/index.php/desenvolvimentoemquestao/oai,ojs,periodico,toolkit,oai_dc,Open Journal Systems,Desenvolvimento em Questão,oai:ojs.revistas.unijui.edu.br:article/1,,,,,,,True,True,True,,False
2230,UNIJ-5,Revista Contexto & Saúde (Online),Universidade Regional do Noroeste do Estado do Rio Grande do Sul (UNIJUI),103351,2025-06-25 15:22:43,INDEXED,1216,https://www.revistas.unijui.edu.br/index.php/contextoesaude/oai,ojs,periodico,toolkit,oai_dc,Open Journal Systems,Revista Contexto & Saúde,oai:ojs.revistas.unijui.edu.br:article/1,,,,,,,True,True,True,,False
120,UNIL,Repositório Institucional da UNILA,Universidade Federal da Integração Latino-Americana (UNILA),108595,2026-09-09 15:03:30,INDEXED,8451,https://dspace.unila.edu.br/server/oai/request,dspace,repositorio,sampleIdentifier,oai_dc,,RIUNILA,oai:dspace.unila.edu.br:123456789/1234,,,,,,,True,True,True,,False
2687,UNIL-1,Revista Eletrônica Ludus Scientiae,Universidade Federal da Integração Latino-Americana (UNILA),108149,2026-08-19 18:27:36,INDEXED,131,https://revistas.unila.edu.br/relus/oai,ojs,periodico,toolkit,oai_dc,Open Journal Systems,Revista Eletrônica Ludus Scientiae,oai:revistas.unila.edu.br:article/1,,,,,,,True,True,True,,False
2688,UNIL-2,Revista Educação Química en Punto de Vista,Universidade Federal da Integração Latino-Americana (UNILA),108152,2026-08-19 18:28:08,INDEXED,203,https://revistas.unila.edu.br/eqpv/oai,ojs,periodico,toolkit,oai_dc,Open Journal Systems,Educação Química en Punto de Vista,oai:revistas.unila.edu.br:article/1,,,,,,,True,True,True,,False
2689,UNIL-3,Revista Orbis Latina,Universidade Federal da Integração Latino-Americana (UNILA),108151,2026-08-19 18:28:00,INDEXED,470,https://revistas.unila.edu.br/orbis/oai,ojs,periodico,toolkit,oai_dc,Open Journal Systems,Revista Orbis Latina,oai:revistas.unila.edu.br:article/1,,,,,,,True,True,True,,False
119,UNILASALLE-6,Saúde e Desenvolvimento Humano,Universidade La Salle (UNILASALLE),108594,2026-09-09 14:59:10,INDEXED,407,https://revistas.unilasalle.edu.br/index.php/saude_desenvolvimento/oai,ojs,periodico,toolkit,oai_dc,Open Journal Systems,Saúde e Desenvolvimento Humano,oai:ojs.revistas.unilasalle.edu.br:article/1,,,,,,,True,True,True,,False
2279,UNILUS,UNILUS Ensino e Pesquisa (Online),Centro Universitário Lusíada (UNILUS),103407,2025-07-02 14:11:32,INDEXED,1249,http://revista.unilus.edu.br/index.php/ruep/oai,ojs,periodico,toolkit,oai_dc,Open Journal Systems,UNILUS Ensino e Pesquisa,oai:revista.lusiada.br:article/1,,,,,,,True,True,True,,False
113,UNIMAR-1,Revista Argumentum (Marília. Online),Universidade de Marília (Unimar),108569,2026-09-04 16:28:33,INDEXED,709,https://ojs.unimar.br/index.php/revistaargumentum/oai,ojs,periodico,toolkit,oai_dc,Open Journal Systems,Revista Argumentum - Argumentum Journal of Law,oai:ojs.pkp.sfu.ca:article/1,,,,,,,True,True,True,,False
1221,UNIMES-1,Paidéi@,Universidade Metropolitana de Santos (UNIMES),106071,2026-01-09 10:58:05,INDEXED,448,https://periodicos.unimesvirtual.com.br/index.php/paideia/oai,ojs,periodico,toolkit,oai_dc,Open Journal Systems,Revista Paidéi@ - Revista Científica de Educação a Distância,oai:ojs.server1.unimesvirtual.com.br:article/1,,,,,,,True,True,True,,False
1578,UNIMONTES,Revista Cerrados (Montes Claros. Online),Universidade Estadual de Montes Claros (UNIMONTES),102616,2025-05-07 12:42:52,INDEXED,444,https://www.periodicos.unimontes.br/index.php/cerrados/oai,ojs,periodico,toolkit,oai_dc,Open Journal Systems,Revista Cerrados,oai:ojs2.periodicos.unimontes.br:article/1,,,,,,,True,True,True,,False
1608,UNIMONTES1,Educação Matemática Debate,Universidade Estadual de Montes Claros (UNIMONTES),102627,2025-05-07 12:43:31,INDEXED,243,https://www.periodicos.unimontes.br/index.php/emd/oai,ojs,periodico,toolkit,oai_dc,Open Journal Systems,Educação Matemática Debate,oai:ojs2.periodicos.unimontes.br:article/1,,,,,,,True,True,True,,False
1724,UNIMONTES2,Argumentos (Montes Claros. Online),Universidade Estadual de Montes Claros (UNIMONTES),102705,2025-05-07 21:00:26,INDEXED,228,https://www.periodicos.unimontes.br/index.php/argumentos/oai,ojs,periodico,toolkit,oai_dc,Open Journal Systems,Argumentos - Revista do Departamento de Ciências Sociais da Unimontes,oai:ojs2.periodicos.unimontes.br:article/1,,,,,,,True,True,True,,False
1890,UNIMONTES4,Revista Alteridade (Online),Universidade Estadual de Montes Claros (UNIMONTES),102869,2025-05-12 20:52:06,INDEXED,90,https://www.periodicos.unimontes.br/index.php/alteridade/oai,ojs,periodico,toolkit,oai_dc,Open Journal Systems,Revista Alteridade,oai:ojs2.periodicos.unimontes.br:article/1,,,,,,,True,True,True,,False
1967,UNIMONTES5,Revista Verde Grande (Online),Universidade Estadual de Montes Claros (UNIMONTES),102928,2025-05-13 10:18:59,INDEXED,361,https://www.periodicos.unimontes.br/index.php/verdegrande/oai,ojs,periodico,toolkit,oai_dc,Open Journal Systems,Revista Verde Grande: Geografia e Interdisciplinaridade,oai:ojs2.periodicos.unimontes.br:article/1,,,,,,,True,True,True,,False
1947,UNINGA-1,Revista Uningá (Online),Centro Universitário Uningá,102933,2025-05-13 10:19:17,INDEXED,1442,https://revista.uninga.br/uninga/oai,ojs,periodico,toolkit,oai_dc,Open Journal Systems,Revista Uningá,oai:ojs.revista.uninga.br:article/1,,,,,,,True,True,True,,False
1948,UNINGA-2,UNINGÁ Review,Centro Universitário Uningá,102935,2025-05-13 10:19:26,INDEXED,844,https://revista.uninga.br/uningareviews/oai,ojs,periodico,toolkit,oai_dc,Open Journal Systems,Uningá Review,oai:ojs.revista.uninga.br:article/1,,,,,,,True,True,True,,False
2265,UNINOVE-10,Revista Dialogia (São Paulo. Online),Universidade Nove de Julho (UNINOVE),103387,2025-06-30 16:42:50,INDEXED,1077,https://periodicos.uninove.br/dialogia/oai,ojs,periodico,toolkit,oai_dc,Open Journal Systems,Dialogia,oai:ojs.periodicos.uninove.br:article/1,,,,,,,True,True,True,,False
2267,UNINOVE-11,International Journal of Innovation (São Paulo),Universidade Nove de Julho (UNINOVE),103388,2025-06-30 16:51:07,INDEXED,282,https://periodicos.uninove.br/innovation/oai,ojs,periodico,toolkit,oai_dc,Open Journal Systems,International Journal of Innovation,oai:ojs.periodicos.uninove.br:article/1,,,,,,,True,True,True,,False
111,UNINOVE-2,Revista Thesis Juris,Universidade Nove de Julho (UNINOVE),108567,2026-09-04 16:25:55,INDEXED,297,https://periodicos.uninove.br/thesisjuris/oai,ojs,periodico,toolkit,oai_dc,Open Journal Systems,Revista Thesis Juris,oai:ojs.periodicos.uninove.br:article/1,,,,,,,True,True,True,,False
112,UNINOVE-3,Revista de Gestão Ambiental e Sustentabilidade - GeAS,Universidade Nove de Julho (UNINOVE),108568,2026-09-04 16:28:32,INDEXED,349,https://periodicos.uninove.br/geas/oai,ojs,periodico,toolkit,oai_dc,Open Journal Systems,Revista de Gestão Ambiental e Sustentabilidade,oai:ojs.periodicos.uninove.br:article/1,,,,,,,True,True,True,,False
1832,UNINOVE-4,Revista Gestão e Projetos (GeP),Universidade Nove de Julho (UNINOVE),102845,2025-05-12 14:13:48,INDEXED,393,https://periodicos.uninove.br/gep/oai,ojs,periodico,toolkit,oai_dc,Open Journal Systems,Revista de Gestão e Projetos,oai:ojs.periodicos.uninove.br:article/1,,,,,,,True,True,True,,False
2234,UNINOVE-5,Revista Exacta (Online),Universidade Nove de Julho (UNINOVE),103355,2025-06-25 16:32:05,INDEXED,862,https://periodicos.uninove.br/exacta/oai,ojs,periodico,toolkit,oai_dc,Open Journal Systems,Exacta,oai:ojs.periodicos.uninove.br:article/1,,,,,,,True,True,True,,False
2235,UNINOVE-6,Revista Prisma Jurídico,Universidade Nove de Julho (UNINOVE),103356,2025-06-25 16:50:19,INDEXED,425,https://periodicos.uninove.br/prisma/oai,ojs,periodico,toolkit,oai_dc,Open Journal Systems,Prisma Juridico,oai:ojs.periodicos.uninove.br:article/1,,,,,,,True,True,True,,False
2258,UNINOVE-7,Eccos Revista Científica (Online),Universidade Nove de Julho (UNINOVE),103383,2025-06-30 15:51:09,INDEXED,1290,https://periodicos.uninove.br/eccos/oai,ojs,periodico,toolkit,oai_dc,Open Journal Systems,EccoS – Revista Científica,oai:ojs.periodicos.uninove.br:article/1,,,,,,,True,True,True,,False
2259,UNINOVE-8,Revista Conscientiae Saúde (Online),Universidade Nove de Julho (UNINOVE),103384,2025-06-30 16:04:09,INDEXED,1102,https://periodicos.uninove.br/saude/oai,ojs,periodico,toolkit,oai_dc,Open Journal Systems,ConScientiae Saúde,oai:ojs.periodicos.uninove.br:article/1,,,,,,,True,True,True,,False
2261,UNINOVE-9,Cadernos de Pós-Graduação (São Paulo. Online),Universidade Nove de Julho (UNINOVE),103385,2025-06-30 16:24:51,INDEXED,414,https://periodicos.uninove.br/cadernosdepos/oai,ojs,periodico,toolkit,oai_dc,Open Journal Systems,Cadernos de Pós-graduação,oai:ojs.periodicos.uninove.br:article/1,,,,,,,True,True,True,,False
108,UNINTER-1,Ius Gentium (Curitiba. Online),Centro Universitário Internacional (UNINTER),108563,2026-09-04 15:18:22,INDEXED,434,https://www.revistasuninter.com/iusgentium/index.php/iusgentium/oai,ojs,periodico,toolkit,oai_dc,Open Journal Systems,REVISTAIUSGENTIUM,oai:ojs.iusgentium:article/1,,,,,,,True,True,True,,False
109,UNINTER-2,Revista Organização Sistêmica,Centro Universitário Internacional (UNINTER),108566,2026-09-04 16:25:55,INDEXED,145,https://www.revistasuninter.com/revistaorganizacaosistemica/index.php/organizacaoSistemica/oai,ojs,periodico,toolkit,oai_dc,Open Journal Systems,Revista Organização Sistêmica,oai:ojs.revistaorganizacaosistemica.uninter.com:article/1,,,,,,,True,True,True,,False
1501,UNINTER-3,Repositório Institucional Uninter,Centro Universitário Internacional (UNINTER),100600,2025-02-05 16:00:07,INDEXED,1568,https://repositorio.uninter.com/oai/request,dspace,repositorio,sampleIdentifier,xoai,,DSpace Uninter Educacional,oai:repositorio.uninter.com:123456789/1234,,,,,,,True,True,True,,False
2801,UNIOESTE-2,Travessias (Cascavel. Online),Universidade Estadual do Oeste do Paraná (UNIOESTE),107990,2026-08-18 13:42:16,INDEXED,1756,https://e-revista.unioeste.br/index.php/travessias/oai,ojs,periodico,toolkit,oai_dc,Open Journal Systems,Travessias,oai:e-revista.unioeste.br:article/1,,,,,,,True,True,True,,False
1203,UNIOESTE-3,Caderno de Educação Física e Esporte,Universidade Estadual do Oeste do Paraná (UNIOESTE),106084,2026-01-09 10:58:38,INDEXED,653,https://e-revista.unioeste.br/index.php/cadernoedfisica/oai,ojs,periodico,toolkit,oai_dc,Open Journal Systems,Caderno de Educação Física e Esporte,oai:e-revista.unioeste.br:article/1,,,,,,,True,True,True,,False
1873,UNIOESTE-4,Ambientes (Francisco Beltrão),Universidade Estadual do Oeste do Paraná (UNIOESTE),102885,2025-05-12 20:57:49,INDEXED,142,https://e-revista.unioeste.br/index.php/ambientes/oai,ojs,periodico,toolkit,oai_dc,Open Journal Systems,AMBIENTES: Revista de Geografia e Ecologia Política,oai:e-revista.unioeste.br:article/1,,,,,,,True,True,True,,False
2023,UNIOESTE-5,Informe Gepec (Online),Universidade Estadual do Oeste do Paraná (UNIOESTE),102988,2025-05-14 11:05:48,INDEXED,633,https://e-revista.unioeste.br/index.php/gepec/oai,ojs,periodico,toolkit,oai_dc,Open Journal Systems,Informe GEPEC,oai:e-revista.unioeste.br:article/1,,,,,,,True,True,True,,False
2155,UNIOESTE-6,Onomástica desde América Latina,Universidade Estadual do Oeste do Paraná (UNIOESTE),103072,2025-05-14 13:02:28,INDEXED,123,https://e-revista.unioeste.br/index.php/onomastica/oai,ojs,periodico,toolkit,oai_dc,Open Journal Systems,Onomástica desde América Latina,oai:e-revista.unioeste.br:article/1,,,,,,,True,True,True,,False
105,UNIP,Repositório Institucional da UNIPAMPA,Universidade Federal do Pampa (UNIPAMPA),108565,2026-09-04 15:18:53,INDEXED,10375,https://repositorio.unipampa.edu.br/server/oai/request,dspace,repositorio,sampleIdentifier,xoai,,Repositório Institucional da UNIPAMPA,oai:repositorio.unipampa.edu.br:123456789/1234,,,,,,,True,True,True,,False
104,UNIPAR-1,Arquivos de Ciências da Saúde da UNIPAR (Online),Universidade Paranaense (UNIPAR),108570,2026-09-04 16:31:56,INDEXED,1830,https://revistas.unipar.br/index.php/saude/oai,ojs,periodico,toolkit,oai_dc,Open Journal Systems,Arquivos de Ciências da Saúde da UNIPAR,oai:ojs2.revistas.unipar.br:article/1,,,,,,,True,True,True,,False
1614,UNIPLAC,Revista Gepesvida,Universidade do Planalto Catarinense (UNIPLAC),102631,2025-05-07 13:18:19,INDEXED,310,http://www.icepsc.com.br/ojs/index.php/gepesvida/oai,ojs,periodico,toolkit,oai_dc,Open Journal Systems,Revista GepesVida,oai:ojs.icepsc.com.br:article/1,,,,,,,True,True,True,,False
103,UNIR-2,Labirinto (Porto Velho),Universidade Federal de Rondônia (UNIR),108561,2026-09-04 15:18:16,INDEXED,410,https://periodicos.unir.br/index.php/LABIRINTO/oai,ojs,periodico,toolkit,oai_dc,Open Journal Systems,Revista Labirinto (UNIR),oai:periodicos.unir.br:article/1,,,,,,,True,True,True,,False
1579,UNIR-3,Educa (Porto Velho),Universidade Federal de Rondônia (UNIR),102617,2025-05-07 12:42:37,INDEXED,432,https://periodicos.unir.br/index.php/EDUCA/oai,ojs,periodico,toolkit,oai_dc,Open Journal Systems,EDUCA - Revista Multidisciplinar em Educação,oai:periodicos.unir.br:article/1,,,,,,,True,True,True,,False
2605,UNIR-4,Revista Presença Geográfica,Universidade Federal de Rondônia (UNIR),108264,2026-08-24 13:06:14,INDEXED,307,https://periodicos.unir.br/index.php/RPGeo/oai,ojs,periodico,toolkit,oai_dc,Open Journal Systems,Revista Presença Geográfica,oai:periodicos.unir.br:article/1,,,,,,,True,True,True,,False
100,UNIRIO-1,Museologia e Patrimônio,Universidade Federal do Estado do Rio de Janeiro (UNIRIO),108558,2026-09-04 15:12:46,INDEXED,508,https://revistamuseologiaepatrimonio.mast.br/index.php/ppgpmus/oai,ojs,periodico,toolkit,oai_dc,Open Journal Systems,Museologia e Patrimônio,oai:ojs.pkp.sfu.ca:article/1,,,,,,,True,True,True,,False
101,UNIRIO-2,Revista de Pesquisa: Cuidado é Fundamental Online,Universidade Federal do Estado do Rio de Janeiro (UNIRIO),108559,2026-09-04 15:18:19,INDEXED,3073,https://seer.unirio.br/cuidadofundamental/oai,ojs,periodico,toolkit,oai_dc,Open Journal Systems,Revista de Pesquisa Cuidado é Fundamental Online,oai:ojs.seer.unirio.br:article/1,,,,,,,True,True,True,,False
2010,UNISA-1,Repositório Digital Unisa da Universidade Santo Amaro,Universidade Santo Amaro (UNISA),107113,2026-05-26 13:04:28,INDEXED,3022,https://dspace.unisa.br/server/oai/request,dspace,repositorio,sampleIdentifier,oai_dc,,DSpace Unisa,oai:dspace.unisa.br:123456789/1234,,,,,,,True,True,True,,False
2552,UNISA-2,"Veredas, revista interdisciplinar de humanidades (Universidade de Santo Amaro)",Universidade Santo Amaro (UNISA),108291,2026-08-24 14:27:13,INDEXED,167,https://periodicos.unisa.br/index.php/veredas/oai,ojs,periodico,toolkit,oai_dc,Open Journal Systems,VEREDAS - Revista Interdisciplinar de Humanidades,oai:periodicos.unisa.br:article/1,,,,,,,True,True,True,,False
2553,UNISA-3,Brazilian Journal of Global Health,Universidade Santo Amaro (UNISA),108289,2026-08-24 14:26:57,INDEXED,157,https://periodicos.unisa.br/index.php/saudeglobal/oai,ojs,periodico,toolkit,oai_dc,Open Journal Systems,Brazilian Journal of Global Health,oai:periodicos.unisa.br:article/1,,,,,,,True,True,True,,False
98,UNISAL-1,Revista de Ciências da Educação,Centro Universitário Salesiano de São Paulo (UNISAL),108557,2026-09-04 15:12:44,INDEXED,103,https://revista.unisal.br/ojs/index.php/educacao/oai,ojs,periodico,toolkit,oai_dc,Open Journal Systems,Revista de Ciências da Educação,oai:ojs2.revista.liceusp.com.br:article/1,,,,,,,True,True,True,,False
1342,UNISAL-2,Revista Direito & Paz,Centro Universitário Salesiano de São Paulo (UNISAL),106119,2026-01-09 12:04:44,INDEXED,326,https://revista.unisal.br/lo/index.php/direitoepaz/oai,ojs,periodico,toolkit,oai_dc,Open Journal Systems,Revista Direito & Paz,oai:ojs.pkp.sfu.ca:article/1,,,,,,,True,True,True,,False
2158,UNISALLE-1,Mouseion (Canoas),Centro Universitário La Salle (Unilasalle),103076,2025-05-14 13:02:55,INDEXED,415,https://revistas.unilasalle.edu.br/index.php/Mouseion/oai,ojs,periodico,toolkit,oai_dc,Open Journal Systems,Revista Mouseion,oai:ojs.revistas.unilasalle.edu.br:article/1,,,,,,,True,True,True,,False
2160,UNISALLE-2,Revista Educação Ciência e Cultura,Universidade La Salle (UNILASALLE),103077,2025-05-14 13:03:19,INDEXED,641,https://revistas.unilasalle.edu.br/index.php/Educacao/oai,ojs,periodico,toolkit,oai_dc,Open Journal Systems,"Educação, Ciência e Cultura",oai:ojs.revistas.unilasalle.edu.br:article/1,,,,,,,True,True,True,,False
2161,UNISALLE-4,Revista Eletrônica Direito e Sociedade - REDES,Universidade La Salle (UNILASALLE),103079,2025-05-14 13:03:36,INDEXED,481,https://revistas.unilasalle.edu.br/index.php/redes/oai,ojs,periodico,toolkit,oai_dc,Open Journal Systems,Revista Eletrônica Direito e Sociedade - REDES,oai:ojs.revistas.unilasalle.edu.br:article/1,,,,,,,True,True,True,,False
2162,UNISALLE-5,Revista Diálogo,Universidade La Salle (UNILASALLE),103078,2025-05-14 13:03:35,INDEXED,426,https://revistas.unilasalle.edu.br/index.php/Dialogo/oai,ojs,periodico,toolkit,oai_dc,Open Journal Systems,Diálogo,oai:ojs.revistas.unilasalle.edu.br:article/1,,,,,,,True,True,True,,False
2163,UNISALLE-6,Saúde e Desenvolvimento Humano,Universidade La Salle (UNILASALLE),103080,2025-05-14 13:07:10,INDEXED,299,https://revistas.unilasalle.edu.br/index.php/saude_desenvolvimento/oai,ojs,periodico,toolkit,oai_dc,Open Journal Systems,Saúde e Desenvolvimento Humano,oai:ojs.revistas.unilasalle.edu.br:article/1,,,,,,,True,True,True,,False
2277,UNISALLE-8,Redes (Canoas),Centro Universitário La Salle (Unilasalle),103406,2025-07-02 14:06:34,INDEXED,483,https://revistas.unilasalle.edu.br/index.php/redes/oai,ojs,periodico,toolkit,oai_dc,Open Journal Systems,Revista Eletrônica Direito e Sociedade - REDES,oai:ojs.revistas.unilasalle.edu.br:article/1,,,,,,,True,True,True,,False
2550,UNISC-13,Boletim Entre SIS,Universidade de Santa Cruz do Sul (UNISC),108276,2026-08-24 14:26:32,INDEXED,95,https://online.unisc.br/acadnet/anais/index.php/boletimsis/oai,ojs,periodico,toolkit,oai_dc,Open Journal Systems,Boletim Entre SIS,oai:ojs.online.unisc.br:article/1,,,,,,,True,True,True,,False
93,UNISC-3,Signo (Santa Cruz do Sul. Online),Universidade de Santa Cruz do Sul (UNISC),108552,2026-09-04 15:08:05,INDEXED,1170,https://seer.unisc.br/index.php/signo/oai,ojs,periodico,toolkit,oai_dc,Open Journal Systems,Signo,oai:ojs.online.unisc.br:article/1,,,,,,,True,True,True,,False
94,UNISC-4,Revista de Epidemiologia e Controle de Infecção,Universidade de Santa Cruz do Sul (UNISC),108553,2026-09-04 15:08:05,INDEXED,740,https://seer.unisc.br/index.php/epidemiologia/oai,ojs,periodico,toolkit,oai_dc,Open Journal Systems,Revista de Epidemiologia e Controle de Infecção,oai:ojs.online.unisc.br:article/1,,,,,,,True,True,True,,False
96,UNISC-6,Redes (Santa Cruz do Sul. Online),Universidade de Santa Cruz do Sul (UNISC),108555,2026-09-04 15:08:17,INDEXED,1440,https://seer.unisc.br/index.php/redes/oai,ojs,periodico,toolkit,oai_dc,Open Journal Systems,Redes,oai:ojs.online.unisc.br:article/1,,,,,,,True,True,True,,False
2543,UNISC-7,Psi Unisc,Universidade de Santa Cruz do Sul (UNISC),108316,2026-08-24 16:51:39,INDEXED,285,https://seer.unisc.br/index.php/psi/oai,ojs,periodico,toolkit,oai_dc,Open Journal Systems,Psi Unisc,oai:ojs.online.unisc.br:article/1,,,,,,,True,True,True,,False
2545,UNISC-8,Rizoma (Santa Cruz do Sul),Universidade de Santa Cruz do Sul (UNISC),108320,2026-08-24 16:51:38,INDEXED,384,https://seer.unisc.br/index.php/rizoma/oai,ojs,periodico,toolkit,oai_dc,Open Journal Systems,Rizoma,oai:ojs.online.unisc.br:article/1,,,,,,,True,True,True,,False
2546,UNISC-9,Reflexão e Ação (Online),Universidade de Santa Cruz do Sul (UNISC),108321,2026-08-24 16:51:47,INDEXED,872,https://seer.unisc.br/index.php/reflex/oai,ojs,periodico,toolkit,oai_dc,Open Journal Systems,Reflexão e Ação,oai:ojs.online.unisc.br:article/1,,,,,,,True,True,True,,False
87,UNISO-1,Avaliação (Campinas. Online),Universidade de Sorocaba (UNISO),108549,2026-09-04 15:03:25,INDEXED,1038,https://periodicos.uniso.br/avaliacao/oai,ojs,periodico,toolkit,oai_dc,Open Journal Systems,Avaliação: Revista da Avaliação da Educação Superior,oai:ojs.periodicos.uniso.br:article/1,,,,,,,True,True,True,,False
83,UNISUL-1,Revista Eletrônica de Estratégia e Negócios,Universidade do Sul de Santa Catarina (UNISUL),108544,2026-09-04 15:03:17,INDEXED,565,https://portaldeperiodicos.animaeducacao.com.br/index.php/EeN/oai,ojs,periodico,toolkit,oai_dc,Open Journal Systems,Revista Eletrônica de Estratégia & Negócios,oai:portaldeperiodicos.animaeducacao.com.br:article/1,,,,,,,True,True,True,,False
84,UNISUL-2,Crítica Cultural (Online),Universidade do Sul de Santa Catarina (UNISUL),108545,2026-09-04 15:03:17,INDEXED,489,https://portaldeperiodicos.animaeducacao.com.br/index.php/Critica_Cultural/oai,ojs,periodico,toolkit,oai_dc,Open Journal Systems,Revista Crítica Cultural,oai:portaldeperiodicos.animaeducacao.com.br:article/1,,,,,,,True,True,True,,False
85,UNISUL-3,Linguagem em (Dis)curso (Online),Universidade do Sul de Santa Catarina (UNISUL),108546,2026-09-04 15:03:20,INDEXED,838,https://portaldeperiodicos.animaeducacao.com.br/index.php/Linguagem_Discurso/oai,ojs,periodico,toolkit,oai_dc,Open Journal Systems,Linguagem em (Dis)curso,oai:portaldeperiodicos.animaeducacao.com.br:article/1,,,,,,,True,True,True,,False
86,UNISUL-4,Poiésis (Tubarão. Online),Universidade do Sul de Santa Catarina (UNISUL),108547,2026-09-04 15:03:19,INDEXED,671,https://portaldeperiodicos.animaeducacao.com.br/index.php/Poiesis/oai,ojs,periodico,toolkit,oai_dc,Open Journal Systems,Poiésis - Revista do Programa de Pós-Graduação em Educação,oai:portaldeperiodicos.animaeducacao.com.br:article/1,,,,,,,True,True,True,,False
1074,UNISUL-5,Revista Memorare,Universidade do Sul de Santa Catarina (UNISUL),105953,2026-01-08 22:21:46,INDEXED,414,https://portaldeperiodicos.animaeducacao.com.br/index.php/memorare_grupep/oai,ojs,periodico,toolkit,oai_dc,Open Journal Systems,Revista Memorare,oai:portaldeperiodicos.animaeducacao.com.br:article/1,,,,,,,True,True,True,,False
79,UNIT-1,Interfaces Científicas. Saúde e Ambiente (Online),Universidade Tiradentes (UNIT),108540,2026-09-04 14:58:15,INDEXED,532,https://periodicos.set.edu.br/saude/oai,ojs,periodico,toolkit,oai_dc,Open Journal Systems,Interfaces Científicas - Saúde e Ambiente,oai:ojs3.tiradentes.periodicos.emnuvens.com.br:article/1,,,,,,,True,True,True,,False
80,UNIT-2,Interfaces Científicas. Educação (Online),Universidade Tiradentes (UNIT),108541,2026-09-04 14:58:16,INDEXED,675,https://periodicos.set.edu.br/educacao/oai,ojs,periodico,toolkit,oai_dc,Open Journal Systems,Interfaces Científicas - Educação,oai:ojs3.tiradentes.periodicos.emnuvens.com.br:article/1,,,,,,,True,True,True,,False
81,UNIT-3,Interfaces Científicas. Direito (Online),Universidade Tiradentes (UNIT),108542,2026-09-04 14:58:23,INDEXED,470,https://periodicos.set.edu.br/direito/oai,ojs,periodico,toolkit,oai_dc,Open Journal Systems,Interfaces Científicas - Direito,oai:ojs3.tiradentes.periodicos.emnuvens.com.br:article/1,,,,,,,True,True,True,,False
82,UNIT-4,Interfaces Científicas. Humanas e Sociais (Online),Universidade Tiradentes (UNIT),108543,2026-09-04 14:58:23,INDEXED,616,https://periodicos.set.edu.br/humanas/oai,ojs,periodico,toolkit,oai_dc,Open Journal Systems,Interfaces Científicas - Humanas e Sociais,oai:ojs3.tiradentes.periodicos.emnuvens.com.br:article/1,,,,,,,True,True,True,,False
77,UNITAU-2,Latin American Journal of Business Management,Universidade de Taubaté (UNITAU),108538,2026-09-04 14:58:16,INDEXED,426,https://www.lajbm.com.br/index.php/journal/oai,ojs,periodico,toolkit,oai_dc,Open Journal Systems,Latin American Journal of Business Management,oai:ojs2.lajbm.com.br:article/1,,,,,,,True,True,True,,False
78,UNITAU-3,Revista brasileira de gestão e desenvolvimento regional,Universidade de Taubaté (UNITAU),108539,2026-09-04 14:58:17,INDEXED,1269,https://www.rbgdr.net/revista/index.php/rbgdr/oai,ojs,periodico,toolkit,oai_dc,Open Journal Systems,Revista Brasileira de Gestão e Desenvolvimento Regional,oai:ojs2.rbgdr.net:article/1,,,,,,,True,True,True,,False
1039,UNIVALI-2,Vozes e Diálogo (Online),Universidade do Vale do Itajaí (UNIVALI),105940,2026-01-08 22:20:35,INDEXED,318,https://periodicos.univali.br/index.php/vd/oai,ojs,periodico,toolkit,oai_dc,Open Journal Systems,Vozes e Diálogo,oai:ojs.periodicos.univali.br:article/1,,,,,,,True,True,True,,False
1323,UNIVALI-3,Turismo : Visão e Ação (Online),Universidade do Vale do Itajaí (UNIVALI),106127,2026-01-09 12:05:47,INDEXED,901,https://periodicos.univali.br/index.php/rtva/oai,ojs,periodico,toolkit,oai_dc,Open Journal Systems,Turismo: Visão e Ação,oai:ojs.periodicos.univali.br:article/1,,,,,,,True,True,True,,False
2103,UNIVALI-4,Revista científica FACS (Revista científica Faculdade de Ciências da Saúde),Universidade do Vale do Itajaí (UNIVALI),103052,2025-05-14 12:10:03,INDEXED,154,https://periodicos.univale.br/index.php/revcientfacs/oai,ojs,periodico,toolkit,oai_dc,Open Journal Systems,Revista Científica FACS,oai:ojs.pkp.sfu.ca:article/1,,,,,,,True,True,True,,False
1914,UNIVAP-1,Revista UniVap (online),Universidade do Vale do Paraíba (Univap),102901,2025-05-13 09:39:54,INDEXED,1346,https://revista.univap.br/index.php/revistaunivap/oai,ojs,periodico,toolkit,oai_dc,Open Journal Systems,Revista Univap,oai:ojs.biblioteca.univap.br:article/1,,,,,,,True,True,True,,False
2850,UNIVAR-1,Interdisciplinar: Revista Eletrônica da UNIVAR,Centro Universitário do Vale do Araguaia (Univar),107966,2026-08-18 13:15:08,INDEXED,607,http://revista.sear.com.br/rei/oai,ojs,periodico,toolkit,oai_dc,Open Journal Systems,Revista Eletrônica Interdisciplinar,oai:ojs.192.168.100.228:18080:article/1,,,,,,,True,True,True,,False
74,UNIVATES-2,Revista Estudo & Debate,Centro Universitário Univates (UNIVATES),108536,2026-09-04 14:43:21,INDEXED,553,https://www.univates.br/revistas/index.php/estudoedebate/oai,ojs,periodico,toolkit,oai_dc,Open Journal Systems,Revista Estudo & Debate,oai:ojs.pkp.sfu.ca:article/1,,,,,,,True,True,True,,False
2519,UNIVILLE,Acta Biológica Catarinense,Universidade da Região de Joinville (UNIVILLE),108313,2026-08-24 16:51:18,INDEXED,503,https://periodicos.univille.br/ABC/oai,ojs,periodico,toolkit,oai_dc,Open Journal Systems,Acta Biológica Catarinense,oai:ojs3.periodicos.univille.br:article/1,,,,,,,True,True,True,,False
1625,UNOCHAPECO,FisiSenectus,Universidade Comunitária da Região de Chapecó (UNOCHAPECÓ),102651,2025-05-07 13:19:46,INDEXED,200,https://bell.unochapeco.edu.br/revistas/index.php/fisisenectus/oai,ojs,periodico,toolkit,oai_dc,Open Journal Systems,Revista FisiSenectus,oai:ojs2.pegasus.unochapeco.edu.br:article/1,,,,,,,True,True,True,,False
1113,UNOCHAPO-1,Revista Pedagógica (Chapecó. Online),Universidade Comunitária da Região de Chapecó (UNOCHAPECÓ),105965,2026-01-08 23:22:47,INDEXED,984,https://bell.unochapeco.edu.br/revistas/index.php/pedagogica/oai,ojs,periodico,toolkit,oai_dc,Open Journal Systems,Revista Pedagógica,oai:ojs2.pegasus.unochapeco.edu.br:article/1,,,,,,,True,True,True,,False
67,UNOESC-1,Revista Espaço Jurídico/Espaço Jurídico Journal of Law,Universidade do Oeste de Santa Catarina (UNOESC),108530,2026-09-04 14:38:07,INDEXED,584,https://portalperiodicos.unoesc.edu.br/espacojuridico/oai,ojs,periodico,toolkit,oai_dc,Open Journal Systems,Espaço Jurídico Journal of Law [EJJL],oai:ojs.periodicos.unoesc.edu.br:article/1,,,,,,,True,True,True,,False
68,UNOESC-2,Evidência - Ciência e Biotecnologia - Interdisciplinar,Universidade do Oeste de Santa Catarina (UNOESC),108531,2026-09-04 14:38:07,INDEXED,321,https://periodicos.unoesc.edu.br/evidencia/oai,ojs,periodico,toolkit,oai_dc,Open Journal Systems,Evidência,oai:ojs.periodicos.unoesc.edu.br:article/1,,,,,,,True,True,True,,False
69,UNOESC-3,Roteiro (Joaçaba. Online),Universidade do Oeste de Santa Catarina (UNOESC),108532,2026-09-04 14:38:10,INDEXED,903,https://portalperiodicos.unoesc.edu.br/roteiro/oai,ojs,periodico,toolkit,oai_dc,Open Journal Systems,Roteiro,oai:ojs.periodicos.unoesc.edu.br:article/1,,,,,,,True,True,True,,False
70,UNOESC-4,RACE (Joaçaba. Online),Universidade do Oeste de Santa Catarina (UNOESC),108533,2026-09-04 14:43:20,INDEXED,566,https://portalperiodicos.unoesc.edu.br/race/oai,ojs,periodico,toolkit,oai_dc,Open Journal Systems,"RACE - Revista de Administração, Contabilidade e Economia",oai:ojs.periodicos.unoesc.edu.br:article/1,,,,,,,True,True,True,,False
71,UNOESC-5,Unoesc & Ciência. ACSA (Online),Universidade do Oeste de Santa Catarina (UNOESC),108534,2026-09-04 14:43:20,INDEXED,254,https://portalperiodicos.unoesc.edu.br/acsa/oai,ojs,periodico,toolkit,oai_dc,Open Journal Systems,Unoesc & Ciência - ACSA,oai:ojs.periodicos.unoesc.edu.br:article/1,,,,,,,True,True,True,,False
2800,UOES-1,Colloquium Vitae,Universidade do Oeste Paulista (UNOESTE),107991,2026-08-18 13:41:36,INDEXED,389,https://journal.unoeste.br/index.php/cv/oai,ojs,periodico,toolkit,oai_dc,Open Journal Systems,Colloquium Vitae. ISSN: 1984-6436,oai:journal.unoeste.br:article/1,,,,,,,True,True,True,,False
2797,UOES-2,Colloquium Exactarum,Universidade do Oeste Paulista (UNOESTE),107984,2026-08-18 13:40:35,INDEXED,443,https://journal.unoeste.br/index.php/ce/oai,ojs,periodico,toolkit,oai_dc,Open Journal Systems,Colloquium Exactarum. ISSN: 2178-8332,oai:journal.unoeste.br:article/1,,,,,,,True,True,True,,False
2798,UOES-3,Colloquium Humanarum (Online),Universidade do Oeste Paulista (UNOESTE),107985,2026-08-18 13:40:47,INDEXED,682,https://journal.unoeste.br/index.php/ch/oai,ojs,periodico,toolkit,oai_dc,Open Journal Systems,Colloquium Humanarum. ISSN: 1809-8207,oai:journal.unoeste.br:article/1,,,,,,,True,True,True,,False
2799,UOES-4,Colloquium Agrariae,Universidade do Oeste Paulista (UNOESTE),107986,2026-08-18 13:40:46,INDEXED,561,https://journal.unoeste.br/index.php/ca/oai,ojs,periodico,toolkit,oai_dc,Open Journal Systems,Colloquium Agrariae. ISSN: 1809-8215,oai:journal.unoeste.br:article/1,,,,,,,True,True,True,,False
61,UPF,Repositório Institucional da UPF,Universidade de Passo Fundo (UPF),108526,2026-09-04 14:15:59,INDEXED,6343,https://repositorio.upf.br/server/oai/request,dspace,repositorio,sampleIdentifier,oai_dc,,Universidade Passo Fundo,oai:repositorio.upf.br:123456789/1234,,,,,,,True,True,True,,False
62,UPF-2,Revista Teoria e Evidência Econômica,Universidade de Passo Fundo (UPF),108527,2026-09-04 14:14:36,INDEXED,286,https://seer.upf.br/index.php/rtee/oai,ojs,periodico,toolkit,oai_dc,Open Journal Systems,Revista Teoria e Evidência Econômica,oai:ojs2.136.115.110.8:article/1,,,,,,,True,True,True,,False
63,UPF-3,Revista Brasileira de Ciências do Envelhecimento Humano (Online),Universidade de Passo Fundo (UPF),108528,2026-09-04 14:14:38,INDEXED,1078,https://seer.upf.br/index.php/rbceh/oai,ojs,periodico,toolkit,oai_dc,Open Journal Systems,Revista Brasileira de Ciências do Envelhecimento Humano,oai:ojs2.136.115.110.8:article/1,,,,,,,True,True,True,,False
1841,UPF-4,Revista Justiça do Direito (Online),Universidade de Passo Fundo (UPF),107498,2026-07-27 10:23:54,INDEXED,536,https://ojs.upf.br/index.php/rjd/oai,ojs,periodico,toolkit,oai_dc,Open Journal Systems,Revista Justiça do Direito,oai:ojs2.136.115.110.8:article/1,,,,,,,True,True,True,,False
2529,UPF-5,Revista da Faculdade de Odontologia (Universidade de Passo Fundo),Universidade de Passo Fundo (UPF),108331,2026-08-24 16:52:20,INDEXED,1334,https://seer.upf.br/index.php/rfo/oai,ojs,periodico,toolkit,oai_dc,Open Journal Systems,Revista da Faculdade de Odontologia - UPF,oai:ojs2.136.115.110.8:article/1,,,,,,,True,True,True,,False
2530,UPF-6,Revista Brasileira de Computação Aplicada,Universidade de Passo Fundo (UPF),108333,2026-08-24 16:52:27,INDEXED,450,https://seer.upf.br/index.php/rbca/oai,ojs,periodico,toolkit,oai_dc,Open Journal Systems,Revista Brasileira de Computação Aplicada,oai:ojs2.136.115.110.8:article/1,,,,,,,True,True,True,,False
2532,UPF-7,Revista História. (Passo Fundo. Online),Universidade de Passo Fundo (UPF),108335,2026-08-24 16:53:52,INDEXED,649,https://seer.upf.br/index.php/rhdt/oai,ojs,periodico,toolkit,oai_dc,Open Journal Systems,Revista História: Debates e Tendências,oai:ojs2.136.115.110.8:article/1,,,,,,,True,True,True,,False
2540,UPF-9,Revista Brasileira de Ensino de Ciências e Matemática,Universidade de Passo Fundo (UPF),108318,2026-08-24 16:51:32,INDEXED,351,https://seer.upf.br/index.php/rbecm/oai,ojs,periodico,toolkit,oai_dc,Open Journal Systems,Revista Brasileira de Ensino de Ciências e Matemática,oai:ojs2.136.115.110.8:article/1,,,,,,,True,True,True,,False
1032,URI-1,Literatura em debate,Universidade Regional Integrada do Alto Uruguai e das Missões (URI),105924,2026-01-08 22:19:57,INDEXED,596,http://revistas.fw.uri.br/index.php/literaturaemdebate/oai,ojs,periodico,toolkit,oai_dc,Open Journal Systems,Revista Literatura em Debate,oai:ojs.pkp.sfu.ca:article/1,,,,,,,True,True,True,,False
1033,URI-2,Revista Língua & Literatura (Online),Universidade Regional Integrada do Alto Uruguai e das Missões (URI),105925,2026-01-08 22:19:55,INDEXED,476,http://revistas.fw.uri.br/index.php/revistalinguaeliteratura/oai,ojs,periodico,toolkit,oai_dc,Open Journal Systems,Revista Língua&Literatura,oai:ojs.pkp.sfu.ca:article/1,,,,,,,True,True,True,,False
2582,USC-26,Revista de Ciências Humanas (Florianópolis. Online),Universidade Federal de Santa Catarina (UFSC),108299,2026-08-24 14:27:46,INDEXED,803,https://periodicos.ufsc.br/index.php/revistacfh/oai,ojs,periodico,toolkit,oai_dc,Open Journal Systems,Revista de Ciências Humanas,oai:periodicos.ufsc.br:article/1,,,,,,,True,True,True,,False
2589,USC-27,Revista Geosul (Online),Universidade Federal de Santa Catarina (UFSC),108245,2026-08-24 13:05:01,INDEXED,1221,https://periodicos.ufsc.br/index.php/geosul/oai,ojs,periodico,toolkit,oai_dc,Open Journal Systems,Geosul,oai:periodicos.ufsc.br:article/1,,,,,,,True,True,True,,False
2590,USC-28,Revista Outra Travessia (Online),Universidade Federal de Santa Catarina (UFSC),108246,2026-08-24 13:04:59,INDEXED,580,https://periodicos.ufsc.br/index.php/Outra/oai,ojs,periodico,toolkit,oai_dc,Open Journal Systems,outra travessia,oai:periodicos.ufsc.br:article/1,,,,,,,True,True,True,,False
2592,USC-29,Revista Democracia Digital e Governo Eletrônico,Universidade Federal de Santa Catarina (UFSC),108248,2026-08-24 13:04:56,INDEXED,239,https://buscalegis.ufsc.br/revistas/index.php/observatoriodoegov/oai,ojs,periodico,toolkit,oai_dc,Open Journal Systems,Revista Democracia Digital e Governo Eletrônico,oai:ojs.www.buscalegis.ufsc.br:article/1,,,,,,,True,True,True,,False
2593,USC-30,Textos de Economia (Online),Universidade Federal de Santa Catarina (UFSC),108251,2026-08-24 13:05:07,INDEXED,355,https://periodicos.ufsc.br/index.php/economia/oai,ojs,periodico,toolkit,oai_dc,Open Journal Systems,Textos de Economia,oai:periodicos.ufsc.br:article/1,,,,,,,True,True,True,,False
2595,USC-32,Perspectiva (Florianópolis. Online),Universidade Federal de Santa Catarina (UFSC),108250,2026-08-24 13:05:34,INDEXED,1827,https://periodicos.ufsc.br/index.php/perspectiva/oai,ojs,periodico,toolkit,oai_dc,Open Journal Systems,Perspectiva,oai:periodicos.ufsc.br:article/1,,,,,,,True,True,True,,False
2596,USC-33,Anuário de Literatura (Online),Universidade Federal de Santa Catarina (UFSC),108254,2026-08-24 13:05:20,INDEXED,835,https://periodicos.ufsc.br/index.php/literatura/oai,ojs,periodico,toolkit,oai_dc,Open Journal Systems,Anuário de Literatura,oai:periodicos.ufsc.br:article/1,,,,,,,True,True,True,,False
2597,USC-34,Boletim de Pesquisa NELIC (Online),Universidade Federal de Santa Catarina (UFSC),108252,2026-08-24 13:05:06,INDEXED,410,https://periodicos.ufsc.br/index.php/nelic/oai,ojs,periodico,toolkit,oai_dc,Open Journal Systems,Boletim de Pesquisa NELIC,oai:periodicos.ufsc.br:article/1,,,,,,,True,True,True,,False
2598,USC-35,Revemat -  Revista Eletrônica de Educação Matemática,Universidade Federal de Santa Catarina (UFSC),108255,2026-08-24 13:05:19,INDEXED,692,https://periodicos.ufsc.br/index.php/revemat/oai,ojs,periodico,toolkit,oai_dc,Open Journal Systems,Revista Eletrônica de Educação Matemática,oai:periodicos.ufsc.br:article/1,,,,,,,True,True,True,,False
2599,USC-36,Extensio - Revista Eletrônica de Extensão,Universidade Federal de Santa Catarina (UFSC),108253,2026-08-24 13:05:18,INDEXED,820,https://periodicos.ufsc.br/index.php/extensio/oai,ojs,periodico,toolkit,oai_dc,Open Journal Systems,Extensio: Revista Eletrônica de Extensão,oai:periodicos.ufsc.br:article/1,,,,,,,True,True,True,,False
1201,USCS,Comunicação & Inovação,Universidade Municipal de São Caetano do Sul (USCS),106081,2026-01-09 10:58:46,INDEXED,550,http://seer.uscs.edu.br/index.php/revista_comunicacao_inovacao/oai,ojs,periodico,toolkit,oai_dc,Open Journal Systems,Comunicação & Inovação,oai:ojs2.seer.uscs.edu.br:article/1,,,,,,,True,True,True,,False
57,USCS-1,Repositório Institucional da USCS (Repositório Digital da Universidade Municipal de São Caetano do Sul),Universidade Municipal de São Caetano do Sul (USCS),108525,2026-09-04 13:53:55,INDEXED,1091,https://repositorio.uscs.edu.br/server/oai/request,dspace,repositorio,sampleIdentifier,oai_dc,,Repositório da Universidade Municipal de São Caetano do Sul,oai:repositorio.uscs.edu.br:123456789/1234,,,,,,,True,True,True,,False
1237,USCS-2,Revista de Estudos Aplicados em Educação,Universidade Municipal de São Caetano do Sul (USCS),106064,2026-01-09 10:57:39,INDEXED,276,http://seer.uscs.edu.br/index.php/revista_estudos_aplicados/oai,ojs,periodico,toolkit,oai_dc,Open Journal Systems,Revista de Estudos Aplicados em Educação,oai:ojs2.seer.uscs.edu.br:article/1,,,,,,,True,True,True,,False
1332,USCS-3,Revista de Atenção à Saúde,Universidade Municipal de São Caetano do Sul (USCS),106111,2026-01-09 12:03:58,INDEXED,926,http://seer.uscs.edu.br/index.php/revista_ciencias_saude/oai,ojs,periodico,toolkit,oai_dc,Open Journal Systems,Revista de Atenção à Saúde,oai:ojs2.seer.uscs.edu.br:article/1,,,,,,,True,True,True,,False
2278,USCS-4,Revista Gestão & Regionalidade (Online),Universidade Municipal de São Caetano do Sul (USCS),103394,2025-07-02 10:39:00,INDEXED,692,https://seer.uscs.edu.br/index.php/revista_gestao/oai,ojs,periodico,toolkit,oai_dc,Open Journal Systems,Gestão & Regionalidade,oai:ojs2.seer.uscs.edu.br:article/1,,,,,,,True,True,True,,False
1798,USF,Horizontes,Universidade São Francisco (USF),102801,2025-05-12 11:21:40,INDEXED,702,https://revistahorizontes.usf.edu.br/horizontes/oai,ojs,periodico,toolkit,oai_dc,Open Journal Systems,Horizontes,oai:ojs.emnuvens.com.br:article/1,,,,,,,True,True,True,,False
2793,USIN-2,Revista Brasileira de História & Ciências Sociais,Universidade do Vale do Rio dos Sinos (UNISINOS),108023,2026-08-18 15:33:26,INDEXED,653,https://periodicos.furg.br/rbhcs/oai,ojs,periodico,toolkit,oai_dc,Open Journal Systems,Revista Brasileira de História & Ciências Sociais,oai:ojs.periodicos.furg.br:article/1,,,,,,,True,True,True,,False
2790,USIN-3,Calidoscópio (Online),Universidade do Vale do Rio dos Sinos (UNISINOS),108022,2026-08-18 15:33:06,INDEXED,743,https://revistas.unisinos.br/index.php/calidoscopio/oai,ojs,periodico,toolkit,oai_dc,Open Journal Systems,Calidoscópio,oai:ojs2.revistas.unisinos.br:article/1,,,,,,,True,True,True,,False
2789,USIN-4,Contextos Clínicos,Universidade do Vale do Rio dos Sinos (UNISINOS),108020,2026-08-18 15:33:31,INDEXED,400,https://revistas.unisinos.br/index.php/contextosclinicos/oai,ojs,periodico,toolkit,oai_dc,Open Journal Systems,Contextos Clínicos,oai:ojs2.revistas.unisinos.br:article/1,,,,,,,True,True,True,,False
2791,USIN-5,Ciências Sociais Unisinos (Online),Universidade do Vale do Rio dos Sinos (Unisinos),108021,2026-08-18 15:33:06,INDEXED,652,https://revistas.unisinos.br/index.php/ciencias_sociais/oai,ojs,periodico,toolkit,oai_dc,Open Journal Systems,Ciências Sociais Unisinos,oai:ojs2.revistas.unisinos.br:article/1,,,,,,,True,True,True,,False
2795,USIN-7,"Revista de Estudos Constitucionais, Hermenêutica e Teoria do Direito (RECHTD)",Universidade do Vale do Rio dos Sinos (UNISINOS),107983,2026-08-18 13:40:35,INDEXED,528,https://revistas.unisinos.br/index.php/RECHTD/oai,ojs,periodico,toolkit,oai_dc,Open Journal Systems,"Revista de Estudos Constitucionais, Hermenêutica e Teoria do Direito",oai:ojs2.revistas.unisinos.br:article/1,,,,,,,True,True,True,,False
1631,USJT,arq.urb,Universidade São Judas Tadeu,102636,2025-05-07 13:18:27,INDEXED,463,https://revistaarqurb.com.br/arqurb/oai,ojs,periodico,toolkit,oai_dc,Open Journal Systems,arq.urb,oai:ojs.emnuvens.com.br:article/1,,,,,,,True,True,True,,False
2216,USJT-1,Journal of Urban Technology and Sustainability,Universidade São Judas Tadeu,103217,2025-06-02 11:43:42,INDEXED,40,https://journaluts.emnuvens.com.br/journaluts/oai,ojs,periodico,toolkit,oai_dc,Open Journal Systems,Journal of Urban Technology and Sustainability,oai:ojs.emnuvens.com.br:article/1,,,,,,,True,True,True,,False
1728,USP - 64,"Saúde, Ética & Justiça (Online)",Universidade de São Paulo (USP),104079,2025-08-13 16:20:38,INDEXED,351,https://www.revistas.usp.br/sej/oai,ojs,periodico,toolkit,oai_dc,Open Journal Systems,Saúde Ética & Justiça,oai:revistas.usp.br:article/1,,,,,,,True,True,True,,False
1729,USP - 65,Revista Turismo em Análise,Universidade de São Paulo (USP),102706,2025-05-07 21:00:41,INDEXED,879,https://www.revistas.usp.br/rta/oai,ojs,periodico,toolkit,oai_dc,Open Journal Systems,Revista Turismo em Análise,oai:revistas.usp.br:article/1,,,,,,,True,True,True,,False
2591,USP-10,Olimpianos,Universidade de São Paulo (USP),108247,2026-08-24 13:04:56,INDEXED,157,https://journal.olimpianos.com.br/journal/index.php/Olimpianos/oai,ojs,periodico,toolkit,oai_dc,Open Journal Systems,Olimpianos - Journal of Olympic Studies,oai:ojs2.ojs.olimpianos.com.br:article/1,,,,,,,True,True,True,,False
25,USP-11,Educação e Pesquisa,Universidade de São Paulo (USP),108491,2026-09-03 19:38:12,INDEXED,1830,https://www.revistas.usp.br/ep/oai,ojs,periodico,toolkit,oai_dc,Open Journal Systems,Educação e Pesquisa,oai:revistas.usp.br:article/1,,,,,,,True,True,True,,False
26,USP-12,Significação (Online),Universidade de São Paulo (USP),108492,2026-09-03 19:53:44,INDEXED,764,https://www.revistas.usp.br/significacao/oai,ojs,periodico,toolkit,oai_dc,Open Journal Systems,Significação: Revista de Cultura Audiovisual,oai:revistas.usp.br:article/1,,,,,,,True,True,True,,False
27,USP-13,Brazilian Journal of Oceanography,Universidade de São Paulo (USP),108493,2026-09-03 19:53:43,INDEXED,598,https://www.revistas.usp.br/bjoce/oai,ojs,periodico,toolkit,oai_dc,Open Journal Systems,Brazilian Journal of Oceanography,oai:revistas.usp.br:article/1,,,,,,,True,True,True,,False
28,USP-14,Estudos Econômicos (São Paulo),Universidade de São Paulo (USP),108494,2026-09-03 19:53:44,INDEXED,1474,https://www.revistas.usp.br/ee/oai,ojs,periodico,toolkit,oai_dc,Open Journal Systems,Estudos Econômicos (São Paulo),oai:revistas.usp.br:article/1,,,,,,,True,True,True,,False
29,USP-15,InCID,Universidade de São Paulo (USP),108495,2026-09-03 20:01:32,INDEXED,472,https://www.revistas.usp.br/incid/oai,ojs,periodico,toolkit,oai_dc,Open Journal Systems,InCID: Revista de Ciência da Informação e Documentação,oai:revistas.usp.br:article/1,,,,,,,True,True,True,,False
30,USP-16,Scientiae Studia (Online),Universidade de São Paulo (USP),108498,2026-09-04 09:55:54,INDEXED,518,https://www.revistas.usp.br/ss/oai,ojs,periodico,toolkit,oai_dc,Open Journal Systems,Scientiae Studia,oai:revistas.usp.br:article/1,,,,,,,True,True,True,,False
31,USP-17,Journal of applied oral science (Online),Universidade de São Paulo (USP),108499,2026-09-04 10:02:24,INDEXED,2102,https://www.revistas.usp.br/jaos/oai,ojs,periodico,toolkit,oai_dc,Open Journal Systems,Journal of Applied Oral Science,oai:revistas.usp.br:article/1,,,,,,,True,True,True,,False
32,USP-18,Scientia Agrícola (Online),Universidade de São Paulo (USP),108500,2026-09-04 10:02:22,INDEXED,2111,https://www.revistas.usp.br/sa/oai,ojs,periodico,toolkit,oai_dc,Open Journal Systems,Scientia Agricola,oai:revistas.usp.br:article/1,,,,,,,True,True,True,,False
33,USP-19,Clinics,Universidade de São Paulo (USP),108501,2026-09-04 10:36:03,INDEXED,3747,https://www.revistas.usp.br/clinics/oai,ojs,periodico,toolkit,oai_dc,Open Journal Systems,Clinics,oai:revistas.usp.br:article/1,,,,,,,True,True,True,,False
2601,USP-20,Malala,Universidade de São Paulo (USP),108261,2026-08-24 13:05:48,INDEXED,187,https://www.revistas.usp.br/malala/oai,ojs,periodico,toolkit,oai_dc,Open Journal Systems,Malala,oai:revistas.usp.br:article/1,,,,,,,True,True,True,,False
35,USP-21,Economia Aplicada,Universidade de São Paulo (USP),108502,2026-09-04 10:36:01,INDEXED,832,https://www.revistas.usp.br/ecoa/oai/index,ojs,periodico,toolkit,oai_dc,Open Journal Systems,Economia Aplicada,oai:revistas.usp.br:article/1,,,,,,,True,True,True,,False
36,USP-22,Paidéia (Ribeirão Preto. Online),Universidade de São Paulo (USP),108503,2026-09-04 10:36:00,INDEXED,1327,https://www.revistas.usp.br/paideia/oai,ojs,periodico,toolkit,oai_dc,Open Journal Systems,Paidéia (Ribeirão Preto),oai:revistas.usp.br:article/1,,,,,,,True,True,True,,False
37,USP-23,Revista de Saúde Pública,Universidade de São Paulo (USP),108504,2026-09-04 10:49:16,INDEXED,5262,https://www.revistas.usp.br/rsp/oai,ojs,periodico,toolkit,oai_dc,Open Journal Systems,Revista de Saúde Pública,oai:revistas.usp.br:article/1,,,,,,,True,True,True,,False
38,USP-24,Revista da Escola de Enfermagem da USP (Online),Universidade de São Paulo (USP),108505,2026-09-04 10:49:12,INDEXED,4139,https://www.revistas.usp.br/reeusp/oai,ojs,periodico,toolkit,oai_dc,Open Journal Systems,Revista da Escola de Enfermagem da USP,oai:revistas.usp.br:article/1,,,,,,,True,True,True,,False
39,USP-25,Paisagem e Ambiente (Online),Universidade de São Paulo (USP),108506,2026-09-04 10:49:04,INDEXED,602,https://www.revistas.usp.br/paam/oai,ojs,periodico,toolkit,oai_dc,Open Journal Systems,Paisagem e Ambiente,oai:revistas.usp.br:article/1,,,,,,,True,True,True,,False
41,USP-27,Revista de Administração (São Paulo),Universidade de São Paulo (USP),108509,2026-09-04 11:01:14,INDEXED,847,https://www.revistas.usp.br/rausp/oai,ojs,periodico,toolkit,oai_dc,Open Journal Systems,Revista de Administração,oai:revistas.usp.br:article/1,,,,,,,True,True,True,,False
42,USP-28,Pandaemonium Germanicum (Online),Universidade de São Paulo (USP),108510,2026-09-04 11:01:17,INDEXED,720,https://www.revistas.usp.br/pg/oai,ojs,periodico,toolkit,oai_dc,Open Journal Systems,Pandaemonium Germanicum,oai:revistas.usp.br:article/1,,,,,,,True,True,True,,False
1857,USP-3,Portal de Livros Abertos da USP,Universidade de São Paulo (USP),103872,2025-08-04 11:15:01,INDEXED,1326,https://www.livrosabertos.abcd.usp.br/portaldelivrosUSP/oai,omp,livro,toolkit,oai_dc,Open Monograph Press,Portal de Livros Abertos da USP,oai:livrosabertos.usp.br:publicationFormat/1,,,,,,,True,True,True,,False
45,USP-31,Brazilian Journal of Pharmaceutical Sciences,Universidade de São Paulo (USP),108511,2026-09-04 11:01:19,INDEXED,2049,https://www.revistas.usp.br/bjps/oai,ojs,periodico,toolkit,oai_dc,Open Journal Systems,Brazilian Journal of Pharmaceutical Sciences,oai:revistas.usp.br:article/1,,,,,,,True,True,True,,False
47,USP-33,Journal of Information Systems and Technology Management (Online),Universidade de São Paulo (USP),108512,2026-09-04 11:01:23,INDEXED,436,https://www.revistas.usp.br/jistem/oai,ojs,periodico,toolkit,oai_dc,Open Journal Systems,Journal of Information Systems and Technology Management,oai:revistas.usp.br:article/1,,,,,,,True,True,True,,False
48,USP-34,Revista Alterjor,Universidade de São Paulo (USP),108516,2026-09-04 12:02:11,INDEXED,533,https://www.revistas.usp.br/alterjor/oai,ojs,periodico,toolkit,oai_dc,Open Journal Systems,Revista Alterjor,oai:revistas.usp.br:article/1,,,,,,,True,True,True,,False
49,USP-35,Revista Brasileira de Educação Física e Esporte (Online),Universidade de São Paulo (USP),108517,2026-09-04 12:02:13,INDEXED,1188,https://www.revistas.usp.br/rbefe/oai,ojs,periodico,toolkit,oai_dc,Open Journal Systems,Revista Brasileira de Educação Física e Esporte,oai:revistas.usp.br:article/1,,,,,,,True,True,True,,False
50,USP-36,Linha D'Água (Online),Universidade de São Paulo (USP),108518,2026-09-04 12:02:11,INDEXED,888,https://www.revistas.usp.br/linhadagua/oai,ojs,periodico,toolkit,oai_dc,Open Journal Systems,Linha D'Água,oai:revistas.usp.br:article/1,,,,,,,True,True,True,,False
51,USP-37,Anais do Museu Paulista (Online),Universidade de São Paulo (USP),108519,2026-09-04 12:02:20,INDEXED,980,https://www.revistas.usp.br/anaismp/oai,ojs,periodico,toolkit,oai_dc,Open Journal Systems,Anais do Museu Paulista: História e Cultura Material,oai:revistas.usp.br:article/1,,,,,,,True,True,True,,False
52,USP-38,Revista Latino-Americana de Enfermagem (Online),Universidade de São Paulo (USP),108521,2026-09-04 12:02:47,INDEXED,3878,https://www.revistas.usp.br/rlae/oai,ojs,periodico,toolkit,oai_dc,Open Journal Systems,Revista Latino-Americana de Enfermagem,oai:revistas.usp.br:article/1,,,,,,,True,True,True,,False
53,USP-39,Clinical and Laboratorial Research in Dentistry,Universidade de São Paulo (USP),108520,2026-09-04 12:02:22,INDEXED,173,https://www.revistas.usp.br/clrd/oai,ojs,periodico,toolkit,oai_dc,Open Journal Systems,Clinical and Laboratorial Research in Dentistry,oai:revistas.usp.br:article/1,,,,,,,True,True,True,,False
18,USP-4,Revista de Direito Sanitário (Online),Universidade de São Paulo (USP),108437,2026-09-02 16:12:07,INDEXED,843,https://www.revistas.usp.br/rdisan/oai,ojs,periodico,toolkit,oai_dc,Open Journal Systems,Revista de Direito Sanitário,oai:revistas.usp.br:article/1,,,,,,,True,True,True,,False
54,USP-40,Revista de Administração e Inovação (Innovation & Management Review),Universidade de São Paulo (USP),108522,2026-09-04 12:07:30,INDEXED,722,https://www.revistas.usp.br/rai/oai,ojs,periodico,toolkit,oai_dc,Open Journal Systems,INMR - Innovation & Management Review,oai:revistas.usp.br:article/1,,,,,,,True,True,True,,False
1202,USP-42,Revista da Sociedade Brasileira de Arborização Urbana,Universidade Federal do Paraná (UFPR),106078,2026-01-09 10:58:26,INDEXED,531,https://revistas.ufpr.br/revsbau/oai,ojs,periodico,toolkit,oai_dc,Open Journal Systems,Revista da Sociedade Brasileira de Arborização Urbana,oai:ojs.pkp.sfu.ca:article/1,,,,,,,True,True,True,,False
1328,USP-43,Revista de Terapia Ocupacional da Universidade de São Paulo,Universidade de São Paulo (USP),106134,2026-01-09 12:06:26,INDEXED,837,https://www.revistas.usp.br/rto/oai,ojs,periodico,toolkit,oai_dc,Open Journal Systems,Revista de Terapia Ocupacional da Universidade de São Paulo,oai:revistas.usp.br:article/1,,,,,,,True,True,True,,False
2610,USP-44,Revista do Museu de Arqueologia e Etnologia (Online),Universidade de São Paulo (USP),108269,2026-08-24 13:06:20,INDEXED,830,https://www.revistas.usp.br/revmae/oai,ojs,periodico,toolkit,oai_dc,Open Journal Systems,Revista do Museu de Arqueologia e Etnologia,oai:revistas.usp.br:article/1,,,,,,,True,True,True,,False
1778,USP-46,Anais da Escola Superior de Agricultura Luiz de Queiroz,Escola Superior de Agricultura Luiz de Queiroz (ESALQ-USP),103857,2025-08-04 09:59:34,INDEXED,1517,https://www.revistas.usp.br/aesalq/oai,ojs,periodico,toolkit,oai_dc,Open Journal Systems,Anais da Escola Superior de Agricultura Luiz de Queiroz,oai:revistas.usp.br:article/1,,,,,,,True,True,True,,False
1780,USP-47,Boletim do Instituto Oceanográfico,Instituto Oceanográfico da Universidade de São Paulo (IOUSP),103859,2025-08-04 10:03:52,INDEXED,537,https://www.revistas.usp.br/biocean/oai,ojs,periodico,toolkit,oai_dc,Open Journal Systems,Boletim do Instituto Oceanográfico,oai:revistas.usp.br:article/1,,,,,,,True,True,True,,False
1782,USP-48,Boletim do Instituto Paulista de Oceanografia,Instituto Oceanográfico da Universidade de São Paulo (IOUSP),103861,2025-08-04 10:07:27,INDEXED,38,https://www.revistas.usp.br/bipoce/oai,ojs,periodico,toolkit,oai_dc,Open Journal Systems,Boletim do Instituto Paulista de Oceanografia,oai:revistas.usp.br:article/1,,,,,,,True,True,True,,False
1785,USP-49,Brazilian Journal of Veterinary Research and Animal Science,Faculdade de Medicina Veterinária e Zootecnia da Universidade de São Paulo (FMVZ-USP),103862,2025-08-04 10:11:21,INDEXED,2310,https://www.revistas.usp.br/bjvras/oai,ojs,periodico,toolkit,oai_dc,Open Journal Systems,Brazilian Journal of Veterinary Research and Animal Science,oai:revistas.usp.br:article/1,,,,,,,True,True,True,,False
19,USP-5,Archives of Clinical Psychiatry,Universidade de São Paulo (USP),108438,2026-09-02 16:12:07,INDEXED,846,https://www.revistas.usp.br/acp/oai,ojs,periodico,toolkit,oai_dc,Open Journal Systems,Archives of Clinical Psychiatry (São Paulo),oai:revistas.usp.br:article/1,,,,,,,True,True,True,,False
1442,USP-51,Pesquisa odontológica brasileira (Online),Universidade de São Paulo (USP),104028,2025-08-11 10:02:00,INDEXED,260,https://www.revistas.usp.br/pob/oai,ojs,periodico,toolkit,oai_dc,Open Journal Systems,Pesquisa Odontológica Brasileira,oai:revistas.usp.br:article/1,,,,,,,True,True,True,,False
1447,USP-52,RBCF. Revista Brasileira de Ciências Farmacêuticas (Online),Universidade de São Paulo (USP),104031,2025-08-11 10:02:43,INDEXED,548,https://www.revistas.usp.br/rbcf/oai,ojs,periodico,toolkit,oai_dc,Open Journal Systems,Revista Brasileira de Ciências Farmacêuticas,oai:revistas.usp.br:article/1,,,,,,,True,True,True,,False
1459,USP-55,Revista de antropologia (São Paulo. Online),Universidade de São Paulo (USP),104037,2025-08-11 11:12:05,INDEXED,1593,https://www.revistas.usp.br/ra/oai,ojs,periodico,toolkit,oai_dc,Open Journal Systems,Revista de Antropologia,oai:revistas.usp.br:article/1,,,,,,,True,True,True,,False
1544,USP-58,Pós. Revista do Programa de Pós-Graduação em Arquitetura e Urbanismo da FAUUSP (Online),Universidade de São Paulo (USP),104062,2025-08-13 11:33:34,INDEXED,895,https://www.revistas.usp.br/posfau/oai,ojs,periodico,toolkit,oai_dc,Open Journal Systems,PosFAUUSP,oai:revistas.usp.br:article/1,,,,,,,True,True,True,,False
1551,USP-59,RUS (São Paulo),Universidade de São Paulo (USP),104063,2025-08-13 11:43:24,INDEXED,362,https://www.revistas.usp.br/rus/oai,ojs,periodico,toolkit,oai_dc,Open Journal Systems,RUS (São Paulo),oai:revistas.usp.br:article/1,,,,,,,True,True,True,,False
20,USP-6,Saúde e Sociedade (Online),Universidade de São Paulo (USP),108439,2026-09-02 16:12:16,INDEXED,2362,https://www.revistas.usp.br/sausoc/oai,ojs,periodico,toolkit,oai_dc,Open Journal Systems,Saúde e Sociedade,oai:revistas.usp.br:article/1,,,,,,,True,True,True,,False
1559,USP-60,"GIS - Gesto, Imagem e Som - Revista de Antropologia",Universidade de São Paulo (USP),104064,2025-08-13 11:48:46,INDEXED,233,https://www.revistas.usp.br/gis/oai,ojs,periodico,toolkit,oai_dc,Open Journal Systems,"GIS - Gesto, Imagem e Som - Revista de Antropologia",oai:revistas.usp.br:article/1,,,,,,,True,True,True,,False
1577,USP-61,Plural (São Paulo. Online),Universidade de São Paulo (USP),104065,2025-08-13 11:55:34,INDEXED,712,https://www.revistas.usp.br/plural/oai,ojs,periodico,toolkit,oai_dc,Open Journal Systems,Plural,oai:revistas.usp.br:article/1,,,,,,,True,True,True,,False
1537,USP-62,Caracol (São Paulo. Online),Universidade de São Paulo (USP),104061,2025-08-13 10:48:21,INDEXED,555,https://www.revistas.usp.br/caracol/oai,ojs,periodico,toolkit,oai_dc,Open Journal Systems,Caracol,oai:revistas.usp.br:article/1,,,,,,,True,True,True,,False
1748,USP-65,Revista de contabilidade e organizações,Universidade de São Paulo (USP),102764,2025-05-09 13:47:47,INDEXED,392,https://www.revistas.usp.br/rco/oai,ojs,periodico,toolkit,oai_dc,Open Journal Systems,Revista de Contabilidade e Organizações,oai:revistas.usp.br:article/1,,,,,,,True,True,True,,False
2631,USP-66,Virus,Universidade de São Paulo (USP),108256,2026-08-24 13:05:46,INDEXED,600,https://revistas.usp.br/virus/oai,ojs,periodico,toolkit,oai_dc,Open Journal Systems,V!RUS Journal,oai:revistas.usp.br:article/1,,,,,,,True,True,True,,False
1760,USP-67,Estilos da Clínica (Online),Universidade de São Paulo (USP),102751,2025-05-09 13:46:29,INDEXED,964,https://www.revistas.usp.br/estic/oai,ojs,periodico,toolkit,oai_dc,Open Journal Systems,Estilos da Clinica,oai:revistas.usp.br:article/1,,,,,,,True,True,True,,False
1774,USP-68,Arquivos de Zoologia (Online),Universidade de São Paulo (USP),103854,2025-08-04 09:52:31,INDEXED,307,https://www.revistas.usp.br/azmz/oai,ojs,periodico,toolkit,oai_dc,Open Journal Systems,Arquivos de Zoologia,oai:revistas.usp.br:article/1,,,,,,,True,True,True,,False
1775,USP-69,Papéis Avulsos de Zoologia (Online),Universidade de São Paulo (USP),103855,2025-08-04 09:54:57,INDEXED,1983,https://www.revistas.usp.br/paz/oai,ojs,periodico,toolkit,oai_dc,Open Journal Systems,Papéis Avulsos de Zoologia,oai:revistas.usp.br:article/1,,,,,,,True,True,True,,False
21,USP-7,Revista Contabilidade & Finanças (Online),Universidade de São Paulo (USP),108440,2026-09-02 16:12:15,INDEXED,806,https://www.revistas.usp.br/rcf/oai,ojs,periodico,toolkit,oai_dc,Open Journal Systems,Revista Contabilidade & Finanças,oai:revistas.usp.br:article/1,,,,,,,True,True,True,,False
1790,USP-70,Matrizes (Online),Universidade de São Paulo (USP),103869,2025-08-04 11:05:39,INDEXED,714,https://www.revistas.usp.br/matrizes/oai,ojs,periodico,toolkit,oai_dc,Open Journal Systems,MATRIZes,oai:revistas.usp.br:article/1,,,,,,,True,True,True,,False
1851,USP-71,Comunicação & Educação (Online),Universidade de São Paulo (USP),103870,2025-08-04 11:08:01,INDEXED,1364,https://www.revistas.usp.br/comueduc/oai,ojs,periodico,toolkit,oai_dc,Open Journal Systems,Comunicação & Educação,oai:revistas.usp.br:article/1,,,,,,,True,True,True,,False
1853,USP-72,Organicom (Online),Universidade de São Paulo (USP),103871,2025-08-04 11:11:08,INDEXED,898,https://www.revistas.usp.br/organicom/oai,ojs,periodico,toolkit,oai_dc,Open Journal Systems,Organicom,oai:revistas.usp.br:article/1,,,,,,,True,True,True,,False
2633,USP-73,Geologia USP. Série Científica (Online),Universidade de São Paulo (USP),108258,2026-08-24 13:05:32,INDEXED,667,https://www.revistas.usp.br/guspsc/oai,ojs,periodico,toolkit,oai_dc,Open Journal Systems,Geologia USP. Série Científica,oai:revistas.usp.br:article/1,,,,,,,True,True,True,,False
2635,USP-74,Estudos Semióticos,Universidade de São Paulo (USP),108259,2026-08-24 13:05:44,INDEXED,661,https://www.revistas.usp.br/esse/oai,ojs,periodico,toolkit,oai_dc,Open Journal Systems,Estudos Semióticos,oai:revistas.usp.br:article/1,,,,,,,True,True,True,,False
2637,USP-75,Ponto Urbe,Universidade de São Paulo (USP),108165,2026-08-19 18:36:05,INDEXED,858,https://www.revistas.usp.br/pontourbe/oai,ojs,periodico,toolkit,oai_dc,Open Journal Systems,Ponto Urbe,oai:revistas.usp.br:article/1,,,,,,,True,True,True,,False
2639,USP-76,Manuscrítica (Online),Universidade de São Paulo (USP),108188,2026-08-19 18:40:24,INDEXED,879,https://revistas.usp.br/manuscritica/oai,ojs,periodico,toolkit,oai_dc,Open Journal Systems,Manuscrítica: Revista de Crítica Genética,oai:revistas.usp.br:article/1,,,,,,,True,True,True,,False
2641,USP-77,Cadernos PROLAM/USP,Universidade de São Paulo (USP),108170,2026-08-19 18:36:52,INDEXED,568,https://www.revistas.usp.br/prolam/oai,ojs,periodico,toolkit,oai_dc,Open Journal Systems,Brazilian Journal of Latin American Studies,oai:revistas.usp.br:article/1,,,,,,,True,True,True,,False
2642,USP-78,Revista CPC,Universidade de São Paulo (USP),108173,2026-08-19 18:37:37,INDEXED,483,https://revistas.usp.br/cpc/oai,ojs,periodico,toolkit,oai_dc,Open Journal Systems,Revista CPC,oai:revistas.usp.br:article/1,,,,,,,True,True,True,,False
2645,USP-80,Risco: Revista de Pesquisa em Arquitetura e Urbanismo (Online),Universidade de São Paulo (USP),108174,2026-08-19 18:37:51,INDEXED,675,https://www.revistas.usp.br/risco/oai,ojs,periodico,toolkit,oai_dc,Open Journal Systems,Risco Revista de Pesquisa em Arquitetura e Urbanismo (Online),oai:revistas.usp.br:article/1,,,,,,,True,True,True,,False
2646,USP-81,Filologia e Linguística Portuguesa,Universidade de São Paulo (USP),108177,2026-08-19 18:38:18,INDEXED,536,https://revistas.usp.br/flp/oai,ojs,periodico,toolkit,oai_dc,Open Journal Systems,Filologia e Linguística Portuguesa,oai:revistas.usp.br:article/1,,,,,,,True,True,True,,False
2647,USP-82,Filosofia e História da Biologia (Online),Universidade de São Paulo (USP),108176,2026-08-19 18:38:08,INDEXED,88,https://revistas.usp.br/fhb/oai,ojs,periodico,toolkit,oai_dc,Open Journal Systems,Filosofia e História da Biologia,oai:revistas.usp.br:article/1,,,,,,,True,True,True,,False
2648,USP-83,Extraprensa (Online),Universidade de São Paulo (USP),108178,2026-08-19 18:38:29,INDEXED,653,https://revistas.usp.br/extraprensa/oai,ojs,periodico,toolkit,oai_dc,Open Journal Systems,Revista Extraprensa,oai:revistas.usp.br:article/1,,,,,,,True,True,True,,False
2651,USP-84,Literatura e Sociedade (Online),Universidade de São Paulo (USP),108180,2026-08-19 18:39:14,INDEXED,746,https://www.revistas.usp.br/ls/oai,ojs,periodico,toolkit,oai_dc,Open Journal Systems,Literatura e Sociedade,oai:revistas.usp.br:article/1,,,,,,,True,True,True,,False
2652,USP-85,Revista de Italianística (Online),Universidade de São Paulo (USP),108179,2026-08-19 18:39:57,INDEXED,572,https://revistas.usp.br/italianistica/oai,ojs,periodico,toolkit,oai_dc,Open Journal Systems,Revista de Italianística,oai:revistas.usp.br:article/1,,,,,,,True,True,True,,False
2653,USP-86,TradTerm (Online),Universidade de São Paulo (USP),108182,2026-08-19 18:39:26,INDEXED,702,https://revistas.usp.br/tradterm/oai,ojs,periodico,toolkit,oai_dc,Open Journal Systems,Tradterm,oai:revistas.usp.br:article/1,,,,,,,True,True,True,,False
2657,USP-87,Cadernos de Filosofia Alemã (Online),Universidade de São Paulo (USP),108185,2026-08-19 18:40:05,INDEXED,547,https://www.revistas.usp.br/filosofiaalema/oai,ojs,periodico,toolkit,oai_dc,Open Journal Systems,Cadernos de Filosofia Alemã: Crítica e Modernidade,oai:revistas.usp.br:article/1,,,,,,,True,True,True,,False
2721,USP-88,Khronos,Universidade de São Paulo (USP),108064,2026-08-18 16:22:38,INDEXED,223,https://revistas.usp.br/khronos/oai,ojs,periodico,toolkit,oai_dc,Open Journal Systems,Khronos,oai:revistas.usp.br:article/1,,,,,,,True,True,True,,False
2722,USP-89,Revista da Tulha,Universidade de São Paulo (USP),108065,2026-08-18 16:22:40,INDEXED,229,https://revistas.usp.br/revistadatulha/oai,ojs,periodico,toolkit,oai_dc,Open Journal Systems,Revista da Tulha,oai:revistas.usp.br:article/1,,,,,,,True,True,True,,False
23,USP-9,Fisioterapia e Pesquisa,Universidade de São Paulo (USP),108490,2026-09-03 19:38:12,INDEXED,1594,https://www.revistas.usp.br/fpusp/oai,ojs,periodico,toolkit,oai_dc,Open Journal Systems,Fisioterapia e Pesquisa,oai:revistas.usp.br:article/1,,,,,,,True,True,True,,False
2737,USP-90,Cadernos Espinosanos (Online),Universidade de São Paulo (USP),108078,2026-08-18 16:26:00,INDEXED,488,https://revistas.usp.br/espinosanos/oai,ojs,periodico,toolkit,oai_dc,Open Journal Systems,Cadernos Espinosanos,oai:revistas.usp.br:article/1,,,,,,,True,True,True,,False
14,UTFPR-11,Dito Efeito,Universidade Tecnológica Federal do Paraná (UTFPR),108435,2026-09-02 16:08:53,INDEXED,208,https://periodicos.utfpr.edu.br/de/oai,ojs,periodico,toolkit,oai_dc,Open Journal Systems,Dito Efeito - Revista de Comunicação da UTFPR,oai:periodicos.utfpr:article/1,,,,,,,True,True,True,,False
1503,UTFPR-13,Actio (Curitiba),Universidade Tecnológica Federal do Paraná (UTFPR),102560,2025-05-07 11:35:58,INDEXED,545,https://periodicos.utfpr.edu.br/actio/oai,ojs,periodico,toolkit,oai_dc,Open Journal Systems,ACTIO: Docência em Ciências,oai:periodicos.utfpr:article/1,,,,,,,True,True,True,,False
2214,UTFPR-14,Revista Brasileira de Geomática,Universidade Tecnológica Federal do Paraná (UTFPR),103215,2025-06-02 11:22:05,INDEXED,227,https://periodicos.utfpr.edu.br/rbgeo/oai,ojs,periodico,toolkit,oai_dc,Open Journal Systems,Revista Brasileira de Geomática,oai:periodicos.utfpr:article/1,,,,,,,True,True,True,,False
5,UTFPR-2,Revista Brasileira de Física Tecnológica Aplicada,Universidade Tecnológica Federal do Paraná (UTFPR),108426,2026-09-02 15:50:48,INDEXED,101,https://periodicos.utfpr.edu.br/rbfta/oai,ojs,periodico,toolkit,oai_dc,Open Journal Systems,Revista Brasileira de Física Tecnológica Aplicada,oai:periodicos.utfpr:article/1,,,,,,,True,True,True,,False
6,UTFPR-3,Revista Brasileira de Tecnologia Agroindustrial,Universidade Tecnológica Federal do Paraná (UTFPR),108427,2026-09-02 15:50:48,INDEXED,375,https://periodicos.utfpr.edu.br/rbta/oai,ojs,periodico,toolkit,oai_dc,Open Journal Systems,Revista Brasileira de Tecnologia Agroindustrial,oai:periodicos.utfpr:article/1,,,,,,,True,True,True,,False
7,UTFPR-4,Revista Brasileira de Planejamento e Desenvolvimento,Universidade Tecnológica Federal do Paraná (UTFPR),108428,2026-09-02 15:50:48,INDEXED,468,https://periodicos.utfpr.edu.br/rbpd/oai,ojs,periodico,toolkit,oai_dc,Open Journal Systems,Revista Brasileira de Planejamento e Desenvolvimento,oai:periodicos.utfpr:article/1,,,,,,,True,True,True,,False
8,UTFPR-5,Revista Gestão Industrial,Universidade Tecnológica Federal do Paraná (UTFPR),108429,2026-09-02 16:04:31,INDEXED,780,https://periodicos.utfpr.edu.br/revistagi/oai,ojs,periodico,toolkit,oai_dc,Open Journal Systems,Revista Gestão Industrial,oai:periodicos.utfpr:article/1,,,,,,,True,True,True,,False
9,UTFPR-6,Revista Tecnologia e Sociedade (Online),Universidade Tecnológica Federal do Paraná (UTFPR),108430,2026-09-02 16:04:31,INDEXED,1124,https://periodicos.utfpr.edu.br/rts/oai,ojs,periodico,toolkit,oai_dc,Open Journal Systems,Revista Tecnologia e Sociedade,oai:periodicos.utfpr:article/1,,,,,,,True,True,True,,False
11,UTFPR-8,Revista Eletrônica Científica Inovação e Tecnologia,Universidade Tecnológica Federal do Paraná (UTFPR),108432,2026-09-02 16:08:53,INDEXED,439,https://periodicos.utfpr.edu.br/recit/oai,ojs,periodico,toolkit,oai_dc,Open Journal Systems,Revista Eletrônica Científica Inovação e Tecnologia,oai:periodicos.utfpr:article/1,,,,,,,True,True,True,,False
12,UTFPR-9,Revista Brasileira de Qualidade de Vida,Universidade Tecnológica Federal do Paraná (UTFPR),108433,2026-09-02 16:08:53,INDEXED,396,https://periodicos.utfpr.edu.br/rbqv/oai,ojs,periodico,toolkit,oai_dc,Open Journal Systems,Revista Brasileira de Qualidade de Vida,oai:periodicos.utfpr:article/1,,,,,,,True,True,True,,False
2208,UTP-1,Revista Interin,Universidade Tuiuti do Paraná (UTP),103208,2025-06-02 09:51:24,INDEXED,450,https://seer.utp.br/index.php/i/oai,ojs,periodico,toolkit,oai_dc,Open Journal Systems,INTERIN,oai:ojs.utp.br:article/1,,,,,,,True,True,True,,False
2704,UVA-1,William Morris Davis - Revista de Geomorfologia,Universidade Estadual Vale do Acaraú (UVA),108093,2026-08-18 16:54:18,INDEXED,297,https://williammorrisdavis.uvanet.br/index.php/revistageomorfologia/oai,ojs,periodico,toolkit,oai_dc,Open Journal Systems,William Morris Davis - Revista de Geomorfologia,oai:ojs.pkp.sfu.ca:article/1,,,,,,,True,True,True,,False
2705,UVA-2,Revista da Casa da Geografia de Sobral (Online),Universidade Estadual Vale do Acaraú (UVA),108097,2026-08-18 16:54:30,INDEXED,631,https://rcgs.uvanet.br/index.php/RCGS/oai,ojs,periodico,toolkit,oai_dc,Open Journal Systems,Revista da Casa da Geografia de Sobral (RCGS),oai:ojs.pkp.sfu.ca:article/1,,,,,,,True,True,True,,False
2210,ABALF,Revista Brasileira de Alfabetização (Online),Associação Brasileira de Alfabetização (ABAlf),103211,2025-06-02 10:41:06,INDEXED,398,https://revistaabalf.com.br/index.html/index.php/rabalf/oai,origem-muda,origem-muda,nenhuma,oai_dc,,,,,http-403,,http-403,,nenhum-dos-dois,False,True,False,servidor-vivo,False
1811,ABENO-2,Revista da ABENO (Online),Associação Brasileira de Ensino Odontológico (ABENO),102824,2025-05-12 12:20:19,INDEXED,1042,https://revabeno.emnuvens.com.br/revabeno/oai,ojs,periodico,toolkit,oai_dc,Open Journal Systems,Revista da ABENO,oai:ojs3.revabeno.emnuvens.com.br:article/1,,,,,,,True,True,True,,False
2237,ABER,Revista Brasileira de Estudos Regionais e Urbanos (Online),Associação Brasileira de Estudos Regionais e Urbano (ABER),103366,2025-06-27 14:30:50,INDEXED,340,https://revistaaber.org.br/rberu/oai,ojs,periodico,toolkit,oai_dc,Open Journal Systems,Revista Brasileira de Estudos Regionais e Urbanos,oai:ojs.emnuvens.com.br:article/1,,,,,,,True,True,True,,False
1982,ABP-2,Debates em Psiquiatria (Online),Associação Brasileira de Psiquiatria (ABP),102952,2025-05-13 11:05:33,INDEXED,522,https://revistardp.org.br/revista/oai,ojs,periodico,toolkit,oai_dc,Open Journal Systems,Debates em Psiquiatria,oai:ojs.emnuvens.com.br:article/1,,,,,,,True,True,True,,False
1815,ABPCP-2,Revista Compolítica,Associação Brasileira de Pesquisadores em Comunicação e Política (Compolítica),102827,2025-05-12 12:20:26,INDEXED,262,https://revista.compolitica.org/index.php/revista/oai,origem-muda,origem-muda,nenhuma,oai_dc,,,,,xml-invalido,text/html; charset=utf-8,xml-invalido,text/html; charset=utf-8,nenhum-dos-dois,False,True,False,servidor-vivo,False
1945,ABRAHOF-1,Aesthetic Orofacial Science,Associação Brasileira de Harmonização Orofacial (ABRAHOF),102931,2025-05-13 10:19:07,INDEXED,115,https://ahof.emnuvens.com.br/ahof/oai,ojs,periodico,toolkit,oai_dc,Open Journal Systems,Aesthetic Orofacial Science,oai:ojs3.ahof.emnuvens.com.br:article/1,,,,,,,True,True,True,,False
2851,ACCMRG,Repositório Institucional do A.C.Camargo Cancer Center,A.C.Camargo Cancer Center,108214,2026-08-21 14:03:56,INDEXED,1133,https://accamargo.phlnet.com.br/cgi-bin/oai-pmh.cgi,origem-muda,origem-muda,nenhuma,oai_dc,,,,,rede,ConnectError,rede,ConnectError,nenhum-dos-dois,False,True,False,inalcancavel,False
2197,AFYA,Revista da Faculdade de Ciências Médicas da Paraíba,Faculdade de Ciências Médicas da Paraíba (Afya),103089,2025-05-15 19:32:03,INDEXED,71,https://rfcm.emnuvens.com.br/revista/oai,ojs,periodico,toolkit,oai_dc,Open Journal Systems,Revista da Faculdade de Ciências Médicas da Paraíba,oai:ojs.rfcm.emnuvens.com.br:article/1,,,,,,,True,True,True,,False
2249,ANCIB,Informação & Tecnologia,Associação Nacional de Pesquisa e Pós-Graduação em Ciência da Informação (ANCIB),103375,2025-06-30 14:34:36,INDEXED,112,https://periodicos.ufpb.br/ojs/index.php/itec/oai,origem-muda,origem-muda,nenhuma,oai_dc,,,,,xml-invalido,text/html; charset=utf-8,xml-invalido,text/html; charset=utf-8,nenhum-dos-dois,False,True,False,servidor-vivo,False
2144,ANPPREV-1,Revista ANPPREV de Seguridade Social,Associação Nacional dos Procuradores e Advogados Públicos Federais (ANPPREV),103065,2025-05-14 13:01:35,INDEXED,17,https://rass.anpprev.org.br/index.php/RASS/oai,ojs,periodico,toolkit,oai_dc,Open Journal Systems,Revista ANPPREV de Seguridade Social,oai:ojs.rass.anpprev.org.br:article/1,,,,,,,True,True,True,,False
2252,APAPIEP,Revista Nova Paideia,Associação para Promoção de Ações e Projetos Interdisciplinares em Educação e Pesquisa,103378,2025-06-30 14:59:55,INDEXED,356,http://ojs.novapaideia.org/index.php/RIEP/oai,ojs,periodico,toolkit,oai_dc,Open Journal Systems,Revista Nova Paideia - Revista Interdisciplinar em Educação e Pesquisa,oai:ojs.ojs.novapaideia.org:article/1,,,,,,,True,True,True,,False
1254,BNDES,Biblioteca Digital do Banco Nacional de Desenvolvimento Econômico e Social,Banco Nacional de Desenvolvimento Econômico e Social (BNDES),107337,2026-06-22 16:25:29,INDEXED,4354,,erro-harvester,erro-harvester,nenhuma,,,,,HarvesterError: Falha de comunicação com o Harvester após 4 tentativa(s): [Errno 113] No route to host,,,,,,False,False,False,,False
1009,CAMP-1,Revista Iberoamericana do Patrimônio Histórico-Educativo (RIDPHE_R),Universidade Estadual de Campinas (UNICAMP),105920,2026-01-08 22:10:17,INDEXED,365,https://econtents.bc.unicamp.br/inpec/index.php/ridphe/oai,origem-muda,origem-muda,nenhuma,oai_dc,,,,,rede,ConnectError,rede,ConnectError,nenhum-dos-dois,False,True,False,inalcancavel,False
2260,CATOLICA-2,Revista Expressão Católica Saúde (Online),Centro Universitário Católica de Quixadá (Unicatólica),103390,2025-07-02 09:32:26,INDEXED,154,http://publicacoesacademicas.unicatolicaquixada.edu.br/index.php/recsaude/oai,origem-muda,origem-muda,nenhuma,oai_dc,,,,,rede,ConnectError,rede,ConnectError,nenhum-dos-dois,False,True,False,inalcancavel,False
1976,CBM_MG-1,Vigiles (Belo Horizonte. Online),Corpo de Bombeiros Militar de Minas Gerais (CBM MG),102948,2025-05-13 11:05:06,INDEXED,27,https://vigiles.bombeiros.mg.gov.br/index.php/cbmmg/oai,ojs,periodico,toolkit,oai_dc,Open Journal Systems,Vigiles,oai:vigiles.bombeiros.mg.gov.br:article/1,,,,,,,True,True,True,,False
802,CDTN,Biblioteca Digital de Teses e Dissertações do CDTN,Centro de Desenvolvimento da Tecnologia Nuclear (CDTN),107351,2026-06-26 15:24:17,INDEXED,1364,https://repositorio.cdtn.br/server/oai/request,origem-muda,origem-muda,nenhuma,oai_dc,,,,,rede,ConnectError,rede,ConnectError,nenhum-dos-dois,False,True,False,inalcancavel,False
800,CECAV-1,Revista Brasileira de Espeleologia,Instituto Chico Mendes de Conservação da Biodiversidade (ICMBIO),105896,2026-01-08 21:54:05,INDEXED,33,https://revistaeletronica.icmbio.gov.br/index.php/rebe/oai,indeterminado,indeterminado,nenhuma,oai_dc,,,,,oai-error,badVerb,oai-error,badVerb,nenhum-dos-dois,False,True,False,protocolo-recusa,False
2096,CEDIGMA-1,Revista Cedigma,Cedigma,103032,2025-05-14 12:08:21,INDEXED,57,https://revistacedigma.cedigma.com.br/index.php/cedigma/oai,origem-muda,origem-muda,nenhuma,oai_dc,,,,,http-403,,http-403,,nenhum-dos-dois,False,True,False,servidor-vivo,False
1746,CESGRAN-1,Meta: avaliação (Rio de Janeiro),Fundação Cesgranrio,102763,2025-05-09 13:49:15,INDEXED,771,https://revistas.cesgranrio.org.br/index.php/metaavaliacao/oai,origem-muda,origem-muda,nenhuma,oai_dc,,,,,rede,ConnectError,rede,ConnectError,nenhum-dos-dois,False,True,False,inalcancavel,False
1590,CESGRANRIO,Ensaio (Rio de Janeiro. Online),Fundação Cesgranrio,102613,2025-05-07 12:43:03,INDEXED,887,https://revistas.cesgranrio.org.br/index.php/ensaio/oai,origem-muda,origem-muda,nenhuma,oai_dc,,,,,rede,ConnectError,rede,ConnectError,nenhum-dos-dois,False,True,False,inalcancavel,False
792,CESUMAR-1,Saúde e Pesquisa (Online),Cesumar Diretoria de Pesquisa,105892,2026-01-08 21:52:29,INDEXED,1270,https://periodicos.unicesumar.edu.br/index.php/saudpesq/oai,origem-muda,origem-muda,nenhuma,oai_dc,,,,,http-403,,http-403,,nenhum-dos-dois,False,True,False,servidor-vivo,False
1151,CONPEDI,"Revista de Direito, Economia e Desenvolvimento Sustentável",Conselho Nacional de Pesquisa e Pós-graduação em Direito (CONPEDI),106022,2026-01-09 10:10:14,INDEXED,134,http://www.indexlaw.org/index.php/revistaddsus/oai,ojs,periodico,toolkit,oai_dc,Open Journal Systems,"Revista de Direito, Economia e Desenvolvimento Sustentável",oai:ojs.indexlaw.org:article/1,,,,,,,True,True,True,,False
1085,CONPEDI-1,Revista de Pesquisa e Educação Jurídica,Conselho Nacional de Pesquisa e Pós-graduação em Direito (CONPEDI),105964,2026-01-08 23:22:41,INDEXED,130,http://www.indexlaw.org/index.php/rpej/oai,ojs,periodico,toolkit,oai_dc,Open Journal Systems,Revista de Pesquisa e Educação Jurídica,oai:ojs.indexlaw.org:article/1,,,,,,,True,True,True,,False
1179,CONPEDI-29,Revista de Direitos Humanos em Perspectiva,Conselho Nacional de Pesquisa e Pós-graduação em Direito (CONPEDI),106045,2026-01-09 10:33:34,INDEXED,129,http://www.indexlaw.org/index.php/direitoshumanos/oai,ojs,periodico,toolkit,oai_dc,Open Journal Systems,Revista de Direitos Humanos em Perspectiva,oai:ojs.indexlaw.org:article/1,,,,,,,True,True,True,,False
786,CORTEZ-1,Serviço Social & Sociedade,Cortez Editora Ltda,105885,2026-01-08 21:51:35,INDEXED,374,https://ojs.franca.unesp.br/index.php/SSR/oai,origem-muda,origem-muda,nenhuma,oai_dc,,,,,xml-invalido,text/html; charset=UTF-8,xml-invalido,text/html; charset=UTF-8,nenhum-dos-dois,False,True,False,servidor-vivo,False
785,CP2-1,Revista Encontros,Colégio Pedro II,105884,2026-01-08 21:51:55,INDEXED,1862,https://portalespiral.cp2.g12.br/index.php/index/oai,origem-muda,origem-muda,nenhuma,oai_dc,,,,,rede,ConnectError,rede,ConnectError,nenhum-dos-dois,False,True,False,inalcancavel,False
2286,CP2-2,Temas em Educação Física Escolar,Colégio Pedro II,103413,2025-07-02 15:04:10,INDEXED,235,https://portalespiral.cp2.g12.br/index.php/temasemedfisicaescolar/oai,origem-muda,origem-muda,nenhuma,oai_dc,,,,,rede,ConnectError,rede,ConnectError,nenhum-dos-dois,False,True,False,inalcancavel,False
2297,DPRS,Revista da Defensoria Pública do Estado do Rio Grande do Sul (Online),Defensoria Pública do Estado do Rio Grande do Sul,103425,2025-07-02 15:55:09,INDEXED,406,https://revista.defensoria.rs.def.br/defensoria/oai,origem-muda,origem-muda,nenhuma,oai_dc,,,,,xml-invalido,text/html,xml-invalido,text/html,nenhum-dos-dois,False,True,False,servidor-vivo,False
2301,EB-1,Coleção Meira Mattos (Online),Exército Brasileiro (EB),103429,2025-07-02 16:36:17,INDEXED,418,https://ebrevistas.eb.mil.br/RMM/oai,origem-muda,origem-muda,nenhuma,oai_dc,,,,,xml-invalido,text/html; charset=utf-8,xml-invalido,text/html; charset=utf-8,nenhum-dos-dois,False,True,False,servidor-vivo,False
2145,EDITORA-34,Revista de Economia Política,EDITORA 34,103066,2025-05-14 13:03:19,INDEXED,1829,https://centrodeeconomiapolitica.org.br/repojs/index.php/journal/oai,origem-muda,origem-muda,nenhuma,oai_dc,,,,,rede,ConnectError,rede,ConnectError,nenhum-dos-dois,False,True,False,inalcancavel,False
1260,ENAP,Repositório Institucional da ENAP,Escola Nacional de Administração Pública (ENAP),106273,2026-01-28 10:12:13,INDEXED,8562,https://repositorio.enap.gov.br/oai/request,origem-muda,origem-muda,nenhuma,oai_dc,,,,,http-404,,http-404,,nenhum-dos-dois,False,True,False,cadastro-errado,False
2299,ENTOM,Entomology Beginners,Entomologistas do Brasil,103427,2025-07-02 16:16:32,INDEXED,56,https://www.entomologybeginners.org/index.php/eb/oai,origem-muda,origem-muda,nenhuma,oai_dc,,,,,http-403,,http-403,,nenhum-dos-dois,False,True,False,servidor-vivo,False
757,ESMP-4,Revista Jurídica da Escola Superior do Ministério Público de São Paulo,Escola Superior do Ministério Público de São Paulo (ESMP),105856,2026-01-08 21:29:38,INDEXED,325,https://es.mpsp.mp.br/revista_esmp/index.php/RJESMPSP/oai,origem-muda,origem-muda,nenhuma,oai_dc,,,,,http-403,,http-403,,nenhum-dos-dois,False,True,False,servidor-vivo,False
1959,ESPP-1,Revista de Saúde Pública do Paraná (Online),Escola de Saúde Pública do Paraná (ESPP),102924,2025-05-13 10:18:46,INDEXED,338,http://revista.escoladesaude.pr.gov.br/index.php/rspp/oai,origem-muda,origem-muda,nenhuma,oai_dc,,,,,rede,ConnectTimeout,rede,ConnectTimeout,nenhum-dos-dois,False,True,False,inalcancavel,False
749,EST,Biblioteca Digital de Teses e Dissertações do EST,Faculdades EST,107327,2026-06-22 10:29:42,INDEXED,1011,,erro-harvester,erro-harvester,nenhuma,,,,,HarvesterError: Falha de comunicação com o Harvester após 4 tentativa(s): [Errno 113] No route to host,,,,,,False,False,False,,False
2143,FAESA-1,Revista Científica FAESA (Online),FAESA Centro Universitário,103064,2025-05-14 13:01:38,INDEXED,211,https://revista.faesa.br/index.php/faesa/oai,origem-muda,origem-muda,nenhuma,oai_dc,,,,,rede,ConnectError,rede,ConnectError,nenhum-dos-dois,False,True,False,inalcancavel,False
2101,FAIPE-1,Revista FAIPE,Faculdade de Tecnologia do Instituto de Pesquisa e Ensino - FAIPE,103051,2025-05-14 12:09:48,INDEXED,111,https://portal.periodicos.faipe.edu.br/ojs/index.php/rfaipe/oai,origem-muda,origem-muda,nenhuma,oai_dc,,,,,rede,ConnectError,rede,ConnectError,nenhum-dos-dois,False,True,False,inalcancavel,False
1094,FASF,Revista Valore (Online),Faculdade Sul Fluminense (FASF),105988,2026-01-08 23:23:44,INDEXED,987,https://revistavalore.emnuvens.com.br/valore/oai,ojs,periodico,toolkit,oai_dc,Open Journal Systems,Revista Valore,oai:ojs.revistavalore.emnuvens.com.br:article/1,,,,,,,True,True,True,,False
1319,FDF-0,Revista Eletrônica da Faculdade de Direito de Franca,Faculdade de Direito de Franca (FDF),106126,2026-01-09 12:05:34,INDEXED,397,https://www.revista.direitofranca.br/index.php/refdf/oai,origem-muda,origem-muda,nenhuma,oai_dc,,,,,rede,ConnectError,rede,ConnectError,nenhum-dos-dois,False,True,False,inalcancavel,False
1396,FECAP-0,Biblioteca Digital de Teses e Dissertações do FECAP,Fundação Escola de Comércio Álvares Penteado (FECAP),107328,2026-06-22 10:33:10,INDEXED,913,https://tede.fecap.br/oai/request,origem-muda,origem-muda,nenhuma,oai_dc,,,,,http-503,,http-503,,nenhum-dos-dois,False,True,False,servidor-vivo,False
1058,Feevale-1,Revista Prâksis,Universidade Feevale (Feevale),105932,2026-01-08 22:20:16,INDEXED,678,http://periodicos.feevale.br/seer/index.php/revistapraksis/oai,ojs,periodico,toolkit,oai_dc,Open Journal Systems,Revista Prâksis,oai:periodicos.feevale.br:article/1,,,,,,,True,True,True,,False
2319,FGV-12,Revista de Gestão dos Países de Língua Portuguesa (Online),Fundação Getulio Vargas (FGV),103454,2025-07-04 16:02:24,INDEXED,112,https://periodicos.fgv.br/rgplp/oai,ojs,periodico,toolkit,oai_dc,Open Journal Systems,Revista de Gestão dos Países de Língua Portuguesa,oai:ojs.periodicos.fgv.br:article/1,,,,,,,True,True,True,,False
732,FGV-7,Revista de Administração de Empresas,Fundação Getulio Vargas (FGV),105877,2026-01-08 21:30:51,INDEXED,3525,https://bibliotecadigital.fgv.br/ojs/index.php/rae/oai,origem-muda,origem-muda,nenhuma,oai_dc,,,,,rede,ConnectError,rede,ConnectError,nenhum-dos-dois,False,True,False,inalcancavel,False
2018,FHCGV-1,Repositório Fundação Hospital de Clínicas Gaspar Vianna,Fundação Hospital de Clínicas Gaspar Vianna (FHCGV),97900,2024-05-17 13:15:32,INDEXED,305,http://repositorio.gasparvianna.pa.gov.br:8080/server/oai/request,origem-muda,origem-muda,nenhuma,oai_dc,,,,,rede,ConnectError,rede,ConnectError,nenhum-dos-dois,False,True,False,inalcancavel,False
718,FIOCRUZ-2,"Trabalho, Educação e Saúde (Online)",Fundação Oswaldo Cruz (Fiocruz),105868,2026-01-08 21:30:06,INDEXED,1039,https://www.tes.epsjv.fiocruz.br/index.php/tes/oai,origem-muda,origem-muda,nenhuma,oai_dc,,,,,rede,ConnectError,rede,ConnectError,nenhum-dos-dois,False,True,False,inalcancavel,False
719,FIOCRUZ-3,Cadernos Ibero-Americanos de Direito Sanitário (Online),Fundação Oswaldo Cruz (Fiocruz),105866,2026-01-08 21:30:52,INDEXED,846,https://www.cadernos.prodisa.fiocruz.br/index.php/cadernos/oai,origem-muda,origem-muda,nenhuma,oai_dc,,,,,rede,ConnectError,rede,ConnectError,nenhum-dos-dois,False,True,False,inalcancavel,False
1897,FIOCRUZ-8,Arca Dados (Fiocruz),Fundação Oswaldo Cruz (Fiocruz),96555,2024-04-22 12:06:23,INDEXED,733,https://dadosdepesquisa.fiocruz.br/oai,origem-muda,origem-muda,nenhuma,oai_datacite,,,,,http-500,,http-500,,nenhum-dos-dois,False,True,False,servidor-vivo,False
1939,FIOCRUZ-9,Vigilância Sanitária em Debate,Fundação Oswaldo Cruz (Fiocruz),102913,2025-05-13 10:18:25,INDEXED,719,https://visaemdebate.incqs.fiocruz.br/index.php/visaemdebate/oai,origem-muda,origem-muda,nenhuma,oai_dc,,,,,rede,ConnectError,rede,ConnectError,nenhum-dos-dois,False,True,False,inalcancavel,False
716,FIPEN-1,Revista Científica Hermes,Instituto Paulista de Ensino (FIPEN),105865,2026-01-08 21:30:04,INDEXED,369,https://revistahermes.com.br/index.php/hermes1/oai,origem-muda,origem-muda,nenhuma,oai_dc,,,,,http-403,,http-403,,nenhum-dos-dois,False,True,False,servidor-vivo,False
713,FLT-1,Vox Scripturae (Online),Faculdade Luterana de Teologia,105867,2026-01-08 21:30:23,INDEXED,312,https://voxscripturae.com.br/index.php/revista/oai,ojs,periodico,toolkit,oai_dc,Open Journal Systems,Vox Scripturae - Revista Teológica Internacional,"oai:""ojs2.voxscripturae.com.br:article/1",,,,,,,True,True,True,,False
711,FMU-1,Atas de Saúde Ambiental,Faculdades Metropolitanas Unidas (FMU),105850,2026-01-08 21:29:09,INDEXED,171,https://revistaseletronicas.fmu.br/index.php/ASA/oai,ojs,periodico,toolkit,oai_dc,Open Journal Systems,Atas de Saúde Ambiental - ASA (ISSN 2357-7614),oai:ojs.fmu.br:article/1,,,,,,,True,True,True,,False
2812,FUNAG,Biblioteca Digital da Fundação Alexandre de Gusmão - FUNAG,Fundação Alexandre de Gusmão - FUNAG,108001,2026-08-18 13:44:27,INDEXED,1089,,erro-harvester,erro-harvester,nenhuma,,,,,HarvesterError: Falha de comunicação com o Harvester após 4 tentativa(s): [Errno 113] No route to host,,,,,,False,False,False,,False
1768,FUNORTE,Bionorte,Faculdades Integradas do Norte de Minas (FUNORTE),102792,2025-05-12 11:20:59,INDEXED,612,http://revistas.funorte.edu.br/revistas/index.php/bionorte/oai,origem-muda,origem-muda,nenhuma,oai_dc,,,,,xml-invalido,text/html; charset=utf-8,xml-invalido,text/html; charset=utf-8,nenhum-dos-dois,False,True,False,servidor-vivo,False
696,FURB-5,Revista Universo Contábil,Universidade Regional de Blumenau (FURB),105842,2026-01-08 21:14:04,INDEXED,880,https://ojsrevista.furb.br/ojs/index.php/universocontabil/oai,ojs,periodico,toolkit,oai_dc,Open Journal Systems,Revista Universo Contábil,oai:ojs.bu.furb.br:article/1,,,,,,,True,True,True,,False
684,GVAA-1,Revista Verde de Agroecologia e Desenvolvimento Sustentavel,Grupo Verde de Agroecologia e Abelhas (GVAA),105830,2026-01-08 21:13:24,INDEXED,2262,https://www.gvaa.com.br/revista/index.php/RVADS/oai,origem-muda,origem-muda,nenhuma,oai_dc,,,,,http-403,,http-403,,nenhum-dos-dois,False,True,False,servidor-vivo,False
685,GVAA-2,Revista Brasileira de Educação e Saúde,Grupo Verde de Agroecologia e Abelhas (GVAA),105829,2026-01-08 21:13:26,INDEXED,971,,erro-harvester,erro-harvester,nenhuma,,,,,HarvesterError: Falha de comunicação com o Harvester após 4 tentativa(s): [Errno 113] No route to host,,,,,,False,False,False,,False
2324,GVAA-3,Acta Apicola Brasilica,Grupo Verde de Agroecologia e Abelhas (GVAA),103458,2025-07-04 16:27:20,INDEXED,47,https://www.gvaa.com.br/revista/index.php/APB/oai,origem-muda,origem-muda,nenhuma,oai_dc,,,,,http-403,,http-403,,nenhum-dos-dois,False,True,False,servidor-vivo,False
680,IBICT,Repositório Institucional do Ibict - RIDI,Instituto Brasileiro de Informação em Ciência e Tecnologia (Ibict),108390,2026-08-28 14:54:45,INDEXED,1242,https://ridi.ibict.br/server/oai/request,dspace,repositorio,sampleIdentifier,xoai,,RIDI,oai:ridi.ibict.br:123456789/1234,,,,,,,True,True,True,,False
681,IBICT-3,Revista Baiana de Saúde Pública (Online),Secretaria da Saúde do Estado da Bahia (Sesab),105828,2026-01-08 21:12:57,INDEXED,1860,https://rbsp.sesab.ba.gov.br/index.php/rbsp/oai,origem-muda,origem-muda,nenhuma,oai_dc,,,,,rede,ConnectError,rede,ConnectError,nenhum-dos-dois,False,True,False,inalcancavel,False
2028,IBICT-8,Deposita Dados (Repositório Comum de Dados de Pesquisa do Ibict),Instituto Brasileiro de Informação em Ciência e Tecnologia (Ibict),107770,2026-08-10 09:43:17,INDEXED,92,http://172.16.16.119/oai,origem-muda,origem-muda,nenhuma,oai_datacite,,,,,rede,ConnectTimeout,rede,ConnectTimeout,nenhum-dos-dois,False,True,False,inalcancavel,False
2333,IBRI-2,Meridiano 47,Instituto Brasileiro de Relações Internacionais (IBRI),106572,2026-03-03 15:29:00,INDEXED,1364,https://periodicos.unb.br/index.php/MED/oai,origem-muda,origem-muda,nenhuma,oai_dc,,,,,rede,ConnectError,rede,ConnectError,nenhum-dos-dois,False,True,False,inalcancavel,False
1921,ICMBIO-1,Biodiversidade Brasileira,Instituto Chico Mendes de Conservação da Biodiversidade (ICMBIO),102911,2025-05-13 09:45:13,INDEXED,967,https://revistaeletronica.icmbio.gov.br/index.php/BioBR/oai,indeterminado,indeterminado,nenhuma,oai_dc,,,,,oai-error,badVerb,oai-error,badVerb,nenhum-dos-dois,False,True,False,protocolo-recusa,False
1534,IDEAS,Revista IDEAS (Online),Universidade Federal Rural do Rio de Janeiro (UFRRJ),102585,2025-05-07 12:12:56,INDEXED,253,https://revistaideas.ufrrj.br/ojs/index.php/ideas/oai,origem-muda,origem-muda,nenhuma,oai_dc,,,,,rede,ConnectError,rede,ConnectError,nenhum-dos-dois,False,True,False,inalcancavel,False
1883,IFAM-2,Educitec,"Instituto Federal de Educação, Ciência e Tecnologia do Amazonas (IFAM)",102881,2025-05-12 20:53:25,INDEXED,377,https://sistemascmc.ifam.edu.br/educitec/index.php/educitec/oai,ojs,periodico,toolkit,oai_dc,Open Journal Systems,Educitec - Revista de Estudos e Pesquisas sobre Ensino Tecnológico,oai:ojs.pkp.sfu.ca:article/1,,,,,,,True,True,True,,False
2854,IFB,Repositório Institucional do Instituto Federal de Brasília (RIIFB),"Instituto Federal de Educação, Ciência e Tecnologia de Brasília (IFB)",107558,2026-08-01 22:54:43,INDEXED,2564,https://repositorio.ifb.edu.br/server/oai/request,origem-muda,origem-muda,nenhuma,xoai,,,,,rede,ConnectError,rede,ConnectError,nenhum-dos-dois,False,True,False,inalcancavel,False
2236,IFMG-2,Repositório Institucional do Instituto Federal de Minas Gerais (RI-IFMG),"Instituto Federal de Educação, Ciência e Tecnologia de Minas Gerais (IFMG)",103358,2025-06-26 20:57:28,INDEXED,1189,https://repositoriohomolog.ifmg.edu.br/server81/oai/request,origem-muda,origem-muda,nenhuma,oai_dc,,,,,xml-invalido,text/html; charset=UTF-8,xml-invalido,text/html; charset=UTF-8,nenhum-dos-dois,False,True,False,servidor-vivo,False
2022,IFPA-1,"Repositório Institucional do Instituto Federal de Educação, Ciência e Tecnologia do Pará (IFPA)","Instituto Federal de Educação, Ciência e Tecnologia do Pará (IFPA)",101402,2025-03-20 14:26:47,INDEXED,268,https://repositorio.ifpa.edu.br/oai/request,origem-muda,origem-muda,nenhuma,oai_dc,,,,,http-503,,http-503,,nenhum-dos-dois,False,True,False,servidor-vivo,False
2387,IFPR,Revista Mundi Saúde e Biológicas,"Instituto Federal de Educação, Ciência e Tecnologia do Paraná (IFPR)",103487,2025-07-07 15:31:44,INDEXED,36,https://periodicos.ifpr.edu.br/index.php/MundiSB/oai,origem-muda,origem-muda,nenhuma,oai_dc,,,,,http-404,,http-404,,nenhum-dos-dois,False,True,False,cadastro-errado,False
2388,IFPR-2,Revista Mundi Sociais e Humanidades,"Instituto Federal de Educação, Ciência e Tecnologia do Paraná (IFPR)",103488,2025-07-07 15:33:49,INDEXED,175,https://periodicos.ifpr.edu.br/index.php/MundiSH/oai,origem-muda,origem-muda,nenhuma,oai_dc,,,,,http-404,,http-404,,nenhum-dos-dois,False,True,False,cadastro-errado,False
1339,IFRS-3,LínguaTec,"Instituto Federal de Educação, Ciência e Tecnologia do Rio Grande do Sul (IFRS)",106117,2026-01-09 12:04:26,INDEXED,293,https://periodicos.ifrs.edu.br/index.php/LinguaTec/oai,ojs,periodico,toolkit,oai_dc,Open Journal Systems,LínguaTec,oai:ojs.pkp.sfu.ca:article/1,,,,,,,True,True,True,,False
2228,IFTO,Revista Sítio Novo,"Instituto Federal de Educação, Ciência e Tecnologia do Tocantins (IFTO)",103345,2025-06-25 11:12:55,INDEXED,366,https://sitionovo.ifto.edu.br/index.php/sitionovo/oai,ojs,periodico,toolkit,oai_dc,Open Journal Systems,Revista Sítio Novo,oai:ojs.propi.ifto.edu.br:article/1,,,,,,,True,True,True,,False
2134,IIDV-1,International Journal Education and Teaching,Instituto Internacional Despertando Vocações (IIDV),103048,2025-05-14 12:09:45,INDEXED,203,https://ijet-pdvl.institutoidv.org/index.php/pdvl/oai,origem-muda,origem-muda,nenhuma,oai_dc,,,,,http-403,,http-403,,nenhum-dos-dois,False,True,False,servidor-vivo,False
2313,IMED-5,Revista Brasileira de Ensino Superior,Faculdade Meridional (IMED),103449,2025-07-04 15:28:09,INDEXED,135,,erro-harvester,erro-harvester,nenhuma,,,,,HarvesterError: Falha de comunicação com o Harvester após 4 tentativa(s): [Errno 113] No route to host,,,,,,False,False,False,,False
1919,INDEP-2,Revista Epistemologia,Publicação independente,102905,2025-05-13 09:39:56,INDEXED,10,https://epistemologia.com.br/academico/index.php/epistemologia/oai,origem-muda,origem-muda,nenhuma,oai_dc,,,,,http-403,,http-403,,nenhum-dos-dois,False,True,False,servidor-vivo,False
2394,INES,Revista Fórum (Instituto Nacional de Educação de Surdos. Online),Instituto Nacional de Educação de Surdos (Ines),103491,2025-07-07 15:56:04,INDEXED,302,https://seer.ines.gov.br/index.php/revista-forum/oai,origem-muda,origem-muda,nenhuma,oai_dc,,,,,rede,ConnectError,rede,ConnectError,nenhum-dos-dois,False,True,False,inalcancavel,False
649,INPA-2,Repositório Institucional do INPA,Instituto Nacional de Pesquisas da Amazônia (INPA),101408,2025-03-20 16:00:29,INDEXED,23736,https://repositorio.inpa.gov.br/oai/request,origem-muda,origem-muda,nenhuma,xoai,,,,,rede,ConnectTimeout,rede,ConnectTimeout,nenhum-dos-dois,False,True,False,inalcancavel,False
640,IPEN,Repositório Institucional do IPEN,Instituto de Pesquisas Energéticas e Nucleares (IPEN),94702,2023-12-11 09:48:08,INDEXED,28866,http://repositorio.ipen.br/oai/request,origem-muda,origem-muda,nenhuma,xoai,,,,,rede,ConnectTimeout,rede,ConnectTimeout,nenhum-dos-dois,False,True,False,inalcancavel,False
2150,IPP,Coleção Estudos Cariocas,Instituto Municipal de Urbanismo Pereira Passos (IPP),104417,2025-09-17 08:04:51,INDEXED,137,https://estudoscariocas.rio/index.php/ojs/oai,indeterminado,indeterminado,nenhuma,oai_dc,,,,,oai-error,badVerb,oai-error,badVerb,nenhum-dos-dois,False,True,False,protocolo-recusa,False
1887,ITEPA,Revista Teopráxis,Instituto de Teologia e Pastoral (ITEPA),102887,2025-05-12 20:54:38,INDEXED,190,https://itepa.com.br/ojs/index.php/teopraxis/oai,origem-muda,origem-muda,nenhuma,oai_dc,,,,,http-404,,http-404,,nenhum-dos-dois,False,True,False,cadastro-errado,False
1664,JRG,Revista JRG de Estudos Acadêmicos,Editora JRG,102673,2025-05-07 13:41:45,INDEXED,1420,http://revistajrg.com/index.php/jrg/oai,ojs,periodico,toolkit,oai_dc,Open Journal Systems,Revista JRG de Estudos Acadêmicos,oai:ojs2.revistajrg.com:article/1,,,,,,,True,True,True,,False
2031,MACKENZIE,RAM. Revista de Administração Mackenzie,Universidade Presbiteriana Mackenzie (MACKENZIE),106915,2026-04-27 14:12:00,INDEXED,711,https://editorarevistas.mackenzie.br/index.php/RAM/oai,indeterminado,indeterminado,nenhuma,oai_dc,,,,,oai-error,badVerb,oai-error,badVerb,nenhum-dos-dois,False,True,False,protocolo-recusa,False
626,METO,Repositório da METODISTA,Universidade Metodista de São Paulo (METODISTA),105133,2025-12-01 14:21:34,INDEXED,1305,https://repositorio.metodista.br/server/oai/request,origem-muda,origem-muda,nenhuma,xoai,,,,,http-500,,http-500,,nenhum-dos-dois,False,True,False,servidor-vivo,False
1145,METO-3,Comunicações,Universidade Metodista de São Paulo (METODISTA),106039,2026-01-09 10:11:07,INDEXED,115,https://www.metodista.br/revistas/revistas-unimep/index.php/comunicacoes/oai,origem-muda,origem-muda,nenhuma,oai_dc,,,,,http-404,,http-404,,nenhum-dos-dois,False,True,False,cadastro-errado,False
1536,PATRYTER,Patryter,Universidade de Brasília (UnB),103772,2025-07-30 16:53:06,INDEXED,205,https://periodicos.unb.br/index.php/patryter/oai,origem-muda,origem-muda,nenhuma,oai_dc,,,,,rede,ConnectError,rede,ConnectError,nenhum-dos-dois,False,True,False,inalcancavel,False
1104,PUC-GO-2,Panorama (Goiânia. Online),Pontifícia Universidade Católica de Goiás (PUC-GO),105984,2026-01-08 23:23:35,INDEXED,284,https://seer.pucgoias.edu.br/index.php/panorama/oai,ojs,periodico,toolkit,oai_dc,Open Journal Systems,Revista Panorama - Revista de Comunicação Social,oai:ojs2.seer.ojs.com.br:article/1,,,,,,,True,True,True,,False
619,PUC_CAMP-2,Revista de Nutrição,Pontifícia Universidade Católica de Campinas (PUC-CAMPINAS),105820,2026-01-08 20:58:06,INDEXED,2067,https://periodicos.puc-campinas.edu.br/nutricao/oai,origem-muda,origem-muda,nenhuma,oai_dc,,,,,rede,ReadTimeout,rede,ReadTimeout,nenhum-dos-dois,False,True,False,inalcancavel,False
620,PUC_CAMP-3,Estudos de Psicologia (Campinas),Pontifícia Universidade Católica de Campinas (PUC-CAMPINAS),105813,2026-01-08 20:56:39,INDEXED,1901,https://periodicos.puc-campinas.edu.br/estpsi/oai,origem-muda,origem-muda,nenhuma,oai_dc,,,,,rede,ReadTimeout,rede,ReadTimeout,nenhum-dos-dois,False,True,False,inalcancavel,False
621,PUC_CAMP-4,Transinformação (Online),Pontifícia Universidade Católica de Campinas (PUC-CAMPINAS),105811,2026-01-08 20:56:28,INDEXED,1051,https://periodicos.puc-campinas.edu.br/transinfo/oai,origem-muda,origem-muda,nenhuma,oai_dc,,,,,rede,ReadTimeout,rede,ReadTimeout,nenhum-dos-dois,False,True,False,inalcancavel,False
2748,PUC_GO-8,Repositório da Pontifícia Universidade Católica de Goiás (RI da PUC GO),Pontifícia Universidade Católica de Goiás (PUC-GO),108048,2026-08-18 15:52:40,INDEXED,2342,https://repositorio.pucgoias.edu.br/oai/request,origem-muda,origem-muda,nenhuma,oai_dc,,,,,rede,ConnectError,rede,ConnectError,nenhum-dos-dois,False,True,False,inalcancavel,False
614,PUC_MINS-3,Horizonte - Revista de Estudos de Teologia e Ciências da Religião,Pontifícia Universidade Católica de Minas Gerais (PUC Minas),105815,2026-01-08 20:56:21,INDEXED,1554,https://periodicos.pucminas.br/horizonte/oai,ojs,periodico,toolkit,oai_dc,Open Journal Systems,HORIZONTE,oai:ojs3.periodicos.pucminas.br:article/1,,,,,,,True,True,True,,False
602,PUC_RS-18,Educação,Pontifícia Universidade Católica do Rio Grande do Sul (PUCRS),105808,2026-01-08 20:55:37,INDEXED,951,https://revistaseletronicas.pucrs.br/faced/oai,ojs,periodico,toolkit,oai_dc,Open Journal Systems,Educação,oai:ojs.revistaseletronicas.pucrs.br:article/1,,,,,,,True,True,True,,False
603,PUC_RS-19,Letras de Hoje (Online),Pontifícia Universidade Católica do Rio Grande do Sul (PUCRS),105807,2026-01-08 20:56:16,INDEXED,2791,https://revistaseletronicas.pucrs.br/fale/oai,ojs,periodico,toolkit,oai_dc,Open Journal Systems,Letras de Hoje,oai:ojs.revistaseletronicas.pucrs.br:article/1,,,,,,,True,True,True,,False
589,PUC_SP-5,Cadernos Metrópole (Online),Pontifícia Universidade Católica de São Paulo (PUC-SP),105796,2026-01-08 20:45:35,INDEXED,812,https://revistas.pucsp.br/metropole/oai,ojs,periodico,toolkit,oai_dc,Open Journal Systems,Cadernos Metrópole,oai:ojs.revistas.pucsp.br:article/1,,,,,,,True,True,True,,False
2467,REAT-1,Revista Brasileira de Meio Ambiente,Editora Reativar Ambiental,108448,2026-09-02 16:58:24,INDEXED,389,https://www.revistabrasileirademeioambiente.com/index.php/RVBMA/oai,origem-muda,origem-muda,nenhuma,oai_dc,,,,,http-403,,http-403,,nenhum-dos-dois,False,True,False,servidor-vivo,False
2468,REAT-2,Meio Ambiente (Brasil),Editora Reativar Ambiental,108452,2026-09-02 16:58:55,INDEXED,305,https://meioambientebrasil.com.br/index.php/MABRA/oai,origem-muda,origem-muda,nenhuma,oai_dc,,,,,http-403,,http-403,,nenhum-dos-dois,False,True,False,servidor-vivo,False
2281,SAOCAMILO,O Mundo da Saúde (Online),Centro Universitário São Camilo,103408,2025-07-02 14:28:14,INDEXED,1147,https://revistamundodasaude.emnuvens.com.br/mundodasaude/oai,ojs,periodico,toolkit,oai_dc,Open Journal Systems,O Mundo da Saúde,oai:ojs3.revistamundodasaude.emnuvens.com.br:article/1,,,,,,,True,True,True,,False
2845,SBC-10,Biblioteca Digital da Sociedade Brasileira de Computação - Preprints,Sociedade Brasileira de Computação (SBC),107965,2026-08-18 13:14:55,INDEXED,2,https://preprints-sol.sbc.org.br/sbc/oai,ops,periodico,toolkit,oai_dc,Open Preprint Systems,SOL Preprints,oai:ops.preprints-sol.sbc.org.br:8000:preprint/1,,,,,,,True,True,True,,False
2496,SBPE-2,Residência Pediátrica,Sociedade Brasileira de Pediatria (SBP),108339,2026-08-24 16:59:58,INDEXED,2289,https://residenciapediatrica.com.br/oai,origem-muda,origem-muda,nenhuma,oai_dc,,,,,http-403,,http-403,,nenhum-dos-dois,False,True,False,servidor-vivo,False
2133,SBRASH-1,Revista Brasileira de Sexualidade Humana (Online),Sociedade Brasileira de Estudos em Sexualidade Humana (SBRASH),103045,2025-05-14 12:09:30,INDEXED,942,https://www.rbsh.org.br/revista_sbrash/oai,ojs,periodico,toolkit,oai_dc,Open Journal Systems,Revista Brasileira de Sexualidade Humana,oai:ojs.rbsh.org.br:article/1,,,,,,,True,True,True,,False
1938,SCI-2,SciELO Data,Scientific Electronic Library Online (SCIELO),102903,2025-05-13 09:44:26,INDEXED,773,https://data.scielo.org/oai,origem-muda,origem-muda,nenhuma,oai_datacite,,,,,http-403,,http-403,,nenhum-dos-dois,False,True,False,servidor-vivo,False
1829,SEB-3,EntomoBrasilis,Sociedade Entomológica do Brasil (SEB),102834,2025-05-12 12:21:08,INDEXED,612,https://www.entomobrasilis.org/index.php/ebras/oai,origem-muda,origem-muda,nenhuma,oai_dc,,,,,http-403,,http-403,,nenhum-dos-dois,False,True,False,servidor-vivo,False
2502,SEB-4,Entomological Communications,Sociedade Entomológica do Brasil,108340,2026-08-24 16:59:58,INDEXED,305,https://www.entomologicalcommunications.org/index.php/index/oai,origem-muda,origem-muda,nenhuma,oai_dc,,,,,http-403,,http-403,,nenhum-dos-dois,False,True,False,servidor-vivo,False
1483,SENAI-1,Repositório da Produção Científica e Intelectual do SENAI CIMATEC,Serviço Nacional de Aprendizagem Industrial Campus Integrado de Manufatura e Tecnologia (SENAI CIMATEC),103664,2025-07-25 10:02:38,INDEXED,648,http://repositoriosenaiba.fieb.org.br/oai/request,origem-muda,origem-muda,nenhuma,xoai,,,,,rede,ConnectTimeout,rede,ConnectTimeout,nenhum-dos-dois,False,True,False,inalcancavel,False
2397,SJRJ,Revista da Seção Judiciária do Rio de Janeiro (Online),Justiça Federal - Seção Judiciária do Rio de Janeiro (SJRJ),103497,2025-07-07 16:35:47,INDEXED,180,http://revistaauditorium.jfrj.jus.br/index.php/revistasjrj/oai,ojs,periodico,toolkit,oai_dc,Open Journal Systems,Revista da Seção Judiciária do Rio de Janeiro - Auditorium,oai:ojs2.vmdseer:article/1,,,,,,,True,True,True,,False
513,UCB-3,Esferas - Revista Interprogramas de Pós-graduação em Comunicação do Centro-Oeste,Universidade Católica de Brasília (UCB),105777,2026-01-08 20:22:57,INDEXED,600,https://portalrevistas.ucb.br/index.php/esf/oai,origem-muda,origem-muda,nenhuma,oai_dc,,,,,http-502,,http-502,,nenhum-dos-dois,False,True,False,servidor-vivo,False
514,UCB-4,Comunicologia,Universidade Católica de Brasília (UCB),105775,2026-01-08 20:22:48,INDEXED,408,https://portalrevistas.ucb.br/index.php/RCEUCB/oai,origem-muda,origem-muda,nenhuma,oai_dc,,,,,http-502,,http-502,,nenhum-dos-dois,False,True,False,servidor-vivo,False
515,UCB-5,Revista Brasileira de Ciência e Movimento (Online),Universidade Católica de Brasília (UCB),105774,2026-01-08 20:22:46,INDEXED,1755,https://portalrevistas.ucb.br/index.php/RBCM/oai,origem-muda,origem-muda,nenhuma,oai_dc,,,,,http-502,,http-502,,nenhum-dos-dois,False,True,False,servidor-vivo,False
1003,UCB-6,Economic Analysis of law Review,Universidade Católica de Brasília (UCB),105918,2026-01-08 22:10:06,INDEXED,463,,erro-harvester,erro-harvester,nenhuma,,,,,HarvesterError: Falha de comunicação com o Harvester após 4 tentativa(s): [Errno 113] No route to host,,,,,,False,False,False,,False
2729,UCEN-2,Revista Aproximação (Guarapuava),Universidade Estadual do Centro-Oeste (UNICENTRO),108072,2026-08-18 16:23:16,INDEXED,171,https://revistas.unicentro.br/index.php/aproximacao/oai,origem-muda,origem-muda,nenhuma,oai_dc,,,,,rede,ConnectError,rede,ConnectError,nenhum-dos-dois,False,True,False,inalcancavel,False
1912,UCS-1,Revista Brasileira de Gestão e Inovação,Universidade de Caxias do Sul (UCS),102909,2025-05-13 09:42:18,INDEXED,311,https://sou.ucs.br/etc/revistas/index.php/RBGI/oai,ojs,periodico,toolkit,oai_dc,Open Journal Systems,Brazilian Journal of Management and Innovation (Revista Brasileira de Gestão e Inovação),oai:ojs2.ucsnew.ojsbrasil.com.br:article/1,,,,,,,True,True,True,,False
503,UCS-3,Conjectura: filosofia e educação,Universidade de Caxias do Sul (UCS),105781,2026-01-08 20:23:24,INDEXED,16,https://sou.ucs.br/revistas/index.php/conjectura/oai,ojs,periodico,toolkit,oai_dc,Open Journal Systems,CONJECTURA: filosofia e educação,oai:ojs2.ucs.br:article/1,,,,,,,True,True,True,,False
1549,UECE-2,Conhecer (Fortaleza),Universidade Estadual do Ceará (UECE),96856,2024-04-24 09:28:08,INDEXED,312,https://revistas.uece.br/index.php/revistaconhecer/oai,ojs,periodico,toolkit,oai_dc,Open Journal Systems,Conhecer: debate entre o público e o privado,oai:ojs.revistas.uece.br:article/1,,,,,,,True,True,True,,False
1737,UECE-4,Boletim Cearense de Educação e História da Matemática (Online),Universidade Estadual do Ceará (UECE),102742,2025-05-09 13:44:20,INDEXED,405,,erro-harvester,erro-harvester,nenhuma,,,,,HarvesterError: Falha de comunicação com o Harvester após 4 tentativa(s): [Errno 113] No route to host,,,,,,False,False,False,,False
497,UEFS,Biblioteca Digital de Teses e Dissertações da UEFS,Universidade Estadual de Feira de Santana (UEFS),107034,2026-05-17 16:12:38,INDEXED,2036,http://tede2.uefs.br:8080/oai/request,origem-muda,origem-muda,nenhuma,xoai,,,,,rede,ReadTimeout,rede,ReadTimeout,nenhum-dos-dois,False,True,False,inalcancavel,False
496,UEG-1,Revista de História da UEG,Universidade Estadual de Goiás (UEG),106551,2026-03-02 15:01:53,INDEXED,514,https://www.revista.ueg.br/index.php/revistahistoria/oai,origem-muda,origem-muda,nenhuma,oai_dc,,,,,xml-invalido,text/html,xml-invalido,text/html,nenhum-dos-dois,False,True,False,servidor-vivo,False
492,UEL-8,Informação & Informação,Universidade Estadual de Londrina (UEL),105768,2026-01-08 20:23:17,INDEXED,2491,https://www.uel.br/revistas/uel/index.php/informacao/oai,ojs,periodico,toolkit,oai_dc,Open Journal Systems,Informação & Informação,oai:ojs2.ojs.uel.br:article/1,,,,,,,True,True,True,,False
1840,UEMA-1,TICs & EaD em Foco,Núcleo de Tecnologias para Educação (UEMAnet),102860,2025-05-12 14:14:26,INDEXED,203,https://www.uemanet.uema.br/revista/index.php/ticseadfoco/oai,origem-muda,origem-muda,nenhuma,oai_dc,,,,,rede,ConnectError,rede,ConnectError,nenhum-dos-dois,False,True,False,inalcancavel,False
2098,UEMA-3,Repositório da Universidade Estadual do Maranhão (UEMA),Universidade Estadual do Maranhão (UEMA),106892,2026-04-22 14:35:42,INDEXED,4866,,erro-harvester,erro-harvester,nenhuma,,,,,HarvesterError: Falha de comunicação com o Harvester após 4 tentativa(s): [Errno 113] No route to host,,,,,,False,False,False,,False
466,UEPG,Biblioteca Digital de Teses e Dissertações da UEPG,Universidade Estadual de Ponta Grossa (UEPG),106888,2026-04-22 11:44:32,INDEXED,3887,https://tede2.uepg.br/oai/request,origem-muda,origem-muda,nenhuma,xoai,,,,,xml-invalido,text/html; charset=utf-8,xml-invalido,text/html; charset=utf-8,nenhum-dos-dois,False,True,False,servidor-vivo,False
467,UEPG-25,Repositório Institucional da UEPG,Universidade Estadual de Ponta Grossa (UEPG),107618,2026-08-05 11:38:29,INDEXED,5287,https://ri.uepg.br/server/oai/request,dspace,repositorio,sampleIdentifier,oai_dc,,RI UEPG,oai:ri.uepg.br:123456789/1234,,,,,,,True,True,True,,False
443,UERJ,Biblioteca Digital de Teses e Dissertações da UERJ,Universidade do Estado do Rio de Janeiro (UERJ),107902,2026-08-17 16:13:55,INDEXED,20390,http://www.bdtd.uerj.br:8080/oai/request,origem-muda,origem-muda,nenhuma,xoai,,,,,rede,ConnectTimeout,rede,ConnectTimeout,nenhum-dos-dois,False,True,False,inalcancavel,False
454,UERJ-12,Revista Italiano UERJ,Universidade do Estado do Rio de Janeiro (UERJ),107287,2026-06-18 17:54:05,INDEXED,153,https://www.e-publicacoes.uerj.br/index.php/revistaitalianouerj/oai,ojs,periodico,toolkit,oai_dc,Open Journal Systems,Revista Italiano UERJ,oai:ojs.www.e-publicacoes.uerj.br:article/1,,,,,,,True,True,True,,False
450,UERJ-8,Revista Quaestio Iuris (Online),Universidade do Estado do Rio de Janeiro (UERJ),106297,2026-01-30 11:09:12,INDEXED,1315,https://www.e-publicacoes.uerj.br/index.php/quaestioiuris/oai,ojs,periodico,toolkit,oai_dc,Open Journal Systems,REVISTA QUAESTIO IURIS,oai:ojs.www.e-publicacoes.uerj.br:article/1,,,,,,,True,True,True,,False
2726,UESB-13,Revista Extensão e Cidadania (Online),Universidade Estadual do Sudoeste da Bahia (UESB),108068,2026-08-18 16:22:59,INDEXED,348,https://periodicos2.uesb.br/index.php/recuesb/oai,ojs,periodico,toolkit,oai_dc,Open Journal Systems,Revista Extensão & Cidadania,oai:ojs.pkp.sfu.ca:article/1,,,,,,,True,True,True,,False
2020,UFAL-2,Revista Economia Política do Desenvolvimento (Online),Universidade Federal de Alagoas (UFAL),102973,2025-05-13 16:31:16,INDEXED,226,https://www.seer.ufal.br/index.php/repd/oai,origem-muda,origem-muda,nenhuma,oai_dc,,,,,rede,ConnectError,rede,ConnectError,nenhum-dos-dois,False,True,False,inalcancavel,False
434,UFAM,Biblioteca Digital de Teses e Dissertações da UFAM,Universidade Federal do Amazonas (UFAM),107903,2026-08-17 16:28:42,INDEXED,9026,,erro-harvester,erro-harvester,nenhuma,,,,,HarvesterError: Falha de comunicação com o Harvester após 4 tentativa(s): [Errno 113] No route to host,,,,,,False,False,False,,False
426,UFBA-2,Repositório Institucional da UFBA,Universidade Federal da Bahia (UFBA),104869,2025-10-29 11:31:29,INDEXED,39224,https://repositorio.ufba.br/oai/request,origem-muda,origem-muda,nenhuma,xoai,,,,,rede,ConnectError,rede,ConnectError,nenhum-dos-dois,False,True,False,inalcancavel,False
436,UFBC,Repositório Institucional da UFABC,Universidade Federal do ABC (UFABC),106203,2026-01-15 22:18:14,INDEXED,4439,https://biblioteca.ufabc.edu.br/oai/oai.php,origem-muda,origem-muda,nenhuma,mtd2-br,,,,,rede,ConnectError,rede,ConnectError,nenhum-dos-dois,False,True,False,inalcancavel,False
1617,UFC-16,Rev Rene (Online),Universidade Federal do Ceará (UFC),102634,2025-05-07 13:24:54,INDEXED,3370,http://periodicos.ufc.br/rene/oai,ojs,periodico,toolkit,oai_dc,Open Journal Systems,Rev Rene,oai:ojs.pkp.sfu.ca:article/1,,,,,,,True,True,True,,False
422,UFC-4,Revista brasileira de higiene e sanidade animal,Universidade Federal do Ceará (UFC),105707,2026-01-08 17:09:00,INDEXED,633,http://www.higieneanimal.ufc.br/seer/index.php/higieneanimal/oai,origem-muda,origem-muda,nenhuma,oai_dc,,,,,rede,ConnectError,rede,ConnectError,nenhum-dos-dois,False,True,False,inalcancavel,False
1025,UFC-7,Repositório Institucional da Universidade Federal do Ceará (UFC),Universidade Federal do Ceará (UFC),104901,2025-11-03 11:25:51,INDEXED,78011,https://repositorio.ufc.br/ri-oai/request,origem-muda,origem-muda,nenhuma,xoai,,,,,rede,ConnectTimeout,rede,ConnectTimeout,nenhum-dos-dois,False,True,False,inalcancavel,False
1042,UFC-8,Geosaberes,Universidade Federal do Ceará (UFC),105943,2026-01-08 22:20:45,INDEXED,518,http://www.geosaberes.ufc.br/geosaberes/oai,origem-muda,origem-muda,nenhuma,oai_dc,,,,,rede,ConnectError,rede,ConnectError,nenhum-dos-dois,False,True,False,inalcancavel,False
1045,UFC-9,Entrepalavras,Universidade Federal do Ceará (UFC),105947,2026-01-08 22:21:07,INDEXED,939,http://www.entrepalavras.ufc.br/revista/index.php/Revista/oai,origem-muda,origem-muda,nenhuma,oai_dc,,,,,rede,ConnectError,rede,ConnectError,nenhum-dos-dois,False,True,False,inalcancavel,False
1010,UFCG,Biblioteca Digital de Teses e Dissertações da UFCG,Universidade Federal de Campina Grande (UFCG),107905,2026-08-17 16:51:14,INDEXED,45623,https://dspace.sti.ufcg.edu.br/oai/request,origem-muda,origem-muda,nenhuma,xoai,,,,,rede,ConnectError,rede,ConnectError,nenhum-dos-dois,False,True,False,inalcancavel,False
130,UFEI,Repositório Institucional da UNIFEI (RIUNIFEI),Universidade Federal de Itajubá (UNIFEI),108607,2026-09-11 09:47:38,INDEXED,4104,https://repositorio.unifei.edu.br/oai/request,origem-muda,origem-muda,nenhuma,xoai,,,,,rede,ConnectError,rede,ConnectError,nenhum-dos-dois,False,True,False,inalcancavel,False
1858,UFES-11,Brazilian Journal of Production Engineering,Universidade Federal do Espírito Santo (UFES),102856,2025-05-12 14:14:29,INDEXED,817,https://periodicos.ufes.br/bjpe/oai,ojs,periodico,toolkit,oai_dc,Open Journal Systems,Brazilian Journal of Production Engineering,oai:periodicos.ufes.br:article/1,,,,,,,True,True,True,,False
412,UFES-6,Revista (Con)Textos Linguísticos (Online),Universidade Federal do Espírito Santo (UFES),105713,2026-01-08 17:09:32,INDEXED,882,https://periodicos.ufes.br/contextoslinguisticos/oai,ojs,periodico,toolkit,oai_dc,Open Journal Systems,Revista (Con)Textos Linguísticos,oai:periodicos.ufes.br:article/1,,,,,,,True,True,True,,False
1050,UFF-11,"Movimento (Niterói, Online)",Universidade Federal Fluminense (UFF),105927,2026-01-08 22:20:09,INDEXED,376,https://periodicos.uff.br/revistamovimento/oai,origem-muda,origem-muda,nenhuma,oai_dc,,,,,http-500,,http-500,,nenhum-dos-dois,False,True,False,servidor-vivo,False
1561,UFF-16,Poiésis (Niterói. Online),Universidade Federal Fluminense (UFF),96868,2024-04-24 09:34:51,INDEXED,631,https://periodicos.uff.br/poiesis/oai,origem-muda,origem-muda,nenhuma,oai_dc,,,,,http-500,,http-500,,nenhum-dos-dois,False,True,False,servidor-vivo,False
1884,UFF-22,Ensaios de Geografia,Universidade Federal Fluminense (UFF),102882,2025-05-12 20:54:15,INDEXED,284,https://periodicos.uff.br/ensaios_posgeo/oai,origem-muda,origem-muda,nenhuma,oai_dc,,,,,http-500,,http-500,,nenhum-dos-dois,False,True,False,servidor-vivo,False
2305,UFF-23,Revista Pensamento Contemporâneo em Administração,Universidade Federal Fluminense (UFF),103447,2025-07-04 15:06:52,INDEXED,682,https://periodicos.uff.br/pca/oai,origem-muda,origem-muda,nenhuma,oai_dc,,,,,http-500,,http-500,,nenhum-dos-dois,False,True,False,servidor-vivo,False
2306,UFF-24,Revista Aleph (Niterói. Online),Universidade Federal Fluminense (UFF),103445,2025-07-04 14:54:02,INDEXED,634,https://periodicos.uff.br/revistaleph/oai,origem-muda,origem-muda,nenhuma,oai_dc,,,,,http-500,,http-500,,nenhum-dos-dois,False,True,False,servidor-vivo,False
2310,UFF-25,Revista Hoplos (Niterói),Universidade Federal Fluminense (UFF),103443,2025-07-04 14:39:13,INDEXED,126,https://periodicos.uff.br/hoplos/oai,origem-muda,origem-muda,nenhuma,oai_dc,,,,,http-500,,http-500,,nenhum-dos-dois,False,True,False,servidor-vivo,False
2314,UFF-26,Revista Mundo Livre,Universidade Federal Fluminense (UFF),103448,2025-07-04 15:25:08,INDEXED,187,,erro-harvester,erro-harvester,nenhuma,,,,,HarvesterError: Falha de comunicação com o Harvester após 4 tentativa(s): [Errno 113] No route to host,,,,,,False,False,False,,False
2316,UFF-27,Revista Sede de Ler (Online),Universidade Federal Fluminense (UFF),103451,2025-07-04 15:36:32,INDEXED,180,https://periodicos.uff.br/sededeler/oai,origem-muda,origem-muda,nenhuma,oai_dc,,,,,http-500,,http-500,,nenhum-dos-dois,False,True,False,servidor-vivo,False
402,UFF-5,Contracampo,Universidade Federal Fluminense (UFF),105703,2026-01-08 17:08:50,INDEXED,712,https://periodicos.uff.br/contracampo/oai,origem-muda,origem-muda,nenhuma,oai_dc,,,,,http-500,,http-500,,nenhum-dos-dois,False,True,False,servidor-vivo,False
403,UFF-6,Gragoatá,Universidade Federal Fluminense (UFF),105701,2026-01-08 17:11:57,INDEXED,1116,https://periodicos.uff.br/gragoata/oai,origem-muda,origem-muda,nenhuma,oai_dc,,,,,http-500,,http-500,,nenhum-dos-dois,False,True,False,servidor-vivo,False
404,UFF-7,Fractal : Revista de Psicologia,Universidade Federal Fluminense (UFF),105702,2026-01-08 17:07:19,INDEXED,736,https://periodicos.uff.br/fractal/oai,origem-muda,origem-muda,nenhuma,oai_dc,,,,,http-500,,http-500,,nenhum-dos-dois,False,True,False,servidor-vivo,False
405,UFF-8,Gênero,Universidade Federal Fluminense (UFF),105700,2026-01-08 17:10:23,INDEXED,738,https://periodicos.uff.br/revistagenero/oai,origem-muda,origem-muda,nenhuma,oai_dc,,,,,http-500,,http-500,,nenhum-dos-dois,False,True,False,servidor-vivo,False
406,UFF-9,Abril (Niterói),Universidade Federal Fluminense (UFF),105706,2026-01-08 17:08:44,INDEXED,552,https://periodicos.uff.br/revistaabril/oai,origem-muda,origem-muda,nenhuma,oai_dc,,,,,http-500,,http-500,,nenhum-dos-dois,False,True,False,servidor-vivo,False
1575,UFFS-2,Revista Insignare Scientia,Universidade Federal da Fronteira Sul (UFFS),102610,2025-05-07 12:42:19,INDEXED,792,https://periodicos.uffs.edu.br/index.php/RIS/oai,ojs,periodico,toolkit,oai_dc,Open Journal Systems,Revista Insignare Scientia - RIS,oai:ojs.192.168.253.137:article/1,,,,,,,True,True,True,,False
389,UFG-3,Inter-ação (Goiânia. Online),Universidade Federal de Goiás (UFG),105689,2026-01-08 17:06:16,INDEXED,1244,https://revistas.ufg.br/index.php/interacao/oai,ojs,periodico,toolkit,oai_dc,Open Journal Systems,Revista Inter-Ação,oai:ojs.revistas.ufg.br:article/1,,,,,,,True,True,True,,False
2189,UFG-31,Revista eletrônica de Farmácia,Universidade Federal de Goiás (UFG),102277,2025-04-30 11:40:34,INDEXED,648,https://revistas.ufg.br/REF/oai,origem-muda,origem-muda,nenhuma,oai_dc,,,,,xml-invalido,text/html; charset=utf-8,xml-invalido,text/html; charset=utf-8,nenhum-dos-dois,False,True,False,servidor-vivo,False
2194,UFG-36,Revista Signos Geográficos,Universidade Federal de Goiás (UFG),102283,2025-04-30 11:42:29,INDEXED,139,https://revistas.ufg.br/signos/oai,ojs,periodico,toolkit,oai_dc,Open Journal Systems,Revista Signos Geográficos,oai:ojs.revistas.ufg.br:article/1,,,,,,,True,True,True,,False
2691,UFGD-12,Revista Ñanduty,Universidade Federal da Grande Dourados (UFGD),108085,2026-08-18 16:53:59,INDEXED,277,https://ojs.ufgd.edu.br/index.php/nanduty/oai,ojs,periodico,toolkit,oai_dc,Open Journal Systems,Revista Ñanduty,oai:ojs.pkp.sfu.ca:article/1,,,,,,,True,True,True,,False
384,UFJF,Repositório Institucional da UFJF,Universidade Federal de Juiz de Fora (UFJF),103236,2025-06-03 19:54:39,INDEXED,18422,https://repositorio.ufjf.br/oai/request,origem-muda,origem-muda,nenhuma,xoai,,,,,rede,ConnectError,rede,ConnectError,nenhum-dos-dois,False,True,False,inalcancavel,False
382,UFLA-4,Coffee Science (Online),Universidade Federal de Lavras (UFLA),105657,2026-01-08 16:17:59,INDEXED,876,https://coffeescience.ufla.br/index.php/Coffeescience/oai,origem-muda,origem-muda,nenhuma,oai_dc,,,,,rede,ConnectError,rede,ConnectError,nenhum-dos-dois,False,True,False,inalcancavel,False
2668,UFLA-8,Brazilian Journal of Biometrics,Universidade Federal de Lavras (UFLA),108156,2026-08-19 18:28:48,INDEXED,427,https://biometria.ufla.br/index.php/BBJ/oai,origem-muda,origem-muda,nenhuma,oai_dc,,,,,rede,ConnectError,rede,ConnectError,nenhum-dos-dois,False,True,False,inalcancavel,False
2853,UFLA-9,Ciência da Informação Express - CIExpress,Universidade Federal de Lavras (UFLA),107970,2026-08-18 13:15:19,INDEXED,167,https://cienciadainformacaoexpress.ufla.br/index.php/revista/oai,origem-muda,origem-muda,nenhuma,oai_dc,,,,,rede,ConnectError,rede,ConnectError,nenhum-dos-dois,False,True,False,inalcancavel,False
378,UFMA-5,"Cadernos de Pesquisa (Pró-Reitoria de Pesquisa e Pós-Graduação, Universidade Federal do Maranhão. Online)",Universidade Federal do Maranhão (UFMA),105672,2026-01-08 16:28:20,INDEXED,1074,https://periodicoseletronicos.ufma.br/index.php/cadernosdepesquisa/oai,ojs,periodico,toolkit,oai_dc,Open Journal Systems,Cadernos de Pesquisa,oai:ojs2.periodicoseletronicos.ufma.br:article/1,,,,,,,True,True,True,,False
1103,UFMG-16,Marketing & Tourism Review,Universidade Federal de Minas Gerais (UFMG),105978,2026-01-08 23:23:25,INDEXED,200,https://revistas.face.ufmg.br/index.php/mtr/oai,origem-muda,origem-muda,nenhuma,oai_dc,,,,,rede,ConnectError,rede,ConnectError,nenhum-dos-dois,False,True,False,inalcancavel,False
1238,UFMG-18,Farol - Revista de Estudos Organizacionais e Sociedade,Universidade Federal de Minas Gerais (UFMG),106092,2026-01-09 11:23:04,INDEXED,403,https://revistas.face.ufmg.br/index.php/farol/oai,origem-muda,origem-muda,nenhuma,oai_dc,,,,,rede,ConnectError,rede,ConnectError,nenhum-dos-dois,False,True,False,inalcancavel,False
1621,UFMG-19,Gestão e sociedade,Universidade Federal de Minas Gerais (UFMG),102647,2025-05-07 13:19:26,INDEXED,363,,erro-harvester,erro-harvester,nenhuma,,,,,HarvesterError: Falha de comunicação com o Harvester após 4 tentativa(s): [Errno 113] No route to host,,,,,,False,False,False,,False
1738,UFMG-25,Memorandum (Belo Horizonte),Universidade Federal de Minas Gerais (UFMG),102755,2025-05-09 13:47:01,INDEXED,566,https://periodicos.ufmg.br/index.php/memorandum/oai,ojs,periodico,toolkit,oai_dc,Open Journal Systems,Memorandum: Memória e História em Psicologia,oai:periodicos.ufmg.br:article/1,,,,,,,True,True,True,,False
364,UFMG-4,Nova Economia (Online),Universidade Federal de Minas Gerais (UFMG),105661,2026-01-08 16:26:45,INDEXED,767,https://revistas.face.ufmg.br/index.php/novaeconomia/oai,origem-muda,origem-muda,nenhuma,oai_dc,,,,,rede,ConnectError,rede,ConnectError,nenhum-dos-dois,False,True,False,inalcancavel,False
367,UFMG-7,Revista Brasileira de Lingüística Aplicada (Online),Universidade Federal de Minas Gerais (UFMG),105662,2026-01-08 16:27:00,INDEXED,705,http://www.periodicos.letras.ufmg.br/index.php/rbla/oai,origem-muda,origem-muda,nenhuma,oai_dc,,,,,rede,ConnectTimeout,rede,ConnectTimeout,nenhum-dos-dois,False,True,False,inalcancavel,False
1713,UFOPA-2,Repositório Institucional da Universidade Federal do Oeste do Pará (UFOPA),Universidade Federal do Oeste do Pará (UFOPA),107789,2026-08-12 09:45:20,INDEXED,2549,https://repositorio.ufopa.edu.br/server/oai/request,origem-muda,origem-muda,nenhuma,xoai,,,,,rede,ConnectTimeout,rede,ConnectTimeout,nenhum-dos-dois,False,True,False,inalcancavel,False
2007,UFPA-1,Portal do Livro Aberto da Universidade Federal do Pará - UFPA,Universidade Federal do Pará (UFPA),96408,2024-04-19 17:04:55,INDEXED,768,https://livroaberto.ufpa.br/oai/request,origem-muda,origem-muda,nenhuma,oai_dc,,,,,http-404,,http-404,,nenhum-dos-dois,False,True,False,cadastro-errado,False
2458,UFPA-10,Nova Revista Amazônica,Universidade Federal do Pará (UFPA),108459,2026-09-02 17:00:45,INDEXED,522,https://www.periodicos.ufpa.br/index.php/nra/oai,origem-muda,origem-muda,nenhuma,oai_dc,,,,,rede,ConnectError,rede,ConnectError,nenhum-dos-dois,False,True,False,inalcancavel,False
2459,UFPA-11,Revista Agroecossistemas (Online),Universidade Federal do Pará (UFPA),108461,2026-09-02 17:01:04,INDEXED,330,https://periodicos.ufpa.br/index.php/agroecossistemas/oai,origem-muda,origem-muda,nenhuma,oai_dc,,,,,rede,ConnectError,rede,ConnectError,nenhum-dos-dois,False,True,False,inalcancavel,False
352,UFPA-2,Novos Cadernos NAEA (Online),Universidade Federal do Pará (UFPA),105664,2026-01-08 16:27:16,INDEXED,850,https://periodicos.ufpa.br/index.php/ncn/oai,origem-muda,origem-muda,nenhuma,oai_dc,,,,,rede,ConnectError,rede,ConnectError,nenhum-dos-dois,False,True,False,inalcancavel,False
353,UFPA-3,Revista Geoamazônia,Universidade Federal do Pará (UFPA),105663,2026-01-08 16:27:08,INDEXED,304,https://periodicos.ufpa.br/index.php/geoamazonia/oai,origem-muda,origem-muda,nenhuma,oai_dc,,,,,rede,ConnectError,rede,ConnectError,nenhum-dos-dois,False,True,False,inalcancavel,False
1016,UFPA-4,Moara (Online),Universidade Federal do Pará (UFPA),105914,2026-01-08 22:09:57,INDEXED,970,https://periodicos.ufpa.br/index.php/moara/oai,origem-muda,origem-muda,nenhuma,oai_dc,,,,,rede,ConnectError,rede,ConnectError,nenhum-dos-dois,False,True,False,inalcancavel,False
1695,UFPA-7,Amazônia (Universidade Federal do Pará. Online),Universidade Federal do Pará (UFPA),102664,2025-05-07 13:39:44,INDEXED,466,,erro-harvester,erro-harvester,nenhuma,,,,,HarvesterError: Falha de comunicação com o Harvester após 4 tentativa(s): [Errno 113] No route to host,,,,,,False,False,False,,False
344,UFPB-3,Revista Ártemis (João Pessoa. Online),Universidade Federal da Paraíba (UFPB),101040,2025-02-26 13:46:37,INDEXED,123,https://periodicos.ufpb.br/ojs2/index.php/artemis/oai,origem-muda,origem-muda,nenhuma,oai_dc,,,,,xml-invalido,text/html; charset=utf-8,xml-invalido,text/html; charset=utf-8,nenhum-dos-dois,False,True,False,servidor-vivo,False
341,UFPE,Repositório Institucional da UFPE,Universidade Federal de Pernambuco (UFPE),107825,2026-08-13 12:01:44,INDEXED,33334,https://repositorio.ufpe.br/oai/request,dspace,repositorio,sampleIdentifier,xoai,,RI UFPE,oai:attena.ufpe.br:123456789/50,,,,,,,True,True,True,,False
2636,UFPE-11,Revista de Estudos Antiutilitaristas e Poscoloniais,Universidade Federal de Pernambuco (UFPE),108260,2026-08-24 13:05:39,INDEXED,354,https://periodicos.ufpe.br/revistas/index.php/realis/oai,ojs,periodico,toolkit,oai_dc,Open Journal Systems,Revista de Estudos AntiUtilitaristas e PosColoniais,oai:oai.periodicos.ufpe.br:article/1,,,,,,,True,True,True,,False
337,UFPL,Repositório Institucional da UFPel - Guaiaca,Universidade Federal de Pelotas (UFPEL),107506,2026-07-27 13:46:50,INDEXED,18248,https://guaiaca.ufpel.edu.br/oai/request,origem-muda,origem-muda,nenhuma,oai_dc,,,,,http-468,,http-468,,nenhum-dos-dois,False,True,False,,False
322,UFPR,Repositório Institucional da UFPR,Universidade Federal do Paraná (UFPR),104886,2025-10-31 13:15:09,INDEXED,75675,https://acervodigital.ufpr.br/oai/request,origem-muda,origem-muda,nenhuma,xoai,,,,,rede,ReadTimeout,rede,ReadTimeout,nenhum-dos-dois,False,True,False,inalcancavel,False
332,UFPR-11,Ra'e Ga (Online),Universidade Federal do Paraná (UFPR),105652,2026-01-07 14:10:30,INDEXED,989,https://revistas.ufpr.br/raega/oai,ojs,periodico,toolkit,oai_dc,Open Journal Systems,Ra'e Ga: o Espaço Geográfico em Análise,oai:ojs.pkp.sfu.ca:article/1,,,,,,,True,True,True,,False
324,UFPR-3,Revista da Faculdade de Direito UFPR (Online),Universidade Federal do Paraná (UFPR),105628,2026-01-07 14:08:28,INDEXED,1330,https://revistas.ufpr.br/direito/oai,ojs,periodico,toolkit,oai_dc,Open Journal Systems,Revista da Faculdade de Direito UFPR,oai:ojs.pkp.sfu.ca:article/1,,,,,,,True,True,True,,False
298,UFRGS-2,Lume - Repositório Digital da Universidade Federal do Rio Grande do Sul (UFRGS),Universidade Federal do Rio Grande do Sul (UFRGS),108389,2026-08-28 11:21:03,INDEXED,302246,https://lume.ufrgs.br/oai/request,origem-muda,origem-muda,nenhuma,xoai,,,,,rede,ConnectError,rede,ConnectError,nenhum-dos-dois,False,True,False,inalcancavel,False
2411,UFRGS-39,Revista Espaço ameríndio,Universidade Federal do Rio Grande do Sul (UFRGS),103514,2025-07-09 11:45:23,INDEXED,662,https://seer.ufrgs.br/EspacoAmerindio/oai,ojs,periodico,toolkit,oai_dc,Open Journal Systems,Espaço Ameríndio,oai:seer.ufrgs.br:article/1,,,,,,,True,True,True,,False
282,UFRN-3,Revista Ambiente Contábil,Universidade Federal do Rio Grande do Norte (UFRN),105616,2026-01-07 14:07:45,INDEXED,816,https://periodicos.ufrn.br/ambiente/oai,ojs,periodico,toolkit,oai_dc,Open Journal Systems,REVISTA AMBIENTE CONTÁBIL - Universidade Federal do Rio Grande do Norte - ISSN 2176-9036,oai:periodicos.ufrn.br:article/1,,,,,,,True,True,True,,False
1572,UFRPE,Arandu - Repositório da Universidade Federal Rural de Pernambuco,Universidade Federal Rural de Pernambuco (UFRPE),107463,2026-07-09 11:31:08,INDEXED,7958,https://arandu.ufrpe.br/server/oai/request,origem-muda,origem-muda,nenhuma,oai_dc,,,,,rede,ReadTimeout,rede,ReadTimeout,nenhum-dos-dois,False,True,False,inalcancavel,False
274,UFRR,Biblioteca Digital de Teses e Dissertações da UFRR,Universidade Federal de Roraima (UFRR),100650,2025-02-10 14:57:34,INDEXED,319,http://www.bdtd.ufrr.br/tde_oai/oai3.php,origem-muda,origem-muda,nenhuma,mtd2-br,,,,,rede,ConnectError,rede,ConnectError,nenhum-dos-dois,False,True,False,inalcancavel,False
275,UFRR-2,Revista de Administração de Roraima - RARR,Universidade Federal de Roraima (UFRR),105587,2026-01-05 11:15:22,INDEXED,312,https://revista.ufrr.br/adminrr/oai,origem-muda,origem-muda,nenhuma,oai_dc,,,,,rede,ConnectError,rede,ConnectError,nenhum-dos-dois,False,True,False,inalcancavel,False
276,UFRR-3,Acta Geográfica (Online),Universidade Federal de Roraima (UFRR),105588,2026-01-05 11:15:25,INDEXED,701,http://revista.ufrr.br/index.php/actageo/oai,origem-muda,origem-muda,nenhuma,oai_dc,,,,,rede,ConnectError,rede,ConnectError,nenhum-dos-dois,False,True,False,inalcancavel,False
277,UFRR-4,Agro@mbiente on-line,Universidade Federal de Roraima (UFRR),105589,2026-01-05 11:15:27,INDEXED,548,https://revista.ufrr.br/index.php/agroambiente/oai,origem-muda,origem-muda,nenhuma,oai_dc,,,,,rede,ConnectError,rede,ConnectError,nenhum-dos-dois,False,True,False,inalcancavel,False
278,UFRR-5,Textos & Debates (Online),Universidade Federal de Roraima (UFRR),105590,2026-01-05 11:15:29,INDEXED,450,https://revista.ufrr.br/textosedebates/oai,origem-muda,origem-muda,nenhuma,oai_dc,,,,,rede,ConnectError,rede,ConnectError,nenhum-dos-dois,False,True,False,inalcancavel,False
1486,UFRR-6,Repositório Institucional da UFRR,Universidade Federal de Roraima (UFRR),107116,2026-05-26 13:07:44,INDEXED,854,http://repositorio.ufrr.br:8080/oai/request,origem-muda,origem-muda,nenhuma,xoai,,,,,rede,ConnectError,rede,ConnectError,nenhum-dos-dois,False,True,False,inalcancavel,False
1268,UFRRJ-2,Revista de Direito Público Contemporâneo,Universidade Federal Rural do Rio de Janeiro (UFRRJ),106109,2026-01-09 12:03:44,INDEXED,40,https://centrodeestudosdedireito.com.br/revistas/index.php/rdpc/oai,origem-muda,origem-muda,nenhuma,oai_dc,,,,,http-403,,http-403,,nenhum-dos-dois,False,True,False,servidor-vivo,False
1346,UFRRJ-3,"Revista Jurídica Eletrônica Direito, Sociedade e Desenvolvimento",Universidade Federal Rural do Rio de Janeiro (UFRRJ),106121,2026-01-09 12:05:04,INDEXED,92,https://rejur.ufrrj.br/ojs/index.php/rejur/oai,origem-muda,origem-muda,nenhuma,oai_dc,,,,,rede,ConnectError,rede,ConnectError,nenhum-dos-dois,False,True,False,inalcancavel,False
2052,UFRRJ-5,Boletim GEPEM (Online),Universidade Federal Rural do Rio de Janeiro (UFRRJ),103006,2025-05-14 11:06:25,INDEXED,126,https://costalima.ufrrj.br/index.php/gepem/oai,origem-muda,origem-muda,nenhuma,oai_dc,,,,,rede,ConnectError,rede,ConnectError,nenhum-dos-dois,False,True,False,inalcancavel,False
2295,UFRRJ-6,"Revista Trabalho, Política e Sociedade",Universidade Federal Rural do Rio de Janeiro (UFRRJ),103423,2025-07-02 15:48:48,INDEXED,58,https://periodicos.ufrrj.br/index.php/rtps/oai,origem-muda,origem-muda,nenhuma,oai_dc,,,,,rede,ConnectError,rede,ConnectError,nenhum-dos-dois,False,True,False,inalcancavel,False
1762,UFSB,Paubrasilia,Universidade Federal do Sul da Bahia (UFSB),102753,2025-05-09 13:46:51,INDEXED,94,https://periodicos.ufsb.edu.br/index.php/paubrasilia/oai,origem-muda,origem-muda,nenhuma,oai_dc,,,,,rede,ConnectError,rede,ConnectError,nenhum-dos-dois,False,True,False,inalcancavel,False
251,UFSC-2,Motrivivência (Florianópolis),Universidade Federal de Santa Catarina (UFSC),108728,2026-09-19 20:10:35,INDEXED,1635,https://periodicos.ufsc.br/index.php/motrivivencia/oai,ojs,periodico,toolkit,oai_dc,Open Journal Systems,Motrivivência,oai:periodicos.ufsc.br:article/1,,,,,,,True,True,True,,False
2602,UFSC-37,GUAL - Revista Universitária na América Latina,Universidade Federal de Santa Catarina (UFSC),108265,2026-08-24 13:06:00,INDEXED,779,https://periodicos.ufsc.br/index.php/gual/oai,ojs,periodico,toolkit,oai_dc,Open Journal Systems,Revista Gestão Universitária na América Latina - GUAL,oai:periodicos.ufsc.br:article/1,,,,,,,True,True,True,,False
238,UFSM-10,Sociais e Humanas,Universidade Federal de Santa Maria (UFSM),108719,2026-09-18 12:20:31,INDEXED,700,http://periodicos.ufsm.br/index.php/sociaisehumanas/oai,ojs,periodico,toolkit,oai_dc,Open Journal Systems,Revista Sociais e Humanas,oai:ojs.pkp.sfu.ca:article/1,,,,,,,True,True,True,,False
230,UFSM-2,Ciência rural (Online),Universidade Federal de Santa Maria (UFSM),92348,2022-11-10 15:29:20,INDEXED,9488,https://old.scielo.br/oai/scielo-oai.php,origem-muda,origem-muda,nenhuma,oai_dc,,,,,rede,ConnectError,rede,ConnectError,nenhum-dos-dois,False,True,False,inalcancavel,False
232,UFSM-4,Cadernos de Comunicação (Online),Universidade Federal de Santa Maria (UFSM),108706,2026-09-16 15:55:04,INDEXED,441,http://periodicos.ufsm.br/index.php/ccomunicacao/oai,ojs,periodico,toolkit,oai_dc,Open Journal Systems,Cadernos de Comunicação,oai:ojs.pkp.sfu.ca:article/1,,,,,,,True,True,True,,False
227,UFT,Repositório Institucional da UFT,Universidade Federal do Tocantins (UFT),108702,2026-09-16 15:55:01,INDEXED,7980,http://repositorio.uft.edu.br/oai/request,origem-muda,origem-muda,nenhuma,xoai,,,,,rede,ConnectTimeout,rede,ConnectTimeout,nenhum-dos-dois,False,True,False,inalcancavel,False
1204,UFT-6,Trabalho (En)Cena,Universidade Federal do Tocantins (UFT),106082,2026-01-09 10:58:39,INDEXED,306,https://sistemas.uft.edu.br/periodicos/index.php/encena/oai,origem-muda,origem-muda,nenhuma,oai_dc,,,,,rede,ConnectTimeout,rede,ConnectTimeout,nenhum-dos-dois,False,True,False,inalcancavel,False
1222,UFT-7,Revista Observatório,Universidade Federal do Tocantins (UFT),106073,2026-01-09 10:58:13,INDEXED,1202,https://sistemas.uft.edu.br/periodicos/index.php/observatorio/oai,origem-muda,origem-muda,nenhuma,oai_dc,,,,,rede,ConnectTimeout,rede,ConnectTimeout,nenhum-dos-dois,False,True,False,inalcancavel,False
1616,UFT-8,Revista Observatório,Universidade Federal do Tocantins (UFT),102633,2025-05-07 13:18:43,INDEXED,1168,https://sistemas.uft.edu.br/periodicos/index.php/observatorio/oai,origem-muda,origem-muda,nenhuma,oai_dc,,,,,rede,ConnectTimeout,rede,ConnectTimeout,nenhum-dos-dois,False,True,False,inalcancavel,False
2337,UFT-9,Revista Aturá,Universidade Federal do Tocantins (UFT),103470,2025-07-07 11:16:13,INDEXED,199,https://sistemas.uft.edu.br/periodicos/index.php/atura/oai,origem-muda,origem-muda,nenhuma,oai_dc,,,,,rede,ConnectTimeout,rede,ConnectTimeout,nenhum-dos-dois,False,True,False,inalcancavel,False
2325,UFTM-3,Revista Triângulo (Online),Universidade Federal do Triangulo Mineiro (UFTM),103459,2025-07-04 16:30:26,INDEXED,480,https://seer.uftm.edu.br/revistaeletronica/index.php/revistatriangulo/oai,ojs,periodico,toolkit,oai_dc,Open Journal Systems,Revista Triângulo,oai:ojs.pkp.sfu.ca:article/1,,,,,,,True,True,True,,False
2509,UFU-20,Revista da Faculdade de Direito da Universidade Federal de Uberlândia (Online),Universidade Federal de Uberlândia (UFU),108345,2026-08-24 17:00:26,INDEXED,571,https://seer.ufu.br/index.php/revistafadir/oai,ojs,periodico,toolkit,oai_dc,Open Journal Systems,Revista da Faculdade de Direito da Universidade Federal de Uberlândia,oai:ojs.www.seer.ufu.br:article/1,,,,,,,True,True,True,,False
212,UFV,LOCUS Repositório Institucional da UFV,Universidade Federal de Viçosa (UFV),108677,2026-09-14 16:14:35,INDEXED,34750,https://locus.ufv.br/server/oai/request,dspace,repositorio,sampleIdentifier,xoai,,Locus Repositório Institucional da UFV,oai:locus.ufv.br:123456789/1234,,,,,,,True,True,True,,False
1223,UFV-6,The Journal of Engineering and Exact Sciences,Universidade Federal de Viçosa (UFV),106074,2026-01-09 10:58:22,INDEXED,991,https://periodicos.ufv.br/jcec/oai,ojs,periodico,toolkit,oai_dc,Open Journal Systems,The Journal of Engineering and Exact Sciences,oai:ojs.periodicos.ufv.br:article/1,,,,,,,True,True,True,,False
2736,UMOTES-6,Caminhos da História (Montes Claros. Online),Universidade Estadual de Montes Claros (UNIMONTES),108079,2026-08-18 16:25:57,INDEXED,374,https://www.periodicos.unimontes.br/index.php/caminhosdahistoria/oai,ojs,periodico,toolkit,oai_dc,Open Journal Systems,Caminhos da História,oai:ojs2.periodicos.unimontes.br:article/1,,,,,,,True,True,True,,False
1725,UNB - 28,Linhas Críticas (Online),Universidade de Brasília (UnB),102703,2025-05-07 21:00:20,INDEXED,1032,https://periodicos.unb.br/index.php/linhascriticas/oai,origem-muda,origem-muda,nenhuma,oai_dc,,,,,rede,ConnectError,rede,ConnectError,nenhum-dos-dois,False,True,False,inalcancavel,False
1117,UNB-10,METAgraphias,Universidade de Brasília (UnB),105970,2026-01-08 23:23:02,INDEXED,247,https://periodicos.unb.br/index.php/metagraphias/oai,origem-muda,origem-muda,nenhuma,oai_dc,,,,,rede,ConnectError,rede,ConnectError,nenhum-dos-dois,False,True,False,inalcancavel,False
1118,UNB-11,Revista de Estudos e Pesquisas sobre as Américas,Universidade de Brasília (UnB),105969,2026-01-08 23:23:03,INDEXED,417,https://periodicos.unb.br/index.php/repam/oai,origem-muda,origem-muda,nenhuma,oai_dc,,,,,rede,ConnectError,rede,ConnectError,nenhum-dos-dois,False,True,False,inalcancavel,False
1119,UNB-12,Revista Brasileira de Linguística Antropológica (Online),Universidade de Brasília (UnB),105971,2026-01-08 23:23:03,INDEXED,324,,erro-harvester,erro-harvester,nenhuma,,,,,HarvesterError: Falha de comunicação com o Harvester após 4 tentativa(s): [Errno 113] No route to host,,,,,,False,False,False,,False
1120,UNB-13,"História, Histórias",Universidade de Brasília (UnB),105973,2026-01-08 23:23:05,INDEXED,305,https://periodicos.unb.br/index.php/hh/oai,origem-muda,origem-muda,nenhuma,oai_dc,,,,,rede,ConnectError,rede,ConnectError,nenhum-dos-dois,False,True,False,inalcancavel,False
1121,UNB-14,Insurgência,Universidade de Brasília (UnB),105972,2026-01-08 23:23:08,INDEXED,708,https://periodicos.unb.br/index.php/insurgencia/oai,origem-muda,origem-muda,nenhuma,oai_dc,,,,,rede,ConnectError,rede,ConnectError,nenhum-dos-dois,False,True,False,inalcancavel,False
1122,UNB-15,Mundo do Trabalho Contemporâneo,Universidade de Brasília (UnB),105975,2026-01-08 23:23:13,INDEXED,41,https://periodicos.unb.br/index.php/mtc/oai,origem-muda,origem-muda,nenhuma,oai_dc,,,,,rede,ConnectError,rede,ConnectError,nenhum-dos-dois,False,True,False,inalcancavel,False
1123,UNB-16,Caderno de Squibs,Universidade de Brasília (UnB),105997,2026-01-09 09:45:26,INDEXED,176,https://periodicos.unb.br/index.php/cs/oai,origem-muda,origem-muda,nenhuma,oai_dc,,,,,rede,ConnectError,rede,ConnectError,nenhum-dos-dois,False,True,False,inalcancavel,False
1124,UNB-17,Belas Infiéis,Universidade de Brasília (UnB),105998,2026-01-09 09:45:26,INDEXED,666,https://periodicos.unb.br/index.php/belasinfieis/oai,origem-muda,origem-muda,nenhuma,oai_dc,,,,,rede,ConnectError,rede,ConnectError,nenhum-dos-dois,False,True,False,inalcancavel,False
1125,UNB-18,Revista Archai (Online),Universidade de Brasília (UnB),105999,2026-01-09 09:45:26,INDEXED,707,https://periodicos.unb.br/index.php/archai/oai,origem-muda,origem-muda,nenhuma,oai_dc,,,,,rede,ConnectError,rede,ConnectError,nenhum-dos-dois,False,True,False,inalcancavel,False
1191,UNB-19,Revista Interdisciplinar de Pesquisa em Engenharia,Universidade de Brasília (UnB),106054,2026-01-09 10:57:03,INDEXED,698,https://periodicos.unb.br/index.php/ripe/oai,origem-muda,origem-muda,nenhuma,oai_dc,,,,,rede,ConnectError,rede,ConnectError,nenhum-dos-dois,False,True,False,inalcancavel,False
201,UNB-2,Biblioteca Digital de Monografias da UnB,Universidade de Brasília (UnB),107162,2026-06-01 15:49:59,INDEXED,29655,https://bdm.unb.br/oai/request,origem-muda,origem-muda,nenhuma,xoai,,,,,rede,ConnectError,rede,ConnectError,nenhum-dos-dois,False,True,False,inalcancavel,False
1192,UNB-20,Ecolinguística,Universidade de Brasília (UnB),106055,2026-01-09 10:57:03,INDEXED,317,https://periodicos.unb.br/index.php/erbel/oai,origem-muda,origem-muda,nenhuma,oai_dc,,,,,rede,ConnectError,rede,ConnectError,nenhum-dos-dois,False,True,False,inalcancavel,False
1215,UNB-22,"Revista de Design, Tecnologia e Sociedade",Universidade de Brasília (UnB),106067,2026-01-09 10:57:44,INDEXED,139,https://periodicos.unb.br/index.php/design-tecnologia-sociedade/oai,origem-muda,origem-muda,nenhuma,oai_dc,,,,,rede,ConnectError,rede,ConnectError,nenhum-dos-dois,False,True,False,inalcancavel,False
1236,UNB-23,Anuário Antropológico (Online),Universidade de Brasília (UnB),106065,2026-01-09 10:57:36,INDEXED,1084,https://periodicos.unb.br/index.php/anuarioantropologico/oai,origem-muda,origem-muda,nenhuma,oai_dc,,,,,rede,ConnectError,rede,ConnectError,nenhum-dos-dois,False,True,False,inalcancavel,False
2029,UNB-24,Direito.Unb (Online),Universidade de Brasília (UnB),107166,2026-06-01 16:34:38,INDEXED,255,https://periodicos.unb.br/index.php/revistadedireitounb/oai,origem-muda,origem-muda,nenhuma,oai_dc,,,,,rede,ConnectError,rede,ConnectError,nenhum-dos-dois,False,True,False,inalcancavel,False
2524,UNB-25,SER Social (Online),Universidade de Brasília (UnB),108325,2026-08-24 16:51:59,INDEXED,726,https://periodicos.unb.br/index.php/SER_Social/oai,origem-muda,origem-muda,nenhuma,oai_dc,,,,,rede,ConnectError,rede,ConnectError,nenhum-dos-dois,False,True,False,inalcancavel,False
1529,UNB-26,Revista Cenário,Universidade de Brasília (UnB),103771,2025-07-30 16:41:30,INDEXED,223,https://periodicos.unb.br/index.php/revistacenario/oai,origem-muda,origem-muda,nenhuma,oai_dc,,,,,rede,ConnectError,rede,ConnectError,nenhum-dos-dois,False,True,False,inalcancavel,False
1615,UNB-27,Revista Gestão & Saúde (Brasília),Universidade de Brasília (UnB),103773,2025-07-30 16:55:55,INDEXED,1021,https://periodicos.unb.br/index.php/rgs/oai,origem-muda,origem-muda,nenhuma,oai_dc,,,,,rede,ConnectError,rede,ConnectError,nenhum-dos-dois,False,True,False,inalcancavel,False
1752,UNB-28,P@ranoá,Universidade de Brasília (UnB),102744,2025-05-09 13:44:29,INDEXED,507,https://periodicos.unb.br/index.php/paranoa/oai,origem-muda,origem-muda,nenhuma,oai_dc,,,,,rede,ConnectError,rede,ConnectError,nenhum-dos-dois,False,True,False,inalcancavel,False
1769,UNB-29,Portal de Livros da UnB,Universidade de Brasília (UnB),107165,2026-06-01 16:34:38,INDEXED,497,https://livros.unb.br/index.php/portal/oai,origem-muda,origem-muda,nenhuma,oai_dc,,,,,rede,ConnectError,rede,ConnectError,nenhum-dos-dois,False,True,False,inalcancavel,False
1809,UNB-30,Revista Horizontes de Linguística Aplicada,Universidade de Brasília (UnB),103818,2025-08-01 14:14:52,INDEXED,405,https://periodicos.unb.br/index.php/horizontesla/oai,origem-muda,origem-muda,nenhuma,oai_dc,,,,,rede,ConnectError,rede,ConnectError,nenhum-dos-dois,False,True,False,inalcancavel,False
1810,UNB-31,Périplos (Brasília),Universidade de Brasília (UnB),103820,2025-08-01 14:18:53,INDEXED,153,https://periodicos.unb.br/index.php/obmigra_periplos/oai,origem-muda,origem-muda,nenhuma,oai_dc,,,,,rede,ConnectError,rede,ConnectError,nenhum-dos-dois,False,True,False,inalcancavel,False
2555,UNB-33,Revista Calundu,Universidade de Brasília (UnB),108290,2026-08-24 14:27:07,INDEXED,217,https://periodicos.unb.br/index.php/revistacalundu/oai,origem-muda,origem-muda,nenhuma,oai_dc,,,,,rede,ConnectError,rede,ConnectError,nenhum-dos-dois,False,True,False,inalcancavel,False
2556,UNB-34,Sustentabilidade em Debate (Online),Universidade de Brasília (UnB),108295,2026-08-24 14:27:43,INDEXED,1460,https://periodicos.unb.br/index.php/sust/oai,origem-muda,origem-muda,nenhuma,oai_dc,,,,,rede,ConnectError,rede,ConnectError,nenhum-dos-dois,False,True,False,inalcancavel,False
2558,UNB-35,Revista Museologia & Interdisciplinaridade,Universidade de Brasília (UnB),108296,2026-08-24 14:27:17,INDEXED,611,https://periodicos.unb.br/index.php/museologia/oai,origem-muda,origem-muda,nenhuma,oai_dc,,,,,rede,ConnectError,rede,ConnectError,nenhum-dos-dois,False,True,False,inalcancavel,False
2559,UNB-36,Pólemos (Brasília),Universidade de Brasília (UnB),108294,2026-08-24 14:27:16,INDEXED,564,https://periodicos.unb.br/index.php/polemos/oai,origem-muda,origem-muda,nenhuma,oai_dc,,,,,rede,ConnectError,rede,ConnectError,nenhum-dos-dois,False,True,False,inalcancavel,False
2560,UNB-37,Em Tempo de Histórias (Online),Universidade de Brasília (UnB),108278,2026-08-24 14:26:37,INDEXED,560,https://periodicos.unb.br/index.php/emtempos/oai,origem-muda,origem-muda,nenhuma,oai_dc,,,,,rede,ConnectError,rede,ConnectError,nenhum-dos-dois,False,True,False,inalcancavel,False
2562,UNB-38,RP3. Revista de Pesquisa em Políticas Públicas,Universidade de Brasília (UnB),108279,2026-08-24 14:26:37,INDEXED,216,https://periodicos.unb.br/index.php/rp3/oai,origem-muda,origem-muda,nenhuma,oai_dc,,,,,rede,ConnectError,rede,ConnectError,nenhum-dos-dois,False,True,False,inalcancavel,False
2563,UNB-39,Revista de Filosofia Moderna e Contemporânea,Universidade de Brasília (UnB),108283,2026-08-24 14:26:47,INDEXED,500,https://periodicos.unb.br/index.php/fmc/oai,origem-muda,origem-muda,nenhuma,oai_dc,,,,,rede,ConnectError,rede,ConnectError,nenhum-dos-dois,False,True,False,inalcancavel,False
203,UNB-4,Psicologia (Universidade de Brasília. Online),Universidade de Brasília (UnB),108668,2026-09-14 14:57:42,INDEXED,1359,https://periodicos.unb.br/index.php/revistaptp/oai,origem-muda,origem-muda,nenhuma,oai_dc,,,,,rede,ConnectError,rede,ConnectError,nenhum-dos-dois,False,True,False,inalcancavel,False
2564,UNB-40,Revista Abya Yala (Brasília),Universidade de Brasília (UnB),108280,2026-08-24 14:26:36,INDEXED,225,https://periodicos.unb.br/index.php/abya/oai,origem-muda,origem-muda,nenhuma,oai_dc,,,,,rede,ConnectError,rede,ConnectError,nenhum-dos-dois,False,True,False,inalcancavel,False
204,UNB-5,Estudos de Literatura Brasileira Contemporânea,Universidade de Brasília (UnB),108669,2026-09-14 14:57:42,INDEXED,958,https://periodicos.unb.br/index.php/estudos/oai,origem-muda,origem-muda,nenhuma,oai_dc,,,,,rede,ConnectError,rede,ConnectError,nenhum-dos-dois,False,True,False,inalcancavel,False
205,UNB-6,Revista Brasileira de Ciência Política (Online),Universidade de Brasília (UnB),108670,2026-09-14 14:57:41,INDEXED,365,https://periodicos.unb.br/index.php/rbcp/oai,origem-muda,origem-muda,nenhuma,oai_dc,,,,,rede,ConnectError,rede,ConnectError,nenhum-dos-dois,False,True,False,inalcancavel,False
206,UNB-7,Revista Ibero-americana de Ciência da Informação,Universidade de Brasília (UnB),108671,2026-09-14 14:57:42,INDEXED,699,https://periodicos.unb.br/index.php/RICI/oai,origem-muda,origem-muda,nenhuma,oai_dc,,,,,rede,ConnectError,rede,ConnectError,nenhum-dos-dois,False,True,False,inalcancavel,False
208,UNB-9,Sociedade e Estado,Universidade de Brasília (UnB),108673,2026-09-14 15:17:04,INDEXED,1667,https://periodicos.unb.br/index.php/sociedade/oai,origem-muda,origem-muda,nenhuma,oai_dc,,,,,rede,ConnectError,rede,ConnectError,nenhum-dos-dois,False,True,False,inalcancavel,False
1949,UNEB-6,Pontos de Interrogação (Online),Universidade do Estado da Bahia (UNEB),104140,2025-08-20 16:04:27,INDEXED,483,https://www.revistas.uneb.br/index.php/pontosdeint/oai,ojs,periodico,toolkit,oai_dc,Open Journal Systems,Pontos de Interrogação – Revista de Crítica Cultural,oai:revistas.uneb.br:article/1,,,,,,,True,True,True,,False
142,UNENTRO-3,Revista Ciências Exatas e Naturais (Online),Universidade Estadual do Centro-Oeste (UNICENTRO),108614,2026-09-11 10:00:13,INDEXED,332,https://revistas.unicentro.br/index.php/RECEN/oai,origem-muda,origem-muda,nenhuma,oai_dc,,,,,rede,ConnectError,rede,ConnectError,nenhum-dos-dois,False,True,False,inalcancavel,False
2026,UNESP-37,Revista de Estudos Jurídicos da Unesp (Online),"Universidade Estadual Paulista ""Júlio de Mesquita Filho"" (UNESP)",102991,2025-05-14 11:05:46,INDEXED,507,https://periodicos.franca.unesp.br/index.php/estudosjuridicosunesp/oai,origem-muda,origem-muda,nenhuma,oai_dc,,,,,xml-invalido,text/html; charset=UTF-8,xml-invalido,text/html; charset=UTF-8,nenhum-dos-dois,False,True,False,servidor-vivo,False
2708,UNESP-40,Revista EntreLínguas (Online),"Universidade Estadual Paulista ""Júlio de Mesquita Filho"" (UNESP)",108096,2026-08-18 16:54:27,INDEXED,597,https://periodicos.fclar.unesp.br/entrelinguas/oai,ojs,periodico,toolkit,oai_dc,Open Journal Systems,Revista EntreLinguas,oai:ojs.pkp.sfu.ca:article/1,,,,,,,True,True,True,,False
2709,UNESP-41,Revista Cultura Agronômica (Online),"Universidade Estadual Paulista ""Júlio de Mesquita Filho"" (UNESP)",108098,2026-08-18 16:54:26,INDEXED,546,https://ojs.unesp.br/index.php/rculturaagronomica/oai,origem-muda,origem-muda,nenhuma,oai_dc,,,,,rede,ConnectError,rede,ConnectError,nenhum-dos-dois,False,True,False,inalcancavel,False
2715,UNESP-47,Revista Ciência em Extensão,"Universidade Estadual Paulista ""Júlio de Mesquita Filho"" (UNESP)",108103,2026-08-18 16:54:47,INDEXED,1047,https://ojs.unesp.br/index.php/revista_proex/oai,origem-muda,origem-muda,nenhuma,oai_dc,,,,,rede,ConnectError,rede,ConnectError,nenhum-dos-dois,False,True,False,inalcancavel,False
2718,UNESP-50,Plural (Bauru) - Revista de Psicologia,"Universidade Estadual Paulista ""Júlio de Mesquita Filho"" (UNESP)",108062,2026-08-18 16:22:35,INDEXED,87,https://revistaplural.emnuvens.com.br/prp/oai,ojs,periodico,toolkit,oai_dc,Open Journal Systems,PLURAL - Revista de Psicologia UNESP Bauru,oai:ojs3.revistaplural.emnuvens.com.br:article/1,,,,,,,True,True,True,,False
176,UNESP-8,Interface (Botucatu. Online),Universidade Estadual Paulista (UNESP),92290,2022-11-08 16:23:28,INDEXED,2824,https://old.scielo.br/oai/scielo-oai.php,origem-muda,origem-muda,nenhuma,oai_dc,,,,,rede,ConnectError,rede,ConnectError,nenhum-dos-dois,False,True,False,inalcancavel,False
160,UNICAMP-18,Pro-Posições (Online),Universidade Estadual de Campinas (UNICAMP),108632,2026-09-11 11:25:53,INDEXED,1697,,erro-harvester,erro-harvester,nenhuma,,,,,HarvesterError: Falha de comunicação com o Harvester após 4 tentativa(s): [Errno 113] No route to host,,,,,,False,False,False,,False
1038,UNICAMP-21,Zetetiké (Online),Universidade Estadual de Campinas (UNICAMP),105941,2026-01-08 22:20:34,INDEXED,679,https://periodicos.sbu.unicamp.br/ojs/index.php/zetetike/oai,ojs,periodico,toolkit,oai_dc,Open Journal Systems,Zetetike,oai:ojs.periodicos.sbu.unicamp.br:article/1,,,,,,,True,True,True,,False
1629,UNICAMP-25,Temáticas (Campinas. Online),Universidade Estadual de Campinas (UNICAMP),104825,2025-10-22 15:42:29,INDEXED,459,https://econtents.bc.unicamp.br/inpec/index.php/tematicas/oai,origem-muda,origem-muda,nenhuma,oai_dc,,,,,rede,ConnectError,rede,ConnectError,nenhum-dos-dois,False,True,False,inalcancavel,False
149,UNICAMP-7,Phaos (Online),Universidade Estadual de Campinas (UNICAMP),108621,2026-09-11 10:45:27,INDEXED,184,https://revistas.iel.unicamp.br/index.php/phaos/oai,origem-muda,origem-muda,nenhuma,oai_dc,,,,,rede,ConnectError,rede,ConnectError,nenhum-dos-dois,False,True,False,inalcancavel,False
1345,UNICESU-0,Revista Jurídica Cesumar - Mestrado (Online),Centro Universitário de Maringá (UNICESUMAR),106099,2026-01-09 11:49:42,INDEXED,199,https://periodicos.unicesumar.edu.br/index.php/revjuridica/oai,origem-muda,origem-muda,nenhuma,oai_dc,,,,,http-403,,http-403,,nenhum-dos-dois,False,True,False,servidor-vivo,False
1139,UNICETO-1,Ambiência (Online),Universidade Estadual do Centro-Oeste (UNICENTRO),106037,2026-01-09 10:10:54,INDEXED,847,https://revistas.unicentro.br/index.php/ambiencia/oai,origem-muda,origem-muda,nenhuma,oai_dc,,,,,rede,ConnectError,rede,ConnectError,nenhum-dos-dois,False,True,False,inalcancavel,False
2125,UNICEUB-9,Universitas: Gestão e TI,Centro de Ensino de Brasília (UNICEUB),103059,2025-05-14 12:37:29,INDEXED,118,https://www.publicacoesacademicas.uniceub.br/gti/oai,ojs,periodico,toolkit,oai_dc,Open Journal Systems,Universitas: Gestão e TI (encerrada),oai:ojs35.uniceub.emnuvens.com.br:article/1,,,,,,,True,True,True,,False
135,UNIF,Biblioteca Digital de Teses e Dissertações da UNIFACS,Universidade Salvador (UNIFACS),104767,2025-10-18 18:25:04,INDEXED,657,https://tede.unifacs.br/oai/request,origem-muda,origem-muda,nenhuma,xoai,,,,,rede,ConnectError,rede,ConnectError,nenhum-dos-dois,False,True,False,inalcancavel,False
2219,UNIFACS-3,Revista de Desenvolvimento Econômico (Online) - RDE,Universidade Salvador (UNIFACS),103299,2025-06-11 12:03:44,INDEXED,831,https://revistas.unifacs.br/index.php/rde/oai,ojs,periodico,sampleIdentifier,oai_dc,,RDE - Revista de Desenvolvimento Econômico,oai:ojs.200.223.74.126:article/1,,,,,,,True,True,True,,False
134,UNIFAP-3,Biota Amazônia,Universidade Federal do Amapá (UNIFAP),98375,2024-05-27 11:44:17,INDEXED,659,https://periodicos.unifap.br/index.php/biota/oai,origem-muda,origem-muda,nenhuma,oai_dc,,,,,http-404,,http-404,,nenhum-dos-dois,False,True,False,cadastro-errado,False
1511,UNILAB-1,Repositório Institucional da UNILAB,Universidade da Integração Internacional da Lusofonia Afro-Brasileira (UNILAB),104697,2025-10-13 10:10:27,INDEXED,6701,https://repositorio.unilab.edu.br/oai/request,origem-muda,origem-muda,nenhuma,xoai,,,,,rede,ReadTimeout,rede,ReadTimeout,nenhum-dos-dois,False,True,False,inalcancavel,False
1308,UNILASALLE,Repositório Institucional do Centro Universitário La Salle,Universidade La Salle (UNILASALLE),103277,2025-06-05 16:17:37,INDEXED,1388,https://svr-net20.unilasalle.edu.br/oai/request,origem-muda,origem-muda,nenhuma,xoai,,,,,rede,ConnectError,rede,ConnectError,nenhum-dos-dois,False,True,False,inalcancavel,False
118,UNILASALLE-5,Revista Diálogo,Universidade La Salle (UNILASALLE),108593,2026-09-09 14:59:10,INDEXED,457,https://revistas.unilasalle.edu.br/index.php/Dialogo/oai,ojs,periodico,toolkit,oai_dc,Open Journal Systems,Diálogo,oai:ojs.revistas.unilasalle.edu.br:article/1,,,,,,,True,True,True,,False
1739,UNIMONTES3,Revista Desenvolvimento Social (Online),Universidade Estadual de Montes Claros (UNIMONTES),102756,2025-05-09 13:47:07,INDEXED,384,https://www.periodicos.unimontes.br/index.php/rds/oai,ojs,periodico,toolkit,oai_dc,Open Journal Systems,Revista Desenvolvimento Social,oai:ojs2.periodicos.unimontes.br:article/1,,,,,,,True,True,True,,False
102,UNIR-1,Repositório Institucional da UNIR,Universidade Federal de Rondônia (UNIR),107723,2026-08-07 12:36:38,INDEXED,1765,https://ri.unir.br/oai/request,origem-muda,origem-muda,nenhuma,oai_dc,,,,,http-404,,http-404,,nenhum-dos-dois,False,True,False,cadastro-errado,False
2276,UNISALLE-7,"Revista de Educação, Ciência e Cultura",Centro Universitário La Salle (Unilasalle),103405,2025-07-02 14:03:38,INDEXED,643,https://revistas.unilasalle.edu.br/index.php/Educacao/oai,ojs,periodico,toolkit,oai_dc,Open Journal Systems,"Educação, Ciência e Cultura",oai:ojs.revistas.unilasalle.edu.br:article/1,,,,,,,True,True,True,,False
91,UNISC-1,Cinergis (Online),Universidade de Santa Cruz do Sul (UNISC),108550,2026-09-04 15:08:04,INDEXED,386,https://seer.unisc.br/index.php/cinergis/oai,ojs,periodico,toolkit,oai_dc,Open Journal Systems,Cinergis,oai:ojs.online.unisc.br:article/1,,,,,,,True,True,True,,False
2547,UNISC-10,Revista do direito (Santa Cruz do Sul. Online),Universidade de Santa Cruz do Sul (UNISC),108322,2026-08-24 16:51:47,INDEXED,462,https://seer.unisc.br/index.php/direito/oai,ojs,periodico,toolkit,oai_dc,Open Journal Systems,Revista do Direito,oai:ojs.online.unisc.br:article/1,,,,,,,True,True,True,,False
2548,UNISC-11,Ágora (Santa Cruz do Sul. Online),Universidade de Santa Cruz do Sul (UNISC),108323,2026-08-24 16:51:47,INDEXED,369,https://seer.unisc.br/index.php/agora/oai,ojs,periodico,toolkit,oai_dc,Open Journal Systems,Ágora,oai:ojs.online.unisc.br:article/1,,,,,,,True,True,True,,False
2570,UNISC-12,Revista Jovens Pesquisadores,Universidade de Santa Cruz do Sul (UNISC),108288,2026-08-24 14:27:03,INDEXED,335,https://seer.unisc.br/index.php/jovenspesquisadores/oai,ojs,periodico,toolkit,oai_dc,Open Journal Systems,Revista Jovens Pesquisadores,oai:ojs.online.unisc.br:article/1,,,,,,,True,True,True,,False
92,UNISC-2,Barbarói (Online),Universidade de Santa Cruz do Sul (UNISC),108551,2026-09-04 15:08:04,INDEXED,576,https://seer.unisc.br/index.php/barbaroi/oai,ojs,periodico,toolkit,oai_dc,Open Journal Systems,Barbarói,oai:ojs.online.unisc.br:article/1,,,,,,,True,True,True,,False
95,UNISC-5,Estudos do CEPE,Universidade de Santa Cruz do Sul (UNISC),108554,2026-09-04 15:08:13,INDEXED,247,,erro-harvester,erro-harvester,nenhuma,,,,,HarvesterError: Falha de comunicação com o Harvester após 4 tentativa(s): [Errno 113] No route to host,,,,,,False,False,False,,False
1500,UNITAU,Repositório Institucional da UNITAU,Universidade de Taubaté (UNITAU),99724,2024-10-07 10:40:03,INDEXED,6234,http://repositorio.unitau.br/oai/request,origem-muda,origem-muda,nenhuma,xoai,,,,,rede,ConnectError,rede,ConnectError,nenhum-dos-dois,False,True,False,inalcancavel,False
75,UNIVASF-1,Revista de Educação do Vale do São Francisco,Universidade Federal do Vale do São Francisco (Univasf),108537,2026-09-04 14:43:25,INDEXED,701,https://www.periodicos.univasf.edu.br/index.php/revasf/oai,origem-muda,origem-muda,nenhuma,oai_dc,,,,,rede,ConnectError,rede,ConnectError,nenhum-dos-dois,False,True,False,inalcancavel,False
1630,UNOCHAPO-2,Grifos (Chapecó. Online),Universidade Comunitária da Região de Chapecó (UNOCHAPECÓ),102635,2025-05-07 13:18:28,INDEXED,396,http://pegasus.unochapeco.edu.br/revistas/index.php/grifos/oai,origem-muda,origem-muda,nenhuma,oai_dc,,,,,rede,ConnectError,rede,ConnectError,nenhum-dos-dois,False,True,False,inalcancavel,False
2568,UPF-10,Semina (Passo Fundo. Online),Universidade de Passo Fundo (UPF),108284,2026-08-24 14:26:52,INDEXED,485,https://seer.upf.br/index.php/ph/oai,ojs,periodico,toolkit,oai_dc,Open Journal Systems,Semina - Revista dos Pós-Graduandos em História da UPF,oai:ojs2.136.115.110.8:article/1,,,,,,,True,True,True,,False
2533,UPF-8,Espaço Pedagógico (Online),Universidade de Passo Fundo (UPF),108334,2026-08-24 16:52:37,INDEXED,1285,https://seer.upf.br/index.php/rep/oai,ojs,periodico,toolkit,oai_dc,Open Journal Systems,Revista Espaço Pedagógico,oai:ojs2.136.115.110.8:article/1,,,,,,,True,True,True,,False
1791,UPM-1,Psicologia (Universidade Presbiteriana Mackenzie. Online),Universidade Presbiteriana Mackenzie (UPM),106914,2026-04-27 14:12:04,INDEXED,982,http://editorarevistas.mackenzie.br/index.php/ptp/oai,indeterminado,indeterminado,nenhuma,oai_dc,,,,,oai-error,badVerb,oai-error,badVerb,nenhum-dos-dois,False,True,False,protocolo-recusa,False
2231,UPM-2,Revista Direito Mackenzie,Universidade Presbiteriana Mackenzie (UPM),106918,2026-04-27 16:12:05,INDEXED,519,https://editorarevistas.mackenzie.br/index.php/rmd/oai,indeterminado,indeterminado,nenhuma,oai_dc,,,,,oai-error,badVerb,oai-error,badVerb,nenhum-dos-dois,False,True,False,protocolo-recusa,False
2232,UPM-3,Cadernos de pós graduação em letras (Online),Universidade Presbiteriana Mackenzie (UPM),103353,2025-06-25 15:58:15,INDEXED,649,https://editorarevistas.mackenzie.br/index.php/cpgl/oai,indeterminado,indeterminado,nenhuma,oai_dc,,,,,oai-error,badVerb,oai-error,badVerb,nenhum-dos-dois,False,True,False,protocolo-recusa,False
2233,UPM-4,Cadernos de Pós Graduação em Arquitetura e Urbanismo (Online),Universidade Presbiteriana Mackenzie (UPM),103354,2025-06-25 16:16:06,INDEXED,369,https://editorarevistas.mackenzie.br/index.php/cpgau/oai,indeterminado,indeterminado,nenhuma,oai_dc,,,,,oai-error,badVerb,oai-error,badVerb,nenhum-dos-dois,False,True,False,protocolo-recusa,False
1225,URI-3,Revista Direitos Culturais,Universidade Regional Integrada do Alto Uruguai e das Missões (URI),106080,2026-01-09 10:58:25,INDEXED,210,https://san.uri.br/revistas/index.php/direitosculturais/oai,origem-muda,origem-muda,nenhuma,oai_dc,,,,,xml-invalido,text/html; charset=UTF-8,xml-invalido,text/html; charset=UTF-8,nenhum-dos-dois,False,True,False,servidor-vivo,False
1226,URI-4,Revista Direito e Justiça: Reflexões Sociojurídicas,Universidade Regional Integrada do Alto Uruguai e das Missões (URI),106076,2026-01-09 10:58:14,INDEXED,139,https://san.uri.br/revistas/index.php/direitoejustica/oai,origem-muda,origem-muda,nenhuma,oai_dc,,,,,xml-invalido,text/html; charset=UTF-8,xml-invalido,text/html; charset=UTF-8,nenhum-dos-dois,False,True,False,servidor-vivo,False
58,USC,Biblioteca Digital de Teses e Dissertações da USC,Universidade do Sagrado Coração (USC),102474,2025-05-06 14:36:01,INDEXED,434,http://tede2.usc.br:8080/oai/request,origem-muda,origem-muda,nenhuma,xoai,,,,,rede,ConnectTimeout,rede,ConnectTimeout,nenhum-dos-dois,False,True,False,inalcancavel,False
2594,USC-31,Revista Contemporânea de Contabilidade (Online),Universidade Federal de Santa Catarina (UFSC),108249,2026-08-24 13:05:06,INDEXED,634,https://periodicos.ufsc.br/index.php/contabilidade/oai,ojs,periodico,toolkit,oai_dc,Open Journal Systems,Revista Contemporânea de Contabilidade,oai:periodicos.ufsc.br:article/1,,,,,,,True,True,True,,False
56,USF-1,Psico-USF (Online),Universidade São Francisco (USF),92210,2022-11-08 11:03:49,INDEXED,943,https://old.scielo.br/oai/scielo-oai.php,origem-muda,origem-muda,nenhuma,oai_dc,,,,,rede,ConnectError,rede,ConnectError,nenhum-dos-dois,False,True,False,inalcancavel,False
88,USIN,Repositório Institucional da UNISINOS (RBDU Repositório Digital da Biblioteca da Unisinos),Universidade do Vale do Rio dos Sinos (UNISINOS),107713,2026-08-07 12:20:32,INDEXED,11835,https://repositorio.jesuita.org.br/oai/request,origem-muda,origem-muda,nenhuma,xoai,,,,,xml-invalido,text/html; charset=utf-8,xml-invalido,text/html; charset=utf-8,nenhum-dos-dois,False,True,False,servidor-vivo,False
2792,USIN-1,Verso e Reverso (Online),Universidade do Vale do Rio dos Sinos (UNISINOS),108025,2026-08-18 15:33:15,INDEXED,369,https://revistas.unisinos.br/index.php/versoereverso/oai,ojs,periodico,toolkit,oai_dc,Open Journal Systems,Verso e Reverso,oai:ojs2.revistas.unisinos.br:article/1,,,,,,,True,True,True,,False
2794,USIN-6,Entrelinhas: Revista do Curso de Letras,Universidade do Vale do Rio dos Sinos (UNISINOS),108024,2026-08-18 15:33:15,INDEXED,247,https://revistas.unisinos.br/index.php/entrelinhas/oai,ojs,periodico,toolkit,oai_dc,Open Journal Systems,Entrelinhas,oai:ojs2.revistas.unisinos.br:article/1,,,,,,,True,True,True,,False
43,USP-29,Cerâmica (São Paulo. Online),Universidade de São Paulo (USP),92204,2022-11-08 10:23:05,INDEXED,1603,https://old.scielo.br/oai/scielo-oai.php,origem-muda,origem-muda,nenhuma,oai_dc,,,,,rede,ConnectError,rede,ConnectError,nenhum-dos-dois,False,True,False,inalcancavel,False
44,USP-30,Machado de Assis em Linha,Universidade de São Paulo (USP),92201,2022-11-08 10:20:49,INDEXED,311,http://www.scielo.br/oai/scielo-oai.php,origem-muda,origem-muda,nenhuma,oai_dc,,,,,http-404,,http-404,,nenhum-dos-dois,False,True,False,cadastro-errado,False
46,USP-32,Via Atlântica (Online),Universidade de São Paulo (USP),108513,2026-09-04 11:01:25,INDEXED,1020,https://www.revistas.usp.br/viaatlantica/oai,ojs,periodico,toolkit,oai_dc,Open Journal Systems,Via Atlântica,oai:revistas.usp.br:article/1,,,,,,,True,True,True,,False
55,USP-41,Tempo Social (Online),Universidade de São Paulo (USP),108523,2026-09-04 12:07:31,INDEXED,1168,https://www.revistas.usp.br/ts/oai,ojs,periodico,toolkit,oai_dc,Open Journal Systems,Tempo Social,oai:revistas.usp.br:article/1,,,,,,,True,True,True,,False
1787,USP-50,Jornal de Pneumologia,Sociedade Brasileira de Pneumologia e Tisiologia da Universidade de São Paulo (SBPT-USP),93514,2023-01-12 16:31:20,INDEXED,339,https://old.scielo.br/oai/scielo-oai.php,origem-muda,origem-muda,nenhuma,oai_dc,,,,,rede,ConnectError,rede,ConnectError,nenhum-dos-dois,False,True,False,inalcancavel,False
1453,USP-53,Revista Brasileira de Oceanografia (Online),Universidade de São Paulo (USP),104029,2025-08-11 10:01:52,INDEXED,94,https://www.revistas.usp.br/rbo/oai,ojs,periodico,toolkit,oai_dc,Open Journal Systems,Revista Brasileira de Oceanografia,oai:revistas.usp.br:article/1,,,,,,,True,True,True,,False
1457,USP-54,Revista da Faculdade de Educação (Universidade de São Paulo. Online),Universidade de São Paulo (USP),93264,2023-01-12 09:24:49,INDEXED,45,https://old.scielo.br/oai/scielo-oai.php,origem-muda,origem-muda,nenhuma,oai_dc,,,,,rede,ConnectError,rede,ConnectError,nenhum-dos-dois,False,True,False,inalcancavel,False
1461,USP-56,Revista de Odontologia da Universidade de São Paulo,Universidade de São Paulo (USP),93270,2023-01-12 09:26:28,INDEXED,177,https://old.scielo.br/oai/scielo-oai.php,origem-muda,origem-muda,nenhuma,oai_dc,,,,,rede,ConnectError,rede,ConnectError,nenhum-dos-dois,False,True,False,inalcancavel,False
1476,USP-57,Revista do Hospital das Clínicas,Universidade de São Paulo (USP),93257,2023-01-12 09:23:50,INDEXED,288,https://old.scielo.br/oai/scielo-oai.php,origem-muda,origem-muda,nenhuma,oai_dc,,,,,rede,ConnectError,rede,ConnectError,nenhum-dos-dois,False,True,False,inalcancavel,False
1651,USP-63,Signos do Consumo,Universidade de São Paulo (USP),104078,2025-08-13 16:20:39,INDEXED,348,https://www.revistas.usp.br/signosdoconsumo/oai,ojs,periodico,toolkit,oai_dc,Open Journal Systems,Signos do Consumo,oai:revistas.usp.br:article/1,,,,,,,True,True,True,,False
2643,USP-79,Gestão & Tecnologia de Projetos,Universidade de São Paulo (USP),108172,2026-08-19 18:37:28,INDEXED,468,https://www.revistas.usp.br/gestaodeprojetos/oai,ojs,periodico,toolkit,oai_dc,Open Journal Systems,Gestão & Tecnologia de Projetos,oai:revistas.usp.br:article/1,,,,,,,True,True,True,,False
13,UTFPR-10,Revista de Letras,Universidade Tecnológica Federal do Paraná (UTFPR),108434,2026-09-02 16:08:54,INDEXED,527,https://periodicos.utfpr.edu.br/rl/oai,ojs,periodico,toolkit,oai_dc,Open Journal Systems,Revista de Letras,oai:periodicos.utfpr:article/1,,,,,,,True,True,True,,False
1088,UTFPR-12,Repositório Institucional da UTFPR (da Universidade Tecnológica Federal do Paraná (RIUT)),Universidade Tecnológica Federal do Paraná (UTFPR),105157,2025-12-03 10:40:58,INDEXED,37030,http://repositorio.utfpr.edu.br:8080/oai/request,origem-muda,origem-muda,nenhuma,oai_dc,,,,,rede,ConnectTimeout,rede,ConnectTimeout,nenhum-dos-dois,False,True,False,inalcancavel,False
10,UTFPR-7,Revista Brasileira de Ensino de Ciência e Tecnologia,Universidade Tecnológica Federal do Paraná (UTFPR),108431,2026-09-02 16:04:31,INDEXED,695,https://periodicos.utfpr.edu.br/rbect/oai,ojs,periodico,toolkit,oai_dc,Open Journal Systems,Revista Brasileira de Ensino de Ciência e Tecnologia,oai:periodicos.utfpr:article/1,,,,,,,True,True,True,,False
1,VERACRUZ-0,Revista Veras,Instituto Superior de Educação Vera Cruz (VeraCruz),98768,2024-06-25 12:10:33,INDEXED,26103,http://site.veracruz.edu.br:8087/instituto/revistaveras/index.php/revistaveras/oai,origem-muda,origem-muda,nenhuma,oai_dc,,,,,rede,ConnectError,rede,ConnectError,nenhum-dos-dois,False,True,False,inalcancavel,False
145,CAMP,Repositório da Produção Científica e Intelectual da Unicamp,Universidade Estadual de Campinas (UNICAMP),108617,2026-09-11 10:10:30,INDEXED,50496,https://repositorio.unicamp.br/oai/artigo/oai.asp,indeterminado,indeterminado,nenhuma,oai_dc,,Artigo,oai:https://www.repositorio.unicamp.br/:1002,,ok,,ok,,responde-aos-dois,False,True,False,,True
784,CPRM,Repositório Institucional de Geociências - RIGEO,Companhia de Pesquisa de Recursos Minerais (CPRM),106974,2026-05-05 21:57:15,INDEXED,16748,https://rigeo.sgb.gov.br/server/oai/request,dspace,repositorio,forma-handle,oai_dc,,Repositório Institucional de Geociências - SGB,oai:rigeo.sgb.gov.br:doc/1234,,ok,,ok,,responde-aos-dois,True,True,True,,True
717,CRUZ,Repositório Institucional da Fiocruz (ARCA),Fundação Oswaldo Cruz (Fiocruz),106277,2026-01-28 14:50:28,INDEXED,65430,https://api.arca.fiocruz.br/oai/request,dspace,repositorio,forma-handle,xoai,,Arca - Repositório Institucional da Fiocruz,oai:arca.fiocruz.br:icict/1234,,ok,,ok,,responde-aos-dois,True,True,True,,True
778,EBM,Repositório Institucional da Escola Bahiana de Medicina e Saúde Pública,Escola Bahiana de Medicina e Saúde Pública (EBM),106463,2026-02-20 10:01:44,INDEXED,9406,https://repositorio.bahiana.edu.br/server/oai/request,dspace,repositorio,sampleIdentifier,oai_dc,,Repositório Institucional - Escola Bahiana de Medicina,oai:repositorio.bahiana.edu.br:123456789/1234,,ok,,ok,,responde-aos-dois,True,True,True,,True
1525,EGN,Revista da Escola de Guerra Naval (Ed. Português. Online),Escola de Guerra Naval (EGN),102593,2025-05-07 12:13:42,INDEXED,445,https://www.portaldeperiodicos.marinha.mil.br/index.php/revistadaegn/oai,ojs,periodico,sampleIdentifier,oai_dc,,Revista da Escola de Guerra Naval,oai:portaldeperiodicos.marinha.mil.br:article/1,,ok,,ok,,responde-aos-dois,True,True,True,,True
766,EMBR,Repositório Institucional da EMBRAPA (Repository Open Access to Scientific Information from EMBRAPA - Alice),Empresa Brasileira de Pesquisa Agropecuária (Embrapa),106266,2026-01-28 10:01:13,INDEXED,136751,https://www.alice.cnptia.embrapa.br/oai/request,dspace,repositorio,forma-handle,oai_dc,,Alice,oai:www.alice.cnptia.embrapa.br:item/1234,,ok,,ok,,responde-aos-dois,True,True,True,,True
754,ESPM,Biblioteca Digital de Teses e Dissertações da ESPM,Escola Superior de Propaganda e Marketing (ESPM),108425,2026-09-02 15:21:25,INDEXED,836,https://tede2.espm.br/oai/request,dspace,repositorio,forma-handle,xoai,,ESPM - TEDE,oai:tede2.espm.br:tede/1234,,ok,,ok,,responde-aos-dois,True,True,True,,True
1255,FEI,Repositório do Conhecimento Institucional do Centro Universitário da Fundação Educacional Inaciana (FEI),Centro Universitário da Fundação Educacional Inaciana (FEI),107845,2026-08-14 11:10:38,INDEXED,3908,https://repositorio-api.fei.edu.br/server/oai/request,dspace,repositorio,forma-handle,xoai,,Repositório do Conhecimento Institucional do Centro Universitário FEI,oai:repositorio.fei.edu.br:FEI/1234,,ok,,ok,,responde-aos-dois,True,True,True,,True
744,FMRP,Biblioteca Digital de Teses e Dissertações da FAMERP,Faculdade de Medicina de São José do Rio Preto (FAMERP),104644,2025-10-03 13:16:29,INDEXED,664,https://bdtd.famerp.br/oai/request,dspace,repositorio,forma-handle,xoai,,TEDE,oai:localhost:tede/1234,,ok,,ok,,responde-aos-dois,True,True,True,,True
2828,FTSA,Repositório da Faculdade Teológica Sul-Americana (FTSA),Faculdade Teológica Sul-Americana (FTSA),107960,2026-08-18 13:14:38,INDEXED,56,https://ftsamultiacervo.mentorweb.ws/ftsaMultiacervo/servlet/aoaiexportacao,indeterminado,indeterminado,nenhuma,oai_dc,,Repositório da Faculdade Teológica Sul-Americana - FTSA,,,ok,,ok,,responde-aos-dois,False,True,False,,True
1989,GOE-1,Brazilian Journal of Implantology and Health Sciences,Grupo de Odontologia Especializada (GOE),102959,2025-05-13 11:08:33,INDEXED,4677,https://bjihs.emnuvens.com.br/bjihs/oai,ojs,periodico,toolkit,oai_dc,Open Journal Systems,Brazilian Journal of Implantology and Health Sciences,oai:ojs.bjihs.emnuvens.com.br:article/1,,ok,,ok,,responde-aos-dois,True,True,True,,True
2865,GUAICARA-1,Repositório Institucional UniGuairacá,UniGuairacá Centro Universitário,108710,2026-09-16 20:01:12,INDEXED,450,http://www.repositorioguairaca.com.br/oai/request,indeterminado,indeterminado,nenhuma,xoai,,Repositorio Institucional UniGuairaca,,,ok,,ok,,responde-aos-dois,False,True,False,,True
679,IBICT-1,Repositório Comum do Brasil - Deposita,Instituto Brasileiro de Informação em Ciência e Tecnologia (Ibict),107771,2026-08-10 09:44:34,INDEXED,753,https://deposita.ibict.br/server/oai/request,dspace,repositorio,forma-handle,xoai,,Deposita,oai:deposita.ibict.br:deposita/1234,,ok,,ok,,responde-aos-dois,True,True,True,,True
1992,IBICT-5,Livro Aberto,Instituto Brasileiro de Informação em Ciência e Tecnologia (Ibict),102942,2025-05-13 11:05:00,INDEXED,169,http://livroaberto.ibict.br/oai/request,dspace,repositorio,forma-handle,xoai,,Portal do Livro Aberto em CT&I,oai:livroaberto:1/1234,,ok,,ok,,responde-aos-dois,True,True,True,,True
1707,IEC-2,Repositório Digital do Instituto Evandro Chagas (Patuá),Instituto Evandro Chagas (IEC),103361,2025-06-27 10:27:08,INDEXED,5603,https://patuaback.iec.gov.br/server/oai/request,dspace,repositorio,forma-handle,xoai,,Patuá - Repositório Digital do IEC,oai:patua.iec.gov.br:iec/1234,,ok,,ok,,responde-aos-dois,True,True,True,,True
1981,IFBA-1,Repositório Institucional da IFBA,"Instituto Federal de Educação, Ciência e Tecnologia da Bahia (IFBA)",107557,2026-08-01 22:54:05,INDEXED,12,https://repositorio.ifba.edu.br/oai/request,indeterminado,indeterminado,nenhuma,xoai,,,oai:${dspace.hostname}:${handle.prefix}/1234,,ok,,ok,,responde-aos-dois,False,True,False,,True
2852,IFFAR-2,"Repositório Arandu do Instituto Federal de Educação, Ciência e Tecnologia Farroupilha (IFFAR)","Instituto Federal de Educação, Ciência e Tecnologia Farroupilha (IFFAR)",107968,2026-08-18 13:15:10,INDEXED,814,https://arandu.iffarroupilha.edu.br/oai/request,dspace,repositorio,forma-handle,oai_dc,,Repositorio Institucional IFFAR,oai:arandu.iffarroupilha.edu.br:itemid/1234,,ok,,ok,,responde-aos-dois,True,True,True,,True
2309,IMED-2,Revista de Administração IMED - RAIMED,Faculdade Meridional (IMED),103442,2025-07-04 14:37:36,INDEXED,258,https://seer.atitus.edu.br/index.php/raimed/oai,ojs,periodico,toolkit,oai_dc,Open Journal Systems,Revista de Administração IMED,oai:ojs.atitus.tempsite.ws:article/1,,ok,,ok,,responde-aos-dois,True,True,True,,True
2311,IMED-3,Revista Brasileira de Direito,Faculdade Meridional (IMED),103444,2025-07-04 14:49:18,INDEXED,408,https://seer.atitus.edu.br/index.php/revistadedireito/oai,ojs,periodico,toolkit,oai_dc,Open Journal Systems,Revista Brasileira de Direito,oai:ojs.atitus.tempsite.ws:article/1,,ok,,ok,,responde-aos-dois,True,True,True,,True
2312,IMED-4,Journal of Oral Investigations,Faculdade Meridional (IMED),103446,2025-07-04 15:02:43,INDEXED,140,https://seer.atitus.edu.br/index.php/JOI/oai,ojs,periodico,toolkit,oai_dc,Open Journal Systems,Journal of Oral Investigations,oai:ojs.atitus.tempsite.ws:article/1,,ok,,ok,,responde-aos-dois,True,True,True,,True
654,INAT,Biblioteca Digital de Teses e Dissertações da INATEL,Instituto Nacional de Telecomunicações (INATEL),108225,2026-08-24 09:33:44,INDEXED,268,https://oaipmh.sophia.com.br/v2/5369/Oai/5,indeterminado,indeterminado,nenhuma,xoai,,Tese e Dissertações / IBICT,oai::1002,,ok,,ok,,responde-aos-dois,False,True,False,,True
651,INMT,Repositório Institucional do INMETRO,"Instituto Nacional de Metrologia, Qualidade e Tecnologia (INMETRO)",107289,2026-06-19 10:44:58,INDEXED,1468,http://repositorios.inmetro.gov.br/oai/request,indeterminado,indeterminado,nenhuma,mets,OCLC's OAICat Repository Framework,Inmetro,,,ok,,ok,,responde-aos-dois,False,True,False,,True
646,INSP,Repositório Institucional da INSPER,Instituição de Ensino Superior e de Pesquisa (INSPER),106227,2026-01-21 14:51:18,INDEXED,6556,https://repositorio-api.insper.edu.br/server/oai/request,dspace,repositorio,forma-handle,oai_dc,,Repositório Institucional do Insper,oai:repositorio.insper.edu.br:11224/1234,,ok,,ok,,responde-aos-dois,True,True,True,,True
641,IPEA,Repositório Institucional da IPEA (RCIpea),Instituto de Pesquisa Econômica Aplicada (IPEA),107104,2026-05-25 10:45:58,INDEXED,13986,https://repositorio.ipea.gov.br/server/oai/request,dspace,repositorio,forma-handle,oai_dc,,Repositorio IPEA,oai:repositorio.ipea.gov.br:11058/1234,,ok,,ok,,responde-aos-dois,True,True,True,,True
634,LNCC,Biblioteca Digital de Teses e Dissertações do LNCC,Laboratório Nacional de Computação Científica (LNCC),102783,2025-05-11 15:54:58,INDEXED,385,https://tede.lncc.br/oai/request,dspace,repositorio,forma-handle,oai_dc,,TEDE,oai:tede-server.lncc.br:tede/1234,,ok,,ok,,responde-aos-dois,True,True,True,,True
630,MB,Repositório Institucional da Produção Científica da Marinha do Brasil (RI-MB),Marinha do Brasil (MB),106322,2026-01-30 12:58:24,INDEXED,6564,https://repositorio.marinha.mil.br/oai/request,dspace,repositorio,forma-handle,oai_dc,,Repositório da Producao Cientifica da Marinha,oai:www.repositorio.mar.mil.br:ripcmb/1234,,ok,,ok,,responde-aos-dois,True,True,True,,True
2399,MB-2,Revista Navigator (Online),Marinha do Brasil (MB),103499,2025-07-07 16:43:23,INDEXED,606,https://portaldeperiodicos.marinha.mil.br/index.php/navigator/oai,ojs,periodico,sampleIdentifier,oai_dc,,Navigator,oai:portaldeperiodicos.marinha.mil.br:article/1,,ok,,ok,,responde-aos-dois,True,True,True,,True
110,NOVE,Biblioteca Digital de Teses e Dissertações da Uninove,Universidade Nove de Julho (UNINOVE),106693,2026-03-20 15:26:18,INDEXED,3544,http://bibliotecatede.uninove.br/oai/request,dspace,repositorio,forma-handle,xoai,,TEDE,oai:localhost:tede/1234,,ok,,ok,,responde-aos-dois,True,True,True,,True
595,PUCR,Repositório Institucional PUCRS,Pontifícia Universidade Católica do Rio Grande do Sul (PUCRS),107048,2026-05-19 18:45:36,INDEXED,14704,https://repositorio.pucrs.br/oai/request,dspace,repositorio,forma-handle,xoai,,Repositório PUCRS,oai:repositorio.pucrs.br:10923/1234,,ok,,ok,,responde-aos-dois,True,True,True,,True
617,PUC_GO,Biblioteca Digital de Teses e Dissertações da PUC_GOAIS (TEDE-PUC Goiás),Pontifícia Universidade Católica de Goiás (PUC-GO),107847,2026-08-14 12:03:14,INDEXED,3969,https://tede2.pucgoias.edu.br/oai/request,dspace,repositorio,forma-handle,xoai,,TEDE,oai:ambar:tede/1234,,ok,,http-500,,so-Identify,True,True,True,,True
1014,PUC_MINS,Biblioteca Digital de Teses e Dissertações da PUC_MG,Pontifícia Universidade Católica de Minas Gerais (PUC Minas),107052,2026-05-19 19:00:31,INDEXED,8150,https://bib.pucminas.br/pergamum/oai/ibict/harvest,indeterminado,indeterminado,nenhuma,oai_dc,,Default OAI Repository - IBICT,oai:bib.pucminas.br/ibict:perga-oai/,,ok,,ok,,responde-aos-dois,False,True,False,,True
2088,PUC_PR-29,Biblioteca Digital de Teses e Dissertações da PUC_PR,Pontifícia Universidade Católica do Paraná (PUC-PR),108128,2026-08-19 15:23:29,INDEXED,6538,https://pergamum-biblioteca.pucpr.br//pergamum/oai/ibict/harvest,indeterminado,indeterminado,nenhuma,oai_dc,,Default OAI Repository - IBICT,oai:pergamum-biblioteca.pucpr.br/ibict:perga-oai/,,ok,,ok,,responde-aos-dois,False,True,False,,True
605,PUC_RIO-1,Repositório Institucional da PUC-RIO (Projeto Maxwell),Pontifícia Universidade Católica do Rio de Janeiro (PUC-RIO),106796,2026-04-10 16:56:40,INDEXED,16392,https://www.maxwell.vrac.puc-rio.br/ibict.php,indeterminado,indeterminado,nenhuma,oai_dc,VTOAI Perl Data Provider,MAXWELL,,,ok,,ok,,responde-aos-dois,False,True,False,,True
1620,SBGG,"Geriatrics, Gerontology and Aging (Online)",Sociedade Brasileira de Geriatria e Gerontologia,102655,2025-05-07 13:28:39,INDEXED,717,https://ggaging.com/oai,indeterminado,indeterminado,nenhuma,oai_dc,,"Geriatrics, Gerontology and Aging",,,ok,,ok,,responde-aos-dois,False,True,False,,True
1258,STJ-1,Repositório Institucional do STJ,Superior Tribunal de Justiça (STJ),101679,2025-03-31 15:29:14,INDEXED,81242,https://bdjur.stj.jus.br/server/oai/request,dspace,repositorio,forma-handle,oai_dc,,BDJur,oai:bdjur.stj.jus.br:2011/1234,,ok,,oai-error,noRecordsMatch,so-Identify,True,True,True,,True
511,UCB,Biblioteca Digital de Teses e Dissertações da UCB,Universidade Católica de Brasília (UCB),107854,2026-08-14 15:36:14,INDEXED,3730,http://bdtd.ucb.br:8080/oai/request,dspace,repositorio,forma-handle,xoai,,Biblioteca Digital de Dissertações da Universidade Católica de Brasília - UCB,oai:bdtd.ucb.br:2015/1234,,ok,,ok,,responde-aos-dois,True,True,True,,True
140,UCEN,Biblioteca Digital de Teses e Dissertações do UNICENTRO,Universidade Estadual do Centro-Oeste (UNICENTRO),108613,2026-09-11 10:00:26,INDEXED,2776,https://oaipmh.sophia.com.br/9566/oai.asp,indeterminado,indeterminado,nenhuma,oai_dc,,Repositório digital,oai::1002,,ok,,ok,,responde-aos-dois,False,True,False,,True
1397,UDESC-2,Repositório Institucional da UDESC,Universidade do Estado de Santa Catarina (UDESC),107284,2026-06-18 11:00:38,INDEXED,26114,https://repositorio-api.udesc.br/server/oai/request,dspace,repositorio,forma-handle,xoai,,Repositório Institucional da UDESC,oai:repositorio.udesc.br:UDESC/1234,,ok,,ok,,responde-aos-dois,True,True,True,,True
498,UEA,Repositório Institucional da Universidade do Estado do Amazonas (UEA),Universidade do Estado do Amazonas (UEA),107110,2026-05-25 14:55:46,INDEXED,5001,https://ri.uea.edu.br/server/oai/request,dspace,repositorio,forma-handle,oai_dc,,RI UEA,oai:ri.uea.edu.br:riuea/1234,,ok,,oai-error,noRecordsMatch,so-Identify,True,True,True,,True
1520,UEM-10,Repositório Institucional da Universidade Estadual de Maringá (RI-UEM),Universidade Estadual de Maringá (UEM),107001,2026-05-11 10:50:11,INDEXED,8625,http://repositorio.uem.br:8080/oai/request,dspace,repositorio,forma-handle,oai_dc,,RI-UEM,oai:localhost:1/1234,,ok,,ok,,responde-aos-dois,True,True,True,,True
2787,UERGS-2,Repositório Institucional da UERGS,Universidade Estadual do Rio Grande do Sul,108035,2026-08-18 15:39:30,INDEXED,4825,https://repositorio.uergs.edu.br/server/oai/request,dspace,repositorio,forma-handle,oai_dc,,Repositório Institucional UERGS,oai:repositorio.uergs.edu.br:uergs/1234,,ok,,ok,,responde-aos-dois,True,True,True,,True
413,UFER,Repositório Digital da Universidade Federal Rural do Semiárido (RDU),Universidade Federal Rural do Semi-Árido (UFERSA),107281,2026-06-17 16:56:44,INDEXED,9581,https://repositorio.ufersa.edu.br/server/oai/request,dspace,repositorio,forma-handle,oai_dc,,Repositório Ufersa,oai:repositorio.ufersa.edu.br:prefix/1234,,ok,,oai-error,noRecordsMatch,so-Identify,True,True,True,,True
407,UFES,Repositório Institucional da Universidade Federal do Espírito Santo (riUfes),Universidade Federal do Espírito Santo (UFES),106339,2026-02-02 11:56:22,INDEXED,14846,https://repositorio.ufes.br/server/oai/request,dspace,repositorio,forma-handle,oai_dc,,Repositório da UFES,oai:repositorio.ufes.br:10/1234,,ok,,ok,,responde-aos-dois,True,True,True,,True
1632,UFF-17,Diversitates,Universidade Federal Fluminense (UFF),102638,2025-05-07 13:18:36,INDEXED,196,http://www.diversitates.uff.br/index.php/1diversitates-uff1/oai,indeterminado,indeterminado,nenhuma,oai_dc,,,,,ok,,ok,,responde-aos-dois,False,True,False,,True
1019,UFFS,Repositório Institucional da UFFS (Repositório Digital da UFFS),Universidade Federal Fronteira do Sul (UFFS),107264,2026-06-17 09:39:13,INDEXED,4591,https://rd.uffs.edu.br/oai/request,dspace,repositorio,forma-handle,oai_dc,,Repositorio Digital UFFS,oai:localhost:prefix/1234,,ok,,ok,,responde-aos-dois,True,True,True,,True
388,UFG-2,Repositório Institucional da UFG,Universidade Federal de Goiás (UFG),107217,2026-06-10 12:15:50,INDEXED,12349,https://repositorio.bc.ufg.br/tedeserver/oai/request,dspace,repositorio,forma-handle,xoai,,Biblioteca Digital de Teses e Dissertações,oai:repositorio.bc.ufg.br:tede/1234,,ok,,ok,,responde-aos-dois,True,True,True,,True
1360,UFLA,Repositório Institucional da UFLA,Universidade Federal de Lavras (UFLA),107699,2026-08-07 11:01:02,INDEXED,37144,https://repositorio.ufla.br/server/oai/request,dspace,repositorio,forma-handle,xoai,,RI UFLA,oai:repositorio.ufla.br:1/1234,,ok,,ok,,responde-aos-dois,True,True,True,,True
374,UFMA,Biblioteca Digital de Teses e Dissertações da UFMA,Universidade Federal do Maranhão (UFMA),108117,2026-08-19 11:07:36,INDEXED,6920,http://tedebc.ufma.br:8080/oai/request,dspace,repositorio,forma-handle,xoai,,Teses e Dissertações,oai:tede2:tede/1234,,ok,,ok,,responde-aos-dois,True,True,True,,True
1011,UFMT,Repositório Institucional da UFMT,Universidade Federal de Mato Grosso (UFMT),107782,2026-08-10 22:19:34,INDEXED,7254,https://ri.ufmt.br/oai/request,dspace,repositorio,forma-handle,xoai,,Repositorio Institucional,oai:ri.ufmt.br:prefix/1,,ok,,ok,,responde-aos-dois,True,True,True,,True
356,UFMT-1,Biblioteca Digital de Monografias da UFMT,Universidade Federal de Mato Grosso (UFMT),107781,2026-08-10 22:17:53,INDEXED,5904,https://bdm.ufmt.br/oai/request,dspace,repositorio,forma-handle,oai_dc,,Biblioteca Digital de Monografia,oai:bdm.ufmt.br:prefix/1,,ok,,ok,,responde-aos-dois,True,True,True,,True
1263,UFN-1,Biblioteca Digital de Teses e Dissertações da Universidade Franciscana (UFN),Universidade Franciscana (UFN),106107,2026-01-09 12:03:39,INDEXED,1041,http://www.tede.universidadefranciscana.edu.br:8080/oai/request,dspace,repositorio,forma-handle,xoai,,UFN Universidade Franciscana,oai:tede.universidadefranciscana.edu.br:UFN-BDTD/1234,,ok,,ok,,responde-aos-dois,True,True,True,,True
351,UFPA,Repositório Institucional da UFPA,Universidade Federal do Pará (UFPA),108588,2026-09-09 12:24:49,INDEXED,15504,https://repositorio.ufpa.br/server/oai/request,dspace,repositorio,forma-handle,xoai,,RIUFPA,oai:repositorio.ufpa.br:2011/1234,,ok,,ok,,responde-aos-dois,True,True,True,,True
343,UFPB-2,Repositório Institucional da UFPB,Universidade Federal da Paraíba (UFPB),107293,2026-06-19 12:38:14,INDEXED,36122,https://repositorio.ufpb.br/oai/request,dspace,repositorio,forma-handle,xoai,,Repositório Institucional da UFPB,oai:repositorio.ufpb.br:repositorio/1234,,ok,,ok,,responde-aos-dois,True,True,True,,True
1072,UFRRJ-1,Repositório Institucional da UFRRJ,Universidade Federal Rural do Rio de Janeiro (UFRRJ),108130,2026-08-19 16:22:14,INDEXED,23590,https://rima.ufrrj.br/oai/request,dspace,repositorio,forma-handle,xoai,,Repositório de Múltiplos Acervos da UFRRJ,oai:rima110.im.ufrrj.br:20.500.14407/1234,,ok,,ok,,responde-aos-dois,True,True,True,,True
271,UFS-2,Repositório Institucional da UFS,Universidade Federal de Sergipe (UFS),108683,2026-09-15 00:18:29,INDEXED,22833,https://ri.ufs.br/oai/request,dspace,repositorio,forma-handle,xoai,,Repositório Institucional da Universidade Federal de Sergipe - RI/UFS,oai:ri.ufs.br:repo_01/1234,,ok,,ok,,responde-aos-dois,True,True,True,,True
126,UFSP,Repositório Institucional da UNIFESP,Universidade Federal de São Paulo (UNIFESP),108601,2026-09-09 16:15:15,INDEXED,69217,https://repositorio.unifesp.br/server/oai/request,dspace,repositorio,forma-handle,xoai,,Repositório Institucional Unifesp,oai:repositorio.unifesp.br:11600/1234,,ok,,ok,,responde-aos-dois,True,True,True,,True
1806,UNICAMP-30,Biblioteca Digital de Teses e Dissertações da Universidade Estadual de Campinas (UNICAMP),Universidade Estadual de Campinas (UNICAMP),108423,2026-09-02 14:20:04,INDEXED,68168,http://repositorio.unicamp.br/oai/tese/oai.asp,indeterminado,indeterminado,nenhuma,oai_dc,,Tese e Dissertação,oai::1002,,ok,,ok,,responde-aos-dois,False,True,False,,True
106,UNIOESTE-1,Biblioteca Digital de Teses e Dissertações do UNIOESTE,Universidade Estadual do Oeste do Paraná (UNIOESTE),108564,2026-09-04 15:18:34,INDEXED,7838,https://tede.unioeste.br/oai/request,dspace,repositorio,forma-handle,xoai,,TEDE,oai:tede.unioeste.br:tede/1234,,ok,,ok,,responde-aos-dois,True,True,True,,True
1015,UNSP,Repositório Institucional da UNESP,Universidade Estadual Paulista (UNESP),106219,2026-01-19 11:39:59,INDEXED,234538,https://repositorio.unesp.br/server/oai/request,dspace,repositorio,forma-handle,oai_dc,,Repositório Institucional Unesp,oai:repositorio.unesp.br:11449/1234,,ok,,ok,,responde-aos-dois,True,True,True,,True
2093,UNSP-2,Repositório Institucional da UNESP (dados de pesquisa),Universidade Estadual Paulista (UNESP),103289,2025-06-09 15:39:18,INDEXED,189,https://repositorio.unesp.br/server/oai/request,dspace,repositorio,forma-handle,oai_dc,,Repositório Institucional Unesp,oai:repositorio.unesp.br:11449/1234,,ok,,ok,,responde-aos-dois,True,True,True,,True
66,UOES,Biblioteca Digital de Teses e Dissertações da UNOESTE,Universidade do Oeste Paulista (UNOESTE),108529,2026-09-04 14:38:07,INDEXED,1264,http://bdtd.unoeste.br:8080/oai/request,dspace,repositorio,forma-handle,xoai,,TEDE,oai:bdtd.unoeste.br:tede/1234,,ok,,ok,,responde-aos-dois,True,True,True,,True
631,UPM,Repositório Digital do Mackenzie,Universidade Presbiteriana Mackenzie (MACKENZIE),107333,2026-06-22 15:22:01,INDEXED,20495,https://adelpha-api.mackenzie.br/server/oai/request,dspace,repositorio,forma-handle,xoai,,Adelpha Repositório Digital,oai:dspace.mackenzie.br:10899/1234,,ok,,ok,,responde-aos-dois,True,True,True,,True
59,URCA-1,Direito & dialogicidade,Universidade Regional do Cariri (URCA),99115,2024-08-30 20:49:21,INDEXED,137,http://periodicos.urca.br/ojs/index.php/DirDialog/oai,indeterminado,indeterminado,nenhuma,oai_dc,,,,,ok,,ok,,responde-aos-dois,False,True,False,,True
279,URPE,Biblioteca Digital de Teses e Dissertações da UFRPE,Universidade Federal Rural de Pernambuco (UFRPE),107211,2026-06-10 10:27:37,INDEXED,5330,http://www.tede2.ufrpe.br:8080/oai/request,dspace,repositorio,forma-handle,xoai,,TEDE2,oai:tede2:tede2/1234,,ok,,http-500,,so-Identify,True,True,True,,True
73,UVAT,Repositório Institucional da Univates (Biblioteca Digital da Univates - BD),Centro Universitário Univates (UNIVATES),108535,2026-09-04 14:45:08,INDEXED,4529,https://www.univates.br/bduserver/oai/request,dspace,repositorio,forma-handle,xoai,,Biblioteca Digital da Univates,oai:univates.br:10737/1234,,ok,,ok,,responde-aos-dois,True,True,True,,True
