repo_id,repo,sigla,instituicao,base_url,base_host,plataforma,coleta_em,coleta_tamanho,estado_da_coleta,identifier,n_candidatas,nova_fonte,nova_via,nova_regra,nova_link,nova_host,nova_desfecho,nova_status,nova_final,nova_motivo,antiga_fonte,antiga_via,antiga_regra,antiga_link,antiga_host,antiga_desfecho,antiga_status,antiga_final,antiga_motivo,oai_fonte,oai_via,oai_regra,oai_link,oai_host,oai_desfecho,oai_status,oai_final,oai_motivo,nova_ok,antiga_ok,oai_ok,nova_engana,nova_inconclusivo,antiga_engana,antiga_inconclusivo,ganho,perda,trocou_endereco,saiu_do_dominio
esmat,Revista ESMAT (TJTO),,,https://revista.esmat.tjto.jus.br/revista_esmat/pt_BR/oai,revista.esmat.tjto.jus.br,ojs,,,,oai:revista.esmat.tjto.jus.br:article/2,5,record:ojs,record,ojs,https://revista.esmat.tjto.jus.br/revista_esmat/pt_BR/article/view/2,revista.esmat.tjto.jus.br,ok,200,https://revista.esmat.tjto.jus.br/revista_esmat/pt_BR/article/view/2,,record:doi,record,doi,https://doi.org/10.34060/reesmat.v6i7.2,doi.org,http-4xx,404,https://esmat.tjto.jus.br/publicacoes/index.php/revista_esmat/article/view/2,,,,,https://revista.esmat.tjto.jus.br/revista_esmat/pt_BR/oai?verb=GetRecord&identifier=oai%3Arevista.esmat.tjto.jus.br%3Aarticle%2F2&metadataPrefix=oai_dc,revista.esmat.tjto.jus.br,ok,200,https://revista.esmat.tjto.jus.br/revista_esmat/pt_BR/oai?verb=GetRecord&identifier=oai%3Arevista.esmat.tjto.jus.br%3Aarticle%2F2&metadataPrefix=oai_dc,,True,False,True,False,False,True,False,True,False,True,False
esmat,Revista ESMAT (TJTO),,,https://revista.esmat.tjto.jus.br/revista_esmat/pt_BR/oai,revista.esmat.tjto.jus.br,ojs,,,,oai:revista.esmat.tjto.jus.br:article/3,5,record:ojs,record,ojs,https://revista.esmat.tjto.jus.br/revista_esmat/pt_BR/article/view/3,revista.esmat.tjto.jus.br,ok,200,https://revista.esmat.tjto.jus.br/revista_esmat/pt_BR/article/view/3,,record:doi,record,doi,https://doi.org/10.34060/reesmat.v6i7.3,doi.org,http-4xx,404,https://esmat.tjto.jus.br/publicacoes/index.php/revista_esmat/article/view/3,,,,,https://revista.esmat.tjto.jus.br/revista_esmat/pt_BR/oai?verb=GetRecord&identifier=oai%3Arevista.esmat.tjto.jus.br%3Aarticle%2F3&metadataPrefix=oai_dc,revista.esmat.tjto.jus.br,ok,200,https://revista.esmat.tjto.jus.br/revista_esmat/pt_BR/oai?verb=GetRecord&identifier=oai%3Arevista.esmat.tjto.jus.br%3Aarticle%2F3&metadataPrefix=oai_dc,,True,False,True,False,False,True,False,True,False,True,False
1900,Repositório Institucional do IFRS,IFRS-4,"Instituto Federal de Educação, Ciência e Tecnologia do Rio Grande do Sul (IFRS)",https://repositorio.ifrs.edu.br/oai/request,repositorio.ifrs.edu.br,dspace,2025-12-17 16:53:29,2114,VALID,oai:dspace.ifrs.edu.br:123456789/2110,4,record:dspace,record,dspace,https://dspace.ifrs.edu.br/xmlui/handle/123456789/2110,dspace.ifrs.edu.br,ok,200,https://dspace.ifrs.edu.br/xmlui/handle/123456789/2110,,record:dspace,record,dspace,https://dspace.ifrs.edu.br/xmlui/handle/123456789/2110,dspace.ifrs.edu.br,ok,200,https://dspace.ifrs.edu.br/xmlui/handle/123456789/2110,,,,,https://repositorio.ifrs.edu.br/oai/request?verb=GetRecord&identifier=oai%3Adspace.ifrs.edu.br%3A123456789%2F2110&metadataPrefix=xoai,repositorio.ifrs.edu.br,ok,200,https://repositorio.ifrs.edu.br/oai/request?verb=GetRecord&identifier=oai%3Adspace.ifrs.edu.br%3A123456789%2F2110&metadataPrefix=xoai,,True,True,True,False,False,False,False,False,False,False,True
1900,Repositório Institucional do IFRS,IFRS-4,"Instituto Federal de Educação, Ciência e Tecnologia do Rio Grande do Sul (IFRS)",https://repositorio.ifrs.edu.br/oai/request,repositorio.ifrs.edu.br,dspace,2025-12-17 16:53:29,2114,VALID,oai:dspace.ifrs.edu.br:123456789/839,3,record:dspace,record,dspace,https://dspace.ifrs.edu.br/xmlui/handle/123456789/839,dspace.ifrs.edu.br,ok,200,https://dspace.ifrs.edu.br/xmlui/handle/123456789/839,,record:dspace,record,dspace,https://dspace.ifrs.edu.br/xmlui/handle/123456789/839,dspace.ifrs.edu.br,ok,200,https://dspace.ifrs.edu.br/xmlui/handle/123456789/839,,,,,https://repositorio.ifrs.edu.br/oai/request?verb=GetRecord&identifier=oai%3Adspace.ifrs.edu.br%3A123456789%2F839&metadataPrefix=xoai,repositorio.ifrs.edu.br,ok,200,https://repositorio.ifrs.edu.br/oai/request?verb=GetRecord&identifier=oai%3Adspace.ifrs.edu.br%3A123456789%2F839&metadataPrefix=xoai,,True,True,True,False,False,False,False,False,False,False,True
1877,SciELO Preprints,SCI-1,Scientific Electronic Library Online (SCIELO),https://preprints.scielo.org/index.php/scielo/oai,preprints.scielo.org,ojs,2025-05-12 20:55:39,3877,VALID,oai:ops.preprints.scielo.org:preprint/7,3,record:doi,record,doi,http://www.scielo.br/j/rsbmt/a/bwLKCs6ZfGhyFn3mp4RDhdQ/?lang=en,www.scielo.br,ok,200,http://www.scielo.br/j/rsbmt/a/bwLKCs6ZfGhyFn3mp4RDhdQ/?lang=en,,record:doi,record,doi,https://doi.org/10.1590/0037-8682-0167-2020,doi.org,ok,200,http://www.scielo.br/j/rsbmt/a/bwLKCs6ZfGhyFn3mp4RDhdQ/?lang=en,,,,,https://preprints.scielo.org/index.php/scielo/oai?verb=GetRecord&identifier=oai%3Aops.preprints.scielo.org%3Apreprint%2F7&metadataPrefix=oai_dc,preprints.scielo.org,ok,200,https://preprints.scielo.org/index.php/scielo/oai?verb=GetRecord&identifier=oai%3Aops.preprints.scielo.org%3Apreprint%2F7&metadataPrefix=oai_dc,,True,True,True,False,False,False,False,False,False,True,True
1877,SciELO Preprints,SCI-1,Scientific Electronic Library Online (SCIELO),https://preprints.scielo.org/index.php/scielo/oai,preprints.scielo.org,ojs,2025-05-12 20:55:39,3877,VALID,oai:ops.preprints.scielo.org:preprint/14,3,record:doi,record,doi,https://preprints.scielo.org/index.php/scielo/preprint/view/14/version/18,preprints.scielo.org,ok,200,https://preprints.scielo.org/index.php/scielo/preprint/view/14/version/18,,record:doi,record,doi,https://doi.org/10.1590/SciELOPreprints.14,doi.org,ok,200,https://preprints.scielo.org/index.php/scielo/preprint/view/14/version/18,,,,,https://preprints.scielo.org/index.php/scielo/oai?verb=GetRecord&identifier=oai%3Aops.preprints.scielo.org%3Apreprint%2F14&metadataPrefix=oai_dc,preprints.scielo.org,ok,200,https://preprints.scielo.org/index.php/scielo/oai?verb=GetRecord&identifier=oai%3Aops.preprints.scielo.org%3Apreprint%2F14&metadataPrefix=oai_dc,,True,True,True,False,False,False,False,False,False,True,False
251,Motrivivência (Florianópolis),UFSC-2,Universidade Federal de Santa Catarina (UFSC),https://periodicos.ufsc.br/index.php/motrivivencia/oai,periodicos.ufsc.br,ojs,2026-09-19 20:10:35,1635,VALID,oai:periodicos.ufsc.br:article/677,3,record:ojs,record,ojs,https://periodicos.ufsc.br/index.php/motrivivencia/article/view/677,periodicos.ufsc.br,ok,200,https://periodicos.ufsc.br/index.php/motrivivencia/article/view/677,,record:doi,record,doi,https://doi.org/10.5007/%x,doi.org,http-4xx,400,https://doi.org/10.5007/%x,,,,,https://periodicos.ufsc.br/index.php/motrivivencia/oai?verb=GetRecord&identifier=oai%3Aperiodicos.ufsc.br%3Aarticle%2F677&metadataPrefix=oai_dc,periodicos.ufsc.br,ok,200,https://periodicos.ufsc.br/index.php/motrivivencia/oai?verb=GetRecord&identifier=oai%3Aperiodicos.ufsc.br%3Aarticle%2F677&metadataPrefix=oai_dc,,True,False,True,False,False,True,False,True,False,True,False
251,Motrivivência (Florianópolis),UFSC-2,Universidade Federal de Santa Catarina (UFSC),https://periodicos.ufsc.br/index.php/motrivivencia/oai,periodicos.ufsc.br,ojs,2026-09-19 20:10:35,1635,VALID,oai:periodicos.ufsc.br:article/678,3,record:ojs,record,ojs,https://periodicos.ufsc.br/index.php/motrivivencia/article/view/678,periodicos.ufsc.br,ok,200,https://periodicos.ufsc.br/index.php/motrivivencia/article/view/678,,record:doi,record,doi,https://doi.org/10.5007/%x,doi.org,http-4xx,400,https://doi.org/10.5007/%x,,,,,https://periodicos.ufsc.br/index.php/motrivivencia/oai?verb=GetRecord&identifier=oai%3Aperiodicos.ufsc.br%3Aarticle%2F678&metadataPrefix=oai_dc,periodicos.ufsc.br,ok,200,https://periodicos.ufsc.br/index.php/motrivivencia/oai?verb=GetRecord&identifier=oai%3Aperiodicos.ufsc.br%3Aarticle%2F678&metadataPrefix=oai_dc,,True,False,True,False,False,True,False,True,False,True,False
722,RECIIS (Online),FIOCRUZ-6,Fundação Oswaldo Cruz (Fiocruz),https://www.reciis.icict.fiocruz.br/index.php/reciis/oai,www.reciis.icict.fiocruz.br,ojs,2026-01-08 21:30:02,1283,VALID,oai:ojs.reciis.icict.fiocruz.br:article/3,0,,,,,,sem-link,,,oai-error:badArgument,,,,,,sem-link,,,,,,,https://www.reciis.icict.fiocruz.br/index.php/reciis/oai?verb=GetRecord&identifier=oai%3Aojs.reciis.icict.fiocruz.br%3Aarticle%2F3&metadataPrefix=oai_dc,www.reciis.icict.fiocruz.br,ok,200,https://www.reciis.icict.fiocruz.br/index.php/reciis/oai?verb=GetRecord&identifier=oai%3Aojs.reciis.icict.fiocruz.br%3Aarticle%2F3&metadataPrefix=oai_dc,,False,False,True,False,False,False,False,False,False,False,False
722,RECIIS (Online),FIOCRUZ-6,Fundação Oswaldo Cruz (Fiocruz),https://www.reciis.icict.fiocruz.br/index.php/reciis/oai,www.reciis.icict.fiocruz.br,ojs,2026-01-08 21:30:02,1283,VALID,oai:ojs.reciis.icict.fiocruz.br:article/4,0,,,,,,sem-link,,,oai-error:badArgument,,,,,,sem-link,,,,,,,https://www.reciis.icict.fiocruz.br/index.php/reciis/oai?verb=GetRecord&identifier=oai%3Aojs.reciis.icict.fiocruz.br%3Aarticle%2F4&metadataPrefix=oai_dc,www.reciis.icict.fiocruz.br,ok,200,https://www.reciis.icict.fiocruz.br/index.php/reciis/oai?verb=GetRecord&identifier=oai%3Aojs.reciis.icict.fiocruz.br%3Aarticle%2F4&metadataPrefix=oai_dc,,False,False,True,False,False,False,False,False,False,False,False
97,Biblioteca Digital de Teses e Dissertações da UNISANTOS,SANT,Universidade Católica de Santos (UNISANTOS),https://tede.unisantos.br/oai/request,tede.unisantos.br,dspace,2026-09-04 15:13:07,1042,VALID,oai:tede.unisantos.br:tede/7505,7,record:dspace,record,dspace,https://tede.unisantos.br/handle/tede/7505,tede.unisantos.br,ok,200,https://tede.unisantos.br/handle/tede/7505,,record:dspace,record,dspace,https://tede.unisantos.br/handle/tede/7505,tede.unisantos.br,ok,200,https://tede.unisantos.br/handle/tede/7505,,,,,https://tede.unisantos.br/oai/request?verb=GetRecord&identifier=oai%3Atede.unisantos.br%3Atede%2F7505&metadataPrefix=xoai,tede.unisantos.br,ok,200,https://tede.unisantos.br/oai/request?verb=GetRecord&identifier=oai%3Atede.unisantos.br%3Atede%2F7505&metadataPrefix=xoai,,True,True,True,False,False,False,False,False,False,False,False
97,Biblioteca Digital de Teses e Dissertações da UNISANTOS,SANT,Universidade Católica de Santos (UNISANTOS),https://tede.unisantos.br/oai/request,tede.unisantos.br,dspace,2026-09-04 15:13:07,1042,VALID,oai:tede.unisantos.br:tede/7933,7,record:dspace,record,dspace,https://tede.unisantos.br/handle/tede/7933,tede.unisantos.br,ok,200,https://tede.unisantos.br/handle/tede/7933,,record:dspace,record,dspace,https://tede.unisantos.br/handle/tede/7933,tede.unisantos.br,ok,200,https://tede.unisantos.br/handle/tede/7933,,,,,https://tede.unisantos.br/oai/request?verb=GetRecord&identifier=oai%3Atede.unisantos.br%3Atede%2F7933&metadataPrefix=xoai,tede.unisantos.br,ok,200,https://tede.unisantos.br/oai/request?verb=GetRecord&identifier=oai%3Atede.unisantos.br%3Atede%2F7933&metadataPrefix=xoai,,True,True,True,False,False,False,False,False,False,False,False
2181,Polyphonía (Goiânia. Online),UFG-25,Universidade Federal de Goiás (UFG),https://revistas.ufg.br/sv/oai,revistas.ufg.br,outra,2025-04-30 11:39:26,751,VALID,oai:ojs.revistas.ufg.br:article/2496,3,record:doi,record,doi,https://revistas.ufg.br/index.php/sv/article/view/2496,revistas.ufg.br,ok,200,https://revistas.ufg.br/index.php/sv/article/view/2496,,record:doi,record,doi,https://doi.org/10.5216/rp.v18i1.2496,doi.org,ok,200,https://revistas.ufg.br/index.php/sv/article/view/2496,,,,,https://revistas.ufg.br/sv/oai?verb=GetRecord&identifier=oai%3Aojs.revistas.ufg.br%3Aarticle%2F2496&metadataPrefix=oai_dc,revistas.ufg.br,ok,200,https://revistas.ufg.br/sv/oai?verb=GetRecord&identifier=oai%3Aojs.revistas.ufg.br%3Aarticle%2F2496&metadataPrefix=oai_dc,,True,True,True,False,False,False,False,False,False,True,False
2181,Polyphonía (Goiânia. Online),UFG-25,Universidade Federal de Goiás (UFG),https://revistas.ufg.br/sv/oai,revistas.ufg.br,outra,2025-04-30 11:39:26,751,VALID,oai:ojs.revistas.ufg.br:article/2499,3,record:doi,record,doi,https://revistas.ufg.br/index.php/sv/article/view/2499,revistas.ufg.br,ok,200,https://revistas.ufg.br/index.php/sv/article/view/2499,,record:doi,record,doi,https://doi.org/10.5216/rp.v18i1.2499,doi.org,ok,200,https://revistas.ufg.br/index.php/sv/article/view/2499,,,,,https://revistas.ufg.br/sv/oai?verb=GetRecord&identifier=oai%3Aojs.revistas.ufg.br%3Aarticle%2F2499&metadataPrefix=oai_dc,revistas.ufg.br,ok,200,https://revistas.ufg.br/sv/oai?verb=GetRecord&identifier=oai%3Aojs.revistas.ufg.br%3Aarticle%2F2499&metadataPrefix=oai_dc,,True,True,True,False,False,False,False,False,False,True,False
744,Biblioteca Digital de Teses e Dissertações da FAMERP,FMRP,Faculdade de Medicina de São José do Rio Preto (FAMERP),https://bdtd.famerp.br/oai/request,bdtd.famerp.br,dspace,2025-10-03 13:16:29,664,VALID,oai:localhost:tede/5,8,record:dspace,record,dspace,https://bdtd.famerp.br/handle/tede/5,bdtd.famerp.br,ok,200,https://bdtd.famerp.br/handle/tede/5,,record:dspace,record,dspace,http://bdtd.famerp.br/handle/tede/5,bdtd.famerp.br,ok,200,https://bdtd.famerp.br/handle/tede/5,,,,,https://bdtd.famerp.br/oai/request?verb=GetRecord&identifier=oai%3Alocalhost%3Atede%2F5&metadataPrefix=xoai,bdtd.famerp.br,ok,200,https://bdtd.famerp.br/oai/request?verb=GetRecord&identifier=oai%3Alocalhost%3Atede%2F5&metadataPrefix=xoai,,True,True,True,False,False,False,False,False,False,True,False
744,Biblioteca Digital de Teses e Dissertações da FAMERP,FMRP,Faculdade de Medicina de São José do Rio Preto (FAMERP),https://bdtd.famerp.br/oai/request,bdtd.famerp.br,dspace,2025-10-03 13:16:29,664,VALID,oai:localhost:tede/6,6,record:dspace,record,dspace,https://bdtd.famerp.br/handle/tede/6,bdtd.famerp.br,ok,200,https://bdtd.famerp.br/handle/tede/6,,record:dspace,record,dspace,http://bdtd.famerp.br/handle/tede/6,bdtd.famerp.br,ok,200,https://bdtd.famerp.br/handle/tede/6,,,,,https://bdtd.famerp.br/oai/request?verb=GetRecord&identifier=oai%3Alocalhost%3Atede%2F6&metadataPrefix=xoai,bdtd.famerp.br,ok,200,https://bdtd.famerp.br/oai/request?verb=GetRecord&identifier=oai%3Alocalhost%3Atede%2F6&metadataPrefix=xoai,,True,True,True,False,False,False,False,False,False,True,False
2828,Repositório da Faculdade Teológica Sul-Americana (FTSA),FTSA,Faculdade Teológica Sul-Americana (FTSA),https://ftsamultiacervo.mentorweb.ws/ftsaMultiacervo/servlet/aoaiexportacao,ftsamultiacervo.mentorweb.ws,outra,2026-08-18 13:14:38,56,VALID,oai:https://ftsamultiacervo.mentorweb.ws/ftsaMultiacervo/servlet/aoaiexportacao:107,0,,,,,,sem-link,,,oai-error:idDoesNotExist,,,,,,sem-link,,,,,,,https://ftsamultiacervo.mentorweb.ws/ftsaMultiacervo/servlet/aoaiexportacao?verb=GetRecord&identifier=oai%3Ahttps%3A%2F%2Fftsamultiacervo.mentorweb.ws%2FftsaMultiacervo%2Fservlet%2Faoaiexportacao%3A107&metadataPrefix=oai_dc,ftsamultiacervo.mentorweb.ws,ok,200,https://ftsamultiacervo.mentorweb.ws/ftsaMultiacervo/servlet/aoaiexportacao?verb=GetRecord&identifier=oai%3Ahttps%3A%2F%2Fftsamultiacervo.mentorweb.ws%2FftsaMultiacervo%2Fservlet%2Faoaiexportacao%3A107&metadataPrefix=oai_dc,,False,False,True,False,False,False,False,False,False,False,False
2828,Repositório da Faculdade Teológica Sul-Americana (FTSA),FTSA,Faculdade Teológica Sul-Americana (FTSA),https://ftsamultiacervo.mentorweb.ws/ftsaMultiacervo/servlet/aoaiexportacao,ftsamultiacervo.mentorweb.ws,outra,2026-08-18 13:14:38,56,VALID,oai:https://ftsamultiacervo.mentorweb.ws/ftsaMultiacervo/servlet/aoaiexportacao:23334,0,,,,,,sem-link,,,oai-error:idDoesNotExist,,,,,,sem-link,,,,,,,https://ftsamultiacervo.mentorweb.ws/ftsaMultiacervo/servlet/aoaiexportacao?verb=GetRecord&identifier=oai%3Ahttps%3A%2F%2Fftsamultiacervo.mentorweb.ws%2FftsaMultiacervo%2Fservlet%2Faoaiexportacao%3A23334&metadataPrefix=oai_dc,ftsamultiacervo.mentorweb.ws,ok,200,https://ftsamultiacervo.mentorweb.ws/ftsaMultiacervo/servlet/aoaiexportacao?verb=GetRecord&identifier=oai%3Ahttps%3A%2F%2Fftsamultiacervo.mentorweb.ws%2FftsaMultiacervo%2Fservlet%2Faoaiexportacao%3A23334&metadataPrefix=oai_dc,,False,False,True,False,False,False,False,False,False,False,False
2225,Revista Contexto & Educação,UNIJ-2,Universidade Regional do Noroeste do Estado do Rio Grande do Sul (UNIJUI),https://www.revistas.unijui.edu.br/index.php/contextoeducacao/oai,www.revistas.unijui.edu.br,ojs,2025-06-16 15:53:05,1007,VALID,oai:ojs.revistas.unijui.edu.br:article/191,3,record:ojs,record,ojs,https://www.revistas.unijui.edu.br/contextoeducacao/pt_BR/article/view/191,www.revistas.unijui.edu.br,ok,200,https://www.revistas.unijui.edu.br/contextoeducacao/pt_BR/article/view/191,,record:doi,record,doi,https://doi.org/10.21527/2179-1309.2012.87.4-25,doi.org,http-4xx,404,https://doi.org/10.21527/2179-1309.2012.87.4-25,,,,,https://www.revistas.unijui.edu.br/index.php/contextoeducacao/oai?verb=GetRecord&identifier=oai%3Aojs.revistas.unijui.edu.br%3Aarticle%2F191&metadataPrefix=oai_dc,www.revistas.unijui.edu.br,ok,200,https://www.revistas.unijui.edu.br/contextoeducacao/pt_BR/oai?verb=GetRecord&identifier=oai%3Aojs.revistas.unijui.edu.br%3Aarticle%2F191&metadataPrefix=oai_dc,,True,False,True,False,False,True,False,True,False,True,False
2225,Revista Contexto & Educação,UNIJ-2,Universidade Regional do Noroeste do Estado do Rio Grande do Sul (UNIJUI),https://www.revistas.unijui.edu.br/index.php/contextoeducacao/oai,www.revistas.unijui.edu.br,ojs,2025-06-16 15:53:05,1007,VALID,oai:ojs.revistas.unijui.edu.br:article/201,3,record:ojs,record,ojs,https://www.revistas.unijui.edu.br/contextoeducacao/pt_BR/article/view/201,www.revistas.unijui.edu.br,ok,200,https://www.revistas.unijui.edu.br/contextoeducacao/pt_BR/article/view/201,,record:doi,record,doi,https://doi.org/10.21527/2179-1309.2012.87.26-53,doi.org,http-4xx,404,https://doi.org/10.21527/2179-1309.2012.87.26-53,,,,,https://www.revistas.unijui.edu.br/index.php/contextoeducacao/oai?verb=GetRecord&identifier=oai%3Aojs.revistas.unijui.edu.br%3Aarticle%2F201&metadataPrefix=oai_dc,www.revistas.unijui.edu.br,ok,200,https://www.revistas.unijui.edu.br/contextoeducacao/pt_BR/oai?verb=GetRecord&identifier=oai%3Aojs.revistas.unijui.edu.br%3Aarticle%2F201&metadataPrefix=oai_dc,,True,False,True,False,False,True,False,True,False,True,False
432,Revista Periódicus,UFBA-8,Universidade Federal da Bahia (UFBA),https://periodicos.ufba.br/index.php/revistaperiodicus/oai,periodicos.ufba.br,ojs,2026-01-08 17:10:18,655,VALID,oai:ojs.periodicos.ufba.br:article/8916,3,record:doi,record,doi,https://periodicos.ufba.br/index.php/revistaperiodicus/article/view/8916,periodicos.ufba.br,ok,200,https://periodicos.ufba.br/index.php/revistaperiodicus/article/view/8916,,record:doi,record,doi,https://doi.org/10.9771/peri.v1i9.8916,doi.org,ok,200,https://periodicos.ufba.br/index.php/revistaperiodicus/article/view/8916,,,,,https://periodicos.ufba.br/index.php/revistaperiodicus/oai?verb=GetRecord&identifier=oai%3Aojs.periodicos.ufba.br%3Aarticle%2F8916&metadataPrefix=oai_dc,periodicos.ufba.br,ok,200,https://periodicos.ufba.br/index.php/revistaperiodicus/oai?verb=GetRecord&identifier=oai%3Aojs.periodicos.ufba.br%3Aarticle%2F8916&metadataPrefix=oai_dc,,True,True,True,False,False,False,False,False,False,True,False
432,Revista Periódicus,UFBA-8,Universidade Federal da Bahia (UFBA),https://periodicos.ufba.br/index.php/revistaperiodicus/oai,periodicos.ufba.br,ojs,2026-01-08 17:10:18,655,VALID,oai:ojs.periodicos.ufba.br:article/8918,3,record:doi,record,doi,https://periodicos.ufba.br/index.php/revistaperiodicus/article/view/8918,periodicos.ufba.br,ok,200,https://periodicos.ufba.br/index.php/revistaperiodicus/article/view/8918,,record:doi,record,doi,https://doi.org/10.9771/peri.v1i9.8918,doi.org,ok,200,https://periodicos.ufba.br/index.php/revistaperiodicus/article/view/8918,,,,,https://periodicos.ufba.br/index.php/revistaperiodicus/oai?verb=GetRecord&identifier=oai%3Aojs.periodicos.ufba.br%3Aarticle%2F8918&metadataPrefix=oai_dc,periodicos.ufba.br,ok,200,https://periodicos.ufba.br/index.php/revistaperiodicus/oai?verb=GetRecord&identifier=oai%3Aojs.periodicos.ufba.br%3Aarticle%2F8918&metadataPrefix=oai_dc,,True,True,True,False,False,False,False,False,False,True,False
2466,Revista de Estudos Africanos e Afro-Brasileiros - Kwanissa,UFMA-10,Universidade Federal do Maranhão (UFMA),https://periodicoseletronicos.ufma.br/index.php/kwanissa/oai,periodicoseletronicos.ufma.br,ojs,2026-09-02 16:58:35,279,VALID,oai:ojs2.periodicoseletronicos.ufma.br:article/8623,2,record:ojs,record,ojs,https://periodicoseletronicos.ufma.br/index.php/kwanissa/article/view/8623,periodicoseletronicos.ufma.br,ok,200,https://periodicoseletronicos.ufma.br/index.php/kwanissa/article/view/8623,,record:ojs,record,ojs,https://periodicoseletronicos.ufma.br/index.php/kwanissa/article/view/8623,periodicoseletronicos.ufma.br,ok,200,https://periodicoseletronicos.ufma.br/index.php/kwanissa/article/view/8623,,,,,https://periodicoseletronicos.ufma.br/index.php/kwanissa/oai?verb=GetRecord&identifier=oai%3Aojs2.periodicoseletronicos.ufma.br%3Aarticle%2F8623&metadataPrefix=oai_dc,periodicoseletronicos.ufma.br,ok,200,https://periodicoseletronicos.ufma.br/index.php/kwanissa/oai?verb=GetRecord&identifier=oai%3Aojs2.periodicoseletronicos.ufma.br%3Aarticle%2F8623&metadataPrefix=oai_dc,,True,True,True,False,False,False,False,False,False,False,False
2466,Revista de Estudos Africanos e Afro-Brasileiros - Kwanissa,UFMA-10,Universidade Federal do Maranhão (UFMA),https://periodicoseletronicos.ufma.br/index.php/kwanissa/oai,periodicoseletronicos.ufma.br,ojs,2026-09-02 16:58:35,279,VALID,oai:ojs2.periodicoseletronicos.ufma.br:article/8624,2,record:ojs,record,ojs,https://periodicoseletronicos.ufma.br/index.php/kwanissa/article/view/8624,periodicoseletronicos.ufma.br,ok,200,https://periodicoseletronicos.ufma.br/index.php/kwanissa/article/view/8624,,record:ojs,record,ojs,https://periodicoseletronicos.ufma.br/index.php/kwanissa/article/view/8624,periodicoseletronicos.ufma.br,ok,200,https://periodicoseletronicos.ufma.br/index.php/kwanissa/article/view/8624,,,,,https://periodicoseletronicos.ufma.br/index.php/kwanissa/oai?verb=GetRecord&identifier=oai%3Aojs2.periodicoseletronicos.ufma.br%3Aarticle%2F8624&metadataPrefix=oai_dc,periodicoseletronicos.ufma.br,ok,200,https://periodicoseletronicos.ufma.br/index.php/kwanissa/oai?verb=GetRecord&identifier=oai%3Aojs2.periodicoseletronicos.ufma.br%3Aarticle%2F8624&metadataPrefix=oai_dc,,True,True,True,False,False,False,False,False,False,False,False
2651,Literatura e Sociedade (Online),USP-84,Universidade de São Paulo (USP),https://www.revistas.usp.br/ls/oai,www.revistas.usp.br,outra,2026-08-19 18:39:14,746,VALID,oai:revistas.usp.br:article/169,3,record:doi,record,doi,https://revistas.usp.br/ls/pt_BR/article/view/169,revistas.usp.br,ok,200,https://revistas.usp.br/ls/pt_BR/article/view/169,,record:doi,record,doi,https://doi.org/10.11606/issn.2237-1184.v0i1p6-6,doi.org,ok,200,https://revistas.usp.br/ls/pt_BR/article/view/169,,,,,https://www.revistas.usp.br/ls/oai?verb=GetRecord&identifier=oai%3Arevistas.usp.br%3Aarticle%2F169&metadataPrefix=oai_dc,www.revistas.usp.br,ok,200,https://revistas.usp.br/ls/pt_BR/oai?verb=GetRecord&identifier=oai%3Arevistas.usp.br%3Aarticle%2F169&metadataPrefix=oai_dc,,True,True,True,False,False,False,False,False,False,True,True
2651,Literatura e Sociedade (Online),USP-84,Universidade de São Paulo (USP),https://www.revistas.usp.br/ls/oai,www.revistas.usp.br,outra,2026-08-19 18:39:14,746,VALID,oai:revistas.usp.br:article/170,3,record:doi,record,doi,https://revistas.usp.br/ls/pt_BR/article/view/170,revistas.usp.br,ok,200,https://revistas.usp.br/ls/pt_BR/article/view/170,,record:doi,record,doi,https://doi.org/10.11606/issn.2237-1184.v0i1p10-14,doi.org,ok,200,https://revistas.usp.br/ls/pt_BR/article/view/170,,,,,https://www.revistas.usp.br/ls/oai?verb=GetRecord&identifier=oai%3Arevistas.usp.br%3Aarticle%2F170&metadataPrefix=oai_dc,www.revistas.usp.br,ok,200,https://revistas.usp.br/ls/pt_BR/oai?verb=GetRecord&identifier=oai%3Arevistas.usp.br%3Aarticle%2F170&metadataPrefix=oai_dc,,True,True,True,False,False,False,False,False,False,True,True
1017,Revista Brasileira de Direito Civil (Online),IBDCivil,Instituto Brasileiro de Direito Civil (IBDCivil),https://periodicos.sbu.unicamp.br/ojs/index.php/rdbci/oai,periodicos.sbu.unicamp.br,ojs,2026-01-08 22:10:09,683,VALID,oai:ojs.periodicos.sbu.unicamp.br:article/1578,3,record:doi,record,doi,http://periodicos.sbu.unicamp.br/ojs/index.php/rdbci/article/view/1578,periodicos.sbu.unicamp.br,ok,200,http://periodicos.sbu.unicamp.br/ojs/index.php/rdbci/article/view/1578,,record:doi,record,doi,https://doi.org/10.20396/rdbci.v13i1.1578,doi.org,ok,200,http://periodicos.sbu.unicamp.br/ojs/index.php/rdbci/article/view/1578,,,,,https://periodicos.sbu.unicamp.br/ojs/index.php/rdbci/oai?verb=GetRecord&identifier=oai%3Aojs.periodicos.sbu.unicamp.br%3Aarticle%2F1578&metadataPrefix=oai_dc,periodicos.sbu.unicamp.br,ok,200,https://periodicos.sbu.unicamp.br/ojs/index.php/rdbci/oai?verb=GetRecord&identifier=oai%3Aojs.periodicos.sbu.unicamp.br%3Aarticle%2F1578&metadataPrefix=oai_dc,,True,True,True,False,False,False,False,False,False,True,False
1017,Revista Brasileira de Direito Civil (Online),IBDCivil,Instituto Brasileiro de Direito Civil (IBDCivil),https://periodicos.sbu.unicamp.br/ojs/index.php/rdbci/oai,periodicos.sbu.unicamp.br,ojs,2026-01-08 22:10:09,683,VALID,oai:ojs.periodicos.sbu.unicamp.br:article/1579,3,record:doi,record,doi,http://periodicos.sbu.unicamp.br/ojs/index.php/rdbci/article/view/1579,periodicos.sbu.unicamp.br,ok,200,http://periodicos.sbu.unicamp.br/ojs/index.php/rdbci/article/view/1579,,record:doi,record,doi,https://doi.org/10.20396/rdbci.v13i1.1579,doi.org,ok,200,http://periodicos.sbu.unicamp.br/ojs/index.php/rdbci/article/view/1579,,,,,https://periodicos.sbu.unicamp.br/ojs/index.php/rdbci/oai?verb=GetRecord&identifier=oai%3Aojs.periodicos.sbu.unicamp.br%3Aarticle%2F1579&metadataPrefix=oai_dc,periodicos.sbu.unicamp.br,ok,200,https://periodicos.sbu.unicamp.br/ojs/index.php/rdbci/oai?verb=GetRecord&identifier=oai%3Aojs.periodicos.sbu.unicamp.br%3Aarticle%2F1579&metadataPrefix=oai_dc,,True,True,True,False,False,False,False,False,False,True,False
1250,Contextus (Fortaleza. Online),UFC-12,Universidade Federal do Ceará (UFC),https://periodicos.ufc.br/contextus/oai,periodicos.ufc.br,outra,2026-01-09 12:10:31,464,VALID,oai:ojs.pkp.sfu.ca:article/32055,3,record:doi,record,doi,https://periodicos.ufc.br/contextus/article/view/32055,periodicos.ufc.br,ok,200,https://periodicos.ufc.br/contextus/article/view/32055,,record:doi,record,doi,https://doi.org/10.19094/contextus.v2i2.32055,doi.org,ok,200,https://periodicos.ufc.br/contextus/article/view/32055,,,,,https://periodicos.ufc.br/contextus/oai?verb=GetRecord&identifier=oai%3Aojs.pkp.sfu.ca%3Aarticle%2F32055&metadataPrefix=oai_dc,periodicos.ufc.br,ok,200,https://periodicos.ufc.br/contextus/oai?verb=GetRecord&identifier=oai%3Aojs.pkp.sfu.ca%3Aarticle%2F32055&metadataPrefix=oai_dc,,True,True,True,False,False,False,False,False,False,True,False
1250,Contextus (Fortaleza. Online),UFC-12,Universidade Federal do Ceará (UFC),https://periodicos.ufc.br/contextus/oai,periodicos.ufc.br,outra,2026-01-09 12:10:31,464,VALID,oai:ojs.pkp.sfu.ca:article/32056,3,record:doi,record,doi,https://periodicos.ufc.br/contextus/article/view/32056,periodicos.ufc.br,ok,200,https://periodicos.ufc.br/contextus/article/view/32056,,record:doi,record,doi,https://doi.org/10.19094/contextus.v2i2.32056,doi.org,ok,200,https://periodicos.ufc.br/contextus/article/view/32056,,,,,https://periodicos.ufc.br/contextus/oai?verb=GetRecord&identifier=oai%3Aojs.pkp.sfu.ca%3Aarticle%2F32056&metadataPrefix=oai_dc,periodicos.ufc.br,ok,200,https://periodicos.ufc.br/contextus/oai?verb=GetRecord&identifier=oai%3Aojs.pkp.sfu.ca%3Aarticle%2F32056&metadataPrefix=oai_dc,,True,True,True,False,False,False,False,False,False,True,False
1632,Diversitates,UFF-17,Universidade Federal Fluminense (UFF),http://www.diversitates.uff.br/index.php/1diversitates-uff1/oai,www.diversitates.uff.br,ojs,2025-05-07 13:18:36,196,VALID,oai:ojs.uff.br:article/432,3,record:doi,record,doi,https://www.diversitates.uff.br/index.php/1diversitates-uff1/article/view/432,www.diversitates.uff.br,ok,200,https://www.diversitates.uff.br/index.php/1diversitates-uff1/article/view/432,,record:doi,record,doi,https://doi.org/10.53357/NWGG5457,doi.org,ok,200,https://www.diversitates.uff.br/index.php/1diversitates-uff1/article/view/432,,,,,http://www.diversitates.uff.br/index.php/1diversitates-uff1/oai?verb=GetRecord&identifier=oai%3Aojs.uff.br%3Aarticle%2F432&metadataPrefix=oai_dc,www.diversitates.uff.br,ok,200,https://www.diversitates.uff.br/index.php/1diversitates-uff1/oai?verb=GetRecord&identifier=oai%3Aojs.uff.br%3Aarticle%2F432&metadataPrefix=oai_dc,,True,True,True,False,False,False,False,False,False,True,False
1632,Diversitates,UFF-17,Universidade Federal Fluminense (UFF),http://www.diversitates.uff.br/index.php/1diversitates-uff1/oai,www.diversitates.uff.br,ojs,2025-05-07 13:18:36,196,VALID,oai:ojs.uff.br:article/277,0,,,,,,sem-link,,,no-usable-url,derived:ojs,derived,ojs,https://www.diversitates.uff.br/index.php/1diversitates-uff1/index,www.diversitates.uff.br,fora-da-rota,200,https://www.diversitates.uff.br/index.php/1diversitates-uff1/index,,,,,http://www.diversitates.uff.br/index.php/1diversitates-uff1/oai?verb=GetRecord&identifier=oai%3Aojs.uff.br%3Aarticle%2F277&metadataPrefix=oai_dc,www.diversitates.uff.br,ok,200,https://www.diversitates.uff.br/index.php/1diversitates-uff1/oai?verb=GetRecord&identifier=oai%3Aojs.uff.br%3Aarticle%2F277&metadataPrefix=oai_dc,,False,False,True,False,False,True,False,False,False,True,False
325,Educar em Revista,UFPR-4,Universidade Federal do Paraná (UFPR),https://revistas.ufpr.br/educar/oai,revistas.ufpr.br,outra,2026-01-07 14:08:40,2159,VALID,oai:ojs.pkp.sfu.ca:article/2026,3,record:ojs,record,ojs,https://revistas.ufpr.br/educar/article/view/2026,revistas.ufpr.br,ok,200,https://revistas.ufpr.br/educar/article/view/2026,,record:ojs,record,ojs,https://revistas.ufpr.br/educar/article/view/2026,revistas.ufpr.br,ok,200,https://revistas.ufpr.br/educar/article/view/2026,,,,,https://revistas.ufpr.br/educar/oai?verb=GetRecord&identifier=oai%3Aojs.pkp.sfu.ca%3Aarticle%2F2026&metadataPrefix=oai_dc,revistas.ufpr.br,ok,200,https://revistas.ufpr.br/educar/oai?verb=GetRecord&identifier=oai%3Aojs.pkp.sfu.ca%3Aarticle%2F2026&metadataPrefix=oai_dc,,True,True,True,False,False,False,False,False,False,False,False
325,Educar em Revista,UFPR-4,Universidade Federal do Paraná (UFPR),https://revistas.ufpr.br/educar/oai,revistas.ufpr.br,outra,2026-01-07 14:08:40,2159,VALID,oai:ojs.pkp.sfu.ca:article/2027,3,record:ojs,record,ojs,https://revistas.ufpr.br/educar/article/view/2027,revistas.ufpr.br,ok,200,https://revistas.ufpr.br/educar/article/view/2027,,record:ojs,record,ojs,https://revistas.ufpr.br/educar/article/view/2027,revistas.ufpr.br,ok,200,https://revistas.ufpr.br/educar/article/view/2027,,,,,https://revistas.ufpr.br/educar/oai?verb=GetRecord&identifier=oai%3Aojs.pkp.sfu.ca%3Aarticle%2F2027&metadataPrefix=oai_dc,revistas.ufpr.br,ok,200,https://revistas.ufpr.br/educar/oai?verb=GetRecord&identifier=oai%3Aojs.pkp.sfu.ca%3Aarticle%2F2027&metadataPrefix=oai_dc,,True,True,True,False,False,False,False,False,False,False,False
1903,Revista Diálogos e Perspectivas em Educação Especial (Online),UNESP-28,Universidade Estadual Paulista (UNESP),https://revistas.marilia.unesp.br/index.php/dialogoseperspectivas/oai,revistas.marilia.unesp.br,ojs,2025-05-12 21:49:20,358,VALID,oai:ojs.www2.marilia.unesp.br:article/4030,3,record:doi,record,doi,https://revistas.marilia.unesp.br/index.php/dialogoseperspectivas/article/view/4030,revistas.marilia.unesp.br,ok,200,https://revistas.marilia.unesp.br/index.php/dialogoseperspectivas/article/view/4030,,record:doi,record,doi,https://doi.org/10.36311/2358-8845.2014.v1n01.4030,doi.org,ok,200,https://revistas.marilia.unesp.br/index.php/dialogoseperspectivas/article/view/4030,,,,,https://revistas.marilia.unesp.br/index.php/dialogoseperspectivas/oai?verb=GetRecord&identifier=oai%3Aojs.www2.marilia.unesp.br%3Aarticle%2F4030&metadataPrefix=oai_dc,revistas.marilia.unesp.br,ok,200,https://revistas.marilia.unesp.br/index.php/dialogoseperspectivas/oai?verb=GetRecord&identifier=oai%3Aojs.www2.marilia.unesp.br%3Aarticle%2F4030&metadataPrefix=oai_dc,,True,True,True,False,False,False,False,False,False,True,False
1903,Revista Diálogos e Perspectivas em Educação Especial (Online),UNESP-28,Universidade Estadual Paulista (UNESP),https://revistas.marilia.unesp.br/index.php/dialogoseperspectivas/oai,revistas.marilia.unesp.br,ojs,2025-05-12 21:49:20,358,VALID,oai:ojs.www2.marilia.unesp.br:article/4031,3,record:doi,record,doi,https://revistas.marilia.unesp.br/index.php/dialogoseperspectivas/article/view/4031,revistas.marilia.unesp.br,ok,200,https://revistas.marilia.unesp.br/index.php/dialogoseperspectivas/article/view/4031,,record:doi,record,doi,https://doi.org/10.36311/2358-8845.2014.v1n01.4031,doi.org,ok,200,https://revistas.marilia.unesp.br/index.php/dialogoseperspectivas/article/view/4031,,,,,https://revistas.marilia.unesp.br/index.php/dialogoseperspectivas/oai?verb=GetRecord&identifier=oai%3Aojs.www2.marilia.unesp.br%3Aarticle%2F4031&metadataPrefix=oai_dc,revistas.marilia.unesp.br,ok,200,https://revistas.marilia.unesp.br/index.php/dialogoseperspectivas/oai?verb=GetRecord&identifier=oai%3Aojs.www2.marilia.unesp.br%3Aarticle%2F4031&metadataPrefix=oai_dc,,True,True,True,False,False,False,False,False,False,True,False
2606,Revista Rural & Urbano,UFPE-8,Universidade Federal de Pernambuco (UFPE),https://periodicos.ufpe.br/revistas/ruralurbano/oai,periodicos.ufpe.br,outra,2026-08-24 13:06:17,209,VALID,oai:oai.periodicos.ufpe.br:article/240999,3,record:doi,record,doi,https://periodicos.ufpe.br/revistas/ruralurbano/article/view/240999,periodicos.ufpe.br,ok,200,https://periodicos.ufpe.br/revistas/ruralurbano/article/view/240999,,record:doi,record,doi,https://doi.org/10.51359/2525-6092.2016.240999,doi.org,ok,200,https://periodicos.ufpe.br/revistas/ruralurbano/article/view/240999,,,,,https://periodicos.ufpe.br/revistas/ruralurbano/oai?verb=GetRecord&identifier=oai%3Aoai.periodicos.ufpe.br%3Aarticle%2F240999&metadataPrefix=oai_dc,periodicos.ufpe.br,ok,200,https://periodicos.ufpe.br/revistas/ruralurbano/oai?verb=GetRecord&identifier=oai%3Aoai.periodicos.ufpe.br%3Aarticle%2F240999&metadataPrefix=oai_dc,,True,True,True,False,False,False,False,False,False,True,False
2606,Revista Rural & Urbano,UFPE-8,Universidade Federal de Pernambuco (UFPE),https://periodicos.ufpe.br/revistas/ruralurbano/oai,periodicos.ufpe.br,outra,2026-08-24 13:06:17,209,VALID,oai:oai.periodicos.ufpe.br:article/241000,3,record:doi,record,doi,https://periodicos.ufpe.br/revistas/ruralurbano/article/view/241000,periodicos.ufpe.br,ok,200,https://periodicos.ufpe.br/revistas/ruralurbano/article/view/241000,,record:doi,record,doi,https://doi.org/10.51359/2525-6092.2016.241000,doi.org,ok,200,https://periodicos.ufpe.br/revistas/ruralurbano/article/view/241000,,,,,https://periodicos.ufpe.br/revistas/ruralurbano/oai?verb=GetRecord&identifier=oai%3Aoai.periodicos.ufpe.br%3Aarticle%2F241000&metadataPrefix=oai_dc,periodicos.ufpe.br,ok,200,https://periodicos.ufpe.br/revistas/ruralurbano/oai?verb=GetRecord&identifier=oai%3Aoai.periodicos.ufpe.br%3Aarticle%2F241000&metadataPrefix=oai_dc,,True,True,True,False,False,False,False,False,False,True,False
1128,Revista Dialectus,UFC-11,Universidade Federal do Ceará (UFC),https://periodicos.ufc.br/dialectus/oai,periodicos.ufc.br,outra,2026-01-09 09:46:02,637,VALID,oai:ojs.pkp.sfu.ca:article/5107,4,record:doi,record,doi,https://periodicos.ufc.br/dialectus/article/view/5107,periodicos.ufc.br,ok,200,https://periodicos.ufc.br/dialectus/article/view/5107,,record:doi,record,doi,https://doi.org/10.30611/2013n2id5107,doi.org,ok,200,https://periodicos.ufc.br/dialectus/article/view/5107,,,,,https://periodicos.ufc.br/dialectus/oai?verb=GetRecord&identifier=oai%3Aojs.pkp.sfu.ca%3Aarticle%2F5107&metadataPrefix=oai_dc,periodicos.ufc.br,ok,200,https://periodicos.ufc.br/dialectus/oai?verb=GetRecord&identifier=oai%3Aojs.pkp.sfu.ca%3Aarticle%2F5107&metadataPrefix=oai_dc,,True,True,True,False,False,False,False,False,False,True,False
1128,Revista Dialectus,UFC-11,Universidade Federal do Ceará (UFC),https://periodicos.ufc.br/dialectus/oai,periodicos.ufc.br,outra,2026-01-09 09:46:02,637,VALID,oai:ojs.pkp.sfu.ca:article/5108,4,record:doi,record,doi,https://periodicos.ufc.br/dialectus/article/view/5108,periodicos.ufc.br,ok,200,https://periodicos.ufc.br/dialectus/article/view/5108,,record:doi,record,doi,https://doi.org/10.30611/2013n2id5108,doi.org,ok,200,https://periodicos.ufc.br/dialectus/article/view/5108,,,,,https://periodicos.ufc.br/dialectus/oai?verb=GetRecord&identifier=oai%3Aojs.pkp.sfu.ca%3Aarticle%2F5108&metadataPrefix=oai_dc,periodicos.ufc.br,ok,200,https://periodicos.ufc.br/dialectus/oai?verb=GetRecord&identifier=oai%3Aojs.pkp.sfu.ca%3Aarticle%2F5108&metadataPrefix=oai_dc,,True,True,True,False,False,False,False,False,False,True,False
252,Sequência (Florianópolis. Online),UFSC-3,Universidade Federal de Santa Catarina (UFSC),https://periodicos.ufsc.br/index.php/sequencia/oai,periodicos.ufsc.br,ojs,2026-01-05 11:14:33,1217,VALID,oai:periodicos.ufsc.br:article/14121,2,record:ojs,record,ojs,https://periodicos.ufsc.br/index.php/sequencia/article/view/14121,periodicos.ufsc.br,ok,200,https://periodicos.ufsc.br/index.php/sequencia/article/view/14121,,record:ojs,record,ojs,https://periodicos.ufsc.br/index.php/sequencia/article/view/14121,periodicos.ufsc.br,ok,200,https://periodicos.ufsc.br/index.php/sequencia/article/view/14121,,,,,https://periodicos.ufsc.br/index.php/sequencia/oai?verb=GetRecord&identifier=oai%3Aperiodicos.ufsc.br%3Aarticle%2F14121&metadataPrefix=oai_dc,periodicos.ufsc.br,ok,200,https://periodicos.ufsc.br/index.php/sequencia/oai?verb=GetRecord&identifier=oai%3Aperiodicos.ufsc.br%3Aarticle%2F14121&metadataPrefix=oai_dc,,True,True,True,False,False,False,False,False,False,False,False
252,Sequência (Florianópolis. Online),UFSC-3,Universidade Federal de Santa Catarina (UFSC),https://periodicos.ufsc.br/index.php/sequencia/oai,periodicos.ufsc.br,ojs,2026-01-05 11:14:33,1217,VALID,oai:periodicos.ufsc.br:article/14144,3,record:doi,record,doi,https://periodicos.ufsc.br/index.php/sequencia/article/view/2177-7055.2009v30n59p13,periodicos.ufsc.br,ok,200,https://periodicos.ufsc.br/index.php/sequencia/article/view/2177-7055.2009v30n59p13,,record:doi,record,doi,https://doi.org/10.5007/2177-7055.2009v30n59p13,doi.org,ok,200,https://periodicos.ufsc.br/index.php/sequencia/article/view/2177-7055.2009v30n59p13,,,,,https://periodicos.ufsc.br/index.php/sequencia/oai?verb=GetRecord&identifier=oai%3Aperiodicos.ufsc.br%3Aarticle%2F14144&metadataPrefix=oai_dc,periodicos.ufsc.br,ok,200,https://periodicos.ufsc.br/index.php/sequencia/oai?verb=GetRecord&identifier=oai%3Aperiodicos.ufsc.br%3Aarticle%2F14144&metadataPrefix=oai_dc,,True,True,True,False,False,False,False,False,False,True,False
1546,Fronteiras (Dourados. Online),UFGD-6,Universidade Federal da Grande Dourados (UFGD),https://ojs.ufgd.edu.br/index.php/FRONTEIRAS/oai,ojs.ufgd.edu.br,ojs,2024-04-24 10:26:54,518,VALID,oai:ojs.pkp.sfu.ca:article/37,2,record:ojs,record,ojs,https://ojs.ufgd.edu.br/FRONTEIRAS/article/view/37,ojs.ufgd.edu.br,ok,200,https://ojs.ufgd.edu.br/FRONTEIRAS/article/view/37,,record:ojs,record,ojs,https://ojs.ufgd.edu.br/FRONTEIRAS/article/view/37,ojs.ufgd.edu.br,ok,200,https://ojs.ufgd.edu.br/FRONTEIRAS/article/view/37,,,,,https://ojs.ufgd.edu.br/index.php/FRONTEIRAS/oai?verb=GetRecord&identifier=oai%3Aojs.pkp.sfu.ca%3Aarticle%2F37&metadataPrefix=oai_dc,ojs.ufgd.edu.br,ok,200,https://ojs.ufgd.edu.br/index.php/FRONTEIRAS/oai?verb=GetRecord&identifier=oai%3Aojs.pkp.sfu.ca%3Aarticle%2F37&metadataPrefix=oai_dc,,True,True,True,False,False,False,False,False,False,False,False
1546,Fronteiras (Dourados. Online),UFGD-6,Universidade Federal da Grande Dourados (UFGD),https://ojs.ufgd.edu.br/index.php/FRONTEIRAS/oai,ojs.ufgd.edu.br,ojs,2024-04-24 10:26:54,518,VALID,oai:ojs.pkp.sfu.ca:article/38,2,record:ojs,record,ojs,https://ojs.ufgd.edu.br/FRONTEIRAS/article/view/38,ojs.ufgd.edu.br,ok,200,https://ojs.ufgd.edu.br/FRONTEIRAS/article/view/38,,record:ojs,record,ojs,https://ojs.ufgd.edu.br/FRONTEIRAS/article/view/38,ojs.ufgd.edu.br,ok,200,https://ojs.ufgd.edu.br/FRONTEIRAS/article/view/38,,,,,https://ojs.ufgd.edu.br/index.php/FRONTEIRAS/oai?verb=GetRecord&identifier=oai%3Aojs.pkp.sfu.ca%3Aarticle%2F38&metadataPrefix=oai_dc,ojs.ufgd.edu.br,ok,200,https://ojs.ufgd.edu.br/index.php/FRONTEIRAS/oai?verb=GetRecord&identifier=oai%3Aojs.pkp.sfu.ca%3Aarticle%2F38&metadataPrefix=oai_dc,,True,True,True,False,False,False,False,False,False,False,False
741,Estudos em Avaliação Educacional,FCC-2,Fundação Carlos Chagas (FCC),https://publicacoes.fcc.org.br/eae/oai,publicacoes.fcc.org.br,outra,2026-01-08 21:30:25,970,VALID,oai:ojs.publicacoes.fcc.org.br:article/1899,3,record:doi,record,doi,https://publicacoes.fcc.org.br/eae/article/view/1899,publicacoes.fcc.org.br,ok,200,https://publicacoes.fcc.org.br/eae/article/view/1899,,record:doi,record,doi,https://doi.org/10.18222/eae245420131899,doi.org,ok,200,https://publicacoes.fcc.org.br/eae/article/view/1899,,,,,https://publicacoes.fcc.org.br/eae/oai?verb=GetRecord&identifier=oai%3Aojs.publicacoes.fcc.org.br%3Aarticle%2F1899&metadataPrefix=oai_dc,publicacoes.fcc.org.br,ok,200,https://publicacoes.fcc.org.br/eae/oai?verb=GetRecord&identifier=oai%3Aojs.publicacoes.fcc.org.br%3Aarticle%2F1899&metadataPrefix=oai_dc,,True,True,True,False,False,False,False,False,False,True,False
741,Estudos em Avaliação Educacional,FCC-2,Fundação Carlos Chagas (FCC),https://publicacoes.fcc.org.br/eae/oai,publicacoes.fcc.org.br,outra,2026-01-08 21:30:25,970,VALID,oai:ojs.publicacoes.fcc.org.br:article/1900,3,record:doi,record,doi,https://publicacoes.fcc.org.br/eae/article/view/1900,publicacoes.fcc.org.br,ok,200,https://publicacoes.fcc.org.br/eae/article/view/1900,,record:doi,record,doi,https://doi.org/10.18222/eae245420131900,doi.org,ok,200,https://publicacoes.fcc.org.br/eae/article/view/1900,,,,,https://publicacoes.fcc.org.br/eae/oai?verb=GetRecord&identifier=oai%3Aojs.publicacoes.fcc.org.br%3Aarticle%2F1900&metadataPrefix=oai_dc,publicacoes.fcc.org.br,ok,200,https://publicacoes.fcc.org.br/eae/oai?verb=GetRecord&identifier=oai%3Aojs.publicacoes.fcc.org.br%3Aarticle%2F1900&metadataPrefix=oai_dc,,True,True,True,False,False,False,False,False,False,True,False
1709,Canoa do Tempo (Online),UFAM-2,Universidade Federal do Amazonas (UFAM),https://www.periodicos.ufam.edu.br/index.php/Canoa_do_Tempo/oai,www.periodicos.ufam.edu.br,ojs,2025-05-07 21:00:51,201,VALID,oai:ojs.pkp.sfu.ca:article/2906,4,record:doi,record,doi,https://www.periodicos.ufam.edu.br/index.php/Canoa_do_Tempo/article/view/2906,www.periodicos.ufam.edu.br,ok,200,https://www.periodicos.ufam.edu.br/index.php/Canoa_do_Tempo/article/view/2906,,record:doi,record,doi,https://doi.org/10.38047/rct.v9i1.2906,doi.org,ok,200,https://www.periodicos.ufam.edu.br/index.php/Canoa_do_Tempo/article/view/2906,,,,,https://www.periodicos.ufam.edu.br/index.php/Canoa_do_Tempo/oai?verb=GetRecord&identifier=oai%3Aojs.pkp.sfu.ca%3Aarticle%2F2906&metadataPrefix=oai_dc,www.periodicos.ufam.edu.br,ok,200,https://www.periodicos.ufam.edu.br/index.php/Canoa_do_Tempo/oai?verb=GetRecord&identifier=oai%3Aojs.pkp.sfu.ca%3Aarticle%2F2906&metadataPrefix=oai_dc,,True,True,True,False,False,False,False,False,False,True,False
1709,Canoa do Tempo (Online),UFAM-2,Universidade Federal do Amazonas (UFAM),https://www.periodicos.ufam.edu.br/index.php/Canoa_do_Tempo/oai,www.periodicos.ufam.edu.br,ojs,2025-05-07 21:00:51,201,VALID,oai:ojs.pkp.sfu.ca:article/3368,4,record:doi,record,doi,https://www.periodicos.ufam.edu.br/index.php/Canoa_do_Tempo/article/view/3368,www.periodicos.ufam.edu.br,ok,200,https://www.periodicos.ufam.edu.br/index.php/Canoa_do_Tempo/article/view/3368,,record:doi,record,doi,https://doi.org/10.38047/rct.v9i1.3368,doi.org,ok,200,https://www.periodicos.ufam.edu.br/index.php/Canoa_do_Tempo/article/view/3368,,,,,https://www.periodicos.ufam.edu.br/index.php/Canoa_do_Tempo/oai?verb=GetRecord&identifier=oai%3Aojs.pkp.sfu.ca%3Aarticle%2F3368&metadataPrefix=oai_dc,www.periodicos.ufam.edu.br,ok,200,https://www.periodicos.ufam.edu.br/index.php/Canoa_do_Tempo/oai?verb=GetRecord&identifier=oai%3Aojs.pkp.sfu.ca%3Aarticle%2F3368&metadataPrefix=oai_dc,,True,True,True,False,False,False,False,False,False,True,False
2635,Estudos Semióticos,USP-74,Universidade de São Paulo (USP),https://www.revistas.usp.br/esse/oai,www.revistas.usp.br,outra,2026-08-24 13:05:44,661,VALID,oai:revistas.usp.br:article/35244,3,record:doi,record,doi,https://revistas.usp.br/esse/pt_BR/article/view/35244,revistas.usp.br,ok,200,https://revistas.usp.br/esse/pt_BR/article/view/35244,,record:doi,record,doi,https://doi.org/10.11606/issn.1980-4016.esse.2011.35244,doi.org,ok,200,https://revistas.usp.br/esse/pt_BR/article/view/35244,,,,,https://www.revistas.usp.br/esse/oai?verb=GetRecord&identifier=oai%3Arevistas.usp.br%3Aarticle%2F35244&metadataPrefix=oai_dc,www.revistas.usp.br,ok,200,https://revistas.usp.br/esse/pt_BR/oai?verb=GetRecord&identifier=oai%3Arevistas.usp.br%3Aarticle%2F35244&metadataPrefix=oai_dc,,True,True,True,False,False,False,False,False,False,True,True
2635,Estudos Semióticos,USP-74,Universidade de São Paulo (USP),https://www.revistas.usp.br/esse/oai,www.revistas.usp.br,outra,2026-08-24 13:05:44,661,VALID,oai:revistas.usp.br:article/35245,3,record:doi,record,doi,https://revistas.usp.br/esse/pt_BR/article/view/35245,revistas.usp.br,ok,200,https://revistas.usp.br/esse/pt_BR/article/view/35245,,record:doi,record,doi,https://doi.org/10.11606/issn.1980-4016.esse.2011.35245,doi.org,ok,200,https://revistas.usp.br/esse/pt_BR/article/view/35245,,,,,https://www.revistas.usp.br/esse/oai?verb=GetRecord&identifier=oai%3Arevistas.usp.br%3Aarticle%2F35245&metadataPrefix=oai_dc,www.revistas.usp.br,ok,200,https://revistas.usp.br/esse/pt_BR/oai?verb=GetRecord&identifier=oai%3Arevistas.usp.br%3Aarticle%2F35245&metadataPrefix=oai_dc,,True,True,True,False,False,False,False,False,False,True,True
290,Alea (Online),UFRJ-5,Universidade Federal do Rio de Janeiro (UFRJ),https://revistas.ufrj.br/index.php/alea/oai,revistas.ufrj.br,ojs,2026-01-07 14:09:27,538,VALID,oai:ojs.pkp.sfu.ca:article/18660,3,record:doi,record,doi,http://www.scielo.br/j/alea/a/QbbdxjHXSdn8m5tzvf4Sbbr/?lang=pt,www.scielo.br,ok,200,http://www.scielo.br/j/alea/a/QbbdxjHXSdn8m5tzvf4Sbbr/?lang=pt,,record:doi,record,doi,https://doi.org/10.1590/1517-106x/2018202913,doi.org,ok,200,http://www.scielo.br/j/alea/a/QbbdxjHXSdn8m5tzvf4Sbbr/?lang=pt,,,,,https://revistas.ufrj.br/index.php/alea/oai?verb=GetRecord&identifier=oai%3Aojs.pkp.sfu.ca%3Aarticle%2F18660&metadataPrefix=oai_dc,revistas.ufrj.br,ok,200,https://revistas.ufrj.br/index.php/alea/oai?verb=GetRecord&identifier=oai%3Aojs.pkp.sfu.ca%3Aarticle%2F18660&metadataPrefix=oai_dc,,True,True,True,False,False,False,False,False,False,True,True
290,Alea (Online),UFRJ-5,Universidade Federal do Rio de Janeiro (UFRJ),https://revistas.ufrj.br/index.php/alea/oai,revistas.ufrj.br,ojs,2026-01-07 14:09:27,538,VALID,oai:ojs.pkp.sfu.ca:article/18662,3,record:doi,record,doi,http://www.scielo.br/j/alea/a/Jz8fDC8T8nDfpxpLbcycLqQ/?lang=es,www.scielo.br,ok,200,http://www.scielo.br/j/alea/a/Jz8fDC8T8nDfpxpLbcycLqQ/?lang=es,,record:doi,record,doi,https://doi.org/10.1590/1517-106x/20182021735,doi.org,ok,200,http://www.scielo.br/j/alea/a/Jz8fDC8T8nDfpxpLbcycLqQ/?lang=es,,,,,https://revistas.ufrj.br/index.php/alea/oai?verb=GetRecord&identifier=oai%3Aojs.pkp.sfu.ca%3Aarticle%2F18662&metadataPrefix=oai_dc,revistas.ufrj.br,ok,200,https://revistas.ufrj.br/index.php/alea/oai?verb=GetRecord&identifier=oai%3Aojs.pkp.sfu.ca%3Aarticle%2F18662&metadataPrefix=oai_dc,,True,True,True,False,False,False,False,False,False,True,True
2836,Nexus (Manaus. Online),IFAM-3,"Instituto Federal de Educação, Ciência e Tecnologia do Amazonas (IFAM)",https://nexus.ifam.edu.br/index.php/revista-nexus/oai,nexus.ifam.edu.br,ojs,2026-08-18 13:15:37,306,VALID,oai:ojs2.10.10.133.40:article/1,3,record:ojs,record,ojs,https://nexus.ifam.edu.br/index.php/revista-nexus/article/view/1,nexus.ifam.edu.br,ok,200,https://nexus.ifam.edu.br/index.php/revista-nexus/article/view/1,,record:doi,record,doi,https://doi.org/10.31417/nexus.vi9,doi.org,http-4xx,404,https://doi.org/10.31417/nexus.vi9,,,,,https://nexus.ifam.edu.br/index.php/revista-nexus/oai?verb=GetRecord&identifier=oai%3Aojs2.10.10.133.40%3Aarticle%2F1&metadataPrefix=oai_dc,nexus.ifam.edu.br,ok,200,https://nexus.ifam.edu.br/index.php/revista-nexus/oai?verb=GetRecord&identifier=oai%3Aojs2.10.10.133.40%3Aarticle%2F1&metadataPrefix=oai_dc,,True,False,True,False,False,True,False,True,False,True,False
2836,Nexus (Manaus. Online),IFAM-3,"Instituto Federal de Educação, Ciência e Tecnologia do Amazonas (IFAM)",https://nexus.ifam.edu.br/index.php/revista-nexus/oai,nexus.ifam.edu.br,ojs,2026-08-18 13:15:37,306,VALID,oai:ojs2.10.10.133.40:article/2,3,record:ojs,record,ojs,https://nexus.ifam.edu.br/index.php/revista-nexus/article/view/2,nexus.ifam.edu.br,ok,200,https://nexus.ifam.edu.br/index.php/revista-nexus/article/view/2,,record:doi,record,doi,https://doi.org/10.31417/nexus.v1i1,doi.org,http-4xx,404,https://doi.org/10.31417/nexus.v1i1,,,,,https://nexus.ifam.edu.br/index.php/revista-nexus/oai?verb=GetRecord&identifier=oai%3Aojs2.10.10.133.40%3Aarticle%2F2&metadataPrefix=oai_dc,nexus.ifam.edu.br,ok,200,https://nexus.ifam.edu.br/index.php/revista-nexus/oai?verb=GetRecord&identifier=oai%3Aojs2.10.10.133.40%3Aarticle%2F2&metadataPrefix=oai_dc,,True,False,True,False,False,True,False,True,False,True,False
5,Revista Brasileira de Física Tecnológica Aplicada,UTFPR-2,Universidade Tecnológica Federal do Paraná (UTFPR),https://periodicos.utfpr.edu.br/rbfta/oai,periodicos.utfpr.edu.br,outra,2026-09-02 15:50:48,101,VALID,oai:periodicos.utfpr:article/4248,0,,,,,,sem-link,,,no-usable-url,derived:ojs,derived,ojs,https://periodicos.utfpr.edu.br/rbfta/index,periodicos.utfpr.edu.br,fora-da-rota,200,https://periodicos.utfpr.edu.br/rbfta/index,,,,,https://periodicos.utfpr.edu.br/rbfta/oai?verb=GetRecord&identifier=oai%3Aperiodicos.utfpr%3Aarticle%2F4248&metadataPrefix=oai_dc,periodicos.utfpr.edu.br,ok,200,https://periodicos.utfpr.edu.br/rbfta/oai?verb=GetRecord&identifier=oai%3Aperiodicos.utfpr%3Aarticle%2F4248&metadataPrefix=oai_dc,,False,False,True,False,False,True,False,False,False,True,False
5,Revista Brasileira de Física Tecnológica Aplicada,UTFPR-2,Universidade Tecnológica Federal do Paraná (UTFPR),https://periodicos.utfpr.edu.br/rbfta/oai,periodicos.utfpr.edu.br,outra,2026-09-02 15:50:48,101,VALID,oai:periodicos.utfpr:article/5423,0,,,,,,sem-link,,,no-usable-url,derived:ojs,derived,ojs,https://periodicos.utfpr.edu.br/rbfta/index,periodicos.utfpr.edu.br,fora-da-rota,200,https://periodicos.utfpr.edu.br/rbfta/index,,,,,https://periodicos.utfpr.edu.br/rbfta/oai?verb=GetRecord&identifier=oai%3Aperiodicos.utfpr%3Aarticle%2F5423&metadataPrefix=oai_dc,periodicos.utfpr.edu.br,ok,200,https://periodicos.utfpr.edu.br/rbfta/oai?verb=GetRecord&identifier=oai%3Aperiodicos.utfpr%3Aarticle%2F5423&metadataPrefix=oai_dc,,False,False,True,False,False,True,False,False,False,True,False
221,Horizonte Científico,UFU-5,Universidade Federal de Uberlândia (UFU),https://seer.ufu.br/index.php/horizontecientifico/oai,seer.ufu.br,ojs,2026-09-16 11:29:40,860,VALID,oai:ojs.www.seer.ufu.br:article/3773,2,record:ojs,record,ojs,https://seer.ufu.br/index.php/horizontecientifico/article/view/3773,seer.ufu.br,ok,200,https://seer.ufu.br/index.php/horizontecientifico/article/view/3773,,record:ojs,record,ojs,https://seer.ufu.br/index.php/horizontecientifico/article/view/3773,seer.ufu.br,ok,200,https://seer.ufu.br/index.php/horizontecientifico/article/view/3773,,,,,https://seer.ufu.br/index.php/horizontecientifico/oai?verb=GetRecord&identifier=oai%3Aojs.www.seer.ufu.br%3Aarticle%2F3773&metadataPrefix=oai_dc,seer.ufu.br,ok,200,https://seer.ufu.br/index.php/horizontecientifico/oai?verb=GetRecord&identifier=oai%3Aojs.www.seer.ufu.br%3Aarticle%2F3773&metadataPrefix=oai_dc,,True,True,True,False,False,False,False,False,False,False,False
221,Horizonte Científico,UFU-5,Universidade Federal de Uberlândia (UFU),https://seer.ufu.br/index.php/horizontecientifico/oai,seer.ufu.br,ojs,2026-09-16 11:29:40,860,VALID,oai:ojs.www.seer.ufu.br:article/3774,2,record:ojs,record,ojs,https://seer.ufu.br/index.php/horizontecientifico/article/view/3774,seer.ufu.br,ok,200,https://seer.ufu.br/index.php/horizontecientifico/article/view/3774,,record:ojs,record,ojs,https://seer.ufu.br/index.php/horizontecientifico/article/view/3774,seer.ufu.br,ok,200,https://seer.ufu.br/index.php/horizontecientifico/article/view/3774,,,,,https://seer.ufu.br/index.php/horizontecientifico/oai?verb=GetRecord&identifier=oai%3Aojs.www.seer.ufu.br%3Aarticle%2F3774&metadataPrefix=oai_dc,seer.ufu.br,ok,200,https://seer.ufu.br/index.php/horizontecientifico/oai?verb=GetRecord&identifier=oai%3Aojs.www.seer.ufu.br%3Aarticle%2F3774&metadataPrefix=oai_dc,,True,True,True,False,False,False,False,False,False,False,False
469,Pauta Geral (Ponta Grossa),UEPG-27,Universidade Estadual de Ponta Grossa (UEPG),https://revistas2.uepg.br/index.php/pauta/oai,revistas2.uepg.br,ojs,2026-01-08 20:03:57,274,VALID,oai:uepg.br:article/5829,2,record:ojs,record,ojs,https://revistas.uepg.br/index.php/pauta/article/view/5829,revistas.uepg.br,ok,200,https://revistas.uepg.br/index.php/pauta/article/view/5829,,record:ojs,record,ojs,https://revistas.uepg.br/index.php/pauta/article/view/5829,revistas.uepg.br,ok,200,https://revistas.uepg.br/index.php/pauta/article/view/5829,,,,,https://revistas2.uepg.br/index.php/pauta/oai?verb=GetRecord&identifier=oai%3Auepg.br%3Aarticle%2F5829&metadataPrefix=oai_dc,revistas2.uepg.br,ok,200,https://revistas.uepg.br/index.php/pauta/oai?verb=GetRecord&identifier=oai%3Auepg.br%3Aarticle%2F5829&metadataPrefix=oai_dc,,True,True,True,False,False,False,False,False,False,False,True
469,Pauta Geral (Ponta Grossa),UEPG-27,Universidade Estadual de Ponta Grossa (UEPG),https://revistas2.uepg.br/index.php/pauta/oai,revistas2.uepg.br,ojs,2026-01-08 20:03:57,274,VALID,oai:uepg.br:article/5916,2,record:ojs,record,ojs,https://revistas.uepg.br/index.php/pauta/article/view/5916,revistas.uepg.br,ok,200,https://revistas.uepg.br/index.php/pauta/article/view/5916,,record:ojs,record,ojs,https://revistas.uepg.br/index.php/pauta/article/view/5916,revistas.uepg.br,ok,200,https://revistas.uepg.br/index.php/pauta/article/view/5916,,,,,https://revistas2.uepg.br/index.php/pauta/oai?verb=GetRecord&identifier=oai%3Auepg.br%3Aarticle%2F5916&metadataPrefix=oai_dc,revistas2.uepg.br,ok,200,https://revistas.uepg.br/index.php/pauta/oai?verb=GetRecord&identifier=oai%3Auepg.br%3Aarticle%2F5916&metadataPrefix=oai_dc,,True,True,True,False,False,False,False,False,False,False,True
1053,Journal of Lean Systems,UFSC-21,Universidade Federal de Santa Catarina (UFSC),https://ojs.sites.ufsc.br/index.php/peri/oai,ojs.sites.ufsc.br,ojs,2026-01-08 22:20:05,401,VALID,oai:ojs.sites.ufsc.br:article/809,2,record:ojs,record,ojs,https://ojs.sites.ufsc.br/index.php/peri/article/view/809,ojs.sites.ufsc.br,ok,200,https://ojs.sites.ufsc.br/index.php/peri/article/view/809,,record:ojs,record,ojs,https://ojs.sites.ufsc.br/index.php/peri/article/view/809,ojs.sites.ufsc.br,ok,200,https://ojs.sites.ufsc.br/index.php/peri/article/view/809,,,,,https://ojs.sites.ufsc.br/index.php/peri/oai?verb=GetRecord&identifier=oai%3Aojs.sites.ufsc.br%3Aarticle%2F809&metadataPrefix=oai_dc,ojs.sites.ufsc.br,ok,200,https://ojs.sites.ufsc.br/index.php/peri/oai?verb=GetRecord&identifier=oai%3Aojs.sites.ufsc.br%3Aarticle%2F809&metadataPrefix=oai_dc,,True,True,True,False,False,False,False,False,False,False,False
1053,Journal of Lean Systems,UFSC-21,Universidade Federal de Santa Catarina (UFSC),https://ojs.sites.ufsc.br/index.php/peri/oai,ojs.sites.ufsc.br,ojs,2026-01-08 22:20:05,401,VALID,oai:ojs.sites.ufsc.br:article/810,2,record:ojs,record,ojs,https://ojs.sites.ufsc.br/index.php/peri/article/view/810,ojs.sites.ufsc.br,ok,200,https://ojs.sites.ufsc.br/index.php/peri/article/view/810,,record:ojs,record,ojs,https://ojs.sites.ufsc.br/index.php/peri/article/view/810,ojs.sites.ufsc.br,ok,200,https://ojs.sites.ufsc.br/index.php/peri/article/view/810,,,,,https://ojs.sites.ufsc.br/index.php/peri/oai?verb=GetRecord&identifier=oai%3Aojs.sites.ufsc.br%3Aarticle%2F810&metadataPrefix=oai_dc,ojs.sites.ufsc.br,ok,200,https://ojs.sites.ufsc.br/index.php/peri/oai?verb=GetRecord&identifier=oai%3Aojs.sites.ufsc.br%3Aarticle%2F810&metadataPrefix=oai_dc,,True,True,True,False,False,False,False,False,False,False,False
753,Scire Salutis,ESS-1,Companhia Brasileira de Produção Científica (CBPC),https://sustenere.inf.br/index.php/sciresalutis/oai,sustenere.inf.br,ojs,2026-01-08 21:29:16,425,VALID,oai:ojs2.sustenere.ojsbrasil.com.br:article/170,3,record:ojs,record,ojs,https://sciresalutis.com/index.php/sciresalutis/article/view/ESS2236-9600.2011.001.0001,sciresalutis.com,ok,200,https://sciresalutis.com/index.php/sciresalutis/article/view/ESS2236-9600.2011.001.0001,,record:doi,record,doi,https://doi.org/10.6008/ESS2236-9600.2011.001.0001,doi.org,http-4xx,410,http://www.sustenere.co/index.php/sciresalutis/article/view/ESS2236-9600.2011.001.0001,,,,,https://sustenere.inf.br/index.php/sciresalutis/oai?verb=GetRecord&identifier=oai%3Aojs2.sustenere.ojsbrasil.com.br%3Aarticle%2F170&metadataPrefix=oai_dc,sustenere.inf.br,ok,200,https://sciresalutis.com/index.php/sciresalutis/oai?verb=GetRecord&identifier=oai%3Aojs2.sustenere.ojsbrasil.com.br%3Aarticle%2F170&metadataPrefix=oai_dc,,True,False,True,False,False,True,False,True,False,True,True
753,Scire Salutis,ESS-1,Companhia Brasileira de Produção Científica (CBPC),https://sustenere.inf.br/index.php/sciresalutis/oai,sustenere.inf.br,ojs,2026-01-08 21:29:16,425,VALID,oai:ojs2.sustenere.ojsbrasil.com.br:article/171,3,record:ojs,record,ojs,https://sciresalutis.com/index.php/sciresalutis/article/view/ESS2236-9600.2011.001.0002,sciresalutis.com,ok,200,https://sciresalutis.com/index.php/sciresalutis/article/view/ESS2236-9600.2011.001.0002,,record:doi,record,doi,https://doi.org/10.6008/ESS2236-9600.2011.001.0002,doi.org,http-4xx,410,http://www.sustenere.co/index.php/sciresalutis/article/view/ESS2236-9600.2011.001.0002,,,,,https://sustenere.inf.br/index.php/sciresalutis/oai?verb=GetRecord&identifier=oai%3Aojs2.sustenere.ojsbrasil.com.br%3Aarticle%2F171&metadataPrefix=oai_dc,sustenere.inf.br,ok,200,https://sciresalutis.com/index.php/sciresalutis/oai?verb=GetRecord&identifier=oai%3Aojs2.sustenere.ojsbrasil.com.br%3Aarticle%2F171&metadataPrefix=oai_dc,,True,False,True,False,False,True,False,True,False,True,True
403,Gragoatá,UFF-6,Universidade Federal Fluminense (UFF),https://periodicos.uff.br/gragoata/oai,periodicos.uff.br,outra,2026-01-08 17:11:57,1116,VALID,oai:periodicos:article/3,0,,,,,,sem-link,,,oai-error:badArgument,,,,,,sem-link,,,,,,,https://periodicos.uff.br/gragoata/oai?verb=GetRecord&identifier=oai%3Aperiodicos%3Aarticle%2F3&metadataPrefix=oai_dc,periodicos.uff.br,ok,200,https://periodicos.uff.br/gragoata/oai?verb=GetRecord&identifier=oai%3Aperiodicos%3Aarticle%2F3&metadataPrefix=oai_dc,,False,False,True,False,False,False,False,False,False,False,False
403,Gragoatá,UFF-6,Universidade Federal Fluminense (UFF),https://periodicos.uff.br/gragoata/oai,periodicos.uff.br,outra,2026-01-08 17:11:57,1116,VALID,oai:periodicos:article/5,0,,,,,,sem-link,,,oai-error:badArgument,,,,,,sem-link,,,,,,,https://periodicos.uff.br/gragoata/oai?verb=GetRecord&identifier=oai%3Aperiodicos%3Aarticle%2F5&metadataPrefix=oai_dc,periodicos.uff.br,ok,200,https://periodicos.uff.br/gragoata/oai?verb=GetRecord&identifier=oai%3Aperiodicos%3Aarticle%2F5&metadataPrefix=oai_dc,,False,False,True,False,False,False,False,False,False,False,False
126,Repositório Institucional da UNIFESP,UFSP,Universidade Federal de São Paulo (UNIFESP),https://repositorio.unifesp.br/server/oai/request,repositorio.unifesp.br,dspace,2026-09-09 16:15:15,69217,VALID,oai:repositorio.unifesp.br:11600/9605,7,record:primeira,record,primeira,http://buscatextual.cnpq.br/buscatextual/visualizacv.do?metodo=apresentar&id=K4780038T7,buscatextual.cnpq.br,ok,200,http://buscatextual.cnpq.br/buscatextual/visualizacv.do?metodo=apresentar&id=K4780038T7,,record:dspace,record,dspace,http://repositorio.unifesp.br/handle/11600/9605,repositorio.unifesp.br,fora-da-rota,200,https://repositorio.unifesp.br,,,,,https://repositorio.unifesp.br/server/oai/request?verb=GetRecord&identifier=oai%3Arepositorio.unifesp.br%3A11600%2F9605&metadataPrefix=xoai,repositorio.unifesp.br,ok,200,https://repositorio.unifesp.br/server/oai/request?verb=GetRecord&identifier=oai%3Arepositorio.unifesp.br%3A11600%2F9605&metadataPrefix=xoai,,True,False,True,False,False,True,False,True,False,True,True
126,Repositório Institucional da UNIFESP,UFSP,Universidade Federal de São Paulo (UNIFESP),https://repositorio.unifesp.br/server/oai/request,repositorio.unifesp.br,dspace,2026-09-09 16:15:15,69217,VALID,oai:repositorio.unifesp.br:11600/11801,2,record:primeira,record,primeira,https://repositorio.unifesp.br,repositorio.unifesp.br,ok,200,https://repositorio.unifesp.br,,record:dspace,record,dspace,http://repositorio.unifesp.br/handle/11600/11801,repositorio.unifesp.br,fora-da-rota,200,https://repositorio.unifesp.br,,,,,https://repositorio.unifesp.br/server/oai/request?verb=GetRecord&identifier=oai%3Arepositorio.unifesp.br%3A11600%2F11801&metadataPrefix=xoai,repositorio.unifesp.br,ok,200,https://repositorio.unifesp.br/server/oai/request?verb=GetRecord&identifier=oai%3Arepositorio.unifesp.br%3A11600%2F11801&metadataPrefix=xoai,,True,False,True,False,False,True,False,True,False,True,False
150,Brazilian journal of oral sciences (Online),UNICAMP-8,Universidade Estadual de Campinas (UNICAMP),https://periodicos.sbu.unicamp.br/ojs/index.php/bjos/oai,periodicos.sbu.unicamp.br,ojs,2026-09-11 10:45:31,1350,VALID,oai:ojs.periodicos.sbu.unicamp.br:article/8640821,2,record:ojs,record,ojs,https://periodicos.sbu.unicamp.br/ojs/index.php/bjos/article/view/8640821,periodicos.sbu.unicamp.br,ok,200,https://periodicos.sbu.unicamp.br/ojs/index.php/bjos/article/view/8640821,,record:ojs,record,ojs,https://periodicos.sbu.unicamp.br/ojs/index.php/bjos/article/view/8640821,periodicos.sbu.unicamp.br,ok,200,https://periodicos.sbu.unicamp.br/ojs/index.php/bjos/article/view/8640821,,,,,https://periodicos.sbu.unicamp.br/ojs/index.php/bjos/oai?verb=GetRecord&identifier=oai%3Aojs.periodicos.sbu.unicamp.br%3Aarticle%2F8640821&metadataPrefix=oai_dc,periodicos.sbu.unicamp.br,ok,200,https://periodicos.sbu.unicamp.br/ojs/index.php/bjos/oai?verb=GetRecord&identifier=oai%3Aojs.periodicos.sbu.unicamp.br%3Aarticle%2F8640821&metadataPrefix=oai_dc,,True,True,True,False,False,False,False,False,False,False,False
150,Brazilian journal of oral sciences (Online),UNICAMP-8,Universidade Estadual de Campinas (UNICAMP),https://periodicos.sbu.unicamp.br/ojs/index.php/bjos/oai,periodicos.sbu.unicamp.br,ojs,2026-09-11 10:45:31,1350,VALID,oai:ojs.periodicos.sbu.unicamp.br:article/8640822,2,record:ojs,record,ojs,https://periodicos.sbu.unicamp.br/ojs/index.php/bjos/article/view/8640822,periodicos.sbu.unicamp.br,ok,200,https://periodicos.sbu.unicamp.br/ojs/index.php/bjos/article/view/8640822,,record:ojs,record,ojs,https://periodicos.sbu.unicamp.br/ojs/index.php/bjos/article/view/8640822,periodicos.sbu.unicamp.br,ok,200,https://periodicos.sbu.unicamp.br/ojs/index.php/bjos/article/view/8640822,,,,,https://periodicos.sbu.unicamp.br/ojs/index.php/bjos/oai?verb=GetRecord&identifier=oai%3Aojs.periodicos.sbu.unicamp.br%3Aarticle%2F8640822&metadataPrefix=oai_dc,periodicos.sbu.unicamp.br,ok,200,https://periodicos.sbu.unicamp.br/ojs/index.php/bjos/oai?verb=GetRecord&identifier=oai%3Aojs.periodicos.sbu.unicamp.br%3Aarticle%2F8640822&metadataPrefix=oai_dc,,True,True,True,False,False,False,False,False,False,False,False
2661,(Des)troços - Revista de pensamento radical,UFMG-33,Universidade Federal de Minas Gerais (UFMG),https://periodicos.ufmg.br/index.php/revistadestrocos/oai,periodicos.ufmg.br,ojs,2026-08-19 18:36:22,257,VALID,oai:periodicos.ufmg.br:article/13615,0,,,,,,sem-link,,,no-usable-url,,,,,,sem-link,,,,,,,https://periodicos.ufmg.br/index.php/revistadestrocos/oai?verb=GetRecord&identifier=oai%3Aperiodicos.ufmg.br%3Aarticle%2F13615&metadataPrefix=oai_dc,periodicos.ufmg.br,ok,200,https://periodicos.ufmg.br/index.php/revistadestrocos/oai?verb=GetRecord&identifier=oai%3Aperiodicos.ufmg.br%3Aarticle%2F13615&metadataPrefix=oai_dc,,False,False,True,False,False,False,False,False,False,False,False
2661,(Des)troços - Revista de pensamento radical,UFMG-33,Universidade Federal de Minas Gerais (UFMG),https://periodicos.ufmg.br/index.php/revistadestrocos/oai,periodicos.ufmg.br,ojs,2026-08-19 18:36:22,257,VALID,oai:periodicos.ufmg.br:article/13616,0,,,,,,sem-link,,,no-usable-url,,,,,,sem-link,,,,,,,https://periodicos.ufmg.br/index.php/revistadestrocos/oai?verb=GetRecord&identifier=oai%3Aperiodicos.ufmg.br%3Aarticle%2F13616&metadataPrefix=oai_dc,periodicos.ufmg.br,ok,200,https://periodicos.ufmg.br/index.php/revistadestrocos/oai?verb=GetRecord&identifier=oai%3Aperiodicos.ufmg.br%3Aarticle%2F13616&metadataPrefix=oai_dc,,False,False,True,False,False,False,False,False,False,False,False
599,Oficina do Historiador,PUC_RS-15,Pontifícia Universidade Católica do Rio Grande do Sul (PUCRS),https://revistaseletronicas.pucrs.br/oficinadohistoriador/oai,revistaseletronicas.pucrs.br,outra,2026-01-08 20:55:09,476,VALID,oai:ojs.revistaseletronicas.pucrs.br:article/6983,2,record:ojs,record,ojs,https://revistaseletronicas.pucrs.br/oficinadohistoriador/article/view/6983,revistaseletronicas.pucrs.br,ok,200,https://revistaseletronicas.pucrs.br/oficinadohistoriador/article/view/6983,,record:ojs,record,ojs,https://revistaseletronicas.pucrs.br/oficinadohistoriador/article/view/6983,revistaseletronicas.pucrs.br,ok,200,https://revistaseletronicas.pucrs.br/oficinadohistoriador/article/view/6983,,,,,https://revistaseletronicas.pucrs.br/oficinadohistoriador/oai?verb=GetRecord&identifier=oai%3Aojs.revistaseletronicas.pucrs.br%3Aarticle%2F6983&metadataPrefix=oai_dc,revistaseletronicas.pucrs.br,ok,200,https://revistaseletronicas.pucrs.br/oficinadohistoriador/oai?verb=GetRecord&identifier=oai%3Aojs.revistaseletronicas.pucrs.br%3Aarticle%2F6983&metadataPrefix=oai_dc,,True,True,True,False,False,False,False,False,False,False,False
599,Oficina do Historiador,PUC_RS-15,Pontifícia Universidade Católica do Rio Grande do Sul (PUCRS),https://revistaseletronicas.pucrs.br/oficinadohistoriador/oai,revistaseletronicas.pucrs.br,outra,2026-01-08 20:55:09,476,VALID,oai:ojs.revistaseletronicas.pucrs.br:article/6984,2,record:ojs,record,ojs,https://revistaseletronicas.pucrs.br/oficinadohistoriador/article/view/6984,revistaseletronicas.pucrs.br,ok,200,https://revistaseletronicas.pucrs.br/oficinadohistoriador/article/view/6984,,record:ojs,record,ojs,https://revistaseletronicas.pucrs.br/oficinadohistoriador/article/view/6984,revistaseletronicas.pucrs.br,ok,200,https://revistaseletronicas.pucrs.br/oficinadohistoriador/article/view/6984,,,,,https://revistaseletronicas.pucrs.br/oficinadohistoriador/oai?verb=GetRecord&identifier=oai%3Aojs.revistaseletronicas.pucrs.br%3Aarticle%2F6984&metadataPrefix=oai_dc,revistaseletronicas.pucrs.br,ok,200,https://revistaseletronicas.pucrs.br/oficinadohistoriador/oai?verb=GetRecord&identifier=oai%3Aojs.revistaseletronicas.pucrs.br%3Aarticle%2F6984&metadataPrefix=oai_dc,,True,True,True,False,False,False,False,False,False,False,False
2810,Revista Owl,INDEP-8,Publicação independente,https://www.revistaowl.com.br/index.php/owl/oai,www.revistaowl.com.br,ojs,2026-08-18 13:44:34,889,VALID,oai:ojs2.revistaowl.com.br:article/1,0,,,,,,sem-link,,,no-usable-url,,,,,,sem-link,,,,,,,https://www.revistaowl.com.br/index.php/owl/oai?verb=GetRecord&identifier=oai%3Aojs2.revistaowl.com.br%3Aarticle%2F1&metadataPrefix=oai_dc,www.revistaowl.com.br,ok,200,https://www.revistaowl.com.br/index.php/owl/oai?verb=GetRecord&identifier=oai%3Aojs2.revistaowl.com.br%3Aarticle%2F1&metadataPrefix=oai_dc,,False,False,True,False,False,False,False,False,False,False,False
2810,Revista Owl,INDEP-8,Publicação independente,https://www.revistaowl.com.br/index.php/owl/oai,www.revistaowl.com.br,ojs,2026-08-18 13:44:34,889,VALID,oai:ojs2.revistaowl.com.br:article/2,0,,,,,,sem-link,,,no-usable-url,,,,,,sem-link,,,,,,,https://www.revistaowl.com.br/index.php/owl/oai?verb=GetRecord&identifier=oai%3Aojs2.revistaowl.com.br%3Aarticle%2F2&metadataPrefix=oai_dc,www.revistaowl.com.br,ok,200,https://www.revistaowl.com.br/index.php/owl/oai?verb=GetRecord&identifier=oai%3Aojs2.revistaowl.com.br%3Aarticle%2F2&metadataPrefix=oai_dc,,False,False,True,False,False,False,False,False,False,False,False
807,Saude em Debate,CBES-1,Centro Brasileiro de Estudos de Saude,https://www.saudeemdebate.org.br/sed/oai,www.saudeemdebate.org.br,outra,2026-01-08 21:54:21,1454,VALID,oai:ojs.saudeemdebate.emnuvens.com.br:article/21,3,record:ojs,record,ojs,https://saudeemdebate.org.br/sed/article/view/21,saudeemdebate.org.br,ok,200,https://saudeemdebate.org.br/sed/article/view/21,,record:ojs,record,ojs,https://saudeemdebate.org.br/sed/article/view/21,saudeemdebate.org.br,ok,200,https://saudeemdebate.org.br/sed/article/view/21,,,,,https://www.saudeemdebate.org.br/sed/oai?verb=GetRecord&identifier=oai%3Aojs.saudeemdebate.emnuvens.com.br%3Aarticle%2F21&metadataPrefix=oai_dc,www.saudeemdebate.org.br,ok,200,https://saudeemdebate.org.br/sed/oai?verb=GetRecord&identifier=oai%3Aojs.saudeemdebate.emnuvens.com.br%3Aarticle%2F21&metadataPrefix=oai_dc,,True,True,True,False,False,False,False,False,False,False,True
807,Saude em Debate,CBES-1,Centro Brasileiro de Estudos de Saude,https://www.saudeemdebate.org.br/sed/oai,www.saudeemdebate.org.br,outra,2026-01-08 21:54:21,1454,VALID,oai:ojs.saudeemdebate.emnuvens.com.br:article/35,2,record:ojs,record,ojs,https://saudeemdebate.org.br/sed/article/view/35,saudeemdebate.org.br,ok,200,https://saudeemdebate.org.br/sed/article/view/35,,record:ojs,record,ojs,https://saudeemdebate.org.br/sed/article/view/35,saudeemdebate.org.br,ok,200,https://saudeemdebate.org.br/sed/article/view/35,,,,,https://www.saudeemdebate.org.br/sed/oai?verb=GetRecord&identifier=oai%3Aojs.saudeemdebate.emnuvens.com.br%3Aarticle%2F35&metadataPrefix=oai_dc,www.saudeemdebate.org.br,ok,200,https://saudeemdebate.org.br/sed/oai?verb=GetRecord&identifier=oai%3Aojs.saudeemdebate.emnuvens.com.br%3Aarticle%2F35&metadataPrefix=oai_dc,,True,True,True,False,False,False,False,False,False,False,True
2673,Revista Visualidades (Online),UFG-38,Universidade Federal de Goiás (UFG),https://revistas.ufg.br/VISUAL/oai,revistas.ufg.br,outra,2026-08-19 18:29:15,500,VALID,oai:ojs.revistas.ufg.br:article/17792,3,record:doi,record,doi,https://revistas.ufg.br/index.php/VISUAL/article/view/17792,revistas.ufg.br,ok,200,https://revistas.ufg.br/index.php/VISUAL/article/view/17792,,record:doi,record,doi,https://doi.org/10.5216/vis.v1i1.17792,doi.org,ok,200,https://revistas.ufg.br/index.php/VISUAL/article/view/17792,,,,,https://revistas.ufg.br/VISUAL/oai?verb=GetRecord&identifier=oai%3Aojs.revistas.ufg.br%3Aarticle%2F17792&metadataPrefix=oai_dc,revistas.ufg.br,ok,200,https://revistas.ufg.br/VISUAL/oai?verb=GetRecord&identifier=oai%3Aojs.revistas.ufg.br%3Aarticle%2F17792&metadataPrefix=oai_dc,,True,True,True,False,False,False,False,False,False,True,False
2673,Revista Visualidades (Online),UFG-38,Universidade Federal de Goiás (UFG),https://revistas.ufg.br/VISUAL/oai,revistas.ufg.br,outra,2026-08-19 18:29:15,500,VALID,oai:ojs.revistas.ufg.br:article/17797,3,record:doi,record,doi,https://revistas.ufg.br/index.php/VISUAL/article/view/17797,revistas.ufg.br,ok,200,https://revistas.ufg.br/index.php/VISUAL/article/view/17797,,record:doi,record,doi,https://doi.org/10.5216/vis.v1i1.17797,doi.org,ok,200,https://revistas.ufg.br/index.php/VISUAL/article/view/17797,,,,,https://revistas.ufg.br/VISUAL/oai?verb=GetRecord&identifier=oai%3Aojs.revistas.ufg.br%3Aarticle%2F17797&metadataPrefix=oai_dc,revistas.ufg.br,ok,200,https://revistas.ufg.br/VISUAL/oai?verb=GetRecord&identifier=oai%3Aojs.revistas.ufg.br%3Aarticle%2F17797&metadataPrefix=oai_dc,,True,True,True,False,False,False,False,False,False,True,False
2656,"Fulia/UFMG - Futebol, Linguagem, Artes e outros Esportes",UFMG-30,Universidade Federal de Minas Gerais (UFMG),https://periodicos.ufmg.br/index.php/fulia/oai,periodicos.ufmg.br,ojs,2026-09-09 10:58:22,387,VALID,oai:periodicos.ufmg.br:article/13615,0,,,,,,sem-link,,,no-usable-url,,,,,,sem-link,,,,,,,https://periodicos.ufmg.br/index.php/fulia/oai?verb=GetRecord&identifier=oai%3Aperiodicos.ufmg.br%3Aarticle%2F13615&metadataPrefix=oai_dc,periodicos.ufmg.br,ok,200,https://periodicos.ufmg.br/index.php/fulia/oai?verb=GetRecord&identifier=oai%3Aperiodicos.ufmg.br%3Aarticle%2F13615&metadataPrefix=oai_dc,,False,False,True,False,False,False,False,False,False,False,False
2656,"Fulia/UFMG - Futebol, Linguagem, Artes e outros Esportes",UFMG-30,Universidade Federal de Minas Gerais (UFMG),https://periodicos.ufmg.br/index.php/fulia/oai,periodicos.ufmg.br,ojs,2026-09-09 10:58:22,387,VALID,oai:periodicos.ufmg.br:article/13616,0,,,,,,sem-link,,,no-usable-url,,,,,,sem-link,,,,,,,https://periodicos.ufmg.br/index.php/fulia/oai?verb=GetRecord&identifier=oai%3Aperiodicos.ufmg.br%3Aarticle%2F13616&metadataPrefix=oai_dc,periodicos.ufmg.br,ok,200,https://periodicos.ufmg.br/index.php/fulia/oai?verb=GetRecord&identifier=oai%3Aperiodicos.ufmg.br%3Aarticle%2F13616&metadataPrefix=oai_dc,,False,False,True,False,False,False,False,False,False,False,False
2688,Revista Educação Química en Punto de Vista,UNIL-2,Universidade Federal da Integração Latino-Americana (UNILA),https://revistas.unila.edu.br/eqpv/oai,revistas.unila.edu.br,outra,2026-08-19 18:28:08,203,VALID,oai:revistas.unila.edu.br:article/885,4,record:doi,record,doi,https://revistas.unila.edu.br/eqpv/article/view/885,revistas.unila.edu.br,ok,200,https://revistas.unila.edu.br/eqpv/article/view/885,,record:doi,record,doi,https://doi.org/10.30705/eqpv.v1i1.885,doi.org,ok,200,https://revistas.unila.edu.br/eqpv/article/view/885,,,,,https://revistas.unila.edu.br/eqpv/oai?verb=GetRecord&identifier=oai%3Arevistas.unila.edu.br%3Aarticle%2F885&metadataPrefix=oai_dc,revistas.unila.edu.br,ok,200,https://revistas.unila.edu.br/eqpv/oai?verb=GetRecord&identifier=oai%3Arevistas.unila.edu.br%3Aarticle%2F885&metadataPrefix=oai_dc,,True,True,True,False,False,False,False,False,False,True,False
2688,Revista Educação Química en Punto de Vista,UNIL-2,Universidade Federal da Integração Latino-Americana (UNILA),https://revistas.unila.edu.br/eqpv/oai,revistas.unila.edu.br,outra,2026-08-19 18:28:08,203,VALID,oai:revistas.unila.edu.br:article/886,4,record:doi,record,doi,https://revistas.unila.edu.br/eqpv/article/view/886,revistas.unila.edu.br,ok,200,https://revistas.unila.edu.br/eqpv/article/view/886,,record:doi,record,doi,https://doi.org/10.30705/eqpv.v1i1.886,doi.org,ok,200,https://revistas.unila.edu.br/eqpv/article/view/886,,,,,https://revistas.unila.edu.br/eqpv/oai?verb=GetRecord&identifier=oai%3Arevistas.unila.edu.br%3Aarticle%2F886&metadataPrefix=oai_dc,revistas.unila.edu.br,ok,200,https://revistas.unila.edu.br/eqpv/oai?verb=GetRecord&identifier=oai%3Arevistas.unila.edu.br%3Aarticle%2F886&metadataPrefix=oai_dc,,True,True,True,False,False,False,False,False,False,True,False
2723,Revista de Estudos em Educação e Diversidade,UESB-10,Universidade Estadual do Sudoeste da Bahia (UESB),https://periodicos2.uesb.br/index.php/reed/oai,periodicos2.uesb.br,ojs,2026-08-18 16:23:14,370,VALID,oai:ojs.pkp.sfu.ca:article/7197,3,record:doi,record,doi,https://periodicos2.uesb.br/index.php/reed/article/view/7197,periodicos2.uesb.br,ok,200,https://periodicos2.uesb.br/index.php/reed/article/view/7197,,record:doi,record,doi,https://doi.org/10.22481/reed.v1i2.7197,doi.org,ok,200,https://periodicos2.uesb.br/index.php/reed/article/view/7197,,,,,https://periodicos2.uesb.br/index.php/reed/oai?verb=GetRecord&identifier=oai%3Aojs.pkp.sfu.ca%3Aarticle%2F7197&metadataPrefix=oai_dc,periodicos2.uesb.br,ok,200,https://periodicos2.uesb.br/index.php/reed/oai?verb=GetRecord&identifier=oai%3Aojs.pkp.sfu.ca%3Aarticle%2F7197&metadataPrefix=oai_dc,,True,True,True,False,False,False,False,False,False,True,False
2723,Revista de Estudos em Educação e Diversidade,UESB-10,Universidade Estadual do Sudoeste da Bahia (UESB),https://periodicos2.uesb.br/index.php/reed/oai,periodicos2.uesb.br,ojs,2026-08-18 16:23:14,370,VALID,oai:ojs.pkp.sfu.ca:article/7223,3,record:ojs,record,ojs,https://periodicos2.uesb.br/reed/article/view/7223,periodicos2.uesb.br,ok,200,https://periodicos2.uesb.br/reed/article/view/7223,,record:doi,record,doi,https://doi.org/10.22481/reed.v1i1.7223,doi.org,http-4xx,400,http://periodicos2.uesb.br/index.php/reed/article/view/7223,,,,,https://periodicos2.uesb.br/index.php/reed/oai?verb=GetRecord&identifier=oai%3Aojs.pkp.sfu.ca%3Aarticle%2F7223&metadataPrefix=oai_dc,periodicos2.uesb.br,ok,200,https://periodicos2.uesb.br/index.php/reed/oai?verb=GetRecord&identifier=oai%3Aojs.pkp.sfu.ca%3Aarticle%2F7223&metadataPrefix=oai_dc,,True,False,True,False,False,True,False,True,False,True,False
2209,Águas Subterrâneas (São Paulo. Online),ABAS,Associação Brasileira de Águas Subterrâneas,https://aguassubterraneas.abas.org/asubterraneas/oai,aguassubterraneas.abas.org,outra,2025-06-02 10:10:12,3601,VALID,oai:ojs.aguassubterraneas.abas.org:article/1297,3,record:doi,record,doi,https://aguassubterraneas.abas.org/asubterraneas/article/view/1297,aguassubterraneas.abas.org,ok,200,https://aguassubterraneas.abas.org/asubterraneas/article/view/1297,,record:doi,record,doi,https://doi.org/10.14295/ras.v16i1.1297,doi.org,ok,200,https://aguassubterraneas.abas.org/asubterraneas/article/view/1297,,,,,https://aguassubterraneas.abas.org/asubterraneas/oai?verb=GetRecord&identifier=oai%3Aojs.aguassubterraneas.abas.org%3Aarticle%2F1297&metadataPrefix=oai_dc,aguassubterraneas.abas.org,ok,200,https://aguassubterraneas.abas.org/asubterraneas/oai?verb=GetRecord&identifier=oai%3Aojs.aguassubterraneas.abas.org%3Aarticle%2F1297&metadataPrefix=oai_dc,,True,True,True,False,False,False,False,False,False,True,False
2209,Águas Subterrâneas (São Paulo. Online),ABAS,Associação Brasileira de Águas Subterrâneas,https://aguassubterraneas.abas.org/asubterraneas/oai,aguassubterraneas.abas.org,outra,2025-06-02 10:10:12,3601,VALID,oai:ojs.aguassubterraneas.abas.org:article/1298,3,record:doi,record,doi,https://aguassubterraneas.abas.org/asubterraneas/article/view/1298,aguassubterraneas.abas.org,ok,200,https://aguassubterraneas.abas.org/asubterraneas/article/view/1298,,record:doi,record,doi,https://doi.org/10.14295/ras.v16i1.1298,doi.org,ok,200,https://aguassubterraneas.abas.org/asubterraneas/article/view/1298,,,,,https://aguassubterraneas.abas.org/asubterraneas/oai?verb=GetRecord&identifier=oai%3Aojs.aguassubterraneas.abas.org%3Aarticle%2F1298&metadataPrefix=oai_dc,aguassubterraneas.abas.org,ok,200,https://aguassubterraneas.abas.org/asubterraneas/oai?verb=GetRecord&identifier=oai%3Aojs.aguassubterraneas.abas.org%3Aarticle%2F1298&metadataPrefix=oai_dc,,True,True,True,False,False,False,False,False,False,True,False
1193,"Contabilidade, Gestão e Governança",UNB-21,Universidade de Brasília (UnB),https://revistacgg.org/index.php/contabil/oai,revistacgg.org,ojs,2026-01-09 10:57:06,571,VALID,oai:oai.jamg.cloud:article/6,3,record:ojs,record,ojs,https://revistacgg.org/index.php/contabil/article/view/6,revistacgg.org,ok,200,https://revistacgg.org/index.php/contabil/article/view/6,,record:doi,record,doi,https://doi.org/10.51341/cgg.v11i1-2.6,doi.org,http-4xx,404,https://doi.org/10.51341/cgg.v11i1-2.6,,,,,https://revistacgg.org/index.php/contabil/oai?verb=GetRecord&identifier=oai%3Aoai.jamg.cloud%3Aarticle%2F6&metadataPrefix=oai_dc,revistacgg.org,ok,200,https://revistacgg.org/index.php/contabil/oai?verb=GetRecord&identifier=oai%3Aoai.jamg.cloud%3Aarticle%2F6&metadataPrefix=oai_dc,,True,False,True,False,False,True,False,True,False,True,False
1193,"Contabilidade, Gestão e Governança",UNB-21,Universidade de Brasília (UnB),https://revistacgg.org/index.php/contabil/oai,revistacgg.org,ojs,2026-01-09 10:57:06,571,VALID,oai:oai.jamg.cloud:article/10,2,record:ojs,record,ojs,https://revistacgg.org/index.php/contabil/article/view/10,revistacgg.org,ok,200,https://revistacgg.org/index.php/contabil/article/view/10,,record:ojs,record,ojs,https://revistacgg.org/index.php/contabil/article/view/10,revistacgg.org,ok,200,https://revistacgg.org/index.php/contabil/article/view/10,,,,,https://revistacgg.org/index.php/contabil/oai?verb=GetRecord&identifier=oai%3Aoai.jamg.cloud%3Aarticle%2F10&metadataPrefix=oai_dc,revistacgg.org,ok,200,https://revistacgg.org/index.php/contabil/oai?verb=GetRecord&identifier=oai%3Aoai.jamg.cloud%3Aarticle%2F10&metadataPrefix=oai_dc,,True,True,True,False,False,False,False,False,False,False,False
2009,Anais do Museu Histórico Nacional (Online),MHN-1,Museu Histórico Nacional,https://anaismhn.museus.gov.br/index.php/amhn/oai,anaismhn.museus.gov.br,ojs,2025-05-13 16:31:27,127,VALID,oai:ojs2.anaismhn.museus.gov.br:article/10,0,,,,,,sem-link,,,oai-error:badArgument,,,,,,sem-link,,,,,,,https://anaismhn.museus.gov.br/index.php/amhn/oai?verb=GetRecord&identifier=oai%3Aojs2.anaismhn.museus.gov.br%3Aarticle%2F10&metadataPrefix=oai_dc,anaismhn.museus.gov.br,ok,200,https://anaismhn.museus.gov.br/index.php/amhn/oai?verb=GetRecord&identifier=oai%3Aojs2.anaismhn.museus.gov.br%3Aarticle%2F10&metadataPrefix=oai_dc,,False,False,True,False,False,False,False,False,False,False,False
2009,Anais do Museu Histórico Nacional (Online),MHN-1,Museu Histórico Nacional,https://anaismhn.museus.gov.br/index.php/amhn/oai,anaismhn.museus.gov.br,ojs,2025-05-13 16:31:27,127,VALID,oai:ojs2.anaismhn.museus.gov.br:article/14,0,,,,,,sem-link,,,oai-error:badArgument,,,,,,sem-link,,,,,,,https://anaismhn.museus.gov.br/index.php/amhn/oai?verb=GetRecord&identifier=oai%3Aojs2.anaismhn.museus.gov.br%3Aarticle%2F14&metadataPrefix=oai_dc,anaismhn.museus.gov.br,ok,200,https://anaismhn.museus.gov.br/index.php/amhn/oai?verb=GetRecord&identifier=oai%3Aojs2.anaismhn.museus.gov.br%3Aarticle%2F14&metadataPrefix=oai_dc,,False,False,True,False,False,False,False,False,False,False,False
2216,Journal of Urban Technology and Sustainability,USJT-1,Universidade São Judas Tadeu,https://journaluts.emnuvens.com.br/journaluts/oai,journaluts.emnuvens.com.br,outra,2025-06-02 11:43:42,40,VALID,oai:ojs.emnuvens.com.br:article/6,3,record:doi,record,doi,https://journaluts.emnuvens.com.br/journaluts/article/view/6,journaluts.emnuvens.com.br,ok,200,https://journaluts.emnuvens.com.br/journaluts/article/view/6,,record:doi,record,doi,https://doi.org/10.47842/juts.v1i1.6,doi.org,ok,200,https://journaluts.emnuvens.com.br/journaluts/article/view/6,,,,,https://journaluts.emnuvens.com.br/journaluts/oai?verb=GetRecord&identifier=oai%3Aojs.emnuvens.com.br%3Aarticle%2F6&metadataPrefix=oai_dc,journaluts.emnuvens.com.br,ok,200,https://journaluts.emnuvens.com.br/journaluts/oai?verb=GetRecord&identifier=oai%3Aojs.emnuvens.com.br%3Aarticle%2F6&metadataPrefix=oai_dc,,True,True,True,False,False,False,False,False,False,True,False
2216,Journal of Urban Technology and Sustainability,USJT-1,Universidade São Judas Tadeu,https://journaluts.emnuvens.com.br/journaluts/oai,journaluts.emnuvens.com.br,outra,2025-06-02 11:43:42,40,VALID,oai:ojs.emnuvens.com.br:article/7,3,record:doi,record,doi,https://journaluts.emnuvens.com.br/journaluts/article/view/7,journaluts.emnuvens.com.br,ok,200,https://journaluts.emnuvens.com.br/journaluts/article/view/7,,record:doi,record,doi,https://doi.org/10.47842/juts.v1i1.7,doi.org,ok,200,https://journaluts.emnuvens.com.br/journaluts/article/view/7,,,,,https://journaluts.emnuvens.com.br/journaluts/oai?verb=GetRecord&identifier=oai%3Aojs.emnuvens.com.br%3Aarticle%2F7&metadataPrefix=oai_dc,journaluts.emnuvens.com.br,ok,200,https://journaluts.emnuvens.com.br/journaluts/oai?verb=GetRecord&identifier=oai%3Aojs.emnuvens.com.br%3Aarticle%2F7&metadataPrefix=oai_dc,,True,True,True,False,False,False,False,False,False,True,False
490,Scientia Iuris (Online),UEL-6,Universidade Estadual de Londrina (UEL),https://www.uel.br/revistas/uel/index.php/iuris/oai,www.uel.br,ojs,2026-01-08 20:01:36,1591,VALID,oai:ojs2.ojs.uel.br:article/3515,3,record:doi,record,doi,https://ojs.uel.br/revistas/uel/index.php/iuris/article/view/3515,ojs.uel.br,ok,200,https://ojs.uel.br/revistas/uel/index.php/iuris/article/view/3515,,record:doi,record,doi,https://doi.org/10.5433/2178-8189.2005v9n0p9,doi.org,ok,200,https://ojs.uel.br/revistas/uel/index.php/iuris/article/view/3515,,,,,https://www.uel.br/revistas/uel/index.php/iuris/oai?verb=GetRecord&identifier=oai%3Aojs2.ojs.uel.br%3Aarticle%2F3515&metadataPrefix=oai_dc,www.uel.br,ok,200,https://ojs.uel.br/revistas/uel/index.php/iuris/oai?verb=GetRecord&identifier=oai%3Aojs2.ojs.uel.br%3Aarticle%2F3515&metadataPrefix=oai_dc,,True,True,True,False,False,False,False,False,False,True,True
490,Scientia Iuris (Online),UEL-6,Universidade Estadual de Londrina (UEL),https://www.uel.br/revistas/uel/index.php/iuris/oai,www.uel.br,ojs,2026-01-08 20:01:36,1591,VALID,oai:ojs2.ojs.uel.br:article/3518,3,record:doi,record,doi,https://ojs.uel.br/revistas/uel/index.php/iuris/article/view/3518,ojs.uel.br,ok,200,https://ojs.uel.br/revistas/uel/index.php/iuris/article/view/3518,,record:doi,record,doi,https://doi.org/10.5433/2178-8189.2005v9n0p15,doi.org,ok,200,https://ojs.uel.br/revistas/uel/index.php/iuris/article/view/3518,,,,,https://www.uel.br/revistas/uel/index.php/iuris/oai?verb=GetRecord&identifier=oai%3Aojs2.ojs.uel.br%3Aarticle%2F3518&metadataPrefix=oai_dc,www.uel.br,ok,200,https://ojs.uel.br/revistas/uel/index.php/iuris/oai?verb=GetRecord&identifier=oai%3Aojs2.ojs.uel.br%3Aarticle%2F3518&metadataPrefix=oai_dc,,True,True,True,False,False,False,False,False,False,True,True
1150,Raído (Online),UFGD-4,Universidade Federal da Grande Dourados (UFGD),https://ojs.ufgd.edu.br/index.php/Raido/oai,ojs.ufgd.edu.br,ojs,2026-01-09 10:10:16,763,VALID,oai:ojs.pkp.sfu.ca:article/47,2,record:ojs,record,ojs,https://ojs.ufgd.edu.br/Raido/article/view/47,ojs.ufgd.edu.br,ok,200,https://ojs.ufgd.edu.br/Raido/article/view/47,,record:ojs,record,ojs,https://ojs.ufgd.edu.br/Raido/article/view/47,ojs.ufgd.edu.br,ok,200,https://ojs.ufgd.edu.br/Raido/article/view/47,,,,,https://ojs.ufgd.edu.br/index.php/Raido/oai?verb=GetRecord&identifier=oai%3Aojs.pkp.sfu.ca%3Aarticle%2F47&metadataPrefix=oai_dc,ojs.ufgd.edu.br,ok,200,https://ojs.ufgd.edu.br/index.php/Raido/oai?verb=GetRecord&identifier=oai%3Aojs.pkp.sfu.ca%3Aarticle%2F47&metadataPrefix=oai_dc,,True,True,True,False,False,False,False,False,False,False,False
1150,Raído (Online),UFGD-4,Universidade Federal da Grande Dourados (UFGD),https://ojs.ufgd.edu.br/index.php/Raido/oai,ojs.ufgd.edu.br,ojs,2026-01-09 10:10:16,763,VALID,oai:ojs.pkp.sfu.ca:article/48,2,record:ojs,record,ojs,https://ojs.ufgd.edu.br/Raido/article/view/48,ojs.ufgd.edu.br,ok,200,https://ojs.ufgd.edu.br/Raido/article/view/48,,record:ojs,record,ojs,https://ojs.ufgd.edu.br/Raido/article/view/48,ojs.ufgd.edu.br,ok,200,https://ojs.ufgd.edu.br/Raido/article/view/48,,,,,https://ojs.ufgd.edu.br/index.php/Raido/oai?verb=GetRecord&identifier=oai%3Aojs.pkp.sfu.ca%3Aarticle%2F48&metadataPrefix=oai_dc,ojs.ufgd.edu.br,ok,200,https://ojs.ufgd.edu.br/index.php/Raido/oai?verb=GetRecord&identifier=oai%3Aojs.pkp.sfu.ca%3Aarticle%2F48&metadataPrefix=oai_dc,,True,True,True,False,False,False,False,False,False,False,False
376,Revista Educação e Emancipação,UFMA-3,Universidade Federal do Maranhão (UFMA),https://periodicoseletronicos.ufma.br/index.php/reducacaoemancipacao/oai,periodicoseletronicos.ufma.br,ojs,2026-01-08 16:28:29,751,VALID,oai:ojs2.periodicoseletronicos.ufma.br:article/2582,3,record:doi,record,doi,https://doi.org/10.18764,doi.org,ok,200,https://doi.org/10.18764,,record:doi,record,doi,https://doi.org/10.18764,doi.org,ok,200,https://doi.org/10.18764,,,,,https://periodicoseletronicos.ufma.br/index.php/reducacaoemancipacao/oai?verb=GetRecord&identifier=oai%3Aojs2.periodicoseletronicos.ufma.br%3Aarticle%2F2582&metadataPrefix=oai_dc,periodicoseletronicos.ufma.br,ok,200,https://periodicoseletronicos.ufma.br/index.php/reducacaoemancipacao/oai?verb=GetRecord&identifier=oai%3Aojs2.periodicoseletronicos.ufma.br%3Aarticle%2F2582&metadataPrefix=oai_dc,,True,True,True,False,False,False,False,False,False,False,True
376,Revista Educação e Emancipação,UFMA-3,Universidade Federal do Maranhão (UFMA),https://periodicoseletronicos.ufma.br/index.php/reducacaoemancipacao/oai,periodicoseletronicos.ufma.br,ojs,2026-01-08 16:28:29,751,VALID,oai:ojs2.periodicoseletronicos.ufma.br:article/2584,3,record:doi,record,doi,https://doi.org/10.18764,doi.org,ok,200,https://doi.org/10.18764,,record:doi,record,doi,https://doi.org/10.18764,doi.org,ok,200,https://doi.org/10.18764,,,,,https://periodicoseletronicos.ufma.br/index.php/reducacaoemancipacao/oai?verb=GetRecord&identifier=oai%3Aojs2.periodicoseletronicos.ufma.br%3Aarticle%2F2584&metadataPrefix=oai_dc,periodicoseletronicos.ufma.br,ok,200,https://periodicoseletronicos.ufma.br/index.php/reducacaoemancipacao/oai?verb=GetRecord&identifier=oai%3Aojs2.periodicoseletronicos.ufma.br%3Aarticle%2F2584&metadataPrefix=oai_dc,,True,True,True,False,False,False,False,False,False,False,True
172,Alfa (São José do Rio Preto. Online),UNESP-4,Universidade Estadual Paulista (UNESP),https://periodicos.fclar.unesp.br/alfa/oai,periodicos.fclar.unesp.br,outra,2026-09-11 14:21:29,1271,VALID,oai:ojs.pkp.sfu.ca:article/1368,2,record:ojs,record,ojs,https://periodicos.fclar.unesp.br/alfa/article/view/1368,periodicos.fclar.unesp.br,ok,200,https://periodicos.fclar.unesp.br/alfa/article/view/1368,,record:ojs,record,ojs,https://periodicos.fclar.unesp.br/alfa/article/view/1368,periodicos.fclar.unesp.br,ok,200,https://periodicos.fclar.unesp.br/alfa/article/view/1368,,,,,https://periodicos.fclar.unesp.br/alfa/oai?verb=GetRecord&identifier=oai%3Aojs.pkp.sfu.ca%3Aarticle%2F1368&metadataPrefix=oai_dc,periodicos.fclar.unesp.br,ok,200,https://periodicos.fclar.unesp.br/alfa/oai?verb=GetRecord&identifier=oai%3Aojs.pkp.sfu.ca%3Aarticle%2F1368&metadataPrefix=oai_dc,,True,True,True,False,False,False,False,False,False,False,False
172,Alfa (São José do Rio Preto. Online),UNESP-4,Universidade Estadual Paulista (UNESP),https://periodicos.fclar.unesp.br/alfa/oai,periodicos.fclar.unesp.br,outra,2026-09-11 14:21:29,1271,VALID,oai:ojs.pkp.sfu.ca:article/1369,2,record:ojs,record,ojs,https://periodicos.fclar.unesp.br/alfa/article/view/1369,periodicos.fclar.unesp.br,ok,200,https://periodicos.fclar.unesp.br/alfa/article/view/1369,,record:ojs,record,ojs,https://periodicos.fclar.unesp.br/alfa/article/view/1369,periodicos.fclar.unesp.br,ok,200,https://periodicos.fclar.unesp.br/alfa/article/view/1369,,,,,https://periodicos.fclar.unesp.br/alfa/oai?verb=GetRecord&identifier=oai%3Aojs.pkp.sfu.ca%3Aarticle%2F1369&metadataPrefix=oai_dc,periodicos.fclar.unesp.br,ok,200,https://periodicos.fclar.unesp.br/alfa/oai?verb=GetRecord&identifier=oai%3Aojs.pkp.sfu.ca%3Aarticle%2F1369&metadataPrefix=oai_dc,,True,True,True,False,False,False,False,False,False,False,False
1876,REMIPE,FATEC-3,Faculdade de Tecnologia de Osasco (FATEC),https://remipe.fatecosasco.edu.br/index.php/remipe/oai,remipe.fatecosasco.edu.br,ojs,2025-05-12 20:52:43,185,VALID,oai:remipe.fatecosasco.edu.br:article/1,4,record:doi,record,doi,https://remipe.fatecosasco.edu.br/index.php/remipe/article/view/1,remipe.fatecosasco.edu.br,ok,200,https://remipe.fatecosasco.edu.br/index.php/remipe/article/view/1,,record:doi,record,doi,https://doi.org/10.21574/remipe.v3i2.1,doi.org,ok,200,https://remipe.fatecosasco.edu.br/index.php/remipe/article/view/1,,,,,https://remipe.fatecosasco.edu.br/index.php/remipe/oai?verb=GetRecord&identifier=oai%3Aremipe.fatecosasco.edu.br%3Aarticle%2F1&metadataPrefix=oai_dc,remipe.fatecosasco.edu.br,ok,200,https://remipe.fatecosasco.edu.br/index.php/remipe/oai?verb=GetRecord&identifier=oai%3Aremipe.fatecosasco.edu.br%3Aarticle%2F1&metadataPrefix=oai_dc,,True,True,True,False,False,False,False,False,False,True,False
1876,REMIPE,FATEC-3,Faculdade de Tecnologia de Osasco (FATEC),https://remipe.fatecosasco.edu.br/index.php/remipe/oai,remipe.fatecosasco.edu.br,ojs,2025-05-12 20:52:43,185,VALID,oai:remipe.fatecosasco.edu.br:article/5,4,record:doi,record,doi,https://remipe.fatecosasco.edu.br/index.php/remipe/article/view/5,remipe.fatecosasco.edu.br,ok,200,https://remipe.fatecosasco.edu.br/index.php/remipe/article/view/5,,record:doi,record,doi,https://doi.org/10.21574/remipe.v3i2.5,doi.org,ok,200,https://remipe.fatecosasco.edu.br/index.php/remipe/article/view/5,,,,,https://remipe.fatecosasco.edu.br/index.php/remipe/oai?verb=GetRecord&identifier=oai%3Aremipe.fatecosasco.edu.br%3Aarticle%2F5&metadataPrefix=oai_dc,remipe.fatecosasco.edu.br,ok,200,https://remipe.fatecosasco.edu.br/index.php/remipe/oai?verb=GetRecord&identifier=oai%3Aremipe.fatecosasco.edu.br%3Aarticle%2F5&metadataPrefix=oai_dc,,True,True,True,False,False,False,False,False,False,True,False
2281,O Mundo da Saúde (Online),SAOCAMILO,Centro Universitário São Camilo,https://revistamundodasaude.emnuvens.com.br/mundodasaude/oai,revistamundodasaude.emnuvens.com.br,outra,2025-07-02 14:28:14,1147,VALID,oai:ojs.revistamundodasaude.emnuvens.com.br:article/7,0,,,,,,sem-link,,,oai-error:badArgument,,,,,,sem-link,,,,,,,https://revistamundodasaude.emnuvens.com.br/mundodasaude/oai?verb=GetRecord&identifier=oai%3Aojs.revistamundodasaude.emnuvens.com.br%3Aarticle%2F7&metadataPrefix=oai_dc,revistamundodasaude.emnuvens.com.br,ok,200,https://revistamundodasaude.emnuvens.com.br/mundodasaude/oai?verb=GetRecord&identifier=oai%3Aojs.revistamundodasaude.emnuvens.com.br%3Aarticle%2F7&metadataPrefix=oai_dc,,False,False,True,False,False,False,False,False,False,False,False
2281,O Mundo da Saúde (Online),SAOCAMILO,Centro Universitário São Camilo,https://revistamundodasaude.emnuvens.com.br/mundodasaude/oai,revistamundodasaude.emnuvens.com.br,outra,2025-07-02 14:28:14,1147,VALID,oai:ojs3.revistamundodasaude.emnuvens.com.br:article/9,4,record:doi,record,doi,https://revistamundodasaude.emnuvens.com.br/mundodasaude/article/view/https%3A%5C%5Cwww.revistamundodasaude.com.br%5Cuploads%5C20190060.PDF,revistamundodasaude.emnuvens.com.br,ok,200,https://revistamundodasaude.emnuvens.com.br/mundodasaude/article/view/https%3A%5C%5Cwww.revistamundodasaude.com.br%5Cuploads%5C20190060.PDF,,record:doi,record,doi,https://doi.org/10.15343/0104-7809.20194304800813,doi.org,ok,200,https://revistamundodasaude.emnuvens.com.br/mundodasaude/article/view/https%3A%5C%5Cwww.revistamundodasaude.com.br%5Cuploads%5C20190060.PDF,,,,,https://revistamundodasaude.emnuvens.com.br/mundodasaude/oai?verb=GetRecord&identifier=oai%3Aojs3.revistamundodasaude.emnuvens.com.br%3Aarticle%2F9&metadataPrefix=oai_dc,revistamundodasaude.emnuvens.com.br,ok,200,https://revistamundodasaude.emnuvens.com.br/mundodasaude/oai?verb=GetRecord&identifier=oai%3Aojs3.revistamundodasaude.emnuvens.com.br%3Aarticle%2F9&metadataPrefix=oai_dc,,True,True,True,False,False,False,False,False,False,True,False
80,Interfaces Científicas. Educação (Online),UNIT-2,Universidade Tiradentes (UNIT),https://periodicos.set.edu.br/educacao/oai,periodicos.set.edu.br,outra,2026-09-04 14:58:16,675,VALID,oai:ojs3.tiradentes.periodicos.emnuvens.com.br:article/108,4,record:doi,record,doi,https://periodicos.set.edu.br/educacao/article/view/108,periodicos.set.edu.br,ok,200,https://periodicos.set.edu.br/educacao/article/view/108,,record:doi,record,doi,https://doi.org/10.17564/2316-3828.2012v1n1p09-20,doi.org,ok,200,https://periodicos.set.edu.br/educacao/article/view/108,,,,,https://periodicos.set.edu.br/educacao/oai?verb=GetRecord&identifier=oai%3Aojs3.tiradentes.periodicos.emnuvens.com.br%3Aarticle%2F108&metadataPrefix=oai_dc,periodicos.set.edu.br,ok,200,https://periodicos.set.edu.br/educacao/oai?verb=GetRecord&identifier=oai%3Aojs3.tiradentes.periodicos.emnuvens.com.br%3Aarticle%2F108&metadataPrefix=oai_dc,,True,True,True,False,False,False,False,False,False,True,False
80,Interfaces Científicas. Educação (Online),UNIT-2,Universidade Tiradentes (UNIT),https://periodicos.set.edu.br/educacao/oai,periodicos.set.edu.br,outra,2026-09-04 14:58:16,675,VALID,oai:ojs3.tiradentes.periodicos.emnuvens.com.br:article/158,4,record:doi,record,doi,https://periodicos.set.edu.br/educacao/article/view/158,periodicos.set.edu.br,ok,200,https://periodicos.set.edu.br/educacao/article/view/158,,record:doi,record,doi,https://doi.org/10.17564/2316-3828.2012v1n1p43-51,doi.org,ok,200,https://periodicos.set.edu.br/educacao/article/view/158,,,,,https://periodicos.set.edu.br/educacao/oai?verb=GetRecord&identifier=oai%3Aojs3.tiradentes.periodicos.emnuvens.com.br%3Aarticle%2F158&metadataPrefix=oai_dc,periodicos.set.edu.br,ok,200,https://periodicos.set.edu.br/educacao/oai?verb=GetRecord&identifier=oai%3Aojs3.tiradentes.periodicos.emnuvens.com.br%3Aarticle%2F158&metadataPrefix=oai_dc,,True,True,True,False,False,False,False,False,False,True,False
2522,Revista de Estudos de Cultura,UFS-15,Universidade Federal de Sergipe (UFS),https://periodicos.ufs.br/revec/oai,periodicos.ufs.br,outra,2026-08-24 16:52:01,443,VALID,oai:ojs.ufs.emnuvens.com.br:article/3648,4,record:doi,record,doi,https://doi.org/10.32748/revec.v0i01.3648,doi.org,rede,,,ConnectError,record:doi,record,doi,https://doi.org/10.32748/revec.v0i01.3648,doi.org,rede,,,ConnectError,,,,https://periodicos.ufs.br/revec/oai?verb=GetRecord&identifier=oai%3Aojs.ufs.emnuvens.com.br%3Aarticle%2F3648&metadataPrefix=oai_dc,periodicos.ufs.br,ok,200,https://periodicos.ufs.br/revec/oai?verb=GetRecord&identifier=oai%3Aojs.ufs.emnuvens.com.br%3Aarticle%2F3648&metadataPrefix=oai_dc,,False,False,True,False,True,False,True,False,False,False,True
2522,Revista de Estudos de Cultura,UFS-15,Universidade Federal de Sergipe (UFS),https://periodicos.ufs.br/revec/oai,periodicos.ufs.br,outra,2026-08-24 16:52:01,443,VALID,oai:ojs.ufs.emnuvens.com.br:article/3649,4,record:doi,record,doi,https://doi.org/10.32748/revec.v0i01.3649,doi.org,rede,,,ConnectError,record:doi,record,doi,https://doi.org/10.32748/revec.v0i01.3649,doi.org,rede,,,ConnectError,,,,https://periodicos.ufs.br/revec/oai?verb=GetRecord&identifier=oai%3Aojs.ufs.emnuvens.com.br%3Aarticle%2F3649&metadataPrefix=oai_dc,periodicos.ufs.br,ok,200,https://periodicos.ufs.br/revec/oai?verb=GetRecord&identifier=oai%3Aojs.ufs.emnuvens.com.br%3Aarticle%2F3649&metadataPrefix=oai_dc,,False,False,True,False,True,False,True,False,False,False,True
1723,Kant e-prints (Online),UNICAMP-27,Universidade Estadual de Campinas (UNICAMP),https://periodicos.sbu.unicamp.br/ojs/index.php/kant/oai,periodicos.sbu.unicamp.br,ojs,2025-10-22 15:52:38,346,VALID,oai:ojs.periodicos.sbu.unicamp.br:article/8672281,3,record:ojs,record,ojs,https://periodicos.sbu.unicamp.br/ojs/index.php/kant/article/view/8672281,periodicos.sbu.unicamp.br,ok,200,https://periodicos.sbu.unicamp.br/ojs/index.php/kant/article/view/8672281,,record:doi,record,doi,https://doi.org/10.20396/fy5yes41,doi.org,http-4xx,404,https://doi.org/10.20396/fy5yes41,,,,,https://periodicos.sbu.unicamp.br/ojs/index.php/kant/oai?verb=GetRecord&identifier=oai%3Aojs.periodicos.sbu.unicamp.br%3Aarticle%2F8672281&metadataPrefix=oai_dc,periodicos.sbu.unicamp.br,ok,200,https://periodicos.sbu.unicamp.br/ojs/index.php/kant/oai?verb=GetRecord&identifier=oai%3Aojs.periodicos.sbu.unicamp.br%3Aarticle%2F8672281&metadataPrefix=oai_dc,,True,False,True,False,False,True,False,True,False,True,False
1723,Kant e-prints (Online),UNICAMP-27,Universidade Estadual de Campinas (UNICAMP),https://periodicos.sbu.unicamp.br/ojs/index.php/kant/oai,periodicos.sbu.unicamp.br,ojs,2025-10-22 15:52:38,346,VALID,oai:ojs.periodicos.sbu.unicamp.br:article/8672282,3,record:ojs,record,ojs,https://periodicos.sbu.unicamp.br/ojs/index.php/kant/article/view/8672282,periodicos.sbu.unicamp.br,ok,200,https://periodicos.sbu.unicamp.br/ojs/index.php/kant/article/view/8672282,,record:doi,record,doi,https://doi.org/10.20396/z0k97k93,doi.org,http-4xx,404,https://doi.org/10.20396/z0k97k93,,,,,https://periodicos.sbu.unicamp.br/ojs/index.php/kant/oai?verb=GetRecord&identifier=oai%3Aojs.periodicos.sbu.unicamp.br%3Aarticle%2F8672282&metadataPrefix=oai_dc,periodicos.sbu.unicamp.br,ok,200,https://periodicos.sbu.unicamp.br/ojs/index.php/kant/oai?verb=GetRecord&identifier=oai%3Aojs.periodicos.sbu.unicamp.br%3Aarticle%2F8672282&metadataPrefix=oai_dc,,True,False,True,False,False,True,False,True,False,True,False
2666,E&S Engineering and Science,UFMT-7,Universidade Federal de Mato Grosso (UFMT),https://periodicoscientificos.ufmt.br/ojs/index.php/eng/oai,periodicoscientificos.ufmt.br,ojs,2026-08-19 18:26:46,245,VALID,oai:ojs.192.168.26.29:article/3865,0,,,,,,sem-link,,,oai-error:badArgument,,,,,,sem-link,,,,,,,https://periodicoscientificos.ufmt.br/ojs/index.php/eng/oai?verb=GetRecord&identifier=oai%3Aojs.192.168.26.29%3Aarticle%2F3865&metadataPrefix=oai_dc,periodicoscientificos.ufmt.br,ok,200,https://periodicoscientificos.ufmt.br/ojs/index.php/eng/oai?verb=GetRecord&identifier=oai%3Aojs.192.168.26.29%3Aarticle%2F3865&metadataPrefix=oai_dc,,False,False,True,False,False,False,False,False,False,False,False
2666,E&S Engineering and Science,UFMT-7,Universidade Federal de Mato Grosso (UFMT),https://periodicoscientificos.ufmt.br/ojs/index.php/eng/oai,periodicoscientificos.ufmt.br,ojs,2026-08-19 18:26:46,245,VALID,oai:ojs.192.168.26.29:article/7413,0,,,,,,sem-link,,,oai-error:badArgument,,,,,,sem-link,,,,,,,https://periodicoscientificos.ufmt.br/ojs/index.php/eng/oai?verb=GetRecord&identifier=oai%3Aojs.192.168.26.29%3Aarticle%2F7413&metadataPrefix=oai_dc,periodicoscientificos.ufmt.br,ok,200,https://periodicoscientificos.ufmt.br/ojs/index.php/eng/oai?verb=GetRecord&identifier=oai%3Aojs.192.168.26.29%3Aarticle%2F7413&metadataPrefix=oai_dc,,False,False,True,False,False,False,False,False,False,False,False
2554,Voluntas - Revista Internacional de Filosofia (Santa Maria),UFSM-21,Universidade Federal de Santa Maria (UFSM),https://periodicos.ufsm.br/voluntas/oai,periodicos.ufsm.br,outra,2026-08-24 14:27:07,559,VALID,oai:ojs.pkp.sfu.ca:article/33257,4,record:doi,record,doi,https://periodicos.ufsm.br/voluntas/article/view/33257,periodicos.ufsm.br,ok,200,https://periodicos.ufsm.br/voluntas/article/view/33257,,record:doi,record,doi,https://doi.org/10.5902/2179378633257,doi.org,ok,200,https://periodicos.ufsm.br/voluntas/article/view/33257,,,,,https://periodicos.ufsm.br/voluntas/oai?verb=GetRecord&identifier=oai%3Aojs.pkp.sfu.ca%3Aarticle%2F33257&metadataPrefix=oai_dc,periodicos.ufsm.br,ok,200,https://periodicos.ufsm.br/voluntas/oai?verb=GetRecord&identifier=oai%3Aojs.pkp.sfu.ca%3Aarticle%2F33257&metadataPrefix=oai_dc,,True,True,True,False,False,False,False,False,False,True,False
2554,Voluntas - Revista Internacional de Filosofia (Santa Maria),UFSM-21,Universidade Federal de Santa Maria (UFSM),https://periodicos.ufsm.br/voluntas/oai,periodicos.ufsm.br,outra,2026-08-24 14:27:07,559,VALID,oai:ojs.pkp.sfu.ca:article/33543,3,record:doi,record,doi,https://periodicos.ufsm.br/voluntas/article/view/33543,periodicos.ufsm.br,ok,200,https://periodicos.ufsm.br/voluntas/article/view/33543,,record:doi,record,doi,https://doi.org/10.5902/2179378633543,doi.org,ok,200,https://periodicos.ufsm.br/voluntas/article/view/33543,,,,,https://periodicos.ufsm.br/voluntas/oai?verb=GetRecord&identifier=oai%3Aojs.pkp.sfu.ca%3Aarticle%2F33543&metadataPrefix=oai_dc,periodicos.ufsm.br,ok,200,https://periodicos.ufsm.br/voluntas/oai?verb=GetRecord&identifier=oai%3Aojs.pkp.sfu.ca%3Aarticle%2F33543&metadataPrefix=oai_dc,,True,True,True,False,False,False,False,False,False,True,False
2144,Revista ANPPREV de Seguridade Social,ANPPREV-1,Associação Nacional dos Procuradores e Advogados Públicos Federais (ANPPREV),https://rass.anpprev.org.br/index.php/RASS/oai,rass.anpprev.org.br,ojs,2025-05-14 13:01:35,17,VALID,oai:ojs.rass.anpprev.org.br:article/3,0,derived-unverified:ojs,derived-unverified,ojs,https://rass.anpprev.org.br/index.php/RASS/article/view/3,rass.anpprev.org.br,rede,,,ConnectTimeout,derived:ojs,derived,ojs,https://rass.anpprev.org.br/index.php/RASS/article/view/3,rass.anpprev.org.br,rede,,,ConnectTimeout,,,,https://rass.anpprev.org.br/index.php/RASS/oai?verb=GetRecord&identifier=oai%3Aojs.rass.anpprev.org.br%3Aarticle%2F3&metadataPrefix=oai_dc,rass.anpprev.org.br,rede,,,ConnectTimeout,False,False,False,False,True,False,True,False,False,False,False
2144,Revista ANPPREV de Seguridade Social,ANPPREV-1,Associação Nacional dos Procuradores e Advogados Públicos Federais (ANPPREV),https://rass.anpprev.org.br/index.php/RASS/oai,rass.anpprev.org.br,ojs,2025-05-14 13:01:35,17,VALID,oai:ojs.rass.anpprev.org.br:article/4,0,derived-unverified:ojs,derived-unverified,ojs,https://rass.anpprev.org.br/index.php/RASS/article/view/4,rass.anpprev.org.br,rede,,,ConnectTimeout,derived:ojs,derived,ojs,https://rass.anpprev.org.br/index.php/RASS/article/view/4,rass.anpprev.org.br,rede,,,ConnectTimeout,,,,https://rass.anpprev.org.br/index.php/RASS/oai?verb=GetRecord&identifier=oai%3Aojs.rass.anpprev.org.br%3Aarticle%2F4&metadataPrefix=oai_dc,rass.anpprev.org.br,rede,,,ConnectTimeout,False,False,False,False,True,False,True,False,False,False,False
727,Revista Direito GV,FGV-2,Fundação Getulio Vargas (FGV),https://periodicos.fgv.br/revdireitogv/oai,periodicos.fgv.br,outra,2026-01-08 21:29:56,740,VALID,oai:ojs.periodicos.fgv.br:article/20850,2,record:ojs,record,ojs,https://periodicos.fgv.br/revdireitogv/article/view/20850,periodicos.fgv.br,ok,200,https://periodicos.fgv.br/revdireitogv/article/view/20850,,record:ojs,record,ojs,https://periodicos.fgv.br/revdireitogv/article/view/20850,periodicos.fgv.br,ok,200,https://periodicos.fgv.br/revdireitogv/article/view/20850,,,,,https://periodicos.fgv.br/revdireitogv/oai?verb=GetRecord&identifier=oai%3Aojs.periodicos.fgv.br%3Aarticle%2F20850&metadataPrefix=oai_dc,periodicos.fgv.br,ok,200,https://periodicos.fgv.br/revdireitogv/oai?verb=GetRecord&identifier=oai%3Aojs.periodicos.fgv.br%3Aarticle%2F20850&metadataPrefix=oai_dc,,True,True,True,False,False,False,False,False,False,False,False
727,Revista Direito GV,FGV-2,Fundação Getulio Vargas (FGV),https://periodicos.fgv.br/revdireitogv/oai,periodicos.fgv.br,outra,2026-01-08 21:29:56,740,VALID,oai:ojs.periodicos.fgv.br:article/20851,2,record:ojs,record,ojs,https://periodicos.fgv.br/revdireitogv/article/view/20851,periodicos.fgv.br,ok,200,https://periodicos.fgv.br/revdireitogv/article/view/20851,,record:ojs,record,ojs,https://periodicos.fgv.br/revdireitogv/article/view/20851,periodicos.fgv.br,ok,200,https://periodicos.fgv.br/revdireitogv/article/view/20851,,,,,https://periodicos.fgv.br/revdireitogv/oai?verb=GetRecord&identifier=oai%3Aojs.periodicos.fgv.br%3Aarticle%2F20851&metadataPrefix=oai_dc,periodicos.fgv.br,ok,200,https://periodicos.fgv.br/revdireitogv/oai?verb=GetRecord&identifier=oai%3Aojs.periodicos.fgv.br%3Aarticle%2F20851&metadataPrefix=oai_dc,,True,True,True,False,False,False,False,False,False,False,False
2693,Monções: Revista de Relações Internacionais da UFGD,UFGD-14,Universidade Federal da Grande Dourados (UFGD),https://ojs.ufgd.edu.br/index.php/moncoes/oai,ojs.ufgd.edu.br,ojs,2026-08-18 16:54:00,520,VALID,oai:ojs.pkp.sfu.ca:article/1552,2,record:ojs,record,ojs,https://ojs.ufgd.edu.br/moncoes/article/view/1552,ojs.ufgd.edu.br,ok,200,https://ojs.ufgd.edu.br/moncoes/article/view/1552,,record:ojs,record,ojs,https://ojs.ufgd.edu.br/moncoes/article/view/1552,ojs.ufgd.edu.br,ok,200,https://ojs.ufgd.edu.br/moncoes/article/view/1552,,,,,https://ojs.ufgd.edu.br/index.php/moncoes/oai?verb=GetRecord&identifier=oai%3Aojs.pkp.sfu.ca%3Aarticle%2F1552&metadataPrefix=oai_dc,ojs.ufgd.edu.br,ok,200,https://ojs.ufgd.edu.br/index.php/moncoes/oai?verb=GetRecord&identifier=oai%3Aojs.pkp.sfu.ca%3Aarticle%2F1552&metadataPrefix=oai_dc,,True,True,True,False,False,False,False,False,False,False,False
2693,Monções: Revista de Relações Internacionais da UFGD,UFGD-14,Universidade Federal da Grande Dourados (UFGD),https://ojs.ufgd.edu.br/index.php/moncoes/oai,ojs.ufgd.edu.br,ojs,2026-08-18 16:54:00,520,VALID,oai:ojs.pkp.sfu.ca:article/1625,2,record:ojs,record,ojs,https://ojs.ufgd.edu.br/moncoes/article/view/1625,ojs.ufgd.edu.br,ok,200,https://ojs.ufgd.edu.br/moncoes/article/view/1625,,record:ojs,record,ojs,https://ojs.ufgd.edu.br/moncoes/article/view/1625,ojs.ufgd.edu.br,ok,200,https://ojs.ufgd.edu.br/moncoes/article/view/1625,,,,,https://ojs.ufgd.edu.br/index.php/moncoes/oai?verb=GetRecord&identifier=oai%3Aojs.pkp.sfu.ca%3Aarticle%2F1625&metadataPrefix=oai_dc,ojs.ufgd.edu.br,ok,200,https://ojs.ufgd.edu.br/index.php/moncoes/oai?verb=GetRecord&identifier=oai%3Aojs.pkp.sfu.ca%3Aarticle%2F1625&metadataPrefix=oai_dc,,True,True,True,False,False,False,False,False,False,False,False
2766,Periferia,UERJ-29,Universidade do Estado do Rio de Janeiro (UERJ),https://www.e-publicacoes.uerj.br/index.php/periferia/oai,www.e-publicacoes.uerj.br,ojs,2026-08-18 15:52:21,652,VALID,oai:ojs.www.e-publicacoes.uerj.br:article/3398,3,record:doi,record,doi,https://www.e-publicacoes.uerj.br/index.php/periferia/article/view/3398,www.e-publicacoes.uerj.br,ok,200,https://www.e-publicacoes.uerj.br/index.php/periferia/article/view/3398,,record:doi,record,doi,https://doi.org/10.12957/periferia.2011.3398,doi.org,ok,200,https://www.e-publicacoes.uerj.br/index.php/periferia/article/view/3398,,,,,https://www.e-publicacoes.uerj.br/index.php/periferia/oai?verb=GetRecord&identifier=oai%3Aojs.www.e-publicacoes.uerj.br%3Aarticle%2F3398&metadataPrefix=oai_dc,www.e-publicacoes.uerj.br,ok,200,https://www.e-publicacoes.uerj.br/index.php/periferia/oai?verb=GetRecord&identifier=oai%3Aojs.www.e-publicacoes.uerj.br%3Aarticle%2F3398&metadataPrefix=oai_dc,,True,True,True,False,False,False,False,False,False,True,False
2766,Periferia,UERJ-29,Universidade do Estado do Rio de Janeiro (UERJ),https://www.e-publicacoes.uerj.br/index.php/periferia/oai,www.e-publicacoes.uerj.br,ojs,2026-08-18 15:52:21,652,VALID,oai:ojs.www.e-publicacoes.uerj.br:article/3406,3,record:doi,record,doi,https://www.e-publicacoes.uerj.br/index.php/periferia/article/view/3406,www.e-publicacoes.uerj.br,ok,200,https://www.e-publicacoes.uerj.br/index.php/periferia/article/view/3406,,record:doi,record,doi,https://doi.org/10.12957/periferia.2011.3406,doi.org,ok,200,https://www.e-publicacoes.uerj.br/index.php/periferia/article/view/3406,,,,,https://www.e-publicacoes.uerj.br/index.php/periferia/oai?verb=GetRecord&identifier=oai%3Aojs.www.e-publicacoes.uerj.br%3Aarticle%2F3406&metadataPrefix=oai_dc,www.e-publicacoes.uerj.br,ok,200,https://www.e-publicacoes.uerj.br/index.php/periferia/oai?verb=GetRecord&identifier=oai%3Aojs.www.e-publicacoes.uerj.br%3Aarticle%2F3406&metadataPrefix=oai_dc,,True,True,True,False,False,False,False,False,False,True,False
2533,Espaço Pedagógico (Online),UPF-8,Universidade de Passo Fundo (UPF),https://seer.upf.br/index.php/rep/oai,seer.upf.br,ojs,2026-08-24 16:52:37,1285,VALID,oai:ojs2.136.115.110.8:article/2022,3,record:ojs,record,ojs,https://ojs.upf.br/index.php/rep/article/view/2022,ojs.upf.br,ok,200,https://ojs.upf.br/index.php/rep/article/view/2022,,record:doi,record,doi,https://doi.org/10.5335/rep.2013.2022,doi.org,http-4xx,404,https://doi.org/10.5335/rep.2013.2022,,,,,https://seer.upf.br/index.php/rep/oai?verb=GetRecord&identifier=oai%3Aojs2.136.115.110.8%3Aarticle%2F2022&metadataPrefix=oai_dc,seer.upf.br,ok,200,https://ojs.upf.br/index.php/rep/pt_BR/oai?verb=GetRecord&identifier=oai%3Aojs2.136.115.110.8%3Aarticle%2F2022&metadataPrefix=oai_dc,,True,False,True,False,False,True,False,True,False,True,True
2533,Espaço Pedagógico (Online),UPF-8,Universidade de Passo Fundo (UPF),https://seer.upf.br/index.php/rep/oai,seer.upf.br,ojs,2026-08-24 16:52:37,1285,VALID,oai:ojs2.136.115.110.8:article/2024,3,record:ojs,record,ojs,https://ojs.upf.br/index.php/rep/article/view/2024,ojs.upf.br,ok,200,https://ojs.upf.br/index.php/rep/article/view/2024,,record:doi,record,doi,https://doi.org/10.5335/rep.2013.2024,doi.org,http-4xx,404,https://doi.org/10.5335/rep.2013.2024,,,,,https://seer.upf.br/index.php/rep/oai?verb=GetRecord&identifier=oai%3Aojs2.136.115.110.8%3Aarticle%2F2024&metadataPrefix=oai_dc,seer.upf.br,ok,200,https://ojs.upf.br/index.php/rep/pt_BR/oai?verb=GetRecord&identifier=oai%3Aojs2.136.115.110.8%3Aarticle%2F2024&metadataPrefix=oai_dc,,True,False,True,False,False,True,False,True,False,True,True
2335,Revista de Constitucionalização do Direito Brasileiro (Online),ICAM,Instituto Carlos Alexandre Moraes (ICAM),http://revistareconto.com.br/index.php/Reconto/oai,revistareconto.com.br,ojs,2025-07-07 14:30:34,105,VALID,oai:ojs2.revistareconto.com.br:article/1,3,record:doi,record,doi,https://revistareconto.com.br/index.php/reconto/article/view/1,revistareconto.com.br,ok,200,https://revistareconto.com.br/index.php/reconto/article/view/1,,record:doi,record,doi,https://doi.org/10.33636/reconto.v1n1.e025,doi.org,ok,200,https://revistareconto.com.br/index.php/reconto/article/view/1,,,,,http://revistareconto.com.br/index.php/Reconto/oai?verb=GetRecord&identifier=oai%3Aojs2.revistareconto.com.br%3Aarticle%2F1&metadataPrefix=oai_dc,revistareconto.com.br,ok,200,http://revistareconto.com.br/index.php/Reconto/oai?verb=GetRecord&identifier=oai%3Aojs2.revistareconto.com.br%3Aarticle%2F1&metadataPrefix=oai_dc,,True,True,True,False,False,False,False,False,False,True,False
2335,Revista de Constitucionalização do Direito Brasileiro (Online),ICAM,Instituto Carlos Alexandre Moraes (ICAM),http://revistareconto.com.br/index.php/Reconto/oai,revistareconto.com.br,ojs,2025-07-07 14:30:34,105,VALID,oai:ojs2.revistareconto.com.br:article/2,3,record:doi,record,doi,https://revistareconto.com.br/index.php/reconto/article/view/2,revistareconto.com.br,ok,200,https://revistareconto.com.br/index.php/reconto/article/view/2,,record:doi,record,doi,https://doi.org/10.33636/reconto.v1n1.e001,doi.org,ok,200,https://revistareconto.com.br/index.php/reconto/article/view/2,,,,,http://revistareconto.com.br/index.php/Reconto/oai?verb=GetRecord&identifier=oai%3Aojs2.revistareconto.com.br%3Aarticle%2F2&metadataPrefix=oai_dc,revistareconto.com.br,ok,200,http://revistareconto.com.br/index.php/Reconto/oai?verb=GetRecord&identifier=oai%3Aojs2.revistareconto.com.br%3Aarticle%2F2&metadataPrefix=oai_dc,,True,True,True,False,False,False,False,False,False,True,False
2291,"Revista de Direito Urbanístico, Cidade e Alteridade",CONPEDI-37,Conselho Nacional de Pesquisa e Pós-graduação em Direito (CONPEDI),https://www.indexlaw.org/index.php/revistaDireitoUrbanistico/oai,www.indexlaw.org,ojs,2025-07-02 15:36:20,137,VALID,oai:ojs.indexlaw.org:article/53,3,record:doi,record,doi,https://indexlaw.org/index.php/revistaDireitoUrbanistico/article/view/53,indexlaw.org,ok,200,https://indexlaw.org/index.php/revistaDireitoUrbanistico/article/view/53,,record:doi,record,doi,https://doi.org/10.26668/IndexLawJournals/2525-989X/2015.v1i1.53,doi.org,ok,200,https://indexlaw.org/index.php/revistaDireitoUrbanistico/article/view/53,,,,,https://www.indexlaw.org/index.php/revistaDireitoUrbanistico/oai?verb=GetRecord&identifier=oai%3Aojs.indexlaw.org%3Aarticle%2F53&metadataPrefix=oai_dc,www.indexlaw.org,ok,200,https://www.indexlaw.org/index.php/revistaDireitoUrbanistico/oai?verb=GetRecord&identifier=oai%3Aojs.indexlaw.org%3Aarticle%2F53&metadataPrefix=oai_dc,,True,True,True,False,False,False,False,False,False,True,True
2291,"Revista de Direito Urbanístico, Cidade e Alteridade",CONPEDI-37,Conselho Nacional de Pesquisa e Pós-graduação em Direito (CONPEDI),https://www.indexlaw.org/index.php/revistaDireitoUrbanistico/oai,www.indexlaw.org,ojs,2025-07-02 15:36:20,137,VALID,oai:ojs.indexlaw.org:article/54,3,record:doi,record,doi,https://indexlaw.org/index.php/revistaDireitoUrbanistico/article/view/54,indexlaw.org,ok,200,https://indexlaw.org/index.php/revistaDireitoUrbanistico/article/view/54,,record:doi,record,doi,https://doi.org/10.26668/IndexLawJournals/2525-989X/2015.v1i1.54,doi.org,ok,200,https://indexlaw.org/index.php/revistaDireitoUrbanistico/article/view/54,,,,,https://www.indexlaw.org/index.php/revistaDireitoUrbanistico/oai?verb=GetRecord&identifier=oai%3Aojs.indexlaw.org%3Aarticle%2F54&metadataPrefix=oai_dc,www.indexlaw.org,ok,200,https://www.indexlaw.org/index.php/revistaDireitoUrbanistico/oai?verb=GetRecord&identifier=oai%3Aojs.indexlaw.org%3Aarticle%2F54&metadataPrefix=oai_dc,,True,True,True,False,False,False,False,False,False,True,True
1898,"Revista de Ensino em Artes, Moda e Design",UDESC-4,Universidade do Estado de Santa Catarina (UDESC),https://www.revistas.udesc.br/index.php/Ensinarmode/oai,www.revistas.udesc.br,ojs,2025-09-03 12:40:22,537,VALID,oai:ojs.revistas.udesc.br:article/3459,0,,,,,,sem-link,,,oai-error:badArgument,,,,,,sem-link,,,,,,,https://www.revistas.udesc.br/index.php/Ensinarmode/oai?verb=GetRecord&identifier=oai%3Aojs.revistas.udesc.br%3Aarticle%2F3459&metadataPrefix=oai_dc,www.revistas.udesc.br,ok,200,https://www.revistas.udesc.br/index.php/Ensinarmode/pt_BR/oai?verb=GetRecord&identifier=oai%3Aojs.revistas.udesc.br%3Aarticle%2F3459&metadataPrefix=oai_dc,,False,False,True,False,False,False,False,False,False,False,False
1898,"Revista de Ensino em Artes, Moda e Design",UDESC-4,Universidade do Estado de Santa Catarina (UDESC),https://www.revistas.udesc.br/index.php/Ensinarmode/oai,www.revistas.udesc.br,ojs,2025-09-03 12:40:22,537,VALID,oai:ojs.revistas.udesc.br:article/3912,0,,,,,,sem-link,,,oai-error:badArgument,,,,,,sem-link,,,,,,,https://www.revistas.udesc.br/index.php/Ensinarmode/oai?verb=GetRecord&identifier=oai%3Aojs.revistas.udesc.br%3Aarticle%2F3912&metadataPrefix=oai_dc,www.revistas.udesc.br,ok,200,https://www.revistas.udesc.br/index.php/Ensinarmode/pt_BR/oai?verb=GetRecord&identifier=oai%3Aojs.revistas.udesc.br%3Aarticle%2F3912&metadataPrefix=oai_dc,,False,False,True,False,False,False,False,False,False,False,False
2759,Revista de Ciências Agroveterinárias (Online),UDESC-10,Universidade do Estado de Santa Catarina (UDESC),https://periodicos.udesc.br/index.php/agroveterinaria/oai,periodicos.udesc.br,ojs,2026-08-18 15:54:10,1059,VALID,oai:ojs.revistas.udesc.br:article/3459,0,,,,,,sem-link,,,oai-error:badArgument,,,,,,sem-link,,,,,,,https://periodicos.udesc.br/index.php/agroveterinaria/oai?verb=GetRecord&identifier=oai%3Aojs.revistas.udesc.br%3Aarticle%2F3459&metadataPrefix=oai_dc,periodicos.udesc.br,ok,200,https://revistas.udesc.br/index.php/agroveterinaria/en/oai?verb=GetRecord&identifier=oai%3Aojs.revistas.udesc.br%3Aarticle%2F3459&metadataPrefix=oai_dc,,False,False,True,False,False,False,False,False,False,False,False
2759,Revista de Ciências Agroveterinárias (Online),UDESC-10,Universidade do Estado de Santa Catarina (UDESC),https://periodicos.udesc.br/index.php/agroveterinaria/oai,periodicos.udesc.br,ojs,2026-08-18 15:54:10,1059,VALID,oai:ojs.revistas.udesc.br:article/3912,0,,,,,,sem-link,,,oai-error:badArgument,,,,,,sem-link,,,,,,,https://periodicos.udesc.br/index.php/agroveterinaria/oai?verb=GetRecord&identifier=oai%3Aojs.revistas.udesc.br%3Aarticle%2F3912&metadataPrefix=oai_dc,periodicos.udesc.br,ok,200,https://revistas.udesc.br/index.php/agroveterinaria/en/oai?verb=GetRecord&identifier=oai%3Aojs.revistas.udesc.br%3Aarticle%2F3912&metadataPrefix=oai_dc,,False,False,True,False,False,False,False,False,False,False,False
1071,Reflexus (Online),UNIDA-1,Faculdade Unida (UNIDA),https://revista.fuv.edu.br/index.php/reflexus/oai,revista.fuv.edu.br,ojs,2026-01-08 22:21:25,484,VALID,oai:revista.faculdadeunida.com.br:article/14,0,,,,,,sem-link,,,oai-error:badArgument,,,,,,sem-link,,,,,,,https://revista.fuv.edu.br/index.php/reflexus/oai?verb=GetRecord&identifier=oai%3Arevista.faculdadeunida.com.br%3Aarticle%2F14&metadataPrefix=oai_dc,revista.fuv.edu.br,ok,200,https://revista.fuv.edu.br/index.php/reflexus/pt_BR/oai?verb=GetRecord&identifier=oai%3Arevista.faculdadeunida.com.br%3Aarticle%2F14&metadataPrefix=oai_dc,,False,False,True,False,False,False,False,False,False,False,False
1071,Reflexus (Online),UNIDA-1,Faculdade Unida (UNIDA),https://revista.fuv.edu.br/index.php/reflexus/oai,revista.fuv.edu.br,ojs,2026-01-08 22:21:25,484,VALID,oai:revista.faculdadeunida.com.br:article/15,0,,,,,,sem-link,,,oai-error:badArgument,,,,,,sem-link,,,,,,,https://revista.fuv.edu.br/index.php/reflexus/oai?verb=GetRecord&identifier=oai%3Arevista.faculdadeunida.com.br%3Aarticle%2F15&metadataPrefix=oai_dc,revista.fuv.edu.br,ok,200,https://revista.fuv.edu.br/index.php/reflexus/pt_BR/oai?verb=GetRecord&identifier=oai%3Arevista.faculdadeunida.com.br%3Aarticle%2F15&metadataPrefix=oai_dc,,False,False,True,False,False,False,False,False,False,False,False
1654,Revista de educação popular (Online),UFU-13,Universidade Federal de Uberlândia (UFU),https://seer.ufu.br/index.php/reveducpop/oai,seer.ufu.br,ojs,2025-05-07 13:39:31,917,VALID,oai:ojs.www.seer.ufu.br:article/19889,3,record:doi,record,doi,https://seer.ufu.br/index.php/reveducpop/article/view/19889,seer.ufu.br,ok,200,https://seer.ufu.br/index.php/reveducpop/article/view/19889,,record:doi,record,doi,https://doi.org/10.14393/REP-2007-19889,doi.org,ok,200,https://seer.ufu.br/index.php/reveducpop/article/view/19889,,,,,https://seer.ufu.br/index.php/reveducpop/oai?verb=GetRecord&identifier=oai%3Aojs.www.seer.ufu.br%3Aarticle%2F19889&metadataPrefix=oai_dc,seer.ufu.br,ok,200,https://seer.ufu.br/index.php/reveducpop/oai?verb=GetRecord&identifier=oai%3Aojs.www.seer.ufu.br%3Aarticle%2F19889&metadataPrefix=oai_dc,,True,True,True,False,False,False,False,False,False,True,False
1654,Revista de educação popular (Online),UFU-13,Universidade Federal de Uberlândia (UFU),https://seer.ufu.br/index.php/reveducpop/oai,seer.ufu.br,ojs,2025-05-07 13:39:31,917,VALID,oai:ojs.www.seer.ufu.br:article/19890,3,record:doi,record,doi,https://seer.ufu.br/index.php/reveducpop/article/view/19890,seer.ufu.br,ok,200,https://seer.ufu.br/index.php/reveducpop/article/view/19890,,record:doi,record,doi,https://doi.org/10.14393/REP-2007-19890,doi.org,ok,200,https://seer.ufu.br/index.php/reveducpop/article/view/19890,,,,,https://seer.ufu.br/index.php/reveducpop/oai?verb=GetRecord&identifier=oai%3Aojs.www.seer.ufu.br%3Aarticle%2F19890&metadataPrefix=oai_dc,seer.ufu.br,ok,200,https://seer.ufu.br/index.php/reveducpop/oai?verb=GetRecord&identifier=oai%3Aojs.www.seer.ufu.br%3Aarticle%2F19890&metadataPrefix=oai_dc,,True,True,True,False,False,False,False,False,False,True,False
1914,Revista UniVap (online),UNIVAP-1,Universidade do Vale do Paraíba (Univap),https://revista.univap.br/index.php/revistaunivap/oai,revista.univap.br,ojs,2025-05-13 09:39:54,1346,VALID,oai:ojs.biblioteca.univap.br:article/7,6,record:doi,record,doi,https://revista.univap.br/index.php/revistaunivap/article/view/7,revista.univap.br,ok,200,https://revista.univap.br/index.php/revistaunivap/article/view/7,,record:doi,record,doi,https://doi.org/10.18066/revunivap.v17i30.7,doi.org,ok,200,https://revista.univap.br/index.php/revistaunivap/article/view/7,,,,,https://revista.univap.br/index.php/revistaunivap/oai?verb=GetRecord&identifier=oai%3Aojs.biblioteca.univap.br%3Aarticle%2F7&metadataPrefix=oai_dc,revista.univap.br,ok,200,https://revista.univap.br/index.php/revistaunivap/oai?verb=GetRecord&identifier=oai%3Aojs.biblioteca.univap.br%3Aarticle%2F7&metadataPrefix=oai_dc,,True,True,True,False,False,False,False,False,False,True,False
1914,Revista UniVap (online),UNIVAP-1,Universidade do Vale do Paraíba (Univap),https://revista.univap.br/index.php/revistaunivap/oai,revista.univap.br,ojs,2025-05-13 09:39:54,1346,VALID,oai:ojs.biblioteca.univap.br:article/8,4,record:doi,record,doi,https://revista.univap.br/index.php/revistaunivap/article/view/8,revista.univap.br,ok,200,https://revista.univap.br/index.php/revistaunivap/article/view/8,,record:doi,record,doi,https://doi.org/10.18066/revunivap.v17i29.8,doi.org,ok,200,https://revista.univap.br/index.php/revistaunivap/article/view/8,,,,,https://revista.univap.br/index.php/revistaunivap/oai?verb=GetRecord&identifier=oai%3Aojs.biblioteca.univap.br%3Aarticle%2F8&metadataPrefix=oai_dc,revista.univap.br,ok,200,https://revista.univap.br/index.php/revistaunivap/oai?verb=GetRecord&identifier=oai%3Aojs.biblioteca.univap.br%3Aarticle%2F8&metadataPrefix=oai_dc,,True,True,True,False,False,False,False,False,False,True,False
1151,"Revista de Direito, Economia e Desenvolvimento Sustentável",CONPEDI,Conselho Nacional de Pesquisa e Pós-graduação em Direito (CONPEDI),http://www.indexlaw.org/index.php/revistaddsus/oai,www.indexlaw.org,ojs,2026-01-09 10:10:14,134,VALID,oai:ojs.publishinglaw.provisorio.ws:article/934,0,,,,,,sem-link,,,oai-error:badArgument,,,,,,sem-link,,,,,,,http://www.indexlaw.org/index.php/revistaddsus/oai?verb=GetRecord&identifier=oai%3Aojs.publishinglaw.provisorio.ws%3Aarticle%2F934&metadataPrefix=oai_dc,www.indexlaw.org,ok,200,http://www.indexlaw.org/index.php/revistaddsus/oai?verb=GetRecord&identifier=oai%3Aojs.publishinglaw.provisorio.ws%3Aarticle%2F934&metadataPrefix=oai_dc,,False,False,True,False,False,False,False,False,False,False,False
1151,"Revista de Direito, Economia e Desenvolvimento Sustentável",CONPEDI,Conselho Nacional de Pesquisa e Pós-graduação em Direito (CONPEDI),http://www.indexlaw.org/index.php/revistaddsus/oai,www.indexlaw.org,ojs,2026-01-09 10:10:14,134,VALID,oai:ojs.publishinglaw.provisorio.ws:article/936,0,,,,,,sem-link,,,oai-error:badArgument,,,,,,sem-link,,,,,,,http://www.indexlaw.org/index.php/revistaddsus/oai?verb=GetRecord&identifier=oai%3Aojs.publishinglaw.provisorio.ws%3Aarticle%2F936&metadataPrefix=oai_dc,www.indexlaw.org,ok,200,http://www.indexlaw.org/index.php/revistaddsus/oai?verb=GetRecord&identifier=oai%3Aojs.publishinglaw.provisorio.ws%3Aarticle%2F936&metadataPrefix=oai_dc,,False,False,True,False,False,False,False,False,False,False,False
2317,Revista Brasileira de Psicodrama (Online),FEBRAP,Federação Brasileira de Psicodrama (Febrap),https://revbraspsicodrama.org.br/rbp/oai,revbraspsicodrama.org.br,outra,2025-07-04 15:48:04,466,VALID,oai:ojs.revbraspsicodrama.org.br:article/3,2,record:ojs,record,ojs,https://revbraspsicodrama.org.br/rbp/article/view/3,revbraspsicodrama.org.br,ok,200,https://revbraspsicodrama.org.br/rbp/article/view/3,,record:ojs,record,ojs,https://revbraspsicodrama.org.br/rbp/article/view/3,revbraspsicodrama.org.br,ok,200,https://revbraspsicodrama.org.br/rbp/article/view/3,,,,,https://revbraspsicodrama.org.br/rbp/oai?verb=GetRecord&identifier=oai%3Aojs.revbraspsicodrama.org.br%3Aarticle%2F3&metadataPrefix=oai_dc,revbraspsicodrama.org.br,ok,200,https://revbraspsicodrama.org.br/rbp/oai?verb=GetRecord&identifier=oai%3Aojs.revbraspsicodrama.org.br%3Aarticle%2F3&metadataPrefix=oai_dc,,True,True,True,False,False,False,False,False,False,False,False
2317,Revista Brasileira de Psicodrama (Online),FEBRAP,Federação Brasileira de Psicodrama (Febrap),https://revbraspsicodrama.org.br/rbp/oai,revbraspsicodrama.org.br,outra,2025-07-04 15:48:04,466,VALID,oai:ojs.revbraspsicodrama.org.br:article/7,2,record:ojs,record,ojs,https://revbraspsicodrama.org.br/rbp/article/view/7,revbraspsicodrama.org.br,ok,200,https://revbraspsicodrama.org.br/rbp/article/view/7,,record:ojs,record,ojs,https://revbraspsicodrama.org.br/rbp/article/view/7,revbraspsicodrama.org.br,ok,200,https://revbraspsicodrama.org.br/rbp/article/view/7,,,,,https://revbraspsicodrama.org.br/rbp/oai?verb=GetRecord&identifier=oai%3Aojs.revbraspsicodrama.org.br%3Aarticle%2F7&metadataPrefix=oai_dc,revbraspsicodrama.org.br,ok,200,https://revbraspsicodrama.org.br/rbp/oai?verb=GetRecord&identifier=oai%3Aojs.revbraspsicodrama.org.br%3Aarticle%2F7&metadataPrefix=oai_dc,,True,True,True,False,False,False,False,False,False,False,False
614,Horizonte - Revista de Estudos de Teologia e Ciências da Religião,PUC_MINS-3,Pontifícia Universidade Católica de Minas Gerais (PUC Minas),https://periodicos.pucminas.br/horizonte/oai,periodicos.pucminas.br,outra,2026-01-08 20:56:21,1554,VALID,oai:ojs3.periodicos.pucminas.br:article/362,3,record:ojs,record,ojs,https://periodicos.pucminas.br/horizonte/article/view/362,periodicos.pucminas.br,ok,200,https://periodicos.pucminas.br/horizonte/article/view/362,,record:doi,record,doi,https://doi.org/10.5752/P.2175-5841.2007v6n11p214-214,doi.org,http-4xx,404,https://doi.org/10.5752/P.2175-5841.2007v6n11p214-214,,,,,https://periodicos.pucminas.br/horizonte/oai?verb=GetRecord&identifier=oai%3Aojs3.periodicos.pucminas.br%3Aarticle%2F362&metadataPrefix=oai_dc,periodicos.pucminas.br,ok,200,https://periodicos.pucminas.br/horizonte/oai?verb=GetRecord&identifier=oai%3Aojs3.periodicos.pucminas.br%3Aarticle%2F362&metadataPrefix=oai_dc,,True,False,True,False,False,True,False,True,False,True,False
614,Horizonte - Revista de Estudos de Teologia e Ciências da Religião,PUC_MINS-3,Pontifícia Universidade Católica de Minas Gerais (PUC Minas),https://periodicos.pucminas.br/horizonte/oai,periodicos.pucminas.br,outra,2026-01-08 20:56:21,1554,VALID,oai:ojs3.periodicos.pucminas.br:article/363,2,record:ojs,record,ojs,https://periodicos.pucminas.br/horizonte/article/view/363,periodicos.pucminas.br,ok,200,https://periodicos.pucminas.br/horizonte/article/view/363,,record:ojs,record,ojs,https://periodicos.pucminas.br/horizonte/article/view/363,periodicos.pucminas.br,ok,200,https://periodicos.pucminas.br/horizonte/article/view/363,,,,,https://periodicos.pucminas.br/horizonte/oai?verb=GetRecord&identifier=oai%3Aojs3.periodicos.pucminas.br%3Aarticle%2F363&metadataPrefix=oai_dc,periodicos.pucminas.br,ok,200,https://periodicos.pucminas.br/horizonte/oai?verb=GetRecord&identifier=oai%3Aojs3.periodicos.pucminas.br%3Aarticle%2F363&metadataPrefix=oai_dc,,True,True,True,False,False,False,False,False,False,False,False
1057,Revista odisséia,UFRN-7,Universidade Federal do Rio Grande do Norte (UFRN),https://periodicos.ufrn.br/odisseia/oai,periodicos.ufrn.br,outra,2026-01-08 22:20:10,439,VALID,oai:periodicos.ufrn.br:article/2011,2,record:ojs,record,ojs,https://periodicos.ufrn.br/odisseia/article/view/2011,periodicos.ufrn.br,ok,200,https://periodicos.ufrn.br/odisseia/article/view/2011,,record:ojs,record,ojs,https://periodicos.ufrn.br/odisseia/article/view/2011,periodicos.ufrn.br,ok,200,https://periodicos.ufrn.br/odisseia/article/view/2011,,,,,https://periodicos.ufrn.br/odisseia/oai?verb=GetRecord&identifier=oai%3Aperiodicos.ufrn.br%3Aarticle%2F2011&metadataPrefix=oai_dc,periodicos.ufrn.br,ok,200,https://periodicos.ufrn.br/odisseia/oai?verb=GetRecord&identifier=oai%3Aperiodicos.ufrn.br%3Aarticle%2F2011&metadataPrefix=oai_dc,,True,True,True,False,False,False,False,False,False,False,False
1057,Revista odisséia,UFRN-7,Universidade Federal do Rio Grande do Norte (UFRN),https://periodicos.ufrn.br/odisseia/oai,periodicos.ufrn.br,outra,2026-01-08 22:20:10,439,VALID,oai:periodicos.ufrn.br:article/2012,2,record:ojs,record,ojs,https://periodicos.ufrn.br/odisseia/article/view/2012,periodicos.ufrn.br,ok,200,https://periodicos.ufrn.br/odisseia/article/view/2012,,record:ojs,record,ojs,https://periodicos.ufrn.br/odisseia/article/view/2012,periodicos.ufrn.br,ok,200,https://periodicos.ufrn.br/odisseia/article/view/2012,,,,,https://periodicos.ufrn.br/odisseia/oai?verb=GetRecord&identifier=oai%3Aperiodicos.ufrn.br%3Aarticle%2F2012&metadataPrefix=oai_dc,periodicos.ufrn.br,ok,200,https://periodicos.ufrn.br/odisseia/oai?verb=GetRecord&identifier=oai%3Aperiodicos.ufrn.br%3Aarticle%2F2012&metadataPrefix=oai_dc,,True,True,True,False,False,False,False,False,False,False,False
2510,Revista OuvirOUver (Online),UFU-21,Universidade Federal de Uberlândia (UFU),https://seer.ufu.br/index.php/ouvirouver/oai,seer.ufu.br,ojs,2026-08-24 17:00:26,610,VALID,oai:ojs.www.seer.ufu.br:article/22,2,record:ojs,record,ojs,https://seer.ufu.br/index.php/ouvirouver/article/view/22,seer.ufu.br,ok,200,https://seer.ufu.br/index.php/ouvirouver/article/view/22,,record:ojs,record,ojs,https://seer.ufu.br/index.php/ouvirouver/article/view/22,seer.ufu.br,ok,200,https://seer.ufu.br/index.php/ouvirouver/article/view/22,,,,,https://seer.ufu.br/index.php/ouvirouver/oai?verb=GetRecord&identifier=oai%3Aojs.www.seer.ufu.br%3Aarticle%2F22&metadataPrefix=oai_dc,seer.ufu.br,ok,200,https://seer.ufu.br/index.php/ouvirouver/oai?verb=GetRecord&identifier=oai%3Aojs.www.seer.ufu.br%3Aarticle%2F22&metadataPrefix=oai_dc,,True,True,True,False,False,False,False,False,False,False,False
2510,Revista OuvirOUver (Online),UFU-21,Universidade Federal de Uberlândia (UFU),https://seer.ufu.br/index.php/ouvirouver/oai,seer.ufu.br,ojs,2026-08-24 17:00:26,610,VALID,oai:ojs.www.seer.ufu.br:article/23,2,record:ojs,record,ojs,https://seer.ufu.br/index.php/ouvirouver/article/view/23,seer.ufu.br,ok,200,https://seer.ufu.br/index.php/ouvirouver/article/view/23,,record:ojs,record,ojs,https://seer.ufu.br/index.php/ouvirouver/article/view/23,seer.ufu.br,ok,200,https://seer.ufu.br/index.php/ouvirouver/article/view/23,,,,,https://seer.ufu.br/index.php/ouvirouver/oai?verb=GetRecord&identifier=oai%3Aojs.www.seer.ufu.br%3Aarticle%2F23&metadataPrefix=oai_dc,seer.ufu.br,ok,200,https://seer.ufu.br/index.php/ouvirouver/oai?verb=GetRecord&identifier=oai%3Aojs.www.seer.ufu.br%3Aarticle%2F23&metadataPrefix=oai_dc,,True,True,True,False,False,False,False,False,False,False,False
2044,REGEPE Entrepreneurship and Small Business Journal,ANEGEPE,Associação Nacional de Estudos em Empreendedorismo e Gestão de Pequenas Empresas (ANEGEPE),https://www.regepe.org.br/regepe/oai,www.regepe.org.br,outra,2025-05-14 11:06:18,373,VALID,oai:ojs.regepe.org.br:article/12,3,record:doi,record,doi,https://regepe.org.br/regepe/article/view/12,regepe.org.br,ok,200,https://regepe.org.br/regepe/article/view/12,,record:doi,record,doi,https://doi.org/10.14211/regepe.v1i1.12,doi.org,ok,200,https://regepe.org.br/regepe/article/view/12,,,,,https://www.regepe.org.br/regepe/oai?verb=GetRecord&identifier=oai%3Aojs.regepe.org.br%3Aarticle%2F12&metadataPrefix=oai_dc,www.regepe.org.br,ok,200,https://regepe.org.br/regepe/oai?verb=GetRecord&identifier=oai%3Aojs.regepe.org.br%3Aarticle%2F12&metadataPrefix=oai_dc,,True,True,True,False,False,False,False,False,False,True,True
2044,REGEPE Entrepreneurship and Small Business Journal,ANEGEPE,Associação Nacional de Estudos em Empreendedorismo e Gestão de Pequenas Empresas (ANEGEPE),https://www.regepe.org.br/regepe/oai,www.regepe.org.br,outra,2025-05-14 11:06:18,373,VALID,oai:ojs.regepe.org.br:article/13,3,record:doi,record,doi,https://regepe.org.br/regepe/article/view/13,regepe.org.br,ok,200,https://regepe.org.br/regepe/article/view/13,,record:doi,record,doi,https://doi.org/10.14211/regepe.v1i1.13,doi.org,ok,200,https://regepe.org.br/regepe/article/view/13,,,,,https://www.regepe.org.br/regepe/oai?verb=GetRecord&identifier=oai%3Aojs.regepe.org.br%3Aarticle%2F13&metadataPrefix=oai_dc,www.regepe.org.br,ok,200,https://regepe.org.br/regepe/oai?verb=GetRecord&identifier=oai%3Aojs.regepe.org.br%3Aarticle%2F13&metadataPrefix=oai_dc,,True,True,True,False,False,False,False,False,False,True,True
253,Zero-a-seis,UFSC-4,Universidade Federal de Santa Catarina (UFSC),https://periodicos.ufsc.br/index.php/zeroseis/oai,periodicos.ufsc.br,ojs,2026-01-05 11:14:01,818,VALID,oai:periodicos.ufsc.br:article/799,3,record:ojs,record,ojs,https://periodicos.ufsc.br/index.php/zeroseis/article/view/799,periodicos.ufsc.br,ok,200,https://periodicos.ufsc.br/index.php/zeroseis/article/view/799,,record:doi,record,doi,https://doi.org/10.5007/%x,doi.org,http-4xx,400,https://doi.org/10.5007/%x,,,,,https://periodicos.ufsc.br/index.php/zeroseis/oai?verb=GetRecord&identifier=oai%3Aperiodicos.ufsc.br%3Aarticle%2F799&metadataPrefix=oai_dc,periodicos.ufsc.br,ok,200,https://periodicos.ufsc.br/index.php/zeroseis/oai?verb=GetRecord&identifier=oai%3Aperiodicos.ufsc.br%3Aarticle%2F799&metadataPrefix=oai_dc,,True,False,True,False,False,True,False,True,False,True,False
253,Zero-a-seis,UFSC-4,Universidade Federal de Santa Catarina (UFSC),https://periodicos.ufsc.br/index.php/zeroseis/oai,periodicos.ufsc.br,ojs,2026-01-05 11:14:01,818,VALID,oai:periodicos.ufsc.br:article/800,3,record:doi,record,doi,https://periodicos.ufsc.br/index.php/zeroseis/article/view/1980-4512.2008n17p52,periodicos.ufsc.br,ok,200,https://periodicos.ufsc.br/index.php/zeroseis/article/view/1980-4512.2008n17p52,,record:doi,record,doi,https://doi.org/10.5007/1980-4512.2008n17p52,doi.org,ok,200,https://periodicos.ufsc.br/index.php/zeroseis/article/view/1980-4512.2008n17p52,,,,,https://periodicos.ufsc.br/index.php/zeroseis/oai?verb=GetRecord&identifier=oai%3Aperiodicos.ufsc.br%3Aarticle%2F800&metadataPrefix=oai_dc,periodicos.ufsc.br,ok,200,https://periodicos.ufsc.br/index.php/zeroseis/oai?verb=GetRecord&identifier=oai%3Aperiodicos.ufsc.br%3Aarticle%2F800&metadataPrefix=oai_dc,,True,True,True,False,False,False,False,False,False,True,False
729,Revista de Administração Pública,FGV-4,Fundação Getulio Vargas (FGV),https://periodicos.fgv.br/rap/oai,periodicos.fgv.br,outra,2026-01-08 21:29:57,3147,VALID,oai:ojs.periodicos.fgv.br:article/4154,2,record:ojs,record,ojs,https://periodicos.fgv.br/rap/article/view/4154,periodicos.fgv.br,ok,200,https://periodicos.fgv.br/rap/article/view/4154,,record:ojs,record,ojs,https://periodicos.fgv.br/rap/article/view/4154,periodicos.fgv.br,ok,200,https://periodicos.fgv.br/rap/article/view/4154,,,,,https://periodicos.fgv.br/rap/oai?verb=GetRecord&identifier=oai%3Aojs.periodicos.fgv.br%3Aarticle%2F4154&metadataPrefix=oai_dc,periodicos.fgv.br,ok,200,https://periodicos.fgv.br/rap/oai?verb=GetRecord&identifier=oai%3Aojs.periodicos.fgv.br%3Aarticle%2F4154&metadataPrefix=oai_dc,,True,True,True,False,False,False,False,False,False,False,False
729,Revista de Administração Pública,FGV-4,Fundação Getulio Vargas (FGV),https://periodicos.fgv.br/rap/oai,periodicos.fgv.br,outra,2026-01-08 21:29:57,3147,VALID,oai:ojs.periodicos.fgv.br:article/4156,2,record:ojs,record,ojs,https://periodicos.fgv.br/rap/article/view/4156,periodicos.fgv.br,ok,200,https://periodicos.fgv.br/rap/article/view/4156,,record:ojs,record,ojs,https://periodicos.fgv.br/rap/article/view/4156,periodicos.fgv.br,ok,200,https://periodicos.fgv.br/rap/article/view/4156,,,,,https://periodicos.fgv.br/rap/oai?verb=GetRecord&identifier=oai%3Aojs.periodicos.fgv.br%3Aarticle%2F4156&metadataPrefix=oai_dc,periodicos.fgv.br,ok,200,https://periodicos.fgv.br/rap/oai?verb=GetRecord&identifier=oai%3Aojs.periodicos.fgv.br%3Aarticle%2F4156&metadataPrefix=oai_dc,,True,True,True,False,False,False,False,False,False,False,False
491,Geografia (Londrina),UEL-7,Universidade Estadual de Londrina (UEL),https://ojs.uel.br/revistas/uel/index.php/geografia/oai,ojs.uel.br,ojs,2026-01-08 20:22:34,1750,VALID,oai:ojs2.ojs.uel.br:article/1982,3,record:ojs,record,ojs,https://ojs.uel.br/revistas/uel/index.php/geografia/article/view/1982,ojs.uel.br,ok,200,https://ojs.uel.br/revistas/uel/index.php/geografia/article/view/1982,,record:doi,record,doi,https://doi.org/10.5433/2447-1747.2009v18n1p233,doi.org,http-4xx,404,https://doi.org/10.5433/2447-1747.2009v18n1p233,,,,,https://ojs.uel.br/revistas/uel/index.php/geografia/oai?verb=GetRecord&identifier=oai%3Aojs2.ojs.uel.br%3Aarticle%2F1982&metadataPrefix=oai_dc,ojs.uel.br,ok,200,https://ojs.uel.br/revistas/uel/index.php/geografia/oai?verb=GetRecord&identifier=oai%3Aojs2.ojs.uel.br%3Aarticle%2F1982&metadataPrefix=oai_dc,,True,False,True,False,False,True,False,True,False,True,False
491,Geografia (Londrina),UEL-7,Universidade Estadual de Londrina (UEL),https://ojs.uel.br/revistas/uel/index.php/geografia/oai,ojs.uel.br,ojs,2026-01-08 20:22:34,1750,VALID,oai:ojs2.ojs.uel.br:article/2323,3,record:ojs,record,ojs,https://ojs.uel.br/revistas/uel/index.php/geografia/article/view/2323,ojs.uel.br,ok,200,https://ojs.uel.br/revistas/uel/index.php/geografia/article/view/2323,,record:doi,record,doi,https://doi.org/10.5433/2447-1747.2009v18n1p33,doi.org,http-4xx,404,https://doi.org/10.5433/2447-1747.2009v18n1p33,,,,,https://ojs.uel.br/revistas/uel/index.php/geografia/oai?verb=GetRecord&identifier=oai%3Aojs2.ojs.uel.br%3Aarticle%2F2323&metadataPrefix=oai_dc,ojs.uel.br,ok,200,https://ojs.uel.br/revistas/uel/index.php/geografia/oai?verb=GetRecord&identifier=oai%3Aojs2.ojs.uel.br%3Aarticle%2F2323&metadataPrefix=oai_dc,,True,False,True,False,False,True,False,True,False,True,False
2407,Revista Iluminuras,UFRGS-37,Universidade Federal do Rio Grande do Sul (UFRGS),https://seer.ufrgs.br/iluminuras/oai,seer.ufrgs.br,outra,2025-07-09 11:07:43,1097,VALID,oai:seer.ufrgs.br:article/8923,3,record:doi,record,doi,https://seer.ufrgs.br/iluminuras/article/view/8923,seer.ufrgs.br,ok,200,https://seer.ufrgs.br/iluminuras/article/view/8923,,record:doi,record,doi,https://doi.org/10.22456/1984-1191.8923,doi.org,ok,200,https://seer.ufrgs.br/iluminuras/article/view/8923,,,,,https://seer.ufrgs.br/iluminuras/oai?verb=GetRecord&identifier=oai%3Aseer.ufrgs.br%3Aarticle%2F8923&metadataPrefix=oai_dc,seer.ufrgs.br,ok,200,https://seer.ufrgs.br/iluminuras/oai?verb=GetRecord&identifier=oai%3Aseer.ufrgs.br%3Aarticle%2F8923&metadataPrefix=oai_dc,,True,True,True,False,False,False,False,False,False,True,False
2407,Revista Iluminuras,UFRGS-37,Universidade Federal do Rio Grande do Sul (UFRGS),https://seer.ufrgs.br/iluminuras/oai,seer.ufrgs.br,outra,2025-07-09 11:07:43,1097,VALID,oai:seer.ufrgs.br:article/8924,3,record:doi,record,doi,https://seer.ufrgs.br/iluminuras/article/view/8924,seer.ufrgs.br,ok,200,https://seer.ufrgs.br/iluminuras/article/view/8924,,record:doi,record,doi,https://doi.org/10.22456/1984-1191.8924,doi.org,ok,200,https://seer.ufrgs.br/iluminuras/article/view/8924,,,,,https://seer.ufrgs.br/iluminuras/oai?verb=GetRecord&identifier=oai%3Aseer.ufrgs.br%3Aarticle%2F8924&metadataPrefix=oai_dc,seer.ufrgs.br,ok,200,https://seer.ufrgs.br/iluminuras/oai?verb=GetRecord&identifier=oai%3Aseer.ufrgs.br%3Aarticle%2F8924&metadataPrefix=oai_dc,,True,True,True,False,False,False,False,False,False,True,False
2507,Revista de Didática e Psicologia Pedagógica - Obutchénie,UFU-19,Universidade Federal de Uberlândia (UFU),https://seer.ufu.br/index.php/Obutchenie/oai,seer.ufu.br,ojs,2026-08-24 17:00:21,456,VALID,oai:ojs.www.seer.ufu.br:article/38113,3,record:doi,record,doi,https://seer.ufu.br/index.php/Obutchenie/article/view/38113,seer.ufu.br,ok,200,https://seer.ufu.br/index.php/Obutchenie/article/view/38113,,record:doi,record,doi,https://doi.org/10.14393/OBv1n1a2017-2,doi.org,ok,200,https://seer.ufu.br/index.php/Obutchenie/article/view/38113,,,,,https://seer.ufu.br/index.php/Obutchenie/oai?verb=GetRecord&identifier=oai%3Aojs.www.seer.ufu.br%3Aarticle%2F38113&metadataPrefix=oai_dc,seer.ufu.br,ok,200,https://seer.ufu.br/index.php/Obutchenie/oai?verb=GetRecord&identifier=oai%3Aojs.www.seer.ufu.br%3Aarticle%2F38113&metadataPrefix=oai_dc,,True,True,True,False,False,False,False,False,False,True,False
2507,Revista de Didática e Psicologia Pedagógica - Obutchénie,UFU-19,Universidade Federal de Uberlândia (UFU),https://seer.ufu.br/index.php/Obutchenie/oai,seer.ufu.br,ojs,2026-08-24 17:00:21,456,VALID,oai:ojs.www.seer.ufu.br:article/38182,2,record:ojs,record,ojs,https://seer.ufu.br/index.php/Obutchenie/article/view/38182,seer.ufu.br,ok,200,https://seer.ufu.br/index.php/Obutchenie/article/view/38182,,record:ojs,record,ojs,https://seer.ufu.br/index.php/Obutchenie/article/view/38182,seer.ufu.br,ok,200,https://seer.ufu.br/index.php/Obutchenie/article/view/38182,,,,,https://seer.ufu.br/index.php/Obutchenie/oai?verb=GetRecord&identifier=oai%3Aojs.www.seer.ufu.br%3Aarticle%2F38182&metadataPrefix=oai_dc,seer.ufu.br,ok,200,https://seer.ufu.br/index.php/Obutchenie/oai?verb=GetRecord&identifier=oai%3Aojs.www.seer.ufu.br%3Aarticle%2F38182&metadataPrefix=oai_dc,,True,True,True,False,False,False,False,False,False,False,False
13,Revista de Letras,UTFPR-10,Universidade Tecnológica Federal do Paraná (UTFPR),https://periodicos.utfpr.edu.br/rl/oai,periodicos.utfpr.edu.br,outra,2026-09-02 16:08:54,527,VALID,oai:periodicos.utfpr:article/15521,0,,,,,,sem-link,,,no-usable-url,derived:ojs,derived,ojs,https://periodicos.utfpr.edu.br/rl/index,periodicos.utfpr.edu.br,fora-da-rota,200,https://periodicos.utfpr.edu.br/rl/index,,,,,https://periodicos.utfpr.edu.br/rl/oai?verb=GetRecord&identifier=oai%3Aperiodicos.utfpr%3Aarticle%2F15521&metadataPrefix=oai_dc,periodicos.utfpr.edu.br,ok,200,https://periodicos.utfpr.edu.br/rl/oai?verb=GetRecord&identifier=oai%3Aperiodicos.utfpr%3Aarticle%2F15521&metadataPrefix=oai_dc,,False,False,True,False,False,True,False,False,False,True,False
13,Revista de Letras,UTFPR-10,Universidade Tecnológica Federal do Paraná (UTFPR),https://periodicos.utfpr.edu.br/rl/oai,periodicos.utfpr.edu.br,outra,2026-09-02 16:08:54,527,VALID,oai:periodicos.utfpr:article/10049,0,,,,,,sem-link,,,no-usable-url,derived:ojs,derived,ojs,https://periodicos.utfpr.edu.br/rl/index,periodicos.utfpr.edu.br,fora-da-rota,200,https://periodicos.utfpr.edu.br/rl/index,,,,,https://periodicos.utfpr.edu.br/rl/oai?verb=GetRecord&identifier=oai%3Aperiodicos.utfpr%3Aarticle%2F10049&metadataPrefix=oai_dc,periodicos.utfpr.edu.br,ok,200,https://periodicos.utfpr.edu.br/rl/oai?verb=GetRecord&identifier=oai%3Aperiodicos.utfpr%3Aarticle%2F10049&metadataPrefix=oai_dc,,False,False,True,False,False,True,False,False,False,True,False
19,Archives of Clinical Psychiatry,USP-5,Universidade de São Paulo (USP),https://www.revistas.usp.br/acp/oai,www.revistas.usp.br,outra,2026-09-02 16:12:07,846,VALID,oai:revistas.usp.br:article/16199,3,record:doi,record,doi,http://www.scielo.br/j/rpc/a/945dxzsGn9DZy5yX6XxSWXD/?lang=pt,www.scielo.br,ok,200,http://www.scielo.br/j/rpc/a/945dxzsGn9DZy5yX6XxSWXD/?lang=pt,,record:doi,record,doi,https://doi.org/10.1590/S0101-60832002000600001,doi.org,ok,200,http://www.scielo.br/j/rpc/a/945dxzsGn9DZy5yX6XxSWXD/?lang=pt,,,,,https://www.revistas.usp.br/acp/oai?verb=GetRecord&identifier=oai%3Arevistas.usp.br%3Aarticle%2F16199&metadataPrefix=oai_dc,www.revistas.usp.br,ok,200,https://revistas.usp.br/acp/en/oai?verb=GetRecord&identifier=oai%3Arevistas.usp.br%3Aarticle%2F16199&metadataPrefix=oai_dc,,True,True,True,False,False,False,False,False,False,True,True
19,Archives of Clinical Psychiatry,USP-5,Universidade de São Paulo (USP),https://www.revistas.usp.br/acp/oai,www.revistas.usp.br,outra,2026-09-02 16:12:07,846,VALID,oai:revistas.usp.br:article/16200,3,record:ojs,record,ojs,https://revistas.usp.br/acp/en/article/view/16200,revistas.usp.br,ok,200,https://revistas.usp.br/acp/en/article/view/16200,,record:doi,record,doi,https://doi.org/10.1590/S0101-60832002000600002,doi.org,ok,200,http://www.scielo.br/j/rpc/a/qkcXgdJQV53DZqhSRNHYYKg/?lang=en,,,,,https://www.revistas.usp.br/acp/oai?verb=GetRecord&identifier=oai%3Arevistas.usp.br%3Aarticle%2F16200&metadataPrefix=oai_dc,www.revistas.usp.br,ok,200,https://revistas.usp.br/acp/en/oai?verb=GetRecord&identifier=oai%3Arevistas.usp.br%3Aarticle%2F16200&metadataPrefix=oai_dc,,True,True,True,False,False,False,False,False,False,True,True
2182,REEC - Revista Eletrônica de Engenharia Civil,UFG-26,Universidade Federal de Goiás (UFG),https://revistas.ufg.br/reec/oai,revistas.ufg.br,outra,2025-04-30 11:38:52,357,VALID,oai:ojs.revistas.ufg.br:article/8862,3,record:doi,record,doi,https://revistas.ufg.br/index.php/reec/article/view/8862,revistas.ufg.br,ok,200,https://revistas.ufg.br/index.php/reec/article/view/8862,,record:doi,record,doi,https://doi.org/10.5216/reec.v1i1.8862,doi.org,ok,200,https://revistas.ufg.br/index.php/reec/article/view/8862,,,,,https://revistas.ufg.br/reec/oai?verb=GetRecord&identifier=oai%3Aojs.revistas.ufg.br%3Aarticle%2F8862&metadataPrefix=oai_dc,revistas.ufg.br,ok,200,https://revistas.ufg.br/reec/oai?verb=GetRecord&identifier=oai%3Aojs.revistas.ufg.br%3Aarticle%2F8862&metadataPrefix=oai_dc,,True,True,True,False,False,False,False,False,False,True,False
2182,REEC - Revista Eletrônica de Engenharia Civil,UFG-26,Universidade Federal de Goiás (UFG),https://revistas.ufg.br/reec/oai,revistas.ufg.br,outra,2025-04-30 11:38:52,357,VALID,oai:ojs.revistas.ufg.br:article/8865,2,record:ojs,record,ojs,https://revistas.ufg.br/reec/article/view/8865,revistas.ufg.br,ok,200,https://revistas.ufg.br/reec/article/view/8865,,record:ojs,record,ojs,https://revistas.ufg.br/reec/article/view/8865,revistas.ufg.br,ok,200,https://revistas.ufg.br/reec/article/view/8865,,,,,https://revistas.ufg.br/reec/oai?verb=GetRecord&identifier=oai%3Aojs.revistas.ufg.br%3Aarticle%2F8865&metadataPrefix=oai_dc,revistas.ufg.br,ok,200,https://revistas.ufg.br/reec/oai?verb=GetRecord&identifier=oai%3Aojs.revistas.ufg.br%3Aarticle%2F8865&metadataPrefix=oai_dc,,True,True,True,False,False,False,False,False,False,False,False
2019,Novation,UFPR-18,Universidade Federal do Paraná (UFPR),https://revistas.ufpr.br/novation/oai,revistas.ufpr.br,outra,2025-05-13 16:32:16,50,VALID,oai:ojs.pkp.sfu.ca:article/91112,5,record:doi,record,doi,https://revistas.ufpr.br/novation/article/view/91112,revistas.ufpr.br,ok,200,https://revistas.ufpr.br/novation/article/view/91112,,record:doi,record,doi,https://doi.org/10.5380/nocsi.v0i4.91112,doi.org,ok,200,https://revistas.ufpr.br/novation/article/view/91112,,,,,https://revistas.ufpr.br/novation/oai?verb=GetRecord&identifier=oai%3Aojs.pkp.sfu.ca%3Aarticle%2F91112&metadataPrefix=oai_dc,revistas.ufpr.br,ok,200,https://revistas.ufpr.br/novation/oai?verb=GetRecord&identifier=oai%3Aojs.pkp.sfu.ca%3Aarticle%2F91112&metadataPrefix=oai_dc,,True,True,True,False,False,False,False,False,False,True,False
2019,Novation,UFPR-18,Universidade Federal do Paraná (UFPR),https://revistas.ufpr.br/novation/oai,revistas.ufpr.br,outra,2025-05-13 16:32:16,50,VALID,oai:ojs.pkp.sfu.ca:article/91113,5,record:doi,record,doi,https://revistas.ufpr.br/novation/article/view/91113,revistas.ufpr.br,ok,200,https://revistas.ufpr.br/novation/article/view/91113,,record:doi,record,doi,https://doi.org/10.5380/nocsi.v0i4.91113,doi.org,ok,200,https://revistas.ufpr.br/novation/article/view/91113,,,,,https://revistas.ufpr.br/novation/oai?verb=GetRecord&identifier=oai%3Aojs.pkp.sfu.ca%3Aarticle%2F91113&metadataPrefix=oai_dc,revistas.ufpr.br,ok,200,https://revistas.ufpr.br/novation/oai?verb=GetRecord&identifier=oai%3Aojs.pkp.sfu.ca%3Aarticle%2F91113&metadataPrefix=oai_dc,,True,True,True,False,False,False,False,False,False,True,False
1254,Biblioteca Digital do Banco Nacional de Desenvolvimento Econômico e Social,BNDES,Banco Nacional de Desenvolvimento Econômico e Social (BNDES),http://web.bndes.gov.br/bib/oai/request,web.bndes.gov.br,dspace,2026-06-22 16:25:29,4354,VALID,oai:web.bndes.gov.br:1408/16211,2,record:dspace,record,dspace,https://web.bndes.gov.br/bib/jspui/handle/1408/16211,web.bndes.gov.br,ok,200,https://web.bndes.gov.br/bib/jspui/handle/1408/16211,,record:dspace,record,dspace,http://web.bndes.gov.br/bib/jspui/handle/1408/16211,web.bndes.gov.br,ok,200,https://web.bndes.gov.br/bib/jspui/handle/1408/16211,,,,,http://web.bndes.gov.br/bib/oai/request?verb=GetRecord&identifier=oai%3Aweb.bndes.gov.br%3A1408%2F16211&metadataPrefix=oai_dc,web.bndes.gov.br,ok,200,http://web.bndes.gov.br/bib/oai/request?verb=GetRecord&identifier=oai%3Aweb.bndes.gov.br%3A1408%2F16211&metadataPrefix=oai_dc,,True,True,True,False,False,False,False,False,False,True,False
1254,Biblioteca Digital do Banco Nacional de Desenvolvimento Econômico e Social,BNDES,Banco Nacional de Desenvolvimento Econômico e Social (BNDES),http://web.bndes.gov.br/bib/oai/request,web.bndes.gov.br,dspace,2026-06-22 16:25:29,4354,VALID,oai:web.bndes.gov.br:1408/17001,2,record:dspace,record,dspace,https://web.bndes.gov.br/bib/jspui/handle/1408/17001,web.bndes.gov.br,ok,200,https://web.bndes.gov.br/bib/jspui/handle/1408/17001,,record:dspace,record,dspace,http://web.bndes.gov.br/bib/jspui/handle/1408/17001,web.bndes.gov.br,ok,200,https://web.bndes.gov.br/bib/jspui/handle/1408/17001,,,,,http://web.bndes.gov.br/bib/oai/request?verb=GetRecord&identifier=oai%3Aweb.bndes.gov.br%3A1408%2F17001&metadataPrefix=oai_dc,web.bndes.gov.br,ok,200,http://web.bndes.gov.br/bib/oai/request?verb=GetRecord&identifier=oai%3Aweb.bndes.gov.br%3A1408%2F17001&metadataPrefix=oai_dc,,True,True,True,False,False,False,False,False,False,True,False
145,Repositório da Produção Científica e Intelectual da Unicamp,CAMP,Universidade Estadual de Campinas (UNICAMP),https://repositorio.unicamp.br/oai/artigo/oai.asp,repositorio.unicamp.br,outra,2026-09-11 10:10:30,50496,VALID,oai:https://www.repositorio.unicamp.br/:479448,1,,,,,,sem-link,,,no-reachable-url,record:handle,record,handle,https://hdl.handle.net/20.500.12733/15557,hdl.handle.net,http-5xx,503,https://repositorio.unicamp.br/Acervo/Detalhe/479448,,,,,https://repositorio.unicamp.br/oai/artigo/oai.asp?verb=GetRecord&identifier=oai%3Ahttps%3A%2F%2Fwww.repositorio.unicamp.br%2F%3A479448&metadataPrefix=oai_dc,repositorio.unicamp.br,ok,200,https://repositorio.unicamp.br/oai/artigo/oai.asp?verb=GetRecord&identifier=oai%3Ahttps%3A%2F%2Fwww.repositorio.unicamp.br%2F%3A479448&metadataPrefix=oai_dc,,False,False,True,False,False,True,False,False,False,True,False
145,Repositório da Produção Científica e Intelectual da Unicamp,CAMP,Universidade Estadual de Campinas (UNICAMP),https://repositorio.unicamp.br/oai/artigo/oai.asp,repositorio.unicamp.br,outra,2026-09-11 10:10:30,50496,VALID,oai:https://www.repositorio.unicamp.br/:707645,1,,,,,,sem-link,,,no-reachable-url,record:handle,record,handle,https://hdl.handle.net/20.500.12733/15556,hdl.handle.net,http-5xx,503,https://repositorio.unicamp.br/Acervo/Detalhe/707645,,,,,https://repositorio.unicamp.br/oai/artigo/oai.asp?verb=GetRecord&identifier=oai%3Ahttps%3A%2F%2Fwww.repositorio.unicamp.br%2F%3A707645&metadataPrefix=oai_dc,repositorio.unicamp.br,ok,200,https://repositorio.unicamp.br/oai/artigo/oai.asp?verb=GetRecord&identifier=oai%3Ahttps%3A%2F%2Fwww.repositorio.unicamp.br%2F%3A707645&metadataPrefix=oai_dc,,False,False,True,False,False,True,False,False,False,True,False
2331,Asklepion (Rio de Janeiro),IBICT-11,Instituto Brasileiro de Informação em Ciência e Tecnologia (Ibict),https://revistaasklepion.emnuvens.com.br/asklepion/oai,revistaasklepion.emnuvens.com.br,outra,2025-07-07 10:37:37,86,VALID,oai:ojs.emnuvens.com.br:article/3,4,record:doi,record,doi,https://revistaasklepion.emnuvens.com.br/asklepion/article/view/3,revistaasklepion.emnuvens.com.br,ok,200,https://revistaasklepion.emnuvens.com.br/asklepion/article/view/3,,record:doi,record,doi,https://doi.org/10.21728/asklepion.2021v1n1.p8-27,doi.org,ok,200,https://revistaasklepion.emnuvens.com.br/asklepion/article/view/3,,,,,https://revistaasklepion.emnuvens.com.br/asklepion/oai?verb=GetRecord&identifier=oai%3Aojs.emnuvens.com.br%3Aarticle%2F3&metadataPrefix=oai_dc,revistaasklepion.emnuvens.com.br,ok,200,https://revistaasklepion.emnuvens.com.br/asklepion/oai?verb=GetRecord&identifier=oai%3Aojs.emnuvens.com.br%3Aarticle%2F3&metadataPrefix=oai_dc,,True,True,True,False,False,False,False,False,False,True,False
2331,Asklepion (Rio de Janeiro),IBICT-11,Instituto Brasileiro de Informação em Ciência e Tecnologia (Ibict),https://revistaasklepion.emnuvens.com.br/asklepion/oai,revistaasklepion.emnuvens.com.br,outra,2025-07-07 10:37:37,86,VALID,oai:ojs.emnuvens.com.br:article/6,4,record:doi,record,doi,https://revistaasklepion.emnuvens.com.br/asklepion/article/view/6,revistaasklepion.emnuvens.com.br,ok,200,https://revistaasklepion.emnuvens.com.br/asklepion/article/view/6,,record:doi,record,doi,https://doi.org/10.21728/asklepion.2021v1n1.p50-63,doi.org,ok,200,https://revistaasklepion.emnuvens.com.br/asklepion/article/view/6,,,,,https://revistaasklepion.emnuvens.com.br/asklepion/oai?verb=GetRecord&identifier=oai%3Aojs.emnuvens.com.br%3Aarticle%2F6&metadataPrefix=oai_dc,revistaasklepion.emnuvens.com.br,ok,200,https://revistaasklepion.emnuvens.com.br/asklepion/oai?verb=GetRecord&identifier=oai%3Aojs.emnuvens.com.br%3Aarticle%2F6&metadataPrefix=oai_dc,,True,True,True,False,False,False,False,False,False,True,False
2753,Diálogos e Diversidade,UNEB-12,Universidade do Estado da Bahia (UNEB),https://revistas.uneb.br/index.php/rdd/oai,revistas.uneb.br,ojs,2026-08-18 15:53:06,139,VALID,oai:revistas.uneb.br:article/11282,3,record:ojs,record,ojs,https://revistas.uneb.br/rdd/article/view/11282,revistas.uneb.br,ok,200,https://revistas.uneb.br/rdd/article/view/11282,,record:ojs,record,ojs,https://revistas.uneb.br/rdd/article/view/11282,revistas.uneb.br,ok,200,https://revistas.uneb.br/rdd/article/view/11282,,,,,https://revistas.uneb.br/index.php/rdd/oai?verb=GetRecord&identifier=oai%3Arevistas.uneb.br%3Aarticle%2F11282&metadataPrefix=oai_dc,revistas.uneb.br,ok,200,https://revistas.uneb.br/index.php/rdd/oai?verb=GetRecord&identifier=oai%3Arevistas.uneb.br%3Aarticle%2F11282&metadataPrefix=oai_dc,,True,True,True,False,False,False,False,False,False,False,False
2753,Diálogos e Diversidade,UNEB-12,Universidade do Estado da Bahia (UNEB),https://revistas.uneb.br/index.php/rdd/oai,revistas.uneb.br,ojs,2026-08-18 15:53:06,139,VALID,oai:revistas.uneb.br:article/11342,3,record:ojs,record,ojs,https://revistas.uneb.br/rdd/article/view/11342,revistas.uneb.br,ok,200,https://revistas.uneb.br/rdd/article/view/11342,,record:ojs,record,ojs,https://revistas.uneb.br/rdd/article/view/11342,revistas.uneb.br,ok,200,https://revistas.uneb.br/rdd/article/view/11342,,,,,https://revistas.uneb.br/index.php/rdd/oai?verb=GetRecord&identifier=oai%3Arevistas.uneb.br%3Aarticle%2F11342&metadataPrefix=oai_dc,revistas.uneb.br,ok,200,https://revistas.uneb.br/index.php/rdd/oai?verb=GetRecord&identifier=oai%3Arevistas.uneb.br%3Aarticle%2F11342&metadataPrefix=oai_dc,,True,True,True,False,False,False,False,False,False,False,False
764,Revista ENIAC pesquisa,ENIAC-1,Centro Universitário Eniac,https://ojs.eniac.com.br/index.php/EniacPesquisa/oai,ojs.eniac.com.br,ojs,2026-01-08 21:51:24,247,VALID,oai:ojs.pkp.sfu.ca:article/39,4,record:doi,record,doi,https://ojs.eniac.com.br/index.php/EniacPesquisa/article/view/39,ojs.eniac.com.br,ok,200,https://ojs.eniac.com.br/index.php/EniacPesquisa/article/view/39,,record:doi,record,doi,https://doi.org/10.22567/rep.v1i1.39,doi.org,ok,200,https://ojs.eniac.com.br/index.php/EniacPesquisa/article/view/39,,,,,https://ojs.eniac.com.br/index.php/EniacPesquisa/oai?verb=GetRecord&identifier=oai%3Aojs.pkp.sfu.ca%3Aarticle%2F39&metadataPrefix=oai_dc,ojs.eniac.com.br,ok,200,https://ojs.eniac.com.br/index.php/EniacPesquisa/oai?verb=GetRecord&identifier=oai%3Aojs.pkp.sfu.ca%3Aarticle%2F39&metadataPrefix=oai_dc,,True,True,True,False,False,False,False,False,False,True,False
764,Revista ENIAC pesquisa,ENIAC-1,Centro Universitário Eniac,https://ojs.eniac.com.br/index.php/EniacPesquisa/oai,ojs.eniac.com.br,ojs,2026-01-08 21:51:24,247,VALID,oai:ojs.pkp.sfu.ca:article/40,4,record:doi,record,doi,https://ojs.eniac.com.br/index.php/EniacPesquisa/article/view/40,ojs.eniac.com.br,ok,200,https://ojs.eniac.com.br/index.php/EniacPesquisa/article/view/40,,record:doi,record,doi,https://doi.org/10.22567/rep.v1i1.40,doi.org,ok,200,https://ojs.eniac.com.br/index.php/EniacPesquisa/article/view/40,,,,,https://ojs.eniac.com.br/index.php/EniacPesquisa/oai?verb=GetRecord&identifier=oai%3Aojs.pkp.sfu.ca%3Aarticle%2F40&metadataPrefix=oai_dc,ojs.eniac.com.br,ok,200,https://ojs.eniac.com.br/index.php/EniacPesquisa/oai?verb=GetRecord&identifier=oai%3Aojs.pkp.sfu.ca%3Aarticle%2F40&metadataPrefix=oai_dc,,True,True,True,False,False,False,False,False,False,True,False
1334,Revista Perspectivas em Psicologia (Online),UFU-11,Universidade Federal de Uberlândia (UFU),https://seer.ufu.br/index.php/perspectivasempsicologia/oai,seer.ufu.br,ojs,2026-01-09 12:04:08,295,VALID,oai:ojs.www.seer.ufu.br:article/27544,2,record:ojs,record,ojs,https://seer.ufu.br/index.php/perspectivasempsicologia/article/view/27544,seer.ufu.br,ok,200,https://seer.ufu.br/index.php/perspectivasempsicologia/article/view/27544,,record:ojs,record,ojs,https://seer.ufu.br/index.php/perspectivasempsicologia/article/view/27544,seer.ufu.br,ok,200,https://seer.ufu.br/index.php/perspectivasempsicologia/article/view/27544,,,,,https://seer.ufu.br/index.php/perspectivasempsicologia/oai?verb=GetRecord&identifier=oai%3Aojs.www.seer.ufu.br%3Aarticle%2F27544&metadataPrefix=oai_dc,seer.ufu.br,ok,200,https://seer.ufu.br/index.php/perspectivasempsicologia/oai?verb=GetRecord&identifier=oai%3Aojs.www.seer.ufu.br%3Aarticle%2F27544&metadataPrefix=oai_dc,,True,True,True,False,False,False,False,False,False,False,False
1334,Revista Perspectivas em Psicologia (Online),UFU-11,Universidade Federal de Uberlândia (UFU),https://seer.ufu.br/index.php/perspectivasempsicologia/oai,seer.ufu.br,ojs,2026-01-09 12:04:08,295,VALID,oai:ojs.www.seer.ufu.br:article/27545,2,record:ojs,record,ojs,https://seer.ufu.br/index.php/perspectivasempsicologia/article/view/27545,seer.ufu.br,ok,200,https://seer.ufu.br/index.php/perspectivasempsicologia/article/view/27545,,record:ojs,record,ojs,https://seer.ufu.br/index.php/perspectivasempsicologia/article/view/27545,seer.ufu.br,ok,200,https://seer.ufu.br/index.php/perspectivasempsicologia/article/view/27545,,,,,https://seer.ufu.br/index.php/perspectivasempsicologia/oai?verb=GetRecord&identifier=oai%3Aojs.www.seer.ufu.br%3Aarticle%2F27545&metadataPrefix=oai_dc,seer.ufu.br,ok,200,https://seer.ufu.br/index.php/perspectivasempsicologia/oai?verb=GetRecord&identifier=oai%3Aojs.www.seer.ufu.br%3Aarticle%2F27545&metadataPrefix=oai_dc,,True,True,True,False,False,False,False,False,False,False,False
2396,Heringeriana (Online),JBB,Jardim Botânico de Brasília (JBB),https://revistas.jardimbotanicodf.org/index.php/heringeriana/oai,revistas.jardimbotanicodf.org,ojs,2025-07-07 16:30:25,210,VALID,oai:ojs2.revistas.jardimbotanicodf.org:article/1,4,record:doi,record,doi,https://revistas.jardimbotanicodf.org/index.php/heringeriana/article/view/1,revistas.jardimbotanicodf.org,ok,200,https://revistas.jardimbotanicodf.org/index.php/heringeriana/article/view/1,,record:doi,record,doi,https://doi.org/10.17648/heringeriana.v7i1.1,doi.org,ok,200,https://revistas.jardimbotanicodf.org/index.php/heringeriana/article/view/1,,,,,https://revistas.jardimbotanicodf.org/index.php/heringeriana/oai?verb=GetRecord&identifier=oai%3Aojs2.revistas.jardimbotanicodf.org%3Aarticle%2F1&metadataPrefix=oai_dc,revistas.jardimbotanicodf.org,ok,200,https://revistas.jardimbotanicodf.org/index.php/heringeriana/oai?verb=GetRecord&identifier=oai%3Aojs2.revistas.jardimbotanicodf.org%3Aarticle%2F1&metadataPrefix=oai_dc,,True,True,True,False,False,False,False,False,False,True,False
2396,Heringeriana (Online),JBB,Jardim Botânico de Brasília (JBB),https://revistas.jardimbotanicodf.org/index.php/heringeriana/oai,revistas.jardimbotanicodf.org,ojs,2025-07-07 16:30:25,210,VALID,oai:ojs2.revistas.jardimbotanicodf.org:article/2,4,record:doi,record,doi,https://revistas.jardimbotanicodf.org/index.php/heringeriana/article/view/2,revistas.jardimbotanicodf.org,ok,200,https://revistas.jardimbotanicodf.org/index.php/heringeriana/article/view/2,,record:doi,record,doi,https://doi.org/10.17648/heringeriana.v7i1.2,doi.org,ok,200,https://revistas.jardimbotanicodf.org/index.php/heringeriana/article/view/2,,,,,https://revistas.jardimbotanicodf.org/index.php/heringeriana/oai?verb=GetRecord&identifier=oai%3Aojs2.revistas.jardimbotanicodf.org%3Aarticle%2F2&metadataPrefix=oai_dc,revistas.jardimbotanicodf.org,ok,200,https://revistas.jardimbotanicodf.org/index.php/heringeriana/oai?verb=GetRecord&identifier=oai%3Aojs2.revistas.jardimbotanicodf.org%3Aarticle%2F2&metadataPrefix=oai_dc,,True,True,True,False,False,False,False,False,False,True,False
246,Revista Digital do LAV ( Laboratório de Artes Visuais),UFSM-18,Universidade Federal de Santa Maria (UFSM),http://periodicos.ufsm.br/index.php/revislav/oai,periodicos.ufsm.br,ojs,2026-01-05 11:12:56,526,VALID,oai:ojs.pkp.sfu.ca:article/2132,3,record:doi,record,doi,https://periodicos.ufsm.br/revislav/article/view/2132,periodicos.ufsm.br,ok,200,https://periodicos.ufsm.br/revislav/article/view/2132,,record:doi,record,doi,https://doi.org/10.5902/198373482132,doi.org,ok,200,https://periodicos.ufsm.br/revislav/article/view/2132,,,,,http://periodicos.ufsm.br/index.php/revislav/oai?verb=GetRecord&identifier=oai%3Aojs.pkp.sfu.ca%3Aarticle%2F2132&metadataPrefix=oai_dc,periodicos.ufsm.br,ok,200,http://periodicos.ufsm.br/index.php/revislav/oai?verb=GetRecord&identifier=oai%3Aojs.pkp.sfu.ca%3Aarticle%2F2132&metadataPrefix=oai_dc,,True,True,True,False,False,False,False,False,False,True,False
246,Revista Digital do LAV ( Laboratório de Artes Visuais),UFSM-18,Universidade Federal de Santa Maria (UFSM),http://periodicos.ufsm.br/index.php/revislav/oai,periodicos.ufsm.br,ojs,2026-01-05 11:12:56,526,VALID,oai:ojs.pkp.sfu.ca:article/2133,3,record:doi,record,doi,https://periodicos.ufsm.br/revislav/article/view/2133,periodicos.ufsm.br,ok,200,https://periodicos.ufsm.br/revislav/article/view/2133,,record:doi,record,doi,https://doi.org/10.5902/198373482133,doi.org,ok,200,https://periodicos.ufsm.br/revislav/article/view/2133,,,,,http://periodicos.ufsm.br/index.php/revislav/oai?verb=GetRecord&identifier=oai%3Aojs.pkp.sfu.ca%3Aarticle%2F2133&metadataPrefix=oai_dc,periodicos.ufsm.br,ok,200,http://periodicos.ufsm.br/index.php/revislav/oai?verb=GetRecord&identifier=oai%3Aojs.pkp.sfu.ca%3Aarticle%2F2133&metadataPrefix=oai_dc,,True,True,True,False,False,False,False,False,False,True,False
47,Journal of Information Systems and Technology Management (Online),USP-33,Universidade de São Paulo (USP),https://www.revistas.usp.br/jistem/oai,www.revistas.usp.br,outra,2026-09-04 11:01:23,436,VALID,oai:revistas.usp.br:article/12724,3,record:doi,record,doi,https://jistem.tecsi.org/index.php/jistem/article/view/10.4301%252FS1807-17752004000100001,jistem.tecsi.org,ok,200,https://jistem.tecsi.org/index.php/jistem/article/view/10.4301%252FS1807-17752004000100001,,record:doi,record,doi,https://doi.org/10.4301/S1807-17752004000100001,doi.org,ok,200,https://jistem.tecsi.org/index.php/jistem/article/view/10.4301%252FS1807-17752004000100001,,,,,https://www.revistas.usp.br/jistem/oai?verb=GetRecord&identifier=oai%3Arevistas.usp.br%3Aarticle%2F12724&metadataPrefix=oai_dc,www.revistas.usp.br,ok,200,https://revistas.usp.br/jistem/en/oai?verb=GetRecord&identifier=oai%3Arevistas.usp.br%3Aarticle%2F12724&metadataPrefix=oai_dc,,True,True,True,False,False,False,False,False,False,True,True
47,Journal of Information Systems and Technology Management (Online),USP-33,Universidade de São Paulo (USP),https://www.revistas.usp.br/jistem/oai,www.revistas.usp.br,outra,2026-09-04 11:01:23,436,VALID,oai:revistas.usp.br:article/12725,3,record:doi,record,doi,https://jistem.tecsi.org/index.php/jistem/article/view/10.4301%252FS1807-17752004000100002,jistem.tecsi.org,ok,200,https://jistem.tecsi.org/index.php/jistem/article/view/10.4301%252FS1807-17752004000100002,,record:doi,record,doi,https://doi.org/10.4301/S1807-17752004000100002,doi.org,ok,200,https://jistem.tecsi.org/index.php/jistem/article/view/10.4301%252FS1807-17752004000100002,,,,,https://www.revistas.usp.br/jistem/oai?verb=GetRecord&identifier=oai%3Arevistas.usp.br%3Aarticle%2F12725&metadataPrefix=oai_dc,www.revistas.usp.br,ok,200,https://revistas.usp.br/jistem/en/oai?verb=GetRecord&identifier=oai%3Arevistas.usp.br%3Aarticle%2F12725&metadataPrefix=oai_dc,,True,True,True,False,False,False,False,False,False,True,True
2193,Revista UFG (Online),UFG-35,Universidade Federal de Goiás (UFG),https://revistas.ufg.br/revistaufg/oai,revistas.ufg.br,outra,2026-06-10 15:42:25,1037,VALID,oai:ojs.revistas.ufg.br:article/48060,2,record:ojs,record,ojs,https://revistas.ufg.br/revistaufg/article/view/48060,revistas.ufg.br,ok,200,https://revistas.ufg.br/revistaufg/article/view/48060,,record:ojs,record,ojs,https://revistas.ufg.br/revistaufg/article/view/48060,revistas.ufg.br,ok,200,https://revistas.ufg.br/revistaufg/article/view/48060,,,,,https://revistas.ufg.br/revistaufg/oai?verb=GetRecord&identifier=oai%3Aojs.revistas.ufg.br%3Aarticle%2F48060&metadataPrefix=oai_dc,revistas.ufg.br,ok,200,https://revistas.ufg.br/revistaufg/oai?verb=GetRecord&identifier=oai%3Aojs.revistas.ufg.br%3Aarticle%2F48060&metadataPrefix=oai_dc,,True,True,True,False,False,False,False,False,False,False,False
2193,Revista UFG (Online),UFG-35,Universidade Federal de Goiás (UFG),https://revistas.ufg.br/revistaufg/oai,revistas.ufg.br,outra,2026-06-10 15:42:25,1037,VALID,oai:ojs.revistas.ufg.br:article/48061,2,record:ojs,record,ojs,https://revistas.ufg.br/revistaufg/article/view/48061,revistas.ufg.br,ok,200,https://revistas.ufg.br/revistaufg/article/view/48061,,record:ojs,record,ojs,https://revistas.ufg.br/revistaufg/article/view/48061,revistas.ufg.br,ok,200,https://revistas.ufg.br/revistaufg/article/view/48061,,,,,https://revistas.ufg.br/revistaufg/oai?verb=GetRecord&identifier=oai%3Aojs.revistas.ufg.br%3Aarticle%2F48061&metadataPrefix=oai_dc,revistas.ufg.br,ok,200,https://revistas.ufg.br/revistaufg/oai?verb=GetRecord&identifier=oai%3Aojs.revistas.ufg.br%3Aarticle%2F48061&metadataPrefix=oai_dc,,True,True,True,False,False,False,False,False,False,False,False
1198,Germinal: Marxismo e Educação em Debate,UFBA-10,Universidade Federal da Bahia (UFBA),https://periodicos.ufba.br/index.php/revistagerminal/oai,periodicos.ufba.br,ojs,2026-01-09 10:58:58,1264,VALID,oai:ojs.periodicos.ufba.br:article/9352,2,record:ojs,record,ojs,https://periodicos.ufba.br/index.php/revistagerminal/article/view/9352,periodicos.ufba.br,ok,200,https://periodicos.ufba.br/index.php/revistagerminal/article/view/9352,,record:ojs,record,ojs,https://periodicos.ufba.br/index.php/revistagerminal/article/view/9352,periodicos.ufba.br,ok,200,https://periodicos.ufba.br/index.php/revistagerminal/article/view/9352,,,,,https://periodicos.ufba.br/index.php/revistagerminal/oai?verb=GetRecord&identifier=oai%3Aojs.periodicos.ufba.br%3Aarticle%2F9352&metadataPrefix=oai_dc,periodicos.ufba.br,ok,200,https://periodicos.ufba.br/index.php/revistagerminal/oai?verb=GetRecord&identifier=oai%3Aojs.periodicos.ufba.br%3Aarticle%2F9352&metadataPrefix=oai_dc,,True,True,True,False,False,False,False,False,False,False,False
1198,Germinal: Marxismo e Educação em Debate,UFBA-10,Universidade Federal da Bahia (UFBA),https://periodicos.ufba.br/index.php/revistagerminal/oai,periodicos.ufba.br,ojs,2026-01-09 10:58:58,1264,VALID,oai:ojs.periodicos.ufba.br:article/9380,3,record:doi,record,doi,https://periodicos.ufba.br/index.php/revistagerminal/article/view/9380,periodicos.ufba.br,ok,200,https://periodicos.ufba.br/index.php/revistagerminal/article/view/9380,,record:doi,record,doi,https://doi.org/10.9771/gmed.v4i2.9380,doi.org,ok,200,https://periodicos.ufba.br/index.php/revistagerminal/article/view/9380,,,,,https://periodicos.ufba.br/index.php/revistagerminal/oai?verb=GetRecord&identifier=oai%3Aojs.periodicos.ufba.br%3Aarticle%2F9380&metadataPrefix=oai_dc,periodicos.ufba.br,ok,200,https://periodicos.ufba.br/index.php/revistagerminal/oai?verb=GetRecord&identifier=oai%3Aojs.periodicos.ufba.br%3Aarticle%2F9380&metadataPrefix=oai_dc,,True,True,True,False,False,False,False,False,False,True,False
2330,Revista Brasileira de Nutrição Esportiva,IBPEFEX-4,Instituto Brasileiro de Ensino e Pesquisa em Fisiologia do Exercício (IBPEFEX),https://www.rbne.com.br/index.php/rbne/oai,www.rbne.com.br,ojs,2025-07-07 10:28:35,1279,VALID,oai:ojs.www.rbne.com.br:article/1,2,record:ojs,record,ojs,https://www.rbne.com.br/index.php/rbne/pt_BR/article/view/1,www.rbne.com.br,ok,200,https://www.rbne.com.br/index.php/rbne/pt_BR/article/view/1,,record:ojs,record,ojs,https://www.rbne.com.br/index.php/rbne/article/view/1,www.rbne.com.br,ok,200,https://www.rbne.com.br/index.php/rbne/pt_BR/article/view/1,,,,,https://www.rbne.com.br/index.php/rbne/oai?verb=GetRecord&identifier=oai%3Aojs.www.rbne.com.br%3Aarticle%2F1&metadataPrefix=oai_dc,www.rbne.com.br,ok,200,https://www.rbne.com.br/index.php/rbne/pt_BR/oai?verb=GetRecord&identifier=oai%3Aojs.www.rbne.com.br%3Aarticle%2F1&metadataPrefix=oai_dc,,True,True,True,False,False,False,False,False,False,True,False
2330,Revista Brasileira de Nutrição Esportiva,IBPEFEX-4,Instituto Brasileiro de Ensino e Pesquisa em Fisiologia do Exercício (IBPEFEX),https://www.rbne.com.br/index.php/rbne/oai,www.rbne.com.br,ojs,2025-07-07 10:28:35,1279,VALID,oai:ojs.www.rbne.com.br:article/2,2,record:ojs,record,ojs,https://www.rbne.com.br/index.php/rbne/pt_BR/article/view/2,www.rbne.com.br,ok,200,https://www.rbne.com.br/index.php/rbne/pt_BR/article/view/2,,record:ojs,record,ojs,https://www.rbne.com.br/index.php/rbne/article/view/2,www.rbne.com.br,ok,200,https://www.rbne.com.br/index.php/rbne/pt_BR/article/view/2,,,,,https://www.rbne.com.br/index.php/rbne/oai?verb=GetRecord&identifier=oai%3Aojs.www.rbne.com.br%3Aarticle%2F2&metadataPrefix=oai_dc,www.rbne.com.br,ok,200,https://www.rbne.com.br/index.php/rbne/pt_BR/oai?verb=GetRecord&identifier=oai%3Aojs.www.rbne.com.br%3Aarticle%2F2&metadataPrefix=oai_dc,,True,True,True,False,False,False,False,False,False,True,False
2460,Revista Terra de Pretos,UFMA-8,Universidade Federal do Maranhão (UFMA),https://periodicoseletronicos.ufma.br/index.php/terradepretos/oai,periodicoseletronicos.ufma.br,ojs,2026-09-02 16:57:55,94,VALID,oai:ojs2.periodicoseletronicos.ufma.br:article/15211,2,record:ojs,record,ojs,https://periodicoseletronicos.ufma.br/index.php/terradepretos/article/view/15211,periodicoseletronicos.ufma.br,ok,200,https://periodicoseletronicos.ufma.br/index.php/terradepretos/article/view/15211,,record:ojs,record,ojs,https://periodicoseletronicos.ufma.br/index.php/terradepretos/article/view/15211,periodicoseletronicos.ufma.br,ok,200,https://periodicoseletronicos.ufma.br/index.php/terradepretos/article/view/15211,,,,,https://periodicoseletronicos.ufma.br/index.php/terradepretos/oai?verb=GetRecord&identifier=oai%3Aojs2.periodicoseletronicos.ufma.br%3Aarticle%2F15211&metadataPrefix=oai_dc,periodicoseletronicos.ufma.br,ok,200,https://periodicoseletronicos.ufma.br/index.php/terradepretos/oai?verb=GetRecord&identifier=oai%3Aojs2.periodicoseletronicos.ufma.br%3Aarticle%2F15211&metadataPrefix=oai_dc,,True,True,True,False,False,False,False,False,False,False,False
2460,Revista Terra de Pretos,UFMA-8,Universidade Federal do Maranhão (UFMA),https://periodicoseletronicos.ufma.br/index.php/terradepretos/oai,periodicoseletronicos.ufma.br,ojs,2026-09-02 16:57:55,94,VALID,oai:ojs2.periodicoseletronicos.ufma.br:article/15212,2,record:ojs,record,ojs,https://periodicoseletronicos.ufma.br/index.php/terradepretos/article/view/15212,periodicoseletronicos.ufma.br,ok,200,https://periodicoseletronicos.ufma.br/index.php/terradepretos/article/view/15212,,record:ojs,record,ojs,https://periodicoseletronicos.ufma.br/index.php/terradepretos/article/view/15212,periodicoseletronicos.ufma.br,ok,200,https://periodicoseletronicos.ufma.br/index.php/terradepretos/article/view/15212,,,,,https://periodicoseletronicos.ufma.br/index.php/terradepretos/oai?verb=GetRecord&identifier=oai%3Aojs2.periodicoseletronicos.ufma.br%3Aarticle%2F15212&metadataPrefix=oai_dc,periodicoseletronicos.ufma.br,ok,200,https://periodicoseletronicos.ufma.br/index.php/terradepretos/oai?verb=GetRecord&identifier=oai%3Aojs2.periodicoseletronicos.ufma.br%3Aarticle%2F15212&metadataPrefix=oai_dc,,True,True,True,False,False,False,False,False,False,False,False
265,Revista Brasileira de Cineantropometria & Desempenho Humano (Online),UFSC-16,Universidade Federal de Santa Catarina (UFSC),https://periodicos.ufsc.br/index.php/rbcdh/oai,periodicos.ufsc.br,ojs,2026-01-05 11:13:34,1301,VALID,oai:periodicos.ufsc.br:article/3757,4,record:ojs,record,ojs,https://periodicos.ufsc.br/index.php/rbcdh/article/view/3757,periodicos.ufsc.br,ok,200,https://periodicos.ufsc.br/index.php/rbcdh/article/view/3757,,record:doi,record,doi,https://doi.org/10.1590/%x,doi.org,http-4xx,400,https://doi.org/10.1590/%x,,,,,https://periodicos.ufsc.br/index.php/rbcdh/oai?verb=GetRecord&identifier=oai%3Aperiodicos.ufsc.br%3Aarticle%2F3757&metadataPrefix=oai_dc,periodicos.ufsc.br,ok,200,https://periodicos.ufsc.br/index.php/rbcdh/oai?verb=GetRecord&identifier=oai%3Aperiodicos.ufsc.br%3Aarticle%2F3757&metadataPrefix=oai_dc,,True,False,True,False,False,True,False,True,False,True,False
265,Revista Brasileira de Cineantropometria & Desempenho Humano (Online),UFSC-16,Universidade Federal de Santa Catarina (UFSC),https://periodicos.ufsc.br/index.php/rbcdh/oai,periodicos.ufsc.br,ojs,2026-01-05 11:13:34,1301,VALID,oai:periodicos.ufsc.br:article/3758,4,record:ojs,record,ojs,https://periodicos.ufsc.br/index.php/rbcdh/article/view/3758,periodicos.ufsc.br,ok,200,https://periodicos.ufsc.br/index.php/rbcdh/article/view/3758,,record:doi,record,doi,https://doi.org/10.1590/%x,doi.org,http-4xx,400,https://doi.org/10.1590/%x,,,,,https://periodicos.ufsc.br/index.php/rbcdh/oai?verb=GetRecord&identifier=oai%3Aperiodicos.ufsc.br%3Aarticle%2F3758&metadataPrefix=oai_dc,periodicos.ufsc.br,ok,200,https://periodicos.ufsc.br/index.php/rbcdh/oai?verb=GetRecord&identifier=oai%3Aperiodicos.ufsc.br%3Aarticle%2F3758&metadataPrefix=oai_dc,,True,False,True,False,False,True,False,True,False,True,False
334,Revista Equador,UFPI-2,Universidade Federal do Piauí (UFPI),https://periodicos.ufpi.br/index.php/revistaequador/oai,periodicos.ufpi.br,ojs,2026-08-24 14:11:43,513,VALID,oai:periodicos.ufpi.br:article/7379,3,record:doi,record,doi,https://periodicos.ufpi.br/index.php/revistaequador/article/view/7379,periodicos.ufpi.br,ok,200,https://periodicos.ufpi.br/index.php/revistaequador/article/view/7379,,record:doi,record,doi,https://doi.org/10.26694/reppggeo.v1i1.7379,doi.org,ok,200,https://periodicos.ufpi.br/index.php/revistaequador/article/view/7379,,,,,https://periodicos.ufpi.br/index.php/revistaequador/oai?verb=GetRecord&identifier=oai%3Aperiodicos.ufpi.br%3Aarticle%2F7379&metadataPrefix=oai_dc,periodicos.ufpi.br,ok,200,https://periodicos.ufpi.br/index.php/revistaequador/oai?verb=GetRecord&identifier=oai%3Aperiodicos.ufpi.br%3Aarticle%2F7379&metadataPrefix=oai_dc,,True,True,True,False,False,False,False,False,False,True,False
334,Revista Equador,UFPI-2,Universidade Federal do Piauí (UFPI),https://periodicos.ufpi.br/index.php/revistaequador/oai,periodicos.ufpi.br,ojs,2026-08-24 14:11:43,513,VALID,oai:periodicos.ufpi.br:article/7381,3,record:doi,record,doi,https://periodicos.ufpi.br/index.php/revistaequador/article/view/7381,periodicos.ufpi.br,ok,200,https://periodicos.ufpi.br/index.php/revistaequador/article/view/7381,,record:doi,record,doi,https://doi.org/10.26694/reppggeo.v1i1.7381,doi.org,ok,200,https://periodicos.ufpi.br/index.php/revistaequador/article/view/7381,,,,,https://periodicos.ufpi.br/index.php/revistaequador/oai?verb=GetRecord&identifier=oai%3Aperiodicos.ufpi.br%3Aarticle%2F7381&metadataPrefix=oai_dc,periodicos.ufpi.br,ok,200,https://periodicos.ufpi.br/index.php/revistaequador/oai?verb=GetRecord&identifier=oai%3Aperiodicos.ufpi.br%3Aarticle%2F7381&metadataPrefix=oai_dc,,True,True,True,False,False,False,False,False,False,True,False
2812,Biblioteca Digital da Fundação Alexandre de Gusmão - FUNAG,FUNAG,Fundação Alexandre de Gusmão - FUNAG,https://funag.gov.br/biblioteca-nova/oai,funag.gov.br,outra,2026-08-18 13:44:27,1089,VALID,oai:funag.gov.br:9,1,record:primeira,record,primeira,https://funag.gov.br/biblioteca-nova/produto/2-9,funag.gov.br,ok,200,https://funag.gov.br/biblioteca-nova/produto/2-9,,record:primeira,record,primeira,https://funag.gov.br/biblioteca-nova/produto/2-9,funag.gov.br,ok,200,https://funag.gov.br/biblioteca-nova/produto/2-9,,,,,https://funag.gov.br/biblioteca-nova/oai?verb=GetRecord&identifier=oai%3Afunag.gov.br%3A9&metadataPrefix=oai_dc,funag.gov.br,ok,200,https://funag.gov.br/biblioteca-nova/oai?verb=GetRecord&identifier=oai%3Afunag.gov.br%3A9&metadataPrefix=oai_dc,,True,True,True,False,False,False,False,False,False,False,False
2812,Biblioteca Digital da Fundação Alexandre de Gusmão - FUNAG,FUNAG,Fundação Alexandre de Gusmão - FUNAG,https://funag.gov.br/biblioteca-nova/oai,funag.gov.br,outra,2026-08-18 13:44:27,1089,VALID,oai:funag.gov.br:10,1,record:primeira,record,primeira,https://funag.gov.br/biblioteca-nova/produto/2-10,funag.gov.br,ok,200,https://funag.gov.br/biblioteca-nova/produto/2-10,,record:primeira,record,primeira,https://funag.gov.br/biblioteca-nova/produto/2-10,funag.gov.br,ok,200,https://funag.gov.br/biblioteca-nova/produto/2-10,,,,,https://funag.gov.br/biblioteca-nova/oai?verb=GetRecord&identifier=oai%3Afunag.gov.br%3A10&metadataPrefix=oai_dc,funag.gov.br,ok,200,https://funag.gov.br/biblioteca-nova/oai?verb=GetRecord&identifier=oai%3Afunag.gov.br%3A10&metadataPrefix=oai_dc,,True,True,True,False,False,False,False,False,False,False,False
1019,Repositório Institucional da UFFS (Repositório Digital da UFFS),UFFS,Universidade Federal Fronteira do Sul (UFFS),https://rd.uffs.edu.br/oai/request,rd.uffs.edu.br,dspace,2026-06-17 09:39:13,4591,VALID,oai:rd.uffs.edu.br:prefix/51,1,record:dspace,record,dspace,https://localhost:443/handle/prefix/51,localhost:443,rede,,,ConnectError,record:dspace,record,dspace,https://localhost:443/handle/prefix/51,localhost:443,rede,,,ConnectError,,,,https://rd.uffs.edu.br/oai/request?verb=GetRecord&identifier=oai%3Ard.uffs.edu.br%3Aprefix%2F51&metadataPrefix=oai_dc,rd.uffs.edu.br,ok,200,https://rd.uffs.edu.br/oai/request?verb=GetRecord&identifier=oai%3Ard.uffs.edu.br%3Aprefix%2F51&metadataPrefix=oai_dc,,False,False,True,False,True,False,True,False,False,False,True
1019,Repositório Institucional da UFFS (Repositório Digital da UFFS),UFFS,Universidade Federal Fronteira do Sul (UFFS),https://rd.uffs.edu.br/oai/request,rd.uffs.edu.br,dspace,2026-06-17 09:39:13,4591,VALID,oai:rd.uffs.edu.br:prefix/52,1,record:dspace,record,dspace,https://localhost:443/handle/prefix/52,localhost:443,rede,,,ConnectError,record:dspace,record,dspace,https://localhost:443/handle/prefix/52,localhost:443,rede,,,ConnectError,,,,https://rd.uffs.edu.br/oai/request?verb=GetRecord&identifier=oai%3Ard.uffs.edu.br%3Aprefix%2F52&metadataPrefix=oai_dc,rd.uffs.edu.br,ok,200,https://rd.uffs.edu.br/oai/request?verb=GetRecord&identifier=oai%3Ard.uffs.edu.br%3Aprefix%2F52&metadataPrefix=oai_dc,,False,False,True,False,True,False,True,False,False,False,True
2737,Cadernos Espinosanos (Online),USP-90,Universidade de São Paulo (USP),https://revistas.usp.br/espinosanos/oai,revistas.usp.br,outra,2026-08-18 16:26:00,488,VALID,oai:revistas.usp.br:article/81261,3,record:doi,record,doi,https://revistas.usp.br/espinosanos/pt_BR/article/view/81261,revistas.usp.br,ok,200,https://revistas.usp.br/espinosanos/pt_BR/article/view/81261,,record:doi,record,doi,https://doi.org/10.11606/issn.2447-9012.espinosa.2013.81261,doi.org,ok,200,https://revistas.usp.br/espinosanos/pt_BR/article/view/81261,,,,,https://revistas.usp.br/espinosanos/oai?verb=GetRecord&identifier=oai%3Arevistas.usp.br%3Aarticle%2F81261&metadataPrefix=oai_dc,revistas.usp.br,ok,200,https://revistas.usp.br/espinosanos/pt_BR/oai?verb=GetRecord&identifier=oai%3Arevistas.usp.br%3Aarticle%2F81261&metadataPrefix=oai_dc,,True,True,True,False,False,False,False,False,False,True,False
2737,Cadernos Espinosanos (Online),USP-90,Universidade de São Paulo (USP),https://revistas.usp.br/espinosanos/oai,revistas.usp.br,outra,2026-08-18 16:26:00,488,VALID,oai:revistas.usp.br:article/81262,3,record:doi,record,doi,https://revistas.usp.br/espinosanos/pt_BR/article/view/81262,revistas.usp.br,ok,200,https://revistas.usp.br/espinosanos/pt_BR/article/view/81262,,record:doi,record,doi,https://doi.org/10.11606/issn.2447-9012.espinosa.2013.81262,doi.org,ok,200,https://revistas.usp.br/espinosanos/pt_BR/article/view/81262,,,,,https://revistas.usp.br/espinosanos/oai?verb=GetRecord&identifier=oai%3Arevistas.usp.br%3Aarticle%2F81262&metadataPrefix=oai_dc,revistas.usp.br,ok,200,https://revistas.usp.br/espinosanos/pt_BR/oai?verb=GetRecord&identifier=oai%3Arevistas.usp.br%3Aarticle%2F81262&metadataPrefix=oai_dc,,True,True,True,False,False,False,False,False,False,True,False
182,Bolema: Boletim de Educação Matemática,UNESP-14,Universidade Estadual Paulista (UNESP),https://www.periodicos.rc.biblioteca.unesp.br/index.php/bolema/oai,www.periodicos.rc.biblioteca.unesp.br,ojs,2026-09-11 15:59:15,1014,VALID,oai:periodicos.rc.biblioteca.unesp.br:article/983,2,record:ojs,record,ojs,https://www.periodicos.rc.biblioteca.unesp.br/index.php/bolema/article/view/983,www.periodicos.rc.biblioteca.unesp.br,ok,200,https://www.periodicos.rc.biblioteca.unesp.br/index.php/bolema/article/view/983,,record:ojs,record,ojs,https://www.periodicos.rc.biblioteca.unesp.br/index.php/bolema/article/view/983,www.periodicos.rc.biblioteca.unesp.br,ok,200,https://www.periodicos.rc.biblioteca.unesp.br/index.php/bolema/article/view/983,,,,,https://www.periodicos.rc.biblioteca.unesp.br/index.php/bolema/oai?verb=GetRecord&identifier=oai%3Aperiodicos.rc.biblioteca.unesp.br%3Aarticle%2F983&metadataPrefix=oai_dc,www.periodicos.rc.biblioteca.unesp.br,ok,200,https://www.periodicos.rc.biblioteca.unesp.br/index.php/bolema/oai?verb=GetRecord&identifier=oai%3Aperiodicos.rc.biblioteca.unesp.br%3Aarticle%2F983&metadataPrefix=oai_dc,,True,True,True,False,False,False,False,False,False,False,False
182,Bolema: Boletim de Educação Matemática,UNESP-14,Universidade Estadual Paulista (UNESP),https://www.periodicos.rc.biblioteca.unesp.br/index.php/bolema/oai,www.periodicos.rc.biblioteca.unesp.br,ojs,2026-09-11 15:59:15,1014,VALID,oai:periodicos.rc.biblioteca.unesp.br:article/986,2,record:ojs,record,ojs,https://www.periodicos.rc.biblioteca.unesp.br/index.php/bolema/article/view/986,www.periodicos.rc.biblioteca.unesp.br,ok,200,https://www.periodicos.rc.biblioteca.unesp.br/index.php/bolema/article/view/986,,record:ojs,record,ojs,https://www.periodicos.rc.biblioteca.unesp.br/index.php/bolema/article/view/986,www.periodicos.rc.biblioteca.unesp.br,ok,200,https://www.periodicos.rc.biblioteca.unesp.br/index.php/bolema/article/view/986,,,,,https://www.periodicos.rc.biblioteca.unesp.br/index.php/bolema/oai?verb=GetRecord&identifier=oai%3Aperiodicos.rc.biblioteca.unesp.br%3Aarticle%2F986&metadataPrefix=oai_dc,www.periodicos.rc.biblioteca.unesp.br,ok,200,https://www.periodicos.rc.biblioteca.unesp.br/index.php/bolema/oai?verb=GetRecord&identifier=oai%3Aperiodicos.rc.biblioteca.unesp.br%3Aarticle%2F986&metadataPrefix=oai_dc,,True,True,True,False,False,False,False,False,False,False,False
2849,Perspectivas Sociais,UFPEL-8,Universidade Federal de Pelotas (UFPEL),https://periodicos.ufpel.edu.br/index.php/percsoc/oai,periodicos.ufpel.edu.br,ojs,2026-08-18 13:15:21,215,VALID,oai:ojs.ufpel:article/2133,3,record:doi,record,doi,https://periodicos.ufpel.edu.br/index.php/percsoc/article/view/2133,periodicos.ufpel.edu.br,ok,200,https://periodicos.ufpel.edu.br/index.php/percsoc/article/view/2133,,record:doi,record,doi,https://doi.org/10.15210/rps.v0i1.2133,doi.org,ok,200,https://periodicos.ufpel.edu.br/index.php/percsoc/article/view/2133,,,,,https://periodicos.ufpel.edu.br/index.php/percsoc/oai?verb=GetRecord&identifier=oai%3Aojs.ufpel%3Aarticle%2F2133&metadataPrefix=oai_dc,periodicos.ufpel.edu.br,ok,200,https://periodicos.ufpel.edu.br/index.php/percsoc/oai?verb=GetRecord&identifier=oai%3Aojs.ufpel%3Aarticle%2F2133&metadataPrefix=oai_dc,,True,True,True,False,False,False,False,False,False,True,False
2849,Perspectivas Sociais,UFPEL-8,Universidade Federal de Pelotas (UFPEL),https://periodicos.ufpel.edu.br/index.php/percsoc/oai,periodicos.ufpel.edu.br,ojs,2026-08-18 13:15:21,215,VALID,oai:ojs.ufpel:article/2134,3,record:doi,record,doi,https://periodicos.ufpel.edu.br/index.php/percsoc/article/view/2134,periodicos.ufpel.edu.br,ok,200,https://periodicos.ufpel.edu.br/index.php/percsoc/article/view/2134,,record:doi,record,doi,https://doi.org/10.15210/rps.v0i1.2134,doi.org,ok,200,https://periodicos.ufpel.edu.br/index.php/percsoc/article/view/2134,,,,,https://periodicos.ufpel.edu.br/index.php/percsoc/oai?verb=GetRecord&identifier=oai%3Aojs.ufpel%3Aarticle%2F2134&metadataPrefix=oai_dc,periodicos.ufpel.edu.br,ok,200,https://periodicos.ufpel.edu.br/index.php/percsoc/oai?verb=GetRecord&identifier=oai%3Aojs.ufpel%3Aarticle%2F2134&metadataPrefix=oai_dc,,True,True,True,False,False,False,False,False,False,True,False
232,Cadernos de Comunicação (Online),UFSM-4,Universidade Federal de Santa Maria (UFSM),http://periodicos.ufsm.br/index.php/ccomunicacao/oai,periodicos.ufsm.br,ojs,2026-09-16 15:55:04,441,VALID,oai:ojs.pkp.sfu.ca:article/4427,2,record:ojs,record,ojs,https://periodicos.ufsm.br/ccomunicacao/article/view/4427,periodicos.ufsm.br,ok,200,https://periodicos.ufsm.br/ccomunicacao/article/view/4427,,record:ojs,record,ojs,http://periodicos.ufsm.br/ccomunicacao/article/view/4427,periodicos.ufsm.br,ok,200,https://periodicos.ufsm.br/ccomunicacao/article/view/4427,,,,,http://periodicos.ufsm.br/index.php/ccomunicacao/oai?verb=GetRecord&identifier=oai%3Aojs.pkp.sfu.ca%3Aarticle%2F4427&metadataPrefix=oai_dc,periodicos.ufsm.br,ok,200,http://periodicos.ufsm.br/index.php/ccomunicacao/oai?verb=GetRecord&identifier=oai%3Aojs.pkp.sfu.ca%3Aarticle%2F4427&metadataPrefix=oai_dc,,True,True,True,False,False,False,False,False,False,True,False
232,Cadernos de Comunicação (Online),UFSM-4,Universidade Federal de Santa Maria (UFSM),http://periodicos.ufsm.br/index.php/ccomunicacao/oai,periodicos.ufsm.br,ojs,2026-09-16 15:55:04,441,VALID,oai:ojs.pkp.sfu.ca:article/4441,3,record:ojs,record,ojs,https://periodicos.ufsm.br/ccomunicacao/article/view/4441,periodicos.ufsm.br,ok,200,https://periodicos.ufsm.br/ccomunicacao/article/view/4441,,record:doi,record,doi,https://doi.org/10.5902/2316882X4441,doi.org,http-4xx,404,https://doi.org/10.5902/2316882X4441,,,,,http://periodicos.ufsm.br/index.php/ccomunicacao/oai?verb=GetRecord&identifier=oai%3Aojs.pkp.sfu.ca%3Aarticle%2F4441&metadataPrefix=oai_dc,periodicos.ufsm.br,ok,200,http://periodicos.ufsm.br/index.php/ccomunicacao/oai?verb=GetRecord&identifier=oai%3Aojs.pkp.sfu.ca%3Aarticle%2F4441&metadataPrefix=oai_dc,,True,False,True,False,False,True,False,True,False,True,False
390,Pensar a Prática (Online),UFG-4,Universidade Federal de Goiás (UFG),https://revistas.ufg.br/fef/oai,revistas.ufg.br,outra,2026-01-08 17:06:06,1315,VALID,oai:ojs.revistas.ufg.br:article/7,4,record:ojs,record,ojs,https://revistas.ufg.br/fef/article/view/7,revistas.ufg.br,ok,200,https://revistas.ufg.br/fef/article/view/7,,record:doi,record,doi,https://doi.org/10.5216/rpp.v1i0.7,doi.org,http-4xx,404,https://doi.org/10.5216/rpp.v1i0.7,,,,,https://revistas.ufg.br/fef/oai?verb=GetRecord&identifier=oai%3Aojs.revistas.ufg.br%3Aarticle%2F7&metadataPrefix=oai_dc,revistas.ufg.br,ok,200,https://revistas.ufg.br/fef/oai?verb=GetRecord&identifier=oai%3Aojs.revistas.ufg.br%3Aarticle%2F7&metadataPrefix=oai_dc,,True,False,True,False,False,True,False,True,False,True,False
390,Pensar a Prática (Online),UFG-4,Universidade Federal de Goiás (UFG),https://revistas.ufg.br/fef/oai,revistas.ufg.br,outra,2026-01-08 17:06:06,1315,VALID,oai:ojs.revistas.ufg.br:article/8,4,record:ojs,record,ojs,https://revistas.ufg.br/fef/article/view/8,revistas.ufg.br,ok,200,https://revistas.ufg.br/fef/article/view/8,,record:doi,record,doi,https://doi.org/10.5216/rpp.v1i0.8,doi.org,http-4xx,404,https://doi.org/10.5216/rpp.v1i0.8,,,,,https://revistas.ufg.br/fef/oai?verb=GetRecord&identifier=oai%3Aojs.revistas.ufg.br%3Aarticle%2F8&metadataPrefix=oai_dc,revistas.ufg.br,ok,200,https://revistas.ufg.br/fef/oai?verb=GetRecord&identifier=oai%3Aojs.revistas.ufg.br%3Aarticle%2F8&metadataPrefix=oai_dc,,True,False,True,False,False,True,False,True,False,True,False
77,Latin American Journal of Business Management,UNITAU-2,Universidade de Taubaté (UNITAU),https://www.lajbm.com.br/index.php/journal/oai,www.lajbm.com.br,ojs,2026-09-04 14:58:16,426,VALID,oai:ojs2.lajbm.com.br:article/2,2,record:ojs,record,ojs,https://www.lajbm.com.br/journal/article/view/2,www.lajbm.com.br,ok,200,https://www.lajbm.com.br/journal/article/view/2,,record:ojs,record,ojs,https://www.lajbm.com.br/journal/article/view/2,www.lajbm.com.br,ok,200,https://www.lajbm.com.br/journal/article/view/2,,,,,https://www.lajbm.com.br/index.php/journal/oai?verb=GetRecord&identifier=oai%3Aojs2.lajbm.com.br%3Aarticle%2F2&metadataPrefix=oai_dc,www.lajbm.com.br,ok,200,https://www.lajbm.com.br/journal/oai?verb=GetRecord&identifier=oai%3Aojs2.lajbm.com.br%3Aarticle%2F2&metadataPrefix=oai_dc,,True,True,True,False,False,False,False,False,False,False,False
77,Latin American Journal of Business Management,UNITAU-2,Universidade de Taubaté (UNITAU),https://www.lajbm.com.br/index.php/journal/oai,www.lajbm.com.br,ojs,2026-09-04 14:58:16,426,VALID,oai:ojs2.lajbm.com.br:article/3,2,record:ojs,record,ojs,https://www.lajbm.com.br/journal/article/view/3,www.lajbm.com.br,ok,200,https://www.lajbm.com.br/journal/article/view/3,,record:ojs,record,ojs,https://www.lajbm.com.br/journal/article/view/3,www.lajbm.com.br,ok,200,https://www.lajbm.com.br/journal/article/view/3,,,,,https://www.lajbm.com.br/index.php/journal/oai?verb=GetRecord&identifier=oai%3Aojs2.lajbm.com.br%3Aarticle%2F3&metadataPrefix=oai_dc,www.lajbm.com.br,ok,200,https://www.lajbm.com.br/journal/oai?verb=GetRecord&identifier=oai%3Aojs2.lajbm.com.br%3Aarticle%2F3&metadataPrefix=oai_dc,,True,True,True,False,False,False,False,False,False,False,False
1317,Revista Diversidade e Educação,FURG-5,Universidade Federal do Rio Grande (FURG),https://periodicos.furg.br/divedu/oai,periodicos.furg.br,outra,2026-01-09 12:05:47,860,VALID,oai:ojs.periodicos.furg.br:article/6199,2,record:ojs,record,ojs,https://periodicos.furg.br/divedu/article/view/6199,periodicos.furg.br,ok,200,https://periodicos.furg.br/divedu/article/view/6199,,record:ojs,record,ojs,https://periodicos.furg.br/divedu/article/view/6199,periodicos.furg.br,ok,200,https://periodicos.furg.br/divedu/article/view/6199,,,,,https://periodicos.furg.br/divedu/oai?verb=GetRecord&identifier=oai%3Aojs.periodicos.furg.br%3Aarticle%2F6199&metadataPrefix=oai_dc,periodicos.furg.br,ok,200,https://periodicos.furg.br/divedu/oai?verb=GetRecord&identifier=oai%3Aojs.periodicos.furg.br%3Aarticle%2F6199&metadataPrefix=oai_dc,,True,True,True,False,False,False,False,False,False,False,False
1317,Revista Diversidade e Educação,FURG-5,Universidade Federal do Rio Grande (FURG),https://periodicos.furg.br/divedu/oai,periodicos.furg.br,outra,2026-01-09 12:05:47,860,VALID,oai:ojs.periodicos.furg.br:article/6205,2,record:ojs,record,ojs,https://periodicos.furg.br/divedu/article/view/6205,periodicos.furg.br,ok,200,https://periodicos.furg.br/divedu/article/view/6205,,record:ojs,record,ojs,https://periodicos.furg.br/divedu/article/view/6205,periodicos.furg.br,ok,200,https://periodicos.furg.br/divedu/article/view/6205,,,,,https://periodicos.furg.br/divedu/oai?verb=GetRecord&identifier=oai%3Aojs.periodicos.furg.br%3Aarticle%2F6205&metadataPrefix=oai_dc,periodicos.furg.br,ok,200,https://periodicos.furg.br/divedu/oai?verb=GetRecord&identifier=oai%3Aojs.periodicos.furg.br%3Aarticle%2F6205&metadataPrefix=oai_dc,,True,True,True,False,False,False,False,False,False,False,False
1833,Journal of Health & Biological Sciences,CHRISTUS-1,Centro Universitário Christus (Unichristus),https://periodicos.unichristus.edu.br/jhbs/oai,periodicos.unichristus.edu.br,outra,2025-05-12 14:13:50,598,VALID,oai:ojs3.unicristus.emnuvens.com.br:article/2,4,record:doi,record,doi,https://periodicos.unichristus.edu.br/jhbs/article/view/2,periodicos.unichristus.edu.br,ok,200,https://periodicos.unichristus.edu.br/jhbs/article/view/2,,record:doi,record,doi,https://doi.org/10.12662/2317-3076jhbs.v1i1.2.p21.2013,doi.org,ok,200,https://periodicos.unichristus.edu.br/jhbs/article/view/2,,,,,https://periodicos.unichristus.edu.br/jhbs/oai?verb=GetRecord&identifier=oai%3Aojs3.unicristus.emnuvens.com.br%3Aarticle%2F2&metadataPrefix=oai_dc,periodicos.unichristus.edu.br,ok,200,https://periodicos.unichristus.edu.br/jhbs/oai?verb=GetRecord&identifier=oai%3Aojs3.unicristus.emnuvens.com.br%3Aarticle%2F2&metadataPrefix=oai_dc,,True,True,True,False,False,False,False,False,False,True,False
1833,Journal of Health & Biological Sciences,CHRISTUS-1,Centro Universitário Christus (Unichristus),https://periodicos.unichristus.edu.br/jhbs/oai,periodicos.unichristus.edu.br,outra,2025-05-12 14:13:50,598,VALID,oai:ojs3.unicristus.emnuvens.com.br:article/3,4,record:doi,record,doi,https://periodicos.unichristus.edu.br/jhbs/article/view/3,periodicos.unichristus.edu.br,ok,200,https://periodicos.unichristus.edu.br/jhbs/article/view/3,,record:doi,record,doi,https://doi.org/10.12662/2317-3076jhbs.v1i1.3.p10.2013,doi.org,ok,200,https://periodicos.unichristus.edu.br/jhbs/article/view/3,,,,,https://periodicos.unichristus.edu.br/jhbs/oai?verb=GetRecord&identifier=oai%3Aojs3.unicristus.emnuvens.com.br%3Aarticle%2F3&metadataPrefix=oai_dc,periodicos.unichristus.edu.br,ok,200,https://periodicos.unichristus.edu.br/jhbs/oai?verb=GetRecord&identifier=oai%3Aojs3.unicristus.emnuvens.com.br%3Aarticle%2F3&metadataPrefix=oai_dc,,True,True,True,False,False,False,False,False,False,True,False
2547,Revista do direito (Santa Cruz do Sul. Online),UNISC-10,Universidade de Santa Cruz do Sul (UNISC),https://seer.unisc.br/index.php/direito/oai,seer.unisc.br,ojs,2026-08-24 16:51:47,462,VALID,oai:ojs.online.unisc.br:article/180,3,record:doi,record,doi,https://seer.unisc.br/index.php/direito/article/view/180,seer.unisc.br,ok,200,https://seer.unisc.br/index.php/direito/article/view/180,,record:doi,record,doi,https://doi.org/10.17058/rdunisc.v0i28.180,doi.org,ok,200,https://seer.unisc.br/index.php/direito/article/view/180,,,,,https://seer.unisc.br/index.php/direito/oai?verb=GetRecord&identifier=oai%3Aojs.online.unisc.br%3Aarticle%2F180&metadataPrefix=oai_dc,seer.unisc.br,ok,200,https://seer.unisc.br/index.php/direito/oai?verb=GetRecord&identifier=oai%3Aojs.online.unisc.br%3Aarticle%2F180&metadataPrefix=oai_dc,,True,True,True,False,False,False,False,False,False,True,False
2547,Revista do direito (Santa Cruz do Sul. Online),UNISC-10,Universidade de Santa Cruz do Sul (UNISC),https://seer.unisc.br/index.php/direito/oai,seer.unisc.br,ojs,2026-08-24 16:51:47,462,VALID,oai:ojs.online.unisc.br:article/181,3,record:doi,record,doi,https://seer.unisc.br/index.php/direito/article/view/181,seer.unisc.br,ok,200,https://seer.unisc.br/index.php/direito/article/view/181,,record:doi,record,doi,https://doi.org/10.17058/rdunisc.v0i28.181,doi.org,ok,200,https://seer.unisc.br/index.php/direito/article/view/181,,,,,https://seer.unisc.br/index.php/direito/oai?verb=GetRecord&identifier=oai%3Aojs.online.unisc.br%3Aarticle%2F181&metadataPrefix=oai_dc,seer.unisc.br,ok,200,https://seer.unisc.br/index.php/direito/oai?verb=GetRecord&identifier=oai%3Aojs.online.unisc.br%3Aarticle%2F181&metadataPrefix=oai_dc,,True,True,True,False,False,False,False,False,False,True,False
2732,Revista Ambiente (Boa Vista),UERR,Universidade Estadual de Roraima (UERR),https://periodicos.uerr.edu.br/index.php/ambiente/oai,periodicos.uerr.edu.br,ojs,2026-08-18 16:25:40,503,VALID,oai:ojs.periodicos.uerr.edu.br:article/4,4,record:doi,record,doi,https://periodicos.uerr.edu.br/index.php/ambiente/pt_BR/article/view/4,periodicos.uerr.edu.br,ok,200,https://periodicos.uerr.edu.br/index.php/ambiente/pt_BR/article/view/4,,record:doi,record,doi,https://doi.org/10.24979/4,doi.org,ok,200,https://periodicos.uerr.edu.br/index.php/ambiente/pt_BR/article/view/4,,,,,https://periodicos.uerr.edu.br/index.php/ambiente/oai?verb=GetRecord&identifier=oai%3Aojs.periodicos.uerr.edu.br%3Aarticle%2F4&metadataPrefix=oai_dc,periodicos.uerr.edu.br,ok,200,https://periodicos.uerr.edu.br/index.php/ambiente/pt_BR/oai?verb=GetRecord&identifier=oai%3Aojs.periodicos.uerr.edu.br%3Aarticle%2F4&metadataPrefix=oai_dc,,True,True,True,False,False,False,False,False,False,True,False
2732,Revista Ambiente (Boa Vista),UERR,Universidade Estadual de Roraima (UERR),https://periodicos.uerr.edu.br/index.php/ambiente/oai,periodicos.uerr.edu.br,ojs,2026-08-18 16:25:40,503,VALID,oai:ojs.periodicos.uerr.edu.br:article/7,4,record:doi,record,doi,https://periodicos.uerr.edu.br/index.php/ambiente/pt_BR/issue/view/14,periodicos.uerr.edu.br,ok,200,https://periodicos.uerr.edu.br/index.php/ambiente/pt_BR/issue/view/14,,record:doi,record,doi,https://doi.org/10.24979/ambiente.v13i1.7,doi.org,http-4xx,404,https://doi.org/10.24979/ambiente.v13i1.7,,,,,https://periodicos.uerr.edu.br/index.php/ambiente/oai?verb=GetRecord&identifier=oai%3Aojs.periodicos.uerr.edu.br%3Aarticle%2F7&metadataPrefix=oai_dc,periodicos.uerr.edu.br,ok,200,https://periodicos.uerr.edu.br/index.php/ambiente/pt_BR/oai?verb=GetRecord&identifier=oai%3Aojs.periodicos.uerr.edu.br%3Aarticle%2F7&metadataPrefix=oai_dc,,True,False,True,False,False,True,False,True,False,True,False
2192,Terceiro Incluído,UFG-34,Universidade Federal de Goiás (UFG),https://revistas.ufg.br/teri/oai,revistas.ufg.br,outra,2025-04-30 11:41:53,263,VALID,oai:ojs.www.revistas.ufg.br:article/14383,0,,,,,,sem-link,,,oai-error:badArgument,,,,,,sem-link,,,,,,,https://revistas.ufg.br/teri/oai?verb=GetRecord&identifier=oai%3Aojs.www.revistas.ufg.br%3Aarticle%2F14383&metadataPrefix=oai_dc,revistas.ufg.br,ok,200,https://revistas.ufg.br/teri/oai?verb=GetRecord&identifier=oai%3Aojs.www.revistas.ufg.br%3Aarticle%2F14383&metadataPrefix=oai_dc,,False,False,True,False,False,False,False,False,False,False,False
2192,Terceiro Incluído,UFG-34,Universidade Federal de Goiás (UFG),https://revistas.ufg.br/teri/oai,revistas.ufg.br,outra,2025-04-30 11:41:53,263,VALID,oai:ojs.revistas.ufg.br:article/14388,3,record:doi,record,doi,https://revistas.ufg.br/index.php/teri/article/view/14388,revistas.ufg.br,ok,200,https://revistas.ufg.br/index.php/teri/article/view/14388,,record:doi,record,doi,https://doi.org/10.5216/teri.v1i1.14388,doi.org,ok,200,https://revistas.ufg.br/index.php/teri/article/view/14388,,,,,https://revistas.ufg.br/teri/oai?verb=GetRecord&identifier=oai%3Aojs.revistas.ufg.br%3Aarticle%2F14388&metadataPrefix=oai_dc,revistas.ufg.br,ok,200,https://revistas.ufg.br/teri/oai?verb=GetRecord&identifier=oai%3Aojs.revistas.ufg.br%3Aarticle%2F14388&metadataPrefix=oai_dc,,True,True,True,False,False,False,False,False,False,True,False
259,Revista Katálysis (Online),UFSC-10,Universidade Federal de Santa Catarina (UFSC),https://periodicos.ufsc.br/index.php/katalysis/oai,periodicos.ufsc.br,ojs,2026-01-05 11:14:48,1028,VALID,oai:periodicos.ufsc.br:article/662,3,record:doi,record,doi,http://www.scielo.br/j/rk/a/KV9w93tWkVN5s4fC4MtfLMG/?lang=pt,www.scielo.br,ok,200,http://www.scielo.br/j/rk/a/KV9w93tWkVN5s4fC4MtfLMG/?lang=pt,,record:doi,record,doi,https://doi.org/10.1590/S1414-49802007000200002,doi.org,ok,200,http://www.scielo.br/j/rk/a/KV9w93tWkVN5s4fC4MtfLMG/?lang=pt,,,,,https://periodicos.ufsc.br/index.php/katalysis/oai?verb=GetRecord&identifier=oai%3Aperiodicos.ufsc.br%3Aarticle%2F662&metadataPrefix=oai_dc,periodicos.ufsc.br,ok,200,https://periodicos.ufsc.br/index.php/katalysis/oai?verb=GetRecord&identifier=oai%3Aperiodicos.ufsc.br%3Aarticle%2F662&metadataPrefix=oai_dc,,True,True,True,False,False,False,False,False,False,True,True
259,Revista Katálysis (Online),UFSC-10,Universidade Federal de Santa Catarina (UFSC),https://periodicos.ufsc.br/index.php/katalysis/oai,periodicos.ufsc.br,ojs,2026-01-05 11:14:48,1028,VALID,oai:periodicos.ufsc.br:article/664,3,record:doi,record,doi,http://www.scielo.br/j/rk/a/9R5qjBhgFfbG8Cmxn8GLW5N/?lang=pt,www.scielo.br,ok,200,http://www.scielo.br/j/rk/a/9R5qjBhgFfbG8Cmxn8GLW5N/?lang=pt,,record:doi,record,doi,https://doi.org/10.1590/S1414-49802007000200003,doi.org,ok,200,http://www.scielo.br/j/rk/a/9R5qjBhgFfbG8Cmxn8GLW5N/?lang=pt,,,,,https://periodicos.ufsc.br/index.php/katalysis/oai?verb=GetRecord&identifier=oai%3Aperiodicos.ufsc.br%3Aarticle%2F664&metadataPrefix=oai_dc,periodicos.ufsc.br,ok,200,https://periodicos.ufsc.br/index.php/katalysis/oai?verb=GetRecord&identifier=oai%3Aperiodicos.ufsc.br%3Aarticle%2F664&metadataPrefix=oai_dc,,True,True,True,False,False,False,False,False,False,True,True
2771,Interseções (Online),UERJ-33,Universidade do Estado do Rio de Janeiro (UERJ),https://www.e-publicacoes.uerj.br/index.php/intersecoes/oai,www.e-publicacoes.uerj.br,ojs,2026-08-18 15:32:28,414,VALID,oai:ojs.www.e-publicacoes.uerj.br:article/4589,2,record:ojs,record,ojs,https://www.e-publicacoes.uerj.br/intersecoes/article/view/4589,www.e-publicacoes.uerj.br,ok,200,https://www.e-publicacoes.uerj.br/intersecoes/article/view/4589,,record:ojs,record,ojs,https://www.e-publicacoes.uerj.br/intersecoes/article/view/4589,www.e-publicacoes.uerj.br,ok,200,https://www.e-publicacoes.uerj.br/intersecoes/article/view/4589,,,,,https://www.e-publicacoes.uerj.br/index.php/intersecoes/oai?verb=GetRecord&identifier=oai%3Aojs.www.e-publicacoes.uerj.br%3Aarticle%2F4589&metadataPrefix=oai_dc,www.e-publicacoes.uerj.br,ok,200,https://www.e-publicacoes.uerj.br/index.php/intersecoes/oai?verb=GetRecord&identifier=oai%3Aojs.www.e-publicacoes.uerj.br%3Aarticle%2F4589&metadataPrefix=oai_dc,,True,True,True,False,False,False,False,False,False,False,False
2771,Interseções (Online),UERJ-33,Universidade do Estado do Rio de Janeiro (UERJ),https://www.e-publicacoes.uerj.br/index.php/intersecoes/oai,www.e-publicacoes.uerj.br,ojs,2026-08-18 15:32:28,414,VALID,oai:ojs.www.e-publicacoes.uerj.br:article/4590,2,record:ojs,record,ojs,https://www.e-publicacoes.uerj.br/intersecoes/article/view/4590,www.e-publicacoes.uerj.br,ok,200,https://www.e-publicacoes.uerj.br/intersecoes/article/view/4590,,record:ojs,record,ojs,https://www.e-publicacoes.uerj.br/intersecoes/article/view/4590,www.e-publicacoes.uerj.br,ok,200,https://www.e-publicacoes.uerj.br/intersecoes/article/view/4590,,,,,https://www.e-publicacoes.uerj.br/index.php/intersecoes/oai?verb=GetRecord&identifier=oai%3Aojs.www.e-publicacoes.uerj.br%3Aarticle%2F4590&metadataPrefix=oai_dc,www.e-publicacoes.uerj.br,ok,200,https://www.e-publicacoes.uerj.br/index.php/intersecoes/oai?verb=GetRecord&identifier=oai%3Aojs.www.e-publicacoes.uerj.br%3Aarticle%2F4590&metadataPrefix=oai_dc,,True,True,True,False,False,False,False,False,False,False,False
1038,Zetetiké (Online),UNICAMP-21,Universidade Estadual de Campinas (UNICAMP),https://periodicos.sbu.unicamp.br/ojs/index.php/zetetike/oai,periodicos.sbu.unicamp.br,ojs,2026-01-08 22:20:34,679,VALID,oai:ojs.periodicos.sbu.unicamp.br:article/8646516,3,record:doi,record,doi,http://periodicos.sbu.unicamp.br/ojs/index.php/zetetike/article/view/8646516,periodicos.sbu.unicamp.br,ok,200,http://periodicos.sbu.unicamp.br/ojs/index.php/zetetike/article/view/8646516,,record:doi,record,doi,https://doi.org/10.20396/zet.v24i2.8646516,doi.org,ok,200,http://periodicos.sbu.unicamp.br/ojs/index.php/zetetike/article/view/8646516,,,,,https://periodicos.sbu.unicamp.br/ojs/index.php/zetetike/oai?verb=GetRecord&identifier=oai%3Aojs.periodicos.sbu.unicamp.br%3Aarticle%2F8646516&metadataPrefix=oai_dc,periodicos.sbu.unicamp.br,ok,200,https://periodicos.sbu.unicamp.br/ojs/index.php/zetetike/oai?verb=GetRecord&identifier=oai%3Aojs.periodicos.sbu.unicamp.br%3Aarticle%2F8646516&metadataPrefix=oai_dc,,True,True,True,False,False,False,False,False,False,True,False
1038,Zetetiké (Online),UNICAMP-21,Universidade Estadual de Campinas (UNICAMP),https://periodicos.sbu.unicamp.br/ojs/index.php/zetetike/oai,periodicos.sbu.unicamp.br,ojs,2026-01-08 22:20:34,679,VALID,oai:ojs.periodicos.sbu.unicamp.br:article/8646517,3,record:doi,record,doi,http://periodicos.sbu.unicamp.br/ojs/index.php/zetetike/article/view/8646517,periodicos.sbu.unicamp.br,ok,200,http://periodicos.sbu.unicamp.br/ojs/index.php/zetetike/article/view/8646517,,record:doi,record,doi,https://doi.org/10.20396/zet.v24i2.8646517,doi.org,ok,200,http://periodicos.sbu.unicamp.br/ojs/index.php/zetetike/article/view/8646517,,,,,https://periodicos.sbu.unicamp.br/ojs/index.php/zetetike/oai?verb=GetRecord&identifier=oai%3Aojs.periodicos.sbu.unicamp.br%3Aarticle%2F8646517&metadataPrefix=oai_dc,periodicos.sbu.unicamp.br,ok,200,https://periodicos.sbu.unicamp.br/ojs/index.php/zetetike/oai?verb=GetRecord&identifier=oai%3Aojs.periodicos.sbu.unicamp.br%3Aarticle%2F8646517&metadataPrefix=oai_dc,,True,True,True,False,False,False,False,False,False,True,False
1977,Anais da Faculdade de Medicina de Olinda (Online),FMO-1,Faculdade de Medicina de Olinda (FMO),https://afmo.emnuvens.com.br/afmo/oai,afmo.emnuvens.com.br,outra,2025-05-13 11:05:20,187,VALID,oai:ojs3.afmo.emnuvens.com.br:article/2,3,record:ojs,record,ojs,https://afmo.emnuvens.com.br/afmo/article/view/2,afmo.emnuvens.com.br,ok,200,https://afmo.emnuvens.com.br/afmo/article/view/2,,record:ojs,record,ojs,https://afmo.emnuvens.com.br/afmo/article/view/2,afmo.emnuvens.com.br,ok,200,https://afmo.emnuvens.com.br/afmo/article/view/2,,,,,https://afmo.emnuvens.com.br/afmo/oai?verb=GetRecord&identifier=oai%3Aojs3.afmo.emnuvens.com.br%3Aarticle%2F2&metadataPrefix=oai_dc,afmo.emnuvens.com.br,ok,200,https://afmo.emnuvens.com.br/afmo/oai?verb=GetRecord&identifier=oai%3Aojs3.afmo.emnuvens.com.br%3Aarticle%2F2&metadataPrefix=oai_dc,,True,True,True,False,False,False,False,False,False,False,False
1977,Anais da Faculdade de Medicina de Olinda (Online),FMO-1,Faculdade de Medicina de Olinda (FMO),https://afmo.emnuvens.com.br/afmo/oai,afmo.emnuvens.com.br,outra,2025-05-13 11:05:20,187,VALID,oai:ojs.afmo.emnuvens.com.br:article/3,0,,,,,,sem-link,,,oai-error:badArgument,,,,,,sem-link,,,,,,,https://afmo.emnuvens.com.br/afmo/oai?verb=GetRecord&identifier=oai%3Aojs.afmo.emnuvens.com.br%3Aarticle%2F3&metadataPrefix=oai_dc,afmo.emnuvens.com.br,ok,200,https://afmo.emnuvens.com.br/afmo/oai?verb=GetRecord&identifier=oai%3Aojs.afmo.emnuvens.com.br%3Aarticle%2F3&metadataPrefix=oai_dc,,False,False,True,False,False,False,False,False,False,False,False
1503,Actio (Curitiba),UTFPR-13,Universidade Tecnológica Federal do Paraná (UTFPR),https://periodicos.utfpr.edu.br/actio/oai,periodicos.utfpr.edu.br,outra,2025-05-07 11:35:58,545,VALID,oai:ojs.pkp.sfu.ca:article/2723,0,,,,,,sem-link,,,oai-error:badArgument,derived:ojs,derived,ojs,https://periodicos.utfpr.edu.br/actio/index,periodicos.utfpr.edu.br,fora-da-rota,200,https://periodicos.utfpr.edu.br/actio/index,,,,,https://periodicos.utfpr.edu.br/actio/oai?verb=GetRecord&identifier=oai%3Aojs.pkp.sfu.ca%3Aarticle%2F2723&metadataPrefix=oai_dc,periodicos.utfpr.edu.br,ok,200,https://periodicos.utfpr.edu.br/actio/oai?verb=GetRecord&identifier=oai%3Aojs.pkp.sfu.ca%3Aarticle%2F2723&metadataPrefix=oai_dc,,False,False,True,False,False,True,False,False,False,True,False
1503,Actio (Curitiba),UTFPR-13,Universidade Tecnológica Federal do Paraná (UTFPR),https://periodicos.utfpr.edu.br/actio/oai,periodicos.utfpr.edu.br,outra,2025-05-07 11:35:58,545,VALID,oai:ojs.pkp.sfu.ca:article/2210,0,,,,,,sem-link,,,oai-error:badArgument,derived:ojs,derived,ojs,https://periodicos.utfpr.edu.br/actio/index,periodicos.utfpr.edu.br,fora-da-rota,200,https://periodicos.utfpr.edu.br/actio/index,,,,,https://periodicos.utfpr.edu.br/actio/oai?verb=GetRecord&identifier=oai%3Aojs.pkp.sfu.ca%3Aarticle%2F2210&metadataPrefix=oai_dc,periodicos.utfpr.edu.br,ok,200,https://periodicos.utfpr.edu.br/actio/oai?verb=GetRecord&identifier=oai%3Aojs.pkp.sfu.ca%3Aarticle%2F2210&metadataPrefix=oai_dc,,False,False,True,False,False,True,False,False,False,True,False
717,Repositório Institucional da Fiocruz (ARCA),CRUZ,Fundação Oswaldo Cruz (Fiocruz),https://api.arca.fiocruz.br/oai/request,api.arca.fiocruz.br,dspace,2026-01-28 14:50:28,65430,VALID,oai:arca.fiocruz.br:icict/61151,6,record:dspace,record,dspace,https://arca.fiocruz.br/handle/icict/61151,arca.fiocruz.br,ok,200,https://arca.fiocruz.br/handle/icict/61151,,record:dspace,record,dspace,https://arca.fiocruz.br/handle/icict/61151,arca.fiocruz.br,ok,200,https://arca.fiocruz.br/handle/icict/61151,,,,,https://api.arca.fiocruz.br/oai/request?verb=GetRecord&identifier=oai%3Aarca.fiocruz.br%3Aicict%2F61151&metadataPrefix=xoai,api.arca.fiocruz.br,ok,200,https://api.arca.fiocruz.br/oai/request?verb=GetRecord&identifier=oai%3Aarca.fiocruz.br%3Aicict%2F61151&metadataPrefix=xoai,,True,True,True,False,False,False,False,False,False,False,True
717,Repositório Institucional da Fiocruz (ARCA),CRUZ,Fundação Oswaldo Cruz (Fiocruz),https://api.arca.fiocruz.br/oai/request,api.arca.fiocruz.br,dspace,2026-01-28 14:50:28,65430,VALID,oai:arca.fiocruz.br:icict/6813,7,record:dspace,record,dspace,https://arca.fiocruz.br/handle/icict/6813,arca.fiocruz.br,ok,200,https://arca.fiocruz.br/handle/icict/6813,,record:doi,record,doi,https://doi.org/10.1111/j.1365-3083.2005.01668.x,doi.org,bloqueado,403,https://onlinelibrary.wiley.com/doi/10.1111/j.1365-3083.2005.01668.x,,,,,https://api.arca.fiocruz.br/oai/request?verb=GetRecord&identifier=oai%3Aarca.fiocruz.br%3Aicict%2F6813&metadataPrefix=xoai,api.arca.fiocruz.br,ok,200,https://api.arca.fiocruz.br/oai/request?verb=GetRecord&identifier=oai%3Aarca.fiocruz.br%3Aicict%2F6813&metadataPrefix=xoai,,True,False,True,False,False,False,True,True,False,True,True
604,Estudos Ibero-Americanos,PUC_RS-20,Pontifícia Universidade Católica do Rio Grande do Sul (PUCRS),https://revistaseletronicas.pucrs.br/iberoamericana/oai,revistaseletronicas.pucrs.br,outra,2026-01-08 20:55:53,1402,VALID,oai:ojs.revistaseletronicas.pucrs.br:article/1297,4,record:doi,record,doi,https://revistaseletronicas.pucrs.br/iberoamericana/article/view/1297,revistaseletronicas.pucrs.br,ok,200,https://revistaseletronicas.pucrs.br/iberoamericana/article/view/1297,,record:doi,record,doi,https://doi.org/10.15448/1980-864X.2006.1.1297,doi.org,ok,200,https://revistaseletronicas.pucrs.br/iberoamericana/article/view/1297,,,,,https://revistaseletronicas.pucrs.br/iberoamericana/oai?verb=GetRecord&identifier=oai%3Aojs.revistaseletronicas.pucrs.br%3Aarticle%2F1297&metadataPrefix=oai_dc,revistaseletronicas.pucrs.br,ok,200,https://revistaseletronicas.pucrs.br/iberoamericana/oai?verb=GetRecord&identifier=oai%3Aojs.revistaseletronicas.pucrs.br%3Aarticle%2F1297&metadataPrefix=oai_dc,,True,True,True,False,False,False,False,False,False,True,False
604,Estudos Ibero-Americanos,PUC_RS-20,Pontifícia Universidade Católica do Rio Grande do Sul (PUCRS),https://revistaseletronicas.pucrs.br/iberoamericana/oai,revistaseletronicas.pucrs.br,outra,2026-01-08 20:55:53,1402,VALID,oai:ojs.revistaseletronicas.pucrs.br:article/1298,4,record:doi,record,doi,https://revistaseletronicas.pucrs.br/iberoamericana/article/view/1298,revistaseletronicas.pucrs.br,ok,200,https://revistaseletronicas.pucrs.br/iberoamericana/article/view/1298,,record:doi,record,doi,https://doi.org/10.15448/1980-864X.2006.1.1298,doi.org,ok,200,https://revistaseletronicas.pucrs.br/iberoamericana/article/view/1298,,,,,https://revistaseletronicas.pucrs.br/iberoamericana/oai?verb=GetRecord&identifier=oai%3Aojs.revistaseletronicas.pucrs.br%3Aarticle%2F1298&metadataPrefix=oai_dc,revistaseletronicas.pucrs.br,ok,200,https://revistaseletronicas.pucrs.br/iberoamericana/oai?verb=GetRecord&identifier=oai%3Aojs.revistaseletronicas.pucrs.br%3Aarticle%2F1298&metadataPrefix=oai_dc,,True,True,True,False,False,False,False,False,False,True,False
2283,Revista Direitos Sociais e Políticas Públicas,UNIFAFIBE,Centro Universitário Unifafibe (UNIFAFIBE),https://portal.unifafibe.com.br/revista/index.php/direitos-sociais-politicas-pub/oai,portal.unifafibe.com.br,ojs,2025-07-02 14:50:18,608,VALID,oai:ojs.pkp.sfu.ca:article/1,4,record:doi,record,doi,https://ojs.unifafibe.com.br/revista/index.php/direitos-sociais-politicas-pub,ojs.unifafibe.com.br,ok,200,https://ojs.unifafibe.com.br/revista/index.php/direitos-sociais-politicas-pub,,record:doi,record,doi,https://doi.org/10.25245/rdspp.v1i1.1,doi.org,http-4xx,404,https://doi.org/10.25245/rdspp.v1i1.1,,,,,https://portal.unifafibe.com.br/revista/index.php/direitos-sociais-politicas-pub/oai?verb=GetRecord&identifier=oai%3Aojs.pkp.sfu.ca%3Aarticle%2F1&metadataPrefix=oai_dc,portal.unifafibe.com.br,ok,200,https://ojs.unifafibe.com.br/revista/index.php/direitos-sociais-politicas-pub/oai?verb=GetRecord&identifier=oai%3Aojs.pkp.sfu.ca%3Aarticle%2F1&metadataPrefix=oai_dc,,True,False,True,False,False,True,False,True,False,True,True
2283,Revista Direitos Sociais e Políticas Públicas,UNIFAFIBE,Centro Universitário Unifafibe (UNIFAFIBE),https://portal.unifafibe.com.br/revista/index.php/direitos-sociais-politicas-pub/oai,portal.unifafibe.com.br,ojs,2025-07-02 14:50:18,608,VALID,oai:ojs.pkp.sfu.ca:article/3,4,record:doi,record,doi,https://ojs.unifafibe.com.br/revista/index.php/direitos-sociais-politicas-pub,ojs.unifafibe.com.br,ok,200,https://ojs.unifafibe.com.br/revista/index.php/direitos-sociais-politicas-pub,,record:doi,record,doi,https://doi.org/10.25245/rdspp.v1i1.3,doi.org,http-4xx,404,https://doi.org/10.25245/rdspp.v1i1.3,,,,,https://portal.unifafibe.com.br/revista/index.php/direitos-sociais-politicas-pub/oai?verb=GetRecord&identifier=oai%3Aojs.pkp.sfu.ca%3Aarticle%2F3&metadataPrefix=oai_dc,portal.unifafibe.com.br,ok,200,https://ojs.unifafibe.com.br/revista/index.php/direitos-sociais-politicas-pub/oai?verb=GetRecord&identifier=oai%3Aojs.pkp.sfu.ca%3Aarticle%2F3&metadataPrefix=oai_dc,,True,False,True,False,False,True,False,True,False,True,True
1516,Trilhas Filosóficas (Online),UERN-3,Universidade do Estado do Rio Grande do Norte (UERN),https://periodicos.apps.uern.br/index.php/RTF/oai,periodicos.apps.uern.br,ojs,2025-05-07 12:13:27,412,VALID,oai:ojs2.periodicos.apps.uern.br:article/4,3,record:doi,record,doi,https://doi.org/10.25244/tf.v12i1,doi.org,rede,,,ConnectTimeout,record:doi,record,doi,https://doi.org/10.25244/tf.v12i1,doi.org,rede,,,ConnectTimeout,,,,https://periodicos.apps.uern.br/index.php/RTF/oai?verb=GetRecord&identifier=oai%3Aojs2.periodicos.apps.uern.br%3Aarticle%2F4&metadataPrefix=oai_dc,periodicos.apps.uern.br,ok,200,https://periodicos.apps.uern.br/index.php/RTF/oai?verb=GetRecord&identifier=oai%3Aojs2.periodicos.apps.uern.br%3Aarticle%2F4&metadataPrefix=oai_dc,,False,False,True,False,True,False,True,False,False,False,True
1516,Trilhas Filosóficas (Online),UERN-3,Universidade do Estado do Rio Grande do Norte (UERN),https://periodicos.apps.uern.br/index.php/RTF/oai,periodicos.apps.uern.br,ojs,2025-05-07 12:13:27,412,VALID,oai:ojs2.periodicos.apps.uern.br:article/5,3,record:doi,record,doi,https://doi.org/10.25244/tf.v12i1,doi.org,rede,,,ConnectTimeout,record:doi,record,doi,https://doi.org/10.25244/tf.v12i1,doi.org,rede,,,ConnectTimeout,,,,https://periodicos.apps.uern.br/index.php/RTF/oai?verb=GetRecord&identifier=oai%3Aojs2.periodicos.apps.uern.br%3Aarticle%2F5&metadataPrefix=oai_dc,periodicos.apps.uern.br,ok,200,https://periodicos.apps.uern.br/index.php/RTF/oai?verb=GetRecord&identifier=oai%3Aojs2.periodicos.apps.uern.br%3Aarticle%2F5&metadataPrefix=oai_dc,,False,False,True,False,True,False,True,False,False,False,True
360,Perspectivas em Diálogo,UFMS-2,Universidade Federal de Mato Grosso do Sul (UFMS),https://periodicos.ufms.br/index.php/persdia/oai,periodicos.ufms.br,ojs,2026-01-08 16:28:02,669,VALID,oai:ojs.seer.ufms.br:article/1669,0,,,,,,sem-link,,,oai-error:badArgument,,,,,,sem-link,,,,,,,https://periodicos.ufms.br/index.php/persdia/oai?verb=GetRecord&identifier=oai%3Aojs.seer.ufms.br%3Aarticle%2F1669&metadataPrefix=oai_dc,periodicos.ufms.br,ok,200,https://periodicos.ufms.br/index.php/persdia/oai?verb=GetRecord&identifier=oai%3Aojs.seer.ufms.br%3Aarticle%2F1669&metadataPrefix=oai_dc,,False,False,True,False,False,False,False,False,False,False,False
360,Perspectivas em Diálogo,UFMS-2,Universidade Federal de Mato Grosso do Sul (UFMS),https://periodicos.ufms.br/index.php/persdia/oai,periodicos.ufms.br,ojs,2026-01-08 16:28:02,669,VALID,oai:ojs.seer.ufms.br:article/2167,0,,,,,,sem-link,,,oai-error:badArgument,,,,,,sem-link,,,,,,,https://periodicos.ufms.br/index.php/persdia/oai?verb=GetRecord&identifier=oai%3Aojs.seer.ufms.br%3Aarticle%2F2167&metadataPrefix=oai_dc,periodicos.ufms.br,ok,200,https://periodicos.ufms.br/index.php/persdia/oai?verb=GetRecord&identifier=oai%3Aojs.seer.ufms.br%3Aarticle%2F2167&metadataPrefix=oai_dc,,False,False,True,False,False,False,False,False,False,False,False
406,Abril (Niterói),UFF-9,Universidade Federal Fluminense (UFF),https://periodicos.uff.br/revistaabril/oai,periodicos.uff.br,outra,2026-01-08 17:08:44,552,VALID,oai:periodicos:article/3,0,,,,,,sem-link,,,oai-error:badArgument,,,,,,sem-link,,,,,,,https://periodicos.uff.br/revistaabril/oai?verb=GetRecord&identifier=oai%3Aperiodicos%3Aarticle%2F3&metadataPrefix=oai_dc,periodicos.uff.br,ok,200,https://periodicos.uff.br/revistaabril/oai?verb=GetRecord&identifier=oai%3Aperiodicos%3Aarticle%2F3&metadataPrefix=oai_dc,,False,False,True,False,False,False,False,False,False,False,False
406,Abril (Niterói),UFF-9,Universidade Federal Fluminense (UFF),https://periodicos.uff.br/revistaabril/oai,periodicos.uff.br,outra,2026-01-08 17:08:44,552,VALID,oai:periodicos:article/5,0,,,,,,sem-link,,,oai-error:badArgument,,,,,,sem-link,,,,,,,https://periodicos.uff.br/revistaabril/oai?verb=GetRecord&identifier=oai%3Aperiodicos%3Aarticle%2F5&metadataPrefix=oai_dc,periodicos.uff.br,ok,200,https://periodicos.uff.br/revistaabril/oai?verb=GetRecord&identifier=oai%3Aperiodicos%3Aarticle%2F5&metadataPrefix=oai_dc,,False,False,True,False,False,False,False,False,False,False,False
1949,Pontos de Interrogação (Online),UNEB-6,Universidade do Estado da Bahia (UNEB),https://www.revistas.uneb.br/index.php/pontosdeint/oai,www.revistas.uneb.br,ojs,2025-08-20 16:04:27,483,VALID,oai:revistas.uneb.br:article/1187,3,record:doi,record,doi,https://revistas.uneb.br/index.php/pontosdeint/article/view/v13n2p17,revistas.uneb.br,ok,200,https://revistas.uneb.br/index.php/pontosdeint/article/view/v13n2p17,,record:doi,record,doi,https://doi.org/10.30620/pdi.v13n2.p17,doi.org,ok,200,https://revistas.uneb.br/index.php/pontosdeint/article/view/v13n2p17,,,,,https://www.revistas.uneb.br/index.php/pontosdeint/oai?verb=GetRecord&identifier=oai%3Arevistas.uneb.br%3Aarticle%2F1187&metadataPrefix=oai_dc,www.revistas.uneb.br,ok,200,https://www.revistas.uneb.br/index.php/pontosdeint/oai?verb=GetRecord&identifier=oai%3Arevistas.uneb.br%3Aarticle%2F1187&metadataPrefix=oai_dc,,True,True,True,False,False,False,False,False,False,True,True
1949,Pontos de Interrogação (Online),UNEB-6,Universidade do Estado da Bahia (UNEB),https://www.revistas.uneb.br/index.php/pontosdeint/oai,www.revistas.uneb.br,ojs,2025-08-20 16:04:27,483,VALID,oai:ojs.192.168.5.50:article/1373,0,,,,,,sem-link,,,oai-error:badArgument,,,,,,sem-link,,,,,,,https://www.revistas.uneb.br/index.php/pontosdeint/oai?verb=GetRecord&identifier=oai%3Aojs.192.168.5.50%3Aarticle%2F1373&metadataPrefix=oai_dc,www.revistas.uneb.br,ok,200,https://www.revistas.uneb.br/index.php/pontosdeint/oai?verb=GetRecord&identifier=oai%3Aojs.192.168.5.50%3Aarticle%2F1373&metadataPrefix=oai_dc,,False,False,True,False,False,False,False,False,False,False,False
1846,Repositório Institucional da Universidade Federal de Alfenas - RiUnifal,UNIFAL,Universidade Federal de Alfenas (UNIFAL),https://repositorio.unifal-mg.edu.br/server/oai/request,repositorio.unifal-mg.edu.br,dspace,2026-03-16 11:41:32,2695,VALID,oai:repositorio.unifal-mg.edu.br:123456789/1077,12,record:dspace,record,dspace,https://repositorio.unifal-mg.edu.br/handle/123456789/1077,repositorio.unifal-mg.edu.br,ok,200,https://repositorio.unifal-mg.edu.br/handle/123456789/1077,,record:dspace,record,dspace,https://repositorio.unifal-mg.edu.br/handle/123456789/1077,repositorio.unifal-mg.edu.br,ok,200,https://repositorio.unifal-mg.edu.br/handle/123456789/1077,,,,,https://repositorio.unifal-mg.edu.br/server/oai/request?verb=GetRecord&identifier=oai%3Arepositorio.unifal-mg.edu.br%3A123456789%2F1077&metadataPrefix=xoai,repositorio.unifal-mg.edu.br,ok,200,https://repositorio.unifal-mg.edu.br/server/oai/request?verb=GetRecord&identifier=oai%3Arepositorio.unifal-mg.edu.br%3A123456789%2F1077&metadataPrefix=xoai,,True,True,True,False,False,False,False,False,False,False,False
1846,Repositório Institucional da Universidade Federal de Alfenas - RiUnifal,UNIFAL,Universidade Federal de Alfenas (UNIFAL),https://repositorio.unifal-mg.edu.br/server/oai/request,repositorio.unifal-mg.edu.br,dspace,2026-03-16 11:41:32,2695,VALID,oai:repositorio.unifal-mg.edu.br:123456789/2143,12,record:dspace,record,dspace,https://repositorio.unifal-mg.edu.br/handle/123456789/2143,repositorio.unifal-mg.edu.br,ok,200,https://repositorio.unifal-mg.edu.br/handle/123456789/2143,,record:dspace,record,dspace,https://repositorio.unifal-mg.edu.br/handle/123456789/2143,repositorio.unifal-mg.edu.br,ok,200,https://repositorio.unifal-mg.edu.br/handle/123456789/2143,,,,,https://repositorio.unifal-mg.edu.br/server/oai/request?verb=GetRecord&identifier=oai%3Arepositorio.unifal-mg.edu.br%3A123456789%2F2143&metadataPrefix=xoai,repositorio.unifal-mg.edu.br,ok,200,https://repositorio.unifal-mg.edu.br/server/oai/request?verb=GetRecord&identifier=oai%3Arepositorio.unifal-mg.edu.br%3A123456789%2F2143&metadataPrefix=xoai,,True,True,True,False,False,False,False,False,False,False,False
433,Afro-Ásia (Online),UFBA-9,Universidade Federal da Bahia (UFBA),https://periodicos.ufba.br/index.php/afroasia/oai,periodicos.ufba.br,ojs,2026-01-08 17:10:07,1035,VALID,oai:ojs.periodicos.ufba.br:article/17652,3,record:doi,record,doi,https://periodicos.ufba.br/index.php/afroasia/article/view/17652,periodicos.ufba.br,ok,200,https://periodicos.ufba.br/index.php/afroasia/article/view/17652,,record:doi,record,doi,https://doi.org/10.9771/aa.v0i51.17652,doi.org,ok,200,https://periodicos.ufba.br/index.php/afroasia/article/view/17652,,,,,https://periodicos.ufba.br/index.php/afroasia/oai?verb=GetRecord&identifier=oai%3Aojs.periodicos.ufba.br%3Aarticle%2F17652&metadataPrefix=oai_dc,periodicos.ufba.br,ok,200,https://periodicos.ufba.br/index.php/afroasia/oai?verb=GetRecord&identifier=oai%3Aojs.periodicos.ufba.br%3Aarticle%2F17652&metadataPrefix=oai_dc,,True,True,True,False,False,False,False,False,False,True,False
433,Afro-Ásia (Online),UFBA-9,Universidade Federal da Bahia (UFBA),https://periodicos.ufba.br/index.php/afroasia/oai,periodicos.ufba.br,ojs,2026-01-08 17:10:07,1035,VALID,oai:ojs.periodicos.ufba.br:article/17654,3,record:doi,record,doi,https://periodicos.ufba.br/index.php/afroasia/article/view/17654,periodicos.ufba.br,ok,200,https://periodicos.ufba.br/index.php/afroasia/article/view/17654,,record:doi,record,doi,https://doi.org/10.9771/aa.v0i51.17654,doi.org,ok,200,https://periodicos.ufba.br/index.php/afroasia/article/view/17654,,,,,https://periodicos.ufba.br/index.php/afroasia/oai?verb=GetRecord&identifier=oai%3Aojs.periodicos.ufba.br%3Aarticle%2F17654&metadataPrefix=oai_dc,periodicos.ufba.br,ok,200,https://periodicos.ufba.br/index.php/afroasia/oai?verb=GetRecord&identifier=oai%3Aojs.periodicos.ufba.br%3Aarticle%2F17654&metadataPrefix=oai_dc,,True,True,True,False,False,False,False,False,False,True,False
125,Pensar (Fortaleza. Online),UNIFOR-3,Universidade de Fortaleza (UNIFOR),https://periodicos.unifor.br/rpen/oai,periodicos.unifor.br,outra,2026-09-09 16:12:39,1600,VALID,oai:ojs3.ojs.unifor.br:article/443,3,record:doi,record,doi,https://ojs.unifor.br/rpen/article/view/443,ojs.unifor.br,ok,200,https://ojs.unifor.br/rpen/article/view/443,,record:doi,record,doi,https://doi.org/10.5020/23172150.2012.24-35,doi.org,ok,200,https://ojs.unifor.br/rpen/article/view/443,,,,,https://periodicos.unifor.br/rpen/oai?verb=GetRecord&identifier=oai%3Aojs3.ojs.unifor.br%3Aarticle%2F443&metadataPrefix=oai_dc,periodicos.unifor.br,ok,200,https://ojs.unifor.br/rpen/oai?verb=GetRecord&identifier=oai%3Aojs3.ojs.unifor.br%3Aarticle%2F443&metadataPrefix=oai_dc,,True,True,True,False,False,False,False,False,False,True,True
125,Pensar (Fortaleza. Online),UNIFOR-3,Universidade de Fortaleza (UNIFOR),https://periodicos.unifor.br/rpen/oai,periodicos.unifor.br,outra,2026-09-09 16:12:39,1600,VALID,oai:ojs3.ojs.unifor.br:article/444,3,record:doi,record,doi,https://ojs.unifor.br/rpen/article/view/444,ojs.unifor.br,ok,200,https://ojs.unifor.br/rpen/article/view/444,,record:doi,record,doi,https://doi.org/10.5020/23172150.2012.36-40,doi.org,ok,200,https://ojs.unifor.br/rpen/article/view/444,,,,,https://periodicos.unifor.br/rpen/oai?verb=GetRecord&identifier=oai%3Aojs3.ojs.unifor.br%3Aarticle%2F444&metadataPrefix=oai_dc,periodicos.unifor.br,ok,200,https://ojs.unifor.br/rpen/oai?verb=GetRecord&identifier=oai%3Aojs3.ojs.unifor.br%3Aarticle%2F444&metadataPrefix=oai_dc,,True,True,True,False,False,False,False,False,False,True,True
1134,Guará,PUC_GO-6,Pontifícia Universidade Católica de Goiás (PUC-GO),https://seer.pucgoias.edu.br/index.php/guara/oai,seer.pucgoias.edu.br,ojs,2026-01-09 10:09:52,312,VALID,oai:ojs2.seer.ojs.com.br:article/1202,4,record:doi,record,doi,https://seer.pucgoias.edu.br/index.php/guara/article/view/1202,seer.pucgoias.edu.br,ok,200,https://seer.pucgoias.edu.br/index.php/guara/article/view/1202,,record:doi,record,doi,https://doi.org/10.18224/gua.v7i1.1202,doi.org,ok,200,https://seer.pucgoias.edu.br/index.php/guara/article/view/1202,,,,,https://seer.pucgoias.edu.br/index.php/guara/oai?verb=GetRecord&identifier=oai%3Aojs2.seer.ojs.com.br%3Aarticle%2F1202&metadataPrefix=oai_dc,seer.pucgoias.edu.br,ok,200,https://seer.pucgoias.edu.br/index.php/guara/oai?verb=GetRecord&identifier=oai%3Aojs2.seer.ojs.com.br%3Aarticle%2F1202&metadataPrefix=oai_dc,,True,True,True,False,False,False,False,False,False,True,False
1134,Guará,PUC_GO-6,Pontifícia Universidade Católica de Goiás (PUC-GO),https://seer.pucgoias.edu.br/index.php/guara/oai,seer.pucgoias.edu.br,ojs,2026-01-09 10:09:52,312,VALID,oai:ojs2.seer.ojs.com.br:article/1733,5,record:doi,record,doi,https://seer.pucgoias.edu.br/index.php/guara/article/view/1733,seer.pucgoias.edu.br,ok,200,https://seer.pucgoias.edu.br/index.php/guara/article/view/1733,,record:doi,record,doi,https://doi.org/10.18224/gua.v1i1.1733,doi.org,ok,200,https://seer.pucgoias.edu.br/index.php/guara/article/view/1733,,,,,https://seer.pucgoias.edu.br/index.php/guara/oai?verb=GetRecord&identifier=oai%3Aojs2.seer.ojs.com.br%3Aarticle%2F1733&metadataPrefix=oai_dc,seer.pucgoias.edu.br,ok,200,https://seer.pucgoias.edu.br/index.php/guara/oai?verb=GetRecord&identifier=oai%3Aojs2.seer.ojs.com.br%3Aarticle%2F1733&metadataPrefix=oai_dc,,True,True,True,False,False,False,False,False,False,True,False
459,Revista Eletrônica de Direito Processual,UERJ-17,Universidade do Estado do Rio de Janeiro (UERJ),https://www.e-publicacoes.uerj.br/index.php/redp/oai,www.e-publicacoes.uerj.br,ojs,2026-01-30 11:09:38,1123,VALID,oai:ojs.www.e-publicacoes.uerj.br:article/7721,2,record:ojs,record,ojs,https://www.e-publicacoes.uerj.br/redp/article/view/7721,www.e-publicacoes.uerj.br,ok,200,https://www.e-publicacoes.uerj.br/redp/article/view/7721,,record:ojs,record,ojs,https://www.e-publicacoes.uerj.br/redp/article/view/7721,www.e-publicacoes.uerj.br,ok,200,https://www.e-publicacoes.uerj.br/redp/article/view/7721,,,,,https://www.e-publicacoes.uerj.br/index.php/redp/oai?verb=GetRecord&identifier=oai%3Aojs.www.e-publicacoes.uerj.br%3Aarticle%2F7721&metadataPrefix=oai_dc,www.e-publicacoes.uerj.br,ok,200,https://www.e-publicacoes.uerj.br/index.php/redp/oai?verb=GetRecord&identifier=oai%3Aojs.www.e-publicacoes.uerj.br%3Aarticle%2F7721&metadataPrefix=oai_dc,,True,True,True,False,False,False,False,False,False,False,False
459,Revista Eletrônica de Direito Processual,UERJ-17,Universidade do Estado do Rio de Janeiro (UERJ),https://www.e-publicacoes.uerj.br/index.php/redp/oai,www.e-publicacoes.uerj.br,ojs,2026-01-30 11:09:38,1123,VALID,oai:ojs.www.e-publicacoes.uerj.br:article/7851,2,record:ojs,record,ojs,https://www.e-publicacoes.uerj.br/redp/article/view/7851,www.e-publicacoes.uerj.br,ok,200,https://www.e-publicacoes.uerj.br/redp/article/view/7851,,record:ojs,record,ojs,https://www.e-publicacoes.uerj.br/redp/article/view/7851,www.e-publicacoes.uerj.br,ok,200,https://www.e-publicacoes.uerj.br/redp/article/view/7851,,,,,https://www.e-publicacoes.uerj.br/index.php/redp/oai?verb=GetRecord&identifier=oai%3Aojs.www.e-publicacoes.uerj.br%3Aarticle%2F7851&metadataPrefix=oai_dc,www.e-publicacoes.uerj.br,ok,200,https://www.e-publicacoes.uerj.br/index.php/redp/oai?verb=GetRecord&identifier=oai%3Aojs.www.e-publicacoes.uerj.br%3Aarticle%2F7851&metadataPrefix=oai_dc,,True,True,True,False,False,False,False,False,False,False,False
2593,Textos de Economia (Online),USC-30,Universidade Federal de Santa Catarina (UFSC),https://periodicos.ufsc.br/index.php/economia/oai,periodicos.ufsc.br,ojs,2026-08-24 13:05:07,355,VALID,oai:periodicos.ufsc.br:article/1850,3,record:ojs,record,ojs,https://periodicos.ufsc.br/index.php/economia/article/view/1850,periodicos.ufsc.br,ok,200,https://periodicos.ufsc.br/index.php/economia/article/view/1850,,record:doi,record,doi,https://doi.org/10.5007/%x,doi.org,http-4xx,400,https://doi.org/10.5007/%x,,,,,https://periodicos.ufsc.br/index.php/economia/oai?verb=GetRecord&identifier=oai%3Aperiodicos.ufsc.br%3Aarticle%2F1850&metadataPrefix=oai_dc,periodicos.ufsc.br,ok,200,https://periodicos.ufsc.br/index.php/economia/oai?verb=GetRecord&identifier=oai%3Aperiodicos.ufsc.br%3Aarticle%2F1850&metadataPrefix=oai_dc,,True,False,True,False,False,True,False,True,False,True,False
2593,Textos de Economia (Online),USC-30,Universidade Federal de Santa Catarina (UFSC),https://periodicos.ufsc.br/index.php/economia/oai,periodicos.ufsc.br,ojs,2026-08-24 13:05:07,355,VALID,oai:periodicos.ufsc.br:article/1851,3,record:ojs,record,ojs,https://periodicos.ufsc.br/index.php/economia/article/view/1851,periodicos.ufsc.br,ok,200,https://periodicos.ufsc.br/index.php/economia/article/view/1851,,record:doi,record,doi,https://doi.org/10.5007/%x,doi.org,http-4xx,400,https://doi.org/10.5007/%x,,,,,https://periodicos.ufsc.br/index.php/economia/oai?verb=GetRecord&identifier=oai%3Aperiodicos.ufsc.br%3Aarticle%2F1851&metadataPrefix=oai_dc,periodicos.ufsc.br,ok,200,https://periodicos.ufsc.br/index.php/economia/oai?verb=GetRecord&identifier=oai%3Aperiodicos.ufsc.br%3Aarticle%2F1851&metadataPrefix=oai_dc,,True,False,True,False,False,True,False,True,False,True,False
45,Brazilian Journal of Pharmaceutical Sciences,USP-31,Universidade de São Paulo (USP),https://www.revistas.usp.br/bjps/oai,www.revistas.usp.br,outra,2026-09-04 11:01:19,2049,VALID,oai:revistas.usp.br:article/10649,3,record:ojs,record,ojs,https://revistas.usp.br/bjps/en/article/view/10649,revistas.usp.br,ok,200,https://revistas.usp.br/bjps/en/article/view/10649,,record:doi,record,doi,https://doi.org/10.1590/S1984-82502009000100002,doi.org,ok,200,http://www.scielo.br/j/bjps/a/jghScdTjGyhbgRD7ZhV9jnP/?lang=pt,,,,,https://www.revistas.usp.br/bjps/oai?verb=GetRecord&identifier=oai%3Arevistas.usp.br%3Aarticle%2F10649&metadataPrefix=oai_dc,www.revistas.usp.br,ok,200,https://revistas.usp.br/bjps/en/oai?verb=GetRecord&identifier=oai%3Arevistas.usp.br%3Aarticle%2F10649&metadataPrefix=oai_dc,,True,True,True,False,False,False,False,False,False,True,True
45,Brazilian Journal of Pharmaceutical Sciences,USP-31,Universidade de São Paulo (USP),https://www.revistas.usp.br/bjps/oai,www.revistas.usp.br,outra,2026-09-04 11:01:19,2049,VALID,oai:revistas.usp.br:article/10650,3,record:doi,record,doi,http://www.scielo.br/j/bjps/a/5bB7shfPBPmZkP9mD6c8hxP/?lang=pt,www.scielo.br,ok,200,http://www.scielo.br/j/bjps/a/5bB7shfPBPmZkP9mD6c8hxP/?lang=pt,,record:doi,record,doi,https://doi.org/10.1590/S1984-82502009000100003,doi.org,ok,200,http://www.scielo.br/j/bjps/a/5bB7shfPBPmZkP9mD6c8hxP/?lang=pt,,,,,https://www.revistas.usp.br/bjps/oai?verb=GetRecord&identifier=oai%3Arevistas.usp.br%3Aarticle%2F10650&metadataPrefix=oai_dc,www.revistas.usp.br,ok,200,https://revistas.usp.br/bjps/en/oai?verb=GetRecord&identifier=oai%3Arevistas.usp.br%3Aarticle%2F10650&metadataPrefix=oai_dc,,True,True,True,False,False,False,False,False,False,True,True
2011,Revista do CAAP (Online),UFMG-29,Universidade Federal de Minas Gerais (UFMG),https://periodicos.ufmg.br/index.php/caap/oai,periodicos.ufmg.br,ojs,2025-05-13 16:32:06,506,VALID,oai:periodicos.ufmg.br:article/13615,0,,,,,,sem-link,,,no-usable-url,,,,,,sem-link,,,,,,,https://periodicos.ufmg.br/index.php/caap/oai?verb=GetRecord&identifier=oai%3Aperiodicos.ufmg.br%3Aarticle%2F13615&metadataPrefix=oai_dc,periodicos.ufmg.br,ok,200,https://periodicos.ufmg.br/index.php/caap/oai?verb=GetRecord&identifier=oai%3Aperiodicos.ufmg.br%3Aarticle%2F13615&metadataPrefix=oai_dc,,False,False,True,False,False,False,False,False,False,False,False
2011,Revista do CAAP (Online),UFMG-29,Universidade Federal de Minas Gerais (UFMG),https://periodicos.ufmg.br/index.php/caap/oai,periodicos.ufmg.br,ojs,2025-05-13 16:32:06,506,VALID,oai:periodicos.ufmg.br:article/13616,0,,,,,,sem-link,,,no-usable-url,,,,,,sem-link,,,,,,,https://periodicos.ufmg.br/index.php/caap/oai?verb=GetRecord&identifier=oai%3Aperiodicos.ufmg.br%3Aarticle%2F13616&metadataPrefix=oai_dc,periodicos.ufmg.br,ok,200,https://periodicos.ufmg.br/index.php/caap/oai?verb=GetRecord&identifier=oai%3Aperiodicos.ufmg.br%3Aarticle%2F13616&metadataPrefix=oai_dc,,False,False,True,False,False,False,False,False,False,False,False
1174,"Revista de Sociologia, Antropologia e Cultura Jurídica",CONPEDI-24,Conselho Nacional de Pesquisa e Pós-graduação em Direito (CONPEDI),http://www.indexlaw.org/index.php/culturajuridica/oai,www.indexlaw.org,ojs,2026-01-09 10:09:55,112,VALID,oai:ojs.indexlaw.org:article/196,3,record:doi,record,doi,https://indexlaw.org/index.php/culturajuridica/article/view/196,indexlaw.org,ok,200,https://indexlaw.org/index.php/culturajuridica/article/view/196,,record:doi,record,doi,https://doi.org/10.26668/IndexLawJournals/2526-0251/2015.v1i1.196,doi.org,ok,200,https://indexlaw.org/index.php/culturajuridica/article/view/196,,,,,http://www.indexlaw.org/index.php/culturajuridica/oai?verb=GetRecord&identifier=oai%3Aojs.indexlaw.org%3Aarticle%2F196&metadataPrefix=oai_dc,www.indexlaw.org,ok,200,http://www.indexlaw.org/index.php/culturajuridica/oai?verb=GetRecord&identifier=oai%3Aojs.indexlaw.org%3Aarticle%2F196&metadataPrefix=oai_dc,,True,True,True,False,False,False,False,False,False,True,True
1174,"Revista de Sociologia, Antropologia e Cultura Jurídica",CONPEDI-24,Conselho Nacional de Pesquisa e Pós-graduação em Direito (CONPEDI),http://www.indexlaw.org/index.php/culturajuridica/oai,www.indexlaw.org,ojs,2026-01-09 10:09:55,112,VALID,oai:ojs.indexlaw.org:article/203,3,record:doi,record,doi,https://indexlaw.org/index.php/culturajuridica/article/view/203,indexlaw.org,ok,200,https://indexlaw.org/index.php/culturajuridica/article/view/203,,record:doi,record,doi,https://doi.org/10.26668/IndexLawJournals/2526-0251/2015.v1i1.203,doi.org,ok,200,https://indexlaw.org/index.php/culturajuridica/article/view/203,,,,,http://www.indexlaw.org/index.php/culturajuridica/oai?verb=GetRecord&identifier=oai%3Aojs.indexlaw.org%3Aarticle%2F203&metadataPrefix=oai_dc,www.indexlaw.org,ok,200,http://www.indexlaw.org/index.php/culturajuridica/oai?verb=GetRecord&identifier=oai%3Aojs.indexlaw.org%3Aarticle%2F203&metadataPrefix=oai_dc,,True,True,True,False,False,False,False,False,False,True,True
2762,"Revista Educação, Artes e Inclusão",UDESC-13,Universidade do Estado de Santa Catarina (UDESC),https://periodicos.udesc.br/index.php/arteinclusao/oai,periodicos.udesc.br,ojs,2026-08-18 15:51:57,517,VALID,oai:ojs.revistas.udesc.br:article/3459,0,,,,,,sem-link,,,oai-error:badArgument,,,,,,sem-link,,,,,,,https://periodicos.udesc.br/index.php/arteinclusao/oai?verb=GetRecord&identifier=oai%3Aojs.revistas.udesc.br%3Aarticle%2F3459&metadataPrefix=oai_dc,periodicos.udesc.br,ok,200,https://revistas.udesc.br/index.php/arteinclusao/pt_BR/oai?verb=GetRecord&identifier=oai%3Aojs.revistas.udesc.br%3Aarticle%2F3459&metadataPrefix=oai_dc,,False,False,True,False,False,False,False,False,False,False,False
2762,"Revista Educação, Artes e Inclusão",UDESC-13,Universidade do Estado de Santa Catarina (UDESC),https://periodicos.udesc.br/index.php/arteinclusao/oai,periodicos.udesc.br,ojs,2026-08-18 15:51:57,517,VALID,oai:ojs.revistas.udesc.br:article/3912,0,,,,,,sem-link,,,oai-error:badArgument,,,,,,sem-link,,,,,,,https://periodicos.udesc.br/index.php/arteinclusao/oai?verb=GetRecord&identifier=oai%3Aojs.revistas.udesc.br%3Aarticle%2F3912&metadataPrefix=oai_dc,periodicos.udesc.br,ok,200,https://revistas.udesc.br/index.php/arteinclusao/pt_BR/oai?verb=GetRecord&identifier=oai%3Aojs.revistas.udesc.br%3Aarticle%2F3912&metadataPrefix=oai_dc,,False,False,True,False,False,False,False,False,False,False,False
1988,Revista de Direito (Instituto de Educação Superior de Brasília),IESB-1,Instituto de Educação Superior de Brasília (IESB),https://revista.iesb.br/revista/index.php/ojsiesb/oai,revista.iesb.br,ojs,2025-05-13 12:01:16,177,VALID,oai:revista.iesb.br:article/13,2,record:ojs,record,ojs,https://revista.iesb.br/revista/index.php/ojsiesb/article/view/13,revista.iesb.br,ok,200,https://revista.iesb.br/revista/index.php/ojsiesb/article/view/13,,record:ojs,record,ojs,https://revista.iesb.br/revista/index.php/ojsiesb/article/view/13,revista.iesb.br,ok,200,https://revista.iesb.br/revista/index.php/ojsiesb/article/view/13,,,,,https://revista.iesb.br/revista/index.php/ojsiesb/oai?verb=GetRecord&identifier=oai%3Arevista.iesb.br%3Aarticle%2F13&metadataPrefix=oai_dc,revista.iesb.br,ok,200,https://revista.iesb.br/revista/index.php/ojsiesb/oai?verb=GetRecord&identifier=oai%3Arevista.iesb.br%3Aarticle%2F13&metadataPrefix=oai_dc,,True,True,True,False,False,False,False,False,False,False,False
1988,Revista de Direito (Instituto de Educação Superior de Brasília),IESB-1,Instituto de Educação Superior de Brasília (IESB),https://revista.iesb.br/revista/index.php/ojsiesb/oai,revista.iesb.br,ojs,2025-05-13 12:01:16,177,VALID,oai:revista.iesb.br:article/14,2,record:ojs,record,ojs,https://revista.iesb.br/revista/index.php/ojsiesb/article/view/14,revista.iesb.br,ok,200,https://revista.iesb.br/revista/index.php/ojsiesb/article/view/14,,record:ojs,record,ojs,https://revista.iesb.br/revista/index.php/ojsiesb/article/view/14,revista.iesb.br,ok,200,https://revista.iesb.br/revista/index.php/ojsiesb/article/view/14,,,,,https://revista.iesb.br/revista/index.php/ojsiesb/oai?verb=GetRecord&identifier=oai%3Arevista.iesb.br%3Aarticle%2F14&metadataPrefix=oai_dc,revista.iesb.br,ok,200,https://revista.iesb.br/revista/index.php/ojsiesb/oai?verb=GetRecord&identifier=oai%3Arevista.iesb.br%3Aarticle%2F14&metadataPrefix=oai_dc,,True,True,True,False,False,False,False,False,False,False,False
2520,Revista Geonordeste (Online),UFS-13,Universidade Federal de Sergipe (UFS),https://periodicos.ufs.br/geonordeste/oai,periodicos.ufs.br,outra,2026-08-24 16:51:18,766,VALID,oai:ojs.ufs.emnuvens.com.br:article/1395,2,record:ojs,record,ojs,https://periodicos.ufs.br/geonordeste/article/view/1395,periodicos.ufs.br,ok,200,https://periodicos.ufs.br/geonordeste/article/view/1395,,record:ojs,record,ojs,https://periodicos.ufs.br/geonordeste/article/view/1395,periodicos.ufs.br,ok,200,https://periodicos.ufs.br/geonordeste/article/view/1395,,,,,https://periodicos.ufs.br/geonordeste/oai?verb=GetRecord&identifier=oai%3Aojs.ufs.emnuvens.com.br%3Aarticle%2F1395&metadataPrefix=oai_dc,periodicos.ufs.br,ok,200,https://periodicos.ufs.br/geonordeste/oai?verb=GetRecord&identifier=oai%3Aojs.ufs.emnuvens.com.br%3Aarticle%2F1395&metadataPrefix=oai_dc,,True,True,True,False,False,False,False,False,False,False,False
2520,Revista Geonordeste (Online),UFS-13,Universidade Federal de Sergipe (UFS),https://periodicos.ufs.br/geonordeste/oai,periodicos.ufs.br,outra,2026-08-24 16:51:18,766,VALID,oai:ojs.ufs.emnuvens.com.br:article/1396,2,record:ojs,record,ojs,https://periodicos.ufs.br/geonordeste/article/view/1396,periodicos.ufs.br,ok,200,https://periodicos.ufs.br/geonordeste/article/view/1396,,record:ojs,record,ojs,https://periodicos.ufs.br/geonordeste/article/view/1396,periodicos.ufs.br,ok,200,https://periodicos.ufs.br/geonordeste/article/view/1396,,,,,https://periodicos.ufs.br/geonordeste/oai?verb=GetRecord&identifier=oai%3Aojs.ufs.emnuvens.com.br%3Aarticle%2F1396&metadataPrefix=oai_dc,periodicos.ufs.br,ok,200,https://periodicos.ufs.br/geonordeste/oai?verb=GetRecord&identifier=oai%3Aojs.ufs.emnuvens.com.br%3Aarticle%2F1396&metadataPrefix=oai_dc,,True,True,True,False,False,False,False,False,False,False,False
28,Estudos Econômicos (São Paulo),USP-14,Universidade de São Paulo (USP),https://www.revistas.usp.br/ee/oai,www.revistas.usp.br,outra,2026-09-03 19:53:44,1474,VALID,oai:revistas.usp.br:article/35789,3,record:ojs,record,ojs,https://revistas.usp.br/ee/pt_BR/article/view/35789,revistas.usp.br,ok,200,https://revistas.usp.br/ee/pt_BR/article/view/35789,,record:doi,record,doi,https://doi.org/10.1590/S0101-41612003000200001,doi.org,ok,200,http://www.scielo.br/j/ee/a/8N73b586RkjSYLjjrjZ8hqD/?lang=en,,,,,https://www.revistas.usp.br/ee/oai?verb=GetRecord&identifier=oai%3Arevistas.usp.br%3Aarticle%2F35789&metadataPrefix=oai_dc,www.revistas.usp.br,ok,200,https://revistas.usp.br/ee/pt_BR/oai?verb=GetRecord&identifier=oai%3Arevistas.usp.br%3Aarticle%2F35789&metadataPrefix=oai_dc,,True,True,True,False,False,False,False,False,False,True,True
28,Estudos Econômicos (São Paulo),USP-14,Universidade de São Paulo (USP),https://www.revistas.usp.br/ee/oai,www.revistas.usp.br,outra,2026-09-03 19:53:44,1474,VALID,oai:revistas.usp.br:article/35790,3,record:ojs,record,ojs,https://revistas.usp.br/ee/pt_BR/article/view/35790,revistas.usp.br,ok,200,https://revistas.usp.br/ee/pt_BR/article/view/35790,,record:doi,record,doi,https://doi.org/10.1590/S0101-41612003000200002,doi.org,http-5xx,502,http://www.scielo.br/scielo.php?script=sci_arttext&pid=S0101-41612003000200002&lng=pt&tlng=pt,,,,,https://www.revistas.usp.br/ee/oai?verb=GetRecord&identifier=oai%3Arevistas.usp.br%3Aarticle%2F35790&metadataPrefix=oai_dc,www.revistas.usp.br,ok,200,https://revistas.usp.br/ee/pt_BR/oai?verb=GetRecord&identifier=oai%3Arevistas.usp.br%3Aarticle%2F35790&metadataPrefix=oai_dc,,True,False,True,False,False,True,False,True,False,True,True
67,Revista Espaço Jurídico/Espaço Jurídico Journal of Law,UNOESC-1,Universidade do Oeste de Santa Catarina (UNOESC),https://portalperiodicos.unoesc.edu.br/espacojuridico/oai,portalperiodicos.unoesc.edu.br,outra,2026-09-04 14:38:07,584,VALID,oai:ojs.periodicos.unoesc.edu.br:article/203,1,record:ojs,record,ojs,https://periodicos.unoesc.edu.br/espacojuridico/article/view/203,periodicos.unoesc.edu.br,ok,200,https://periodicos.unoesc.edu.br/espacojuridico/article/view/203,,record:ojs,record,ojs,https://periodicos.unoesc.edu.br/espacojuridico/article/view/203,periodicos.unoesc.edu.br,ok,200,https://periodicos.unoesc.edu.br/espacojuridico/article/view/203,,,,,https://portalperiodicos.unoesc.edu.br/espacojuridico/oai?verb=GetRecord&identifier=oai%3Aojs.periodicos.unoesc.edu.br%3Aarticle%2F203&metadataPrefix=oai_dc,portalperiodicos.unoesc.edu.br,ok,200,https://periodicos.unoesc.edu.br/espacojuridico/oai?verb=GetRecord&identifier=oai%3Aojs.periodicos.unoesc.edu.br%3Aarticle%2F203&metadataPrefix=oai_dc,,True,True,True,False,False,False,False,False,False,False,True
67,Revista Espaço Jurídico/Espaço Jurídico Journal of Law,UNOESC-1,Universidade do Oeste de Santa Catarina (UNOESC),https://portalperiodicos.unoesc.edu.br/espacojuridico/oai,portalperiodicos.unoesc.edu.br,outra,2026-09-04 14:38:07,584,VALID,oai:ojs.localhost:article/426,0,,,,,,sem-link,,,oai-error:badArgument,,,,,,sem-link,,,,,,,https://portalperiodicos.unoesc.edu.br/espacojuridico/oai?verb=GetRecord&identifier=oai%3Aojs.localhost%3Aarticle%2F426&metadataPrefix=oai_dc,portalperiodicos.unoesc.edu.br,ok,200,https://periodicos.unoesc.edu.br/espacojuridico/oai?verb=GetRecord&identifier=oai%3Aojs.localhost%3Aarticle%2F426&metadataPrefix=oai_dc,,False,False,True,False,False,False,False,False,False,False,False
2157,Revista Movimentos Sociais e Dinâmicas Espaciais,UFPE-7,Universidade Federal de Pernambuco (UFPE),https://periodicos.ufpe.br/revistas/index.php/revistamseu/oai,periodicos.ufpe.br,ojs,2025-05-14 13:05:24,311,VALID,oai:oai.periodicos.ufpe.br:article/229785,2,record:ojs,record,ojs,https://periodicos.ufpe.br/revistas/revistamseu/article/view/229785,periodicos.ufpe.br,ok,200,https://periodicos.ufpe.br/revistas/revistamseu/article/view/229785,,record:ojs,record,ojs,https://periodicos.ufpe.br/revistas/revistamseu/article/view/229785,periodicos.ufpe.br,ok,200,https://periodicos.ufpe.br/revistas/revistamseu/article/view/229785,,,,,https://periodicos.ufpe.br/revistas/index.php/revistamseu/oai?verb=GetRecord&identifier=oai%3Aoai.periodicos.ufpe.br%3Aarticle%2F229785&metadataPrefix=oai_dc,periodicos.ufpe.br,ok,200,https://periodicos.ufpe.br/revistas/index.php/revistamseu/oai?verb=GetRecord&identifier=oai%3Aoai.periodicos.ufpe.br%3Aarticle%2F229785&metadataPrefix=oai_dc,,True,True,True,False,False,False,False,False,False,False,False
2157,Revista Movimentos Sociais e Dinâmicas Espaciais,UFPE-7,Universidade Federal de Pernambuco (UFPE),https://periodicos.ufpe.br/revistas/index.php/revistamseu/oai,periodicos.ufpe.br,ojs,2025-05-14 13:05:24,311,VALID,oai:oai.periodicos.ufpe.br:article/229786,2,record:ojs,record,ojs,https://periodicos.ufpe.br/revistas/revistamseu/article/view/229786,periodicos.ufpe.br,ok,200,https://periodicos.ufpe.br/revistas/revistamseu/article/view/229786,,record:ojs,record,ojs,https://periodicos.ufpe.br/revistas/revistamseu/article/view/229786,periodicos.ufpe.br,ok,200,https://periodicos.ufpe.br/revistas/revistamseu/article/view/229786,,,,,https://periodicos.ufpe.br/revistas/index.php/revistamseu/oai?verb=GetRecord&identifier=oai%3Aoai.periodicos.ufpe.br%3Aarticle%2F229786&metadataPrefix=oai_dc,periodicos.ufpe.br,ok,200,https://periodicos.ufpe.br/revistas/index.php/revistamseu/oai?verb=GetRecord&identifier=oai%3Aoai.periodicos.ufpe.br%3Aarticle%2F229786&metadataPrefix=oai_dc,,True,True,True,False,False,False,False,False,False,False,False
574,Revista de Ensino de Bioquímica,SBBQM-1,Sociedade Brasileira de Bioquímica e Biologia Molecular (SBBq),https://www.bioquimica.org.br/index.php/REB/oai,www.bioquimica.org.br,ojs,2026-01-08 20:45:22,788,VALID,oai:ojs2.bioquimica.ojsbrasil.com.br:article/3,3,record:ojs,record,ojs,https://www.bioquimica.org.br/index.php/REB/article/view/3,www.bioquimica.org.br,ok,200,https://www.bioquimica.org.br/index.php/REB/article/view/3,,record:doi,record,doi,https://doi.org/10.16923/reb.v1i1.3,doi.org,rede,,,ReadTimeout,,,,https://www.bioquimica.org.br/index.php/REB/oai?verb=GetRecord&identifier=oai%3Aojs2.bioquimica.ojsbrasil.com.br%3Aarticle%2F3&metadataPrefix=oai_dc,www.bioquimica.org.br,ok,200,https://www.bioquimica.org.br/index.php/REB/oai?verb=GetRecord&identifier=oai%3Aojs2.bioquimica.ojsbrasil.com.br%3Aarticle%2F3&metadataPrefix=oai_dc,,True,False,True,False,False,False,True,True,False,True,False
574,Revista de Ensino de Bioquímica,SBBQM-1,Sociedade Brasileira de Bioquímica e Biologia Molecular (SBBq),https://www.bioquimica.org.br/index.php/REB/oai,www.bioquimica.org.br,ojs,2026-01-08 20:45:22,788,VALID,oai:ojs2.bioquimica.ojsbrasil.com.br:article/4,3,record:ojs,record,ojs,https://www.bioquimica.org.br/index.php/REB/article/view/4,www.bioquimica.org.br,ok,200,https://www.bioquimica.org.br/index.php/REB/article/view/4,,record:doi,record,doi,https://doi.org/10.16923/reb.v1i1.4,doi.org,http-4xx,404,https://bioquimica.org.br/revista/ojs/index.php/REB/article/view/4,,,,,https://www.bioquimica.org.br/index.php/REB/oai?verb=GetRecord&identifier=oai%3Aojs2.bioquimica.ojsbrasil.com.br%3Aarticle%2F4&metadataPrefix=oai_dc,www.bioquimica.org.br,ok,200,https://www.bioquimica.org.br/index.php/REB/oai?verb=GetRecord&identifier=oai%3Aojs2.bioquimica.ojsbrasil.com.br%3Aarticle%2F4&metadataPrefix=oai_dc,,True,False,True,False,False,True,False,True,False,True,False
1627,Anos 90 (Online),UFRGS-31,Universidade Federal do Rio Grande do Sul (UFRGS),https://seer.ufrgs.br/anos90/oai,seer.ufrgs.br,outra,2025-05-07 13:20:09,825,VALID,oai:seer.ufrgs.br:article/5386,3,record:doi,record,doi,https://seer.ufrgs.br/anos90/article/view/5386,seer.ufrgs.br,ok,200,https://seer.ufrgs.br/anos90/article/view/5386,,record:doi,record,doi,https://doi.org/10.22456/1983-201X.5386,doi.org,ok,200,https://seer.ufrgs.br/anos90/article/view/5386,,,,,https://seer.ufrgs.br/anos90/oai?verb=GetRecord&identifier=oai%3Aseer.ufrgs.br%3Aarticle%2F5386&metadataPrefix=oai_dc,seer.ufrgs.br,ok,200,https://seer.ufrgs.br/anos90/oai?verb=GetRecord&identifier=oai%3Aseer.ufrgs.br%3Aarticle%2F5386&metadataPrefix=oai_dc,,True,True,True,False,False,False,False,False,False,True,False
1627,Anos 90 (Online),UFRGS-31,Universidade Federal do Rio Grande do Sul (UFRGS),https://seer.ufrgs.br/anos90/oai,seer.ufrgs.br,outra,2025-05-07 13:20:09,825,VALID,oai:seer.ufrgs.br:article/5387,3,record:doi,record,doi,https://seer.ufrgs.br/anos90/article/view/5387,seer.ufrgs.br,ok,200,https://seer.ufrgs.br/anos90/article/view/5387,,record:doi,record,doi,https://doi.org/10.22456/1983-201X.5387,doi.org,ok,200,https://seer.ufrgs.br/anos90/article/view/5387,,,,,https://seer.ufrgs.br/anos90/oai?verb=GetRecord&identifier=oai%3Aseer.ufrgs.br%3Aarticle%2F5387&metadataPrefix=oai_dc,seer.ufrgs.br,ok,200,https://seer.ufrgs.br/anos90/oai?verb=GetRecord&identifier=oai%3Aseer.ufrgs.br%3Aarticle%2F5387&metadataPrefix=oai_dc,,True,True,True,False,False,False,False,False,False,True,False
2277,Redes (Canoas),UNISALLE-8,Centro Universitário La Salle (Unilasalle),https://revistas.unilasalle.edu.br/index.php/redes/oai,revistas.unilasalle.edu.br,ojs,2025-07-02 14:06:34,483,VALID,oai:ojs.revistas.unilasalle.edu.br:article/961,3,record:ojs,record,ojs,https://revistas.unilasalle.edu.br/index.php/redes/article/view/961,revistas.unilasalle.edu.br,ok,200,https://revistas.unilasalle.edu.br/index.php/redes/article/view/961,,record:doi,record,doi,https://doi.org/10.18316/961,doi.org,http-4xx,404,https://doi.org/10.18316/961,,,,,https://revistas.unilasalle.edu.br/index.php/redes/oai?verb=GetRecord&identifier=oai%3Aojs.revistas.unilasalle.edu.br%3Aarticle%2F961&metadataPrefix=oai_dc,revistas.unilasalle.edu.br,ok,200,https://revistas.unilasalle.edu.br/index.php/redes/oai?verb=GetRecord&identifier=oai%3Aojs.revistas.unilasalle.edu.br%3Aarticle%2F961&metadataPrefix=oai_dc,,True,False,True,False,False,True,False,True,False,True,False
2277,Redes (Canoas),UNISALLE-8,Centro Universitário La Salle (Unilasalle),https://revistas.unilasalle.edu.br/index.php/redes/oai,revistas.unilasalle.edu.br,ojs,2025-07-02 14:06:34,483,VALID,oai:ojs.revistas.unilasalle.edu.br:article/962,3,record:ojs,record,ojs,https://revistas.unilasalle.edu.br/index.php/redes/article/view/962,revistas.unilasalle.edu.br,ok,200,https://revistas.unilasalle.edu.br/index.php/redes/article/view/962,,record:doi,record,doi,https://doi.org/10.18316/962,doi.org,http-4xx,404,https://doi.org/10.18316/962,,,,,https://revistas.unilasalle.edu.br/index.php/redes/oai?verb=GetRecord&identifier=oai%3Aojs.revistas.unilasalle.edu.br%3Aarticle%2F962&metadataPrefix=oai_dc,revistas.unilasalle.edu.br,ok,200,https://revistas.unilasalle.edu.br/index.php/redes/oai?verb=GetRecord&identifier=oai%3Aojs.revistas.unilasalle.edu.br%3Aarticle%2F962&metadataPrefix=oai_dc,,True,False,True,False,False,True,False,True,False,True,False
2717,Revista do Instituto de Políticas Públicas de Marília,UNESP-49,"Universidade Estadual Paulista ""Júlio de Mesquita Filho"" (UNESP)",https://revistas.marilia.unesp.br/index.php/RIPPMAR/oai,revistas.marilia.unesp.br,ojs,2026-08-18 16:54:48,182,VALID,oai:ojs.www2.marilia.unesp.br:article/5639,4,record:doi,record,doi,https://revistas.marilia.unesp.br/index.php/RIPPMAR/article/view/5639,revistas.marilia.unesp.br,ok,200,https://revistas.marilia.unesp.br/index.php/RIPPMAR/article/view/5639,,record:doi,record,doi,https://doi.org/10.33027/2447-780X.2015.v1.n1.01.p1,doi.org,ok,200,https://revistas.marilia.unesp.br/index.php/RIPPMAR/article/view/5639,,,,,https://revistas.marilia.unesp.br/index.php/RIPPMAR/oai?verb=GetRecord&identifier=oai%3Aojs.www2.marilia.unesp.br%3Aarticle%2F5639&metadataPrefix=oai_dc,revistas.marilia.unesp.br,ok,200,https://revistas.marilia.unesp.br/index.php/RIPPMAR/oai?verb=GetRecord&identifier=oai%3Aojs.www2.marilia.unesp.br%3Aarticle%2F5639&metadataPrefix=oai_dc,,True,True,True,False,False,False,False,False,False,True,False
2717,Revista do Instituto de Políticas Públicas de Marília,UNESP-49,"Universidade Estadual Paulista ""Júlio de Mesquita Filho"" (UNESP)",https://revistas.marilia.unesp.br/index.php/RIPPMAR/oai,revistas.marilia.unesp.br,ojs,2026-08-18 16:54:48,182,VALID,oai:ojs.www2.marilia.unesp.br:article/5641,4,record:doi,record,doi,https://revistas.marilia.unesp.br/index.php/RIPPMAR/article/view/5641,revistas.marilia.unesp.br,ok,200,https://revistas.marilia.unesp.br/index.php/RIPPMAR/article/view/5641,,record:doi,record,doi,https://doi.org/10.33027/2447-780X.2015.v1.n1.03.p26,doi.org,ok,200,https://revistas.marilia.unesp.br/index.php/RIPPMAR/article/view/5641,,,,,https://revistas.marilia.unesp.br/index.php/RIPPMAR/oai?verb=GetRecord&identifier=oai%3Aojs.www2.marilia.unesp.br%3Aarticle%2F5641&metadataPrefix=oai_dc,revistas.marilia.unesp.br,ok,200,https://revistas.marilia.unesp.br/index.php/RIPPMAR/oai?verb=GetRecord&identifier=oai%3Aojs.www2.marilia.unesp.br%3Aarticle%2F5641&metadataPrefix=oai_dc,,True,True,True,False,False,False,False,False,False,True,False
1652,Albuquerque (Online),UFMS-6,Universidade Federal de Mato Grosso do Sul (UFMS),https://periodicos.ufms.br/index.php/AlbRHis/oai,periodicos.ufms.br,ojs,2025-05-07 13:39:36,477,VALID,oai:ojs.seer.ufms.br:article/1669,0,,,,,,sem-link,,,oai-error:badArgument,,,,,,sem-link,,,,,,,https://periodicos.ufms.br/index.php/AlbRHis/oai?verb=GetRecord&identifier=oai%3Aojs.seer.ufms.br%3Aarticle%2F1669&metadataPrefix=oai_dc,periodicos.ufms.br,ok,200,https://periodicos.ufms.br/index.php/AlbRHis/oai?verb=GetRecord&identifier=oai%3Aojs.seer.ufms.br%3Aarticle%2F1669&metadataPrefix=oai_dc,,False,False,True,False,False,False,False,False,False,False,False
1652,Albuquerque (Online),UFMS-6,Universidade Federal de Mato Grosso do Sul (UFMS),https://periodicos.ufms.br/index.php/AlbRHis/oai,periodicos.ufms.br,ojs,2025-05-07 13:39:36,477,VALID,oai:ojs.seer.ufms.br:article/2167,0,,,,,,sem-link,,,oai-error:badArgument,,,,,,sem-link,,,,,,,https://periodicos.ufms.br/index.php/AlbRHis/oai?verb=GetRecord&identifier=oai%3Aojs.seer.ufms.br%3Aarticle%2F2167&metadataPrefix=oai_dc,periodicos.ufms.br,ok,200,https://periodicos.ufms.br/index.php/AlbRHis/oai?verb=GetRecord&identifier=oai%3Aojs.seer.ufms.br%3Aarticle%2F2167&metadataPrefix=oai_dc,,False,False,True,False,False,False,False,False,False,False,False
2197,Revista da Faculdade de Ciências Médicas da Paraíba,AFYA,Faculdade de Ciências Médicas da Paraíba (Afya),https://rfcm.emnuvens.com.br/revista/oai,rfcm.emnuvens.com.br,outra,2025-05-15 19:32:03,71,VALID,oai:ojs.rfcm.emnuvens.com.br:article/2,2,record:ojs,record,ojs,https://rfcm.emnuvens.com.br/revista/article/view/2,rfcm.emnuvens.com.br,ok,200,https://rfcm.emnuvens.com.br/revista/article/view/2,,record:ojs,record,ojs,https://rfcm.emnuvens.com.br/revista/article/view/2,rfcm.emnuvens.com.br,ok,200,https://rfcm.emnuvens.com.br/revista/article/view/2,,,,,https://rfcm.emnuvens.com.br/revista/oai?verb=GetRecord&identifier=oai%3Aojs.rfcm.emnuvens.com.br%3Aarticle%2F2&metadataPrefix=oai_dc,rfcm.emnuvens.com.br,ok,200,https://rfcm.emnuvens.com.br/revista/oai?verb=GetRecord&identifier=oai%3Aojs.rfcm.emnuvens.com.br%3Aarticle%2F2&metadataPrefix=oai_dc,,True,True,True,False,False,False,False,False,False,False,False
2197,Revista da Faculdade de Ciências Médicas da Paraíba,AFYA,Faculdade de Ciências Médicas da Paraíba (Afya),https://rfcm.emnuvens.com.br/revista/oai,rfcm.emnuvens.com.br,outra,2025-05-15 19:32:03,71,VALID,oai:ojs.rfcm.emnuvens.com.br:article/4,2,record:ojs,record,ojs,https://rfcm.emnuvens.com.br/revista/article/view/4,rfcm.emnuvens.com.br,ok,200,https://rfcm.emnuvens.com.br/revista/article/view/4,,record:ojs,record,ojs,https://rfcm.emnuvens.com.br/revista/article/view/4,rfcm.emnuvens.com.br,ok,200,https://rfcm.emnuvens.com.br/revista/article/view/4,,,,,https://rfcm.emnuvens.com.br/revista/oai?verb=GetRecord&identifier=oai%3Aojs.rfcm.emnuvens.com.br%3Aarticle%2F4&metadataPrefix=oai_dc,rfcm.emnuvens.com.br,ok,200,https://rfcm.emnuvens.com.br/revista/oai?verb=GetRecord&identifier=oai%3Aojs.rfcm.emnuvens.com.br%3Aarticle%2F4&metadataPrefix=oai_dc,,True,True,True,False,False,False,False,False,False,False,False
2254,Estrabão,CASAHIRAN,Casa de Hiram,https://revista.estrabao.press/index.php/estrabao/oai,revista.estrabao.press,ojs,2025-06-30 15:12:08,159,VALID,oai:ojs2.estrabao.press:article/1,4,record:doi,record,doi,https://revista.estrabao.press/index.php/estrabao/article/view/1,revista.estrabao.press,ok,200,https://revista.estrabao.press/index.php/estrabao/article/view/1,,record:doi,record,doi,https://doi.org/10.53455/re.v2i.1,doi.org,ok,200,https://revista.estrabao.press/index.php/estrabao/article/view/1,,,,,https://revista.estrabao.press/index.php/estrabao/oai?verb=GetRecord&identifier=oai%3Aojs2.estrabao.press%3Aarticle%2F1&metadataPrefix=oai_dc,revista.estrabao.press,ok,200,https://revista.estrabao.press/index.php/estrabao/oai?verb=GetRecord&identifier=oai%3Aojs2.estrabao.press%3Aarticle%2F1&metadataPrefix=oai_dc,,True,True,True,False,False,False,False,False,False,True,False
2254,Estrabão,CASAHIRAN,Casa de Hiram,https://revista.estrabao.press/index.php/estrabao/oai,revista.estrabao.press,ojs,2025-06-30 15:12:08,159,VALID,oai:ojs2.estrabao.press:article/2,4,record:doi,record,doi,https://revista.estrabao.press/index.php/estrabao/article/view/2,revista.estrabao.press,ok,200,https://revista.estrabao.press/index.php/estrabao/article/view/2,,record:doi,record,doi,https://doi.org/10.53455/re.v1i.2,doi.org,ok,200,https://revista.estrabao.press/index.php/estrabao/article/view/2,,,,,https://revista.estrabao.press/index.php/estrabao/oai?verb=GetRecord&identifier=oai%3Aojs2.estrabao.press%3Aarticle%2F2&metadataPrefix=oai_dc,revista.estrabao.press,ok,200,https://revista.estrabao.press/index.php/estrabao/oai?verb=GetRecord&identifier=oai%3Aojs2.estrabao.press%3Aarticle%2F2&metadataPrefix=oai_dc,,True,True,True,False,False,False,False,False,False,True,False
1842,Terra Roxa e Outras Terras: Revista de Estudos Literários,UEL-15,Universidade Estadual de Londrina (UEL),https://ojs.uel.br/revistas/uel/index.php/terraroxa/oai,ojs.uel.br,ojs,2025-05-12 14:14:56,512,VALID,oai:ojs.www.uel.br:article/24657,0,,,,,,sem-link,,,oai-error:badArgument,,,,,,sem-link,,,,,,,https://ojs.uel.br/revistas/uel/index.php/terraroxa/oai?verb=GetRecord&identifier=oai%3Aojs.www.uel.br%3Aarticle%2F24657&metadataPrefix=oai_dc,ojs.uel.br,ok,200,https://ojs.uel.br/revistas/uel/index.php/terraroxa/oai?verb=GetRecord&identifier=oai%3Aojs.www.uel.br%3Aarticle%2F24657&metadataPrefix=oai_dc,,False,False,True,False,False,False,False,False,False,False,False
1842,Terra Roxa e Outras Terras: Revista de Estudos Literários,UEL-15,Universidade Estadual de Londrina (UEL),https://ojs.uel.br/revistas/uel/index.php/terraroxa/oai,ojs.uel.br,ojs,2025-05-12 14:14:56,512,VALID,oai:ojs2.ojs.uel.br:article/24681,3,record:ojs,record,ojs,https://ojs.uel.br/revistas/uel/index.php/terraroxa/article/view/24681,ojs.uel.br,rede,,,RemoteProtocolError,record:doi,record,doi,https://doi.org/10.5433/1678-2054.2002v1p3,doi.org,http-4xx,404,https://doi.org/10.5433/1678-2054.2002v1p3,,,,,https://ojs.uel.br/revistas/uel/index.php/terraroxa/oai?verb=GetRecord&identifier=oai%3Aojs2.ojs.uel.br%3Aarticle%2F24681&metadataPrefix=oai_dc,ojs.uel.br,ok,200,https://ojs.uel.br/revistas/uel/index.php/terraroxa/oai?verb=GetRecord&identifier=oai%3Aojs2.ojs.uel.br%3Aarticle%2F24681&metadataPrefix=oai_dc,,False,False,True,False,True,True,False,False,False,True,False
1604,Revista Reamec,UFMT-5,Universidade Federal de Mato Grosso (UFMT),https://periodicoscientificos.ufmt.br/ojs/index.php/reamec/oai,periodicoscientificos.ufmt.br,ojs,2025-05-07 12:43:59,709,VALID,oai:ojs.192.168.26.29:article/3865,0,,,,,,sem-link,,,oai-error:badArgument,,,,,,sem-link,,,,,,,https://periodicoscientificos.ufmt.br/ojs/index.php/reamec/oai?verb=GetRecord&identifier=oai%3Aojs.192.168.26.29%3Aarticle%2F3865&metadataPrefix=oai_dc,periodicoscientificos.ufmt.br,ok,200,https://periodicoscientificos.ufmt.br/ojs/index.php/reamec/oai?verb=GetRecord&identifier=oai%3Aojs.192.168.26.29%3Aarticle%2F3865&metadataPrefix=oai_dc,,False,False,True,False,False,False,False,False,False,False,False
1604,Revista Reamec,UFMT-5,Universidade Federal de Mato Grosso (UFMT),https://periodicoscientificos.ufmt.br/ojs/index.php/reamec/oai,periodicoscientificos.ufmt.br,ojs,2025-05-07 12:43:59,709,VALID,oai:ojs.192.168.26.29:article/7413,0,,,,,,sem-link,,,oai-error:badArgument,,,,,,sem-link,,,,,,,https://periodicoscientificos.ufmt.br/ojs/index.php/reamec/oai?verb=GetRecord&identifier=oai%3Aojs.192.168.26.29%3Aarticle%2F7413&metadataPrefix=oai_dc,periodicoscientificos.ufmt.br,ok,200,https://periodicoscientificos.ufmt.br/ojs/index.php/reamec/oai?verb=GetRecord&identifier=oai%3Aojs.192.168.26.29%3Aarticle%2F7413&metadataPrefix=oai_dc,,False,False,True,False,False,False,False,False,False,False,False
1557,Consumer Behavior Review,UFPE-5,Universidade Federal de Pernambuco (UFPE),https://periodicos.ufpe.br/revistas/cbr/oai,periodicos.ufpe.br,outra,2024-04-24 09:33:41,139,VALID,oai:oai.periodicos.ufpe.br:article/15013,3,record:doi,record,doi,https://periodicos.ufpe.br/revistas/cbr/article/view/15013,periodicos.ufpe.br,ok,200,https://periodicos.ufpe.br/revistas/cbr/article/view/15013,,record:doi,record,doi,https://doi.org/10.51359/2526-7884.2017.15013,doi.org,ok,200,https://periodicos.ufpe.br/revistas/cbr/article/view/15013,,,,,https://periodicos.ufpe.br/revistas/cbr/oai?verb=GetRecord&identifier=oai%3Aoai.periodicos.ufpe.br%3Aarticle%2F15013&metadataPrefix=oai_dc,periodicos.ufpe.br,ok,200,https://periodicos.ufpe.br/revistas/cbr/oai?verb=GetRecord&identifier=oai%3Aoai.periodicos.ufpe.br%3Aarticle%2F15013&metadataPrefix=oai_dc,,True,True,True,False,False,False,False,False,False,True,False
1557,Consumer Behavior Review,UFPE-5,Universidade Federal de Pernambuco (UFPE),https://periodicos.ufpe.br/revistas/cbr/oai,periodicos.ufpe.br,outra,2024-04-24 09:33:41,139,VALID,oai:oai.periodicos.ufpe.br:article/15020,3,record:doi,record,doi,https://periodicos.ufpe.br/revistas/cbr/article/view/15020,periodicos.ufpe.br,ok,200,https://periodicos.ufpe.br/revistas/cbr/article/view/15020,,record:doi,record,doi,https://doi.org/10.51359/2526-7884.2017.15020,doi.org,ok,200,https://periodicos.ufpe.br/revistas/cbr/article/view/15020,,,,,https://periodicos.ufpe.br/revistas/cbr/oai?verb=GetRecord&identifier=oai%3Aoai.periodicos.ufpe.br%3Aarticle%2F15020&metadataPrefix=oai_dc,periodicos.ufpe.br,ok,200,https://periodicos.ufpe.br/revistas/cbr/oai?verb=GetRecord&identifier=oai%3Aoai.periodicos.ufpe.br%3Aarticle%2F15020&metadataPrefix=oai_dc,,True,True,True,False,False,False,False,False,False,True,False
1866,Revista de Defesa da Concorrência,CADE,Conselho Administrativo de Defesa Econômica (Cade),https://revista.cade.gov.br/index.php/revistadedefesadaconcorrencia/oai,revista.cade.gov.br,ojs,2025-05-12 20:51:55,206,VALID,oai:ojs.tom:article/40,2,record:ojs,record,ojs,https://revista.cade.gov.br/index.php/revistadedefesadaconcorrencia/article/view/40,revista.cade.gov.br,ok,200,https://revista.cade.gov.br/index.php/revistadedefesadaconcorrencia/article/view/40,,record:ojs,record,ojs,https://revista.cade.gov.br/index.php/revistadedefesadaconcorrencia/article/view/40,revista.cade.gov.br,ok,200,https://revista.cade.gov.br/index.php/revistadedefesadaconcorrencia/article/view/40,,,,,https://revista.cade.gov.br/index.php/revistadedefesadaconcorrencia/oai?verb=GetRecord&identifier=oai%3Aojs.tom%3Aarticle%2F40&metadataPrefix=oai_dc,revista.cade.gov.br,ok,200,https://revista.cade.gov.br/index.php/revistadedefesadaconcorrencia/oai?verb=GetRecord&identifier=oai%3Aojs.tom%3Aarticle%2F40&metadataPrefix=oai_dc,,True,True,True,False,False,False,False,False,False,False,False
1866,Revista de Defesa da Concorrência,CADE,Conselho Administrativo de Defesa Econômica (Cade),https://revista.cade.gov.br/index.php/revistadedefesadaconcorrencia/oai,revista.cade.gov.br,ojs,2025-05-12 20:51:55,206,VALID,oai:ojs.tom:article/41,2,record:ojs,record,ojs,https://revista.cade.gov.br/index.php/revistadedefesadaconcorrencia/article/view/41,revista.cade.gov.br,ok,200,https://revista.cade.gov.br/index.php/revistadedefesadaconcorrencia/article/view/41,,record:ojs,record,ojs,https://revista.cade.gov.br/index.php/revistadedefesadaconcorrencia/article/view/41,revista.cade.gov.br,ok,200,https://revista.cade.gov.br/index.php/revistadedefesadaconcorrencia/article/view/41,,,,,https://revista.cade.gov.br/index.php/revistadedefesadaconcorrencia/oai?verb=GetRecord&identifier=oai%3Aojs.tom%3Aarticle%2F41&metadataPrefix=oai_dc,revista.cade.gov.br,ok,200,https://revista.cade.gov.br/index.php/revistadedefesadaconcorrencia/oai?verb=GetRecord&identifier=oai%3Aojs.tom%3Aarticle%2F41&metadataPrefix=oai_dc,,True,True,True,False,False,False,False,False,False,False,False
1967,Revista Verde Grande (Online),UNIMONTES5,Universidade Estadual de Montes Claros (UNIMONTES),https://www.periodicos.unimontes.br/index.php/verdegrande/oai,www.periodicos.unimontes.br,ojs,2025-05-13 10:18:59,361,VALID,oai:ojs2.localhost:article/495,0,,,,,,sem-link,,,oai-error:badArgument,,,,,,sem-link,,,,,,,https://www.periodicos.unimontes.br/index.php/verdegrande/oai?verb=GetRecord&identifier=oai%3Aojs2.localhost%3Aarticle%2F495&metadataPrefix=oai_dc,www.periodicos.unimontes.br,ok,200,https://www.periodicos.unimontes.br/index.php/verdegrande/oai?verb=GetRecord&identifier=oai%3Aojs2.localhost%3Aarticle%2F495&metadataPrefix=oai_dc,,False,False,True,False,False,False,False,False,False,False,False
1967,Revista Verde Grande (Online),UNIMONTES5,Universidade Estadual de Montes Claros (UNIMONTES),https://www.periodicos.unimontes.br/index.php/verdegrande/oai,www.periodicos.unimontes.br,ojs,2025-05-13 10:18:59,361,VALID,oai:ojs2.localhost:article/496,0,,,,,,sem-link,,,oai-error:badArgument,,,,,,sem-link,,,,,,,https://www.periodicos.unimontes.br/index.php/verdegrande/oai?verb=GetRecord&identifier=oai%3Aojs2.localhost%3Aarticle%2F496&metadataPrefix=oai_dc,www.periodicos.unimontes.br,ok,200,https://www.periodicos.unimontes.br/index.php/verdegrande/oai?verb=GetRecord&identifier=oai%3Aojs2.localhost%3Aarticle%2F496&metadataPrefix=oai_dc,,False,False,True,False,False,False,False,False,False,False,False
1203,Caderno de Educação Física e Esporte,UNIOESTE-3,Universidade Estadual do Oeste do Paraná (UNIOESTE),https://e-revista.unioeste.br/index.php/cadernoedfisica/oai,e-revista.unioeste.br,ojs,2026-01-09 10:58:38,653,VALID,oai:e-revista.unioeste.br:article/1194,3,record:doi,record,doi,https://e-revista.unioeste.br/index.php/cadernoedfisica/pt_BR/article/view/1194,e-revista.unioeste.br,ok,200,https://e-revista.unioeste.br/index.php/cadernoedfisica/pt_BR/article/view/1194,,record:doi,record,doi,https://doi.org/10.36453/cefe.2001.v4.i7.p11,doi.org,ok,200,https://e-revista.unioeste.br/index.php/cadernoedfisica/pt_BR/article/view/1194,,,,,https://e-revista.unioeste.br/index.php/cadernoedfisica/oai?verb=GetRecord&identifier=oai%3Ae-revista.unioeste.br%3Aarticle%2F1194&metadataPrefix=oai_dc,e-revista.unioeste.br,ok,200,https://e-revista.unioeste.br/index.php/cadernoedfisica/pt_BR/oai?verb=GetRecord&identifier=oai%3Ae-revista.unioeste.br%3Aarticle%2F1194&metadataPrefix=oai_dc,,True,True,True,False,False,False,False,False,False,True,False
1203,Caderno de Educação Física e Esporte,UNIOESTE-3,Universidade Estadual do Oeste do Paraná (UNIOESTE),https://e-revista.unioeste.br/index.php/cadernoedfisica/oai,e-revista.unioeste.br,ojs,2026-01-09 10:58:38,653,VALID,oai:e-revista.unioeste.br:article/1328,3,record:doi,record,doi,https://e-revista.unioeste.br/index.php/cadernoedfisica/pt_BR/article/view/1328,e-revista.unioeste.br,ok,200,https://e-revista.unioeste.br/index.php/cadernoedfisica/pt_BR/article/view/1328,,record:doi,record,doi,https://doi.org/10.36453/cefe.2001.v4.i7.p31,doi.org,ok,200,https://e-revista.unioeste.br/index.php/cadernoedfisica/pt_BR/article/view/1328,,,,,https://e-revista.unioeste.br/index.php/cadernoedfisica/oai?verb=GetRecord&identifier=oai%3Ae-revista.unioeste.br%3Aarticle%2F1328&metadataPrefix=oai_dc,e-revista.unioeste.br,ok,200,https://e-revista.unioeste.br/index.php/cadernoedfisica/pt_BR/oai?verb=GetRecord&identifier=oai%3Ae-revista.unioeste.br%3Aarticle%2F1328&metadataPrefix=oai_dc,,True,True,True,False,False,False,False,False,False,True,False
1814,"Research, Society and Development",UNIFEI,Universidade Federal de Itajubá (UNIFEI),https://rsdjournal.org/index.php/rsd/oai,rsdjournal.org,ojs,2026-08-02 19:36:58,34556,VALID,oai:ojs.pkp.sfu.ca:article/1,3,record:doi,record,doi,https://rsdjournal.org/index.php/rsd/article/view/1,rsdjournal.org,ok,200,https://rsdjournal.org/index.php/rsd/article/view/1,,record:doi,record,doi,https://doi.org/10.33448/rsd-v1i1.1,doi.org,ok,200,https://rsdjournal.org/index.php/rsd/article/view/1,,,,,https://rsdjournal.org/index.php/rsd/oai?verb=GetRecord&identifier=oai%3Aojs.pkp.sfu.ca%3Aarticle%2F1&metadataPrefix=oai_dc,rsdjournal.org,ok,200,https://rsdjournal.org/index.php/rsd/oai?verb=GetRecord&identifier=oai%3Aojs.pkp.sfu.ca%3Aarticle%2F1&metadataPrefix=oai_dc,,True,True,True,False,False,False,False,False,False,True,False
1814,"Research, Society and Development",UNIFEI,Universidade Federal de Itajubá (UNIFEI),https://rsdjournal.org/index.php/rsd/oai,rsdjournal.org,ojs,2026-08-02 19:36:58,34556,VALID,oai:ojs.pkp.sfu.ca:article/2,3,record:doi,record,doi,https://rsdjournal.org/index.php/rsd/article/view/2,rsdjournal.org,ok,200,https://rsdjournal.org/index.php/rsd/article/view/2,,record:doi,record,doi,https://doi.org/10.17648/rsd-v1i1.2,doi.org,ok,200,https://rsdjournal.org/index.php/rsd/article/view/2,,,,,https://rsdjournal.org/index.php/rsd/oai?verb=GetRecord&identifier=oai%3Aojs.pkp.sfu.ca%3Aarticle%2F2&metadataPrefix=oai_dc,rsdjournal.org,ok,200,https://rsdjournal.org/index.php/rsd/oai?verb=GetRecord&identifier=oai%3Aojs.pkp.sfu.ca%3Aarticle%2F2&metadataPrefix=oai_dc,,True,True,True,False,False,False,False,False,False,True,False
1113,Revista Pedagógica (Chapecó. Online),UNOCHAPO-1,Universidade Comunitária da Região de Chapecó (UNOCHAPECÓ),https://bell.unochapeco.edu.br/revistas/index.php/pedagogica/oai,bell.unochapeco.edu.br,ojs,2026-01-08 23:22:47,984,VALID,oai:ojs2.pegasus.unochapeco.edu.br:article/86,3,record:doi,record,doi,https://bell.unochapeco.edu.br/revistas/index.php/pedagogica/article/view/86,bell.unochapeco.edu.br,ok,200,https://bell.unochapeco.edu.br/revistas/index.php/pedagogica/article/view/86,,record:doi,record,doi,https://doi.org/10.22196/rp.v10i20.86,doi.org,ok,200,https://bell.unochapeco.edu.br/revistas/index.php/pedagogica/article/view/86,,,,,https://bell.unochapeco.edu.br/revistas/index.php/pedagogica/oai?verb=GetRecord&identifier=oai%3Aojs2.pegasus.unochapeco.edu.br%3Aarticle%2F86&metadataPrefix=oai_dc,bell.unochapeco.edu.br,ok,200,https://bell.unochapeco.edu.br/revistas/index.php/pedagogica/oai?verb=GetRecord&identifier=oai%3Aojs2.pegasus.unochapeco.edu.br%3Aarticle%2F86&metadataPrefix=oai_dc,,True,True,True,False,False,False,False,False,False,True,False
1113,Revista Pedagógica (Chapecó. Online),UNOCHAPO-1,Universidade Comunitária da Região de Chapecó (UNOCHAPECÓ),https://bell.unochapeco.edu.br/revistas/index.php/pedagogica/oai,bell.unochapeco.edu.br,ojs,2026-01-08 23:22:47,984,VALID,oai:ojs2.pegasus.unochapeco.edu.br:article/88,3,record:doi,record,doi,https://bell.unochapeco.edu.br/revistas/index.php/pedagogica/article/view/88,bell.unochapeco.edu.br,ok,200,https://bell.unochapeco.edu.br/revistas/index.php/pedagogica/article/view/88,,record:doi,record,doi,https://doi.org/10.22196/rp.v10i20.88,doi.org,ok,200,https://bell.unochapeco.edu.br/revistas/index.php/pedagogica/article/view/88,,,,,https://bell.unochapeco.edu.br/revistas/index.php/pedagogica/oai?verb=GetRecord&identifier=oai%3Aojs2.pegasus.unochapeco.edu.br%3Aarticle%2F88&metadataPrefix=oai_dc,bell.unochapeco.edu.br,ok,200,https://bell.unochapeco.edu.br/revistas/index.php/pedagogica/oai?verb=GetRecord&identifier=oai%3Aojs2.pegasus.unochapeco.edu.br%3Aarticle%2F88&metadataPrefix=oai_dc,,True,True,True,False,False,False,False,False,False,True,False
171,Pesquisa em Educação Ambiental (Online),UNESP-3,Universidade Estadual Paulista (UNESP),https://www.periodicos.rc.biblioteca.unesp.br/index.php/pesquisa/oai,www.periodicos.rc.biblioteca.unesp.br,ojs,2026-09-11 14:21:27,446,VALID,oai:periodicos.rc.biblioteca.unesp.br:article/6017,5,record:doi,record,doi,https://www.periodicos.rc.biblioteca.unesp.br/index.php/pesquisa/article/view/6017,www.periodicos.rc.biblioteca.unesp.br,ok,200,https://www.periodicos.rc.biblioteca.unesp.br/index.php/pesquisa/article/view/6017,,record:doi,record,doi,https://doi.org/10.18675/2177-580X.vol9.n2.p10-22,doi.org,ok,200,https://www.periodicos.rc.biblioteca.unesp.br/index.php/pesquisa/article/view/6017,,,,,https://www.periodicos.rc.biblioteca.unesp.br/index.php/pesquisa/oai?verb=GetRecord&identifier=oai%3Aperiodicos.rc.biblioteca.unesp.br%3Aarticle%2F6017&metadataPrefix=oai_dc,www.periodicos.rc.biblioteca.unesp.br,ok,200,https://www.periodicos.rc.biblioteca.unesp.br/index.php/pesquisa/oai?verb=GetRecord&identifier=oai%3Aperiodicos.rc.biblioteca.unesp.br%3Aarticle%2F6017&metadataPrefix=oai_dc,,True,True,True,False,False,False,False,False,False,True,False
171,Pesquisa em Educação Ambiental (Online),UNESP-3,Universidade Estadual Paulista (UNESP),https://www.periodicos.rc.biblioteca.unesp.br/index.php/pesquisa/oai,www.periodicos.rc.biblioteca.unesp.br,ojs,2026-09-11 14:21:27,446,VALID,oai:periodicos.rc.biblioteca.unesp.br:article/6102,3,record:doi,record,doi,https://www.periodicos.rc.biblioteca.unesp.br/index.php/pesquisa/article/view/6102,www.periodicos.rc.biblioteca.unesp.br,ok,200,https://www.periodicos.rc.biblioteca.unesp.br/index.php/pesquisa/article/view/6102,,record:doi,record,doi,https://doi.org/10.18675/2177-580X.vol1.n1.p11-25,doi.org,ok,200,https://www.periodicos.rc.biblioteca.unesp.br/index.php/pesquisa/article/view/6102,,,,,https://www.periodicos.rc.biblioteca.unesp.br/index.php/pesquisa/oai?verb=GetRecord&identifier=oai%3Aperiodicos.rc.biblioteca.unesp.br%3Aarticle%2F6102&metadataPrefix=oai_dc,www.periodicos.rc.biblioteca.unesp.br,ok,200,https://www.periodicos.rc.biblioteca.unesp.br/index.php/pesquisa/oai?verb=GetRecord&identifier=oai%3Aperiodicos.rc.biblioteca.unesp.br%3Aarticle%2F6102&metadataPrefix=oai_dc,,True,True,True,False,False,False,False,False,False,True,False
1033,Revista Língua & Literatura (Online),URI-2,Universidade Regional Integrada do Alto Uruguai e das Missões (URI),http://revistas.fw.uri.br/index.php/revistalinguaeliteratura/oai,revistas.fw.uri.br,ojs,2026-01-08 22:19:55,476,VALID,oai:ojs.pkp.sfu.ca:article/1,3,record:ojs,record,ojs,https://revistas.fw.uri.br/revistalinguaeliteratura/article/view/1,revistas.fw.uri.br,ok,200,https://revistas.fw.uri.br/revistalinguaeliteratura/article/view/1,,record:ojs,record,ojs,http://revistas.fw.uri.br/revistalinguaeliteratura/article/view/1,revistas.fw.uri.br,ok,200,https://revistas.fw.uri.br/revistalinguaeliteratura/article/view/1,,,,,http://revistas.fw.uri.br/index.php/revistalinguaeliteratura/oai?verb=GetRecord&identifier=oai%3Aojs.pkp.sfu.ca%3Aarticle%2F1&metadataPrefix=oai_dc,revistas.fw.uri.br,ok,200,http://revistas.fw.uri.br/index.php/revistalinguaeliteratura/oai?verb=GetRecord&identifier=oai%3Aojs.pkp.sfu.ca%3Aarticle%2F1&metadataPrefix=oai_dc,,True,True,True,False,False,False,False,False,False,True,False
1033,Revista Língua & Literatura (Online),URI-2,Universidade Regional Integrada do Alto Uruguai e das Missões (URI),http://revistas.fw.uri.br/index.php/revistalinguaeliteratura/oai,revistas.fw.uri.br,ojs,2026-01-08 22:19:55,476,VALID,oai:ojs.pkp.sfu.ca:article/2,3,record:ojs,record,ojs,https://revistas.fw.uri.br/revistalinguaeliteratura/article/view/2,revistas.fw.uri.br,ok,200,https://revistas.fw.uri.br/revistalinguaeliteratura/article/view/2,,record:ojs,record,ojs,http://revistas.fw.uri.br/revistalinguaeliteratura/article/view/2,revistas.fw.uri.br,ok,200,https://revistas.fw.uri.br/revistalinguaeliteratura/article/view/2,,,,,http://revistas.fw.uri.br/index.php/revistalinguaeliteratura/oai?verb=GetRecord&identifier=oai%3Aojs.pkp.sfu.ca%3Aarticle%2F2&metadataPrefix=oai_dc,revistas.fw.uri.br,ok,200,http://revistas.fw.uri.br/index.php/revistalinguaeliteratura/oai?verb=GetRecord&identifier=oai%3Aojs.pkp.sfu.ca%3Aarticle%2F2&metadataPrefix=oai_dc,,True,True,True,False,False,False,False,False,False,True,False
2168,Boletim Goiano de Geografia (Online),UFG-15,Universidade Federal de Goiás (UFG),https://revistas.ufg.br/bgg/oai,revistas.ufg.br,outra,2025-08-08 10:40:58,789,VALID,oai:ojs.revistas.ufg.br:article/2448,3,record:doi,record,doi,https://revistas.ufg.br/index.php/bgg/article/view/2448,revistas.ufg.br,ok,200,https://revistas.ufg.br/index.php/bgg/article/view/2448,,record:doi,record,doi,https://doi.org/10.5216/bgg.v27i2.2448,doi.org,ok,200,https://revistas.ufg.br/index.php/bgg/article/view/2448,,,,,https://revistas.ufg.br/bgg/oai?verb=GetRecord&identifier=oai%3Aojs.revistas.ufg.br%3Aarticle%2F2448&metadataPrefix=oai_dc,revistas.ufg.br,ok,200,https://revistas.ufg.br/bgg/oai?verb=GetRecord&identifier=oai%3Aojs.revistas.ufg.br%3Aarticle%2F2448&metadataPrefix=oai_dc,,True,True,True,False,False,False,False,False,False,True,False
2168,Boletim Goiano de Geografia (Online),UFG-15,Universidade Federal de Goiás (UFG),https://revistas.ufg.br/bgg/oai,revistas.ufg.br,outra,2025-08-08 10:40:58,789,VALID,oai:ojs.revistas.ufg.br:article/2643,3,record:doi,record,doi,https://revistas.ufg.br/index.php/bgg/article/view/2643,revistas.ufg.br,ok,200,https://revistas.ufg.br/index.php/bgg/article/view/2643,,record:doi,record,doi,https://doi.org/10.5216/bgg.v27i2.2643,doi.org,ok,200,https://revistas.ufg.br/index.php/bgg/article/view/2643,,,,,https://revistas.ufg.br/bgg/oai?verb=GetRecord&identifier=oai%3Aojs.revistas.ufg.br%3Aarticle%2F2643&metadataPrefix=oai_dc,revistas.ufg.br,ok,200,https://revistas.ufg.br/bgg/oai?verb=GetRecord&identifier=oai%3Aojs.revistas.ufg.br%3Aarticle%2F2643&metadataPrefix=oai_dc,,True,True,True,False,False,False,False,False,False,True,False
258,Ilha do Desterro,UFSC-9,Universidade Federal de Santa Catarina (UFSC),https://periodicos.ufsc.br/index.php/desterro/oai,periodicos.ufsc.br,ojs,2026-01-05 11:14:28,1525,VALID,oai:periodicos.ufsc.br:article/1481,4,record:doi,record,doi,https://periodicos.ufsc.br/index.php/desterro/article/view/2175-8026.2006n51p9,periodicos.ufsc.br,ok,200,https://periodicos.ufsc.br/index.php/desterro/article/view/2175-8026.2006n51p9,,record:doi,record,doi,http://dx.doi.org/10.5007/2175-8026.2006n51p9,dx.doi.org,ok,200,https://periodicos.ufsc.br/index.php/desterro/article/view/2175-8026.2006n51p9,,,,,https://periodicos.ufsc.br/index.php/desterro/oai?verb=GetRecord&identifier=oai%3Aperiodicos.ufsc.br%3Aarticle%2F1481&metadataPrefix=oai_dc,periodicos.ufsc.br,ok,200,https://periodicos.ufsc.br/index.php/desterro/oai?verb=GetRecord&identifier=oai%3Aperiodicos.ufsc.br%3Aarticle%2F1481&metadataPrefix=oai_dc,,True,True,True,False,False,False,False,False,False,True,False
258,Ilha do Desterro,UFSC-9,Universidade Federal de Santa Catarina (UFSC),https://periodicos.ufsc.br/index.php/desterro/oai,periodicos.ufsc.br,ojs,2026-01-05 11:14:28,1525,VALID,oai:periodicos.ufsc.br:article/1484,4,record:doi,record,doi,https://periodicos.ufsc.br/index.php/desterro/article/view/2175-8026.2006n51p93,periodicos.ufsc.br,ok,200,https://periodicos.ufsc.br/index.php/desterro/article/view/2175-8026.2006n51p93,,record:doi,record,doi,"http://dx.doi.org/10.5007/2175-8026.2006n51p93This essay calls for a reassessment of Carmen Miranda's work in Hollywood. Her singing and dancing can reveal unexpected ethnic and cultural alignments. The focus here is on the costumes she designed for Springtime in the Rockies, a Fox musical in which Brazilian as well as Native American cultural references are made explicit in Miranda's performance.",dx.doi.org,rede,,,ReadTimeout,,,,https://periodicos.ufsc.br/index.php/desterro/oai?verb=GetRecord&identifier=oai%3Aperiodicos.ufsc.br%3Aarticle%2F1484&metadataPrefix=oai_dc,periodicos.ufsc.br,ok,200,https://periodicos.ufsc.br/index.php/desterro/oai?verb=GetRecord&identifier=oai%3Aperiodicos.ufsc.br%3Aarticle%2F1484&metadataPrefix=oai_dc,,True,False,True,False,False,False,True,True,False,True,False
2640,Revista Investigações (Online),UFPE-13,Universidade Federal de Pernambuco (UFPE),https://periodicos.ufpe.br/revistas/index.php/INV/oai,periodicos.ufpe.br,ojs,2026-08-19 18:38:58,691,VALID,oai:oai.periodicos.ufpe.br:article/193,2,record:ojs,record,ojs,https://periodicos.ufpe.br/revistas/INV/article/view/193,periodicos.ufpe.br,ok,200,https://periodicos.ufpe.br/revistas/INV/article/view/193,,record:ojs,record,ojs,https://periodicos.ufpe.br/revistas/INV/article/view/193,periodicos.ufpe.br,ok,200,https://periodicos.ufpe.br/revistas/INV/article/view/193,,,,,https://periodicos.ufpe.br/revistas/index.php/INV/oai?verb=GetRecord&identifier=oai%3Aoai.periodicos.ufpe.br%3Aarticle%2F193&metadataPrefix=oai_dc,periodicos.ufpe.br,ok,200,https://periodicos.ufpe.br/revistas/index.php/INV/oai?verb=GetRecord&identifier=oai%3Aoai.periodicos.ufpe.br%3Aarticle%2F193&metadataPrefix=oai_dc,,True,True,True,False,False,False,False,False,False,False,False
2640,Revista Investigações (Online),UFPE-13,Universidade Federal de Pernambuco (UFPE),https://periodicos.ufpe.br/revistas/index.php/INV/oai,periodicos.ufpe.br,ojs,2026-08-19 18:38:58,691,VALID,oai:oai.periodicos.ufpe.br:article/338,2,record:ojs,record,ojs,https://periodicos.ufpe.br/revistas/INV/article/view/338,periodicos.ufpe.br,ok,200,https://periodicos.ufpe.br/revistas/INV/article/view/338,,record:ojs,record,ojs,https://periodicos.ufpe.br/revistas/INV/article/view/338,periodicos.ufpe.br,ok,200,https://periodicos.ufpe.br/revistas/INV/article/view/338,,,,,https://periodicos.ufpe.br/revistas/index.php/INV/oai?verb=GetRecord&identifier=oai%3Aoai.periodicos.ufpe.br%3Aarticle%2F338&metadataPrefix=oai_dc,periodicos.ufpe.br,ok,200,https://periodicos.ufpe.br/revistas/index.php/INV/oai?verb=GetRecord&identifier=oai%3Aoai.periodicos.ufpe.br%3Aarticle%2F338&metadataPrefix=oai_dc,,True,True,True,False,False,False,False,False,False,False,False
2158,Mouseion (Canoas),UNISALLE-1,Centro Universitário La Salle (Unilasalle),https://revistas.unilasalle.edu.br/index.php/Mouseion/oai,revistas.unilasalle.edu.br,ojs,2025-05-14 13:02:55,415,VALID,oai:ojs.revistas.unilasalle.edu.br:article/26,3,record:ojs,record,ojs,https://revistas.unilasalle.edu.br/index.php/Mouseion/article/view/26,revistas.unilasalle.edu.br,ok,200,https://revistas.unilasalle.edu.br/index.php/Mouseion/article/view/26,,record:doi,record,doi,https://doi.org/10.18316/26,doi.org,http-4xx,404,https://doi.org/10.18316/26,,,,,https://revistas.unilasalle.edu.br/index.php/Mouseion/oai?verb=GetRecord&identifier=oai%3Aojs.revistas.unilasalle.edu.br%3Aarticle%2F26&metadataPrefix=oai_dc,revistas.unilasalle.edu.br,ok,200,https://revistas.unilasalle.edu.br/index.php/Mouseion/oai?verb=GetRecord&identifier=oai%3Aojs.revistas.unilasalle.edu.br%3Aarticle%2F26&metadataPrefix=oai_dc,,True,False,True,False,False,True,False,True,False,True,False
2158,Mouseion (Canoas),UNISALLE-1,Centro Universitário La Salle (Unilasalle),https://revistas.unilasalle.edu.br/index.php/Mouseion/oai,revistas.unilasalle.edu.br,ojs,2025-05-14 13:02:55,415,VALID,oai:ojs.revistas.unilasalle.edu.br:article/27,3,record:ojs,record,ojs,https://revistas.unilasalle.edu.br/index.php/Mouseion/article/view/27,revistas.unilasalle.edu.br,ok,200,https://revistas.unilasalle.edu.br/index.php/Mouseion/article/view/27,,record:doi,record,doi,https://doi.org/10.18316/27,doi.org,http-4xx,404,https://doi.org/10.18316/27,,,,,https://revistas.unilasalle.edu.br/index.php/Mouseion/oai?verb=GetRecord&identifier=oai%3Aojs.revistas.unilasalle.edu.br%3Aarticle%2F27&metadataPrefix=oai_dc,revistas.unilasalle.edu.br,ok,200,https://revistas.unilasalle.edu.br/index.php/Mouseion/oai?verb=GetRecord&identifier=oai%3Aojs.revistas.unilasalle.edu.br%3Aarticle%2F27&metadataPrefix=oai_dc,,True,False,True,False,False,True,False,True,False,True,False
2186,Revista de Economia do Centro-Oeste,UFG-28,Universidade Federal de Goiás (UFG),https://revistas.ufg.br/reoeste/oai,revistas.ufg.br,outra,2025-04-30 11:39:39,108,VALID,oai:ojs.revistas.ufg.br:article/34208,3,record:ojs,record,ojs,https://revistas.ufg.br/reoeste/article/view/34208,revistas.ufg.br,ok,200,https://revistas.ufg.br/reoeste/article/view/34208,,record:doi,record,doi,https://doi.org/10.5216/reoeste.v1i1.34208,doi.org,http-4xx,404,https://doi.org/10.5216/reoeste.v1i1.34208,,,,,https://revistas.ufg.br/reoeste/oai?verb=GetRecord&identifier=oai%3Aojs.revistas.ufg.br%3Aarticle%2F34208&metadataPrefix=oai_dc,revistas.ufg.br,ok,200,https://revistas.ufg.br/reoeste/oai?verb=GetRecord&identifier=oai%3Aojs.revistas.ufg.br%3Aarticle%2F34208&metadataPrefix=oai_dc,,True,False,True,False,False,True,False,True,False,True,False
2186,Revista de Economia do Centro-Oeste,UFG-28,Universidade Federal de Goiás (UFG),https://revistas.ufg.br/reoeste/oai,revistas.ufg.br,outra,2025-04-30 11:39:39,108,VALID,oai:ojs.revistas.ufg.br:article/34209,3,record:ojs,record,ojs,https://revistas.ufg.br/reoeste/article/view/34209,revistas.ufg.br,ok,200,https://revistas.ufg.br/reoeste/article/view/34209,,record:doi,record,doi,https://doi.org/10.5216/reoeste.v1i1.34209,doi.org,http-4xx,404,https://doi.org/10.5216/reoeste.v1i1.34209,,,,,https://revistas.ufg.br/reoeste/oai?verb=GetRecord&identifier=oai%3Aojs.revistas.ufg.br%3Aarticle%2F34209&metadataPrefix=oai_dc,revistas.ufg.br,ok,200,https://revistas.ufg.br/reoeste/oai?verb=GetRecord&identifier=oai%3Aojs.revistas.ufg.br%3Aarticle%2F34209&metadataPrefix=oai_dc,,True,False,True,False,False,True,False,True,False,True,False
603,Letras de Hoje (Online),PUC_RS-19,Pontifícia Universidade Católica do Rio Grande do Sul (PUCRS),https://revistaseletronicas.pucrs.br/fale/oai,revistaseletronicas.pucrs.br,outra,2026-01-08 20:56:16,2791,VALID,oai:ojs.revistaseletronicas.pucrs.br:article/579,2,record:ojs,record,ojs,https://revistaseletronicas.pucrs.br/fale/article/view/579,revistaseletronicas.pucrs.br,ok,200,https://revistaseletronicas.pucrs.br/fale/article/view/579,,record:ojs,record,ojs,https://revistaseletronicas.pucrs.br/fale/article/view/579,revistaseletronicas.pucrs.br,ok,200,https://revistaseletronicas.pucrs.br/fale/article/view/579,,,,,https://revistaseletronicas.pucrs.br/fale/oai?verb=GetRecord&identifier=oai%3Aojs.revistaseletronicas.pucrs.br%3Aarticle%2F579&metadataPrefix=oai_dc,revistaseletronicas.pucrs.br,ok,200,https://revistaseletronicas.pucrs.br/fale/oai?verb=GetRecord&identifier=oai%3Aojs.revistaseletronicas.pucrs.br%3Aarticle%2F579&metadataPrefix=oai_dc,,True,True,True,False,False,False,False,False,False,False,False
603,Letras de Hoje (Online),PUC_RS-19,Pontifícia Universidade Católica do Rio Grande do Sul (PUCRS),https://revistaseletronicas.pucrs.br/fale/oai,revistaseletronicas.pucrs.br,outra,2026-01-08 20:56:16,2791,VALID,oai:ojs.revistaseletronicas.pucrs.br:article/580,2,record:ojs,record,ojs,https://revistaseletronicas.pucrs.br/fale/article/view/580,revistaseletronicas.pucrs.br,ok,200,https://revistaseletronicas.pucrs.br/fale/article/view/580,,record:ojs,record,ojs,https://revistaseletronicas.pucrs.br/fale/article/view/580,revistaseletronicas.pucrs.br,ok,200,https://revistaseletronicas.pucrs.br/fale/article/view/580,,,,,https://revistaseletronicas.pucrs.br/fale/oai?verb=GetRecord&identifier=oai%3Aojs.revistaseletronicas.pucrs.br%3Aarticle%2F580&metadataPrefix=oai_dc,revistaseletronicas.pucrs.br,ok,200,https://revistaseletronicas.pucrs.br/fale/oai?verb=GetRecord&identifier=oai%3Aojs.revistaseletronicas.pucrs.br%3Aarticle%2F580&metadataPrefix=oai_dc,,True,True,True,False,False,False,False,False,False,False,False
2739,Cenas Educacionais,UNEB-10,Universidade do Estado da Bahia (UNEB),https://www.revistas.uneb.br/index.php/cenaseducacionais/oai,www.revistas.uneb.br,ojs,2026-08-18 16:26:03,659,VALID,oai:revistas.uneb.br:article/5133,4,record:ojs,record,ojs,https://www.revistas.uneb.br/cenaseducacionais/article/view/5133,www.revistas.uneb.br,ok,200,https://www.revistas.uneb.br/cenaseducacionais/article/view/5133,,record:ojs,record,ojs,https://www.revistas.uneb.br/cenaseducacionais/article/view/5133,www.revistas.uneb.br,ok,200,https://www.revistas.uneb.br/cenaseducacionais/article/view/5133,,,,,https://www.revistas.uneb.br/index.php/cenaseducacionais/oai?verb=GetRecord&identifier=oai%3Arevistas.uneb.br%3Aarticle%2F5133&metadataPrefix=oai_dc,www.revistas.uneb.br,ok,200,https://www.revistas.uneb.br/index.php/cenaseducacionais/oai?verb=GetRecord&identifier=oai%3Arevistas.uneb.br%3Aarticle%2F5133&metadataPrefix=oai_dc,,True,True,True,False,False,False,False,False,False,False,False
2739,Cenas Educacionais,UNEB-10,Universidade do Estado da Bahia (UNEB),https://www.revistas.uneb.br/index.php/cenaseducacionais/oai,www.revistas.uneb.br,ojs,2026-08-18 16:26:03,659,VALID,oai:ojs.192.168.5.50:article/5134,0,,,,,,sem-link,,,oai-error:badArgument,,,,,,sem-link,,,,,,,https://www.revistas.uneb.br/index.php/cenaseducacionais/oai?verb=GetRecord&identifier=oai%3Aojs.192.168.5.50%3Aarticle%2F5134&metadataPrefix=oai_dc,www.revistas.uneb.br,ok,200,https://www.revistas.uneb.br/index.php/cenaseducacionais/oai?verb=GetRecord&identifier=oai%3Aojs.192.168.5.50%3Aarticle%2F5134&metadataPrefix=oai_dc,,False,False,True,False,False,False,False,False,False,False,False
1326,Revista Brasileira de Estudos Políticos (Online),UFMG-21,Universidade Federal de Minas Gerais (UFMG),https://pos.direito.ufmg.br/rbep/index.php/rbep/oai,pos.direito.ufmg.br,ojs,2026-01-09 12:06:05,604,VALID,oai:ojs.pkp.sfu.ca:article/2,3,record:ojs,record,ojs,https://pos.direito.ufmg.br/rbep/index.php/rbep/article/view/10.9732,pos.direito.ufmg.br,ok,200,https://pos.direito.ufmg.br/rbep/index.php/rbep/article/view/10.9732,,record:doi,record,doi,https://doi.org/10.9732/10.9732,doi.org,http-4xx,404,https://doi.org/10.9732/10.9732,,,,,https://pos.direito.ufmg.br/rbep/index.php/rbep/oai?verb=GetRecord&identifier=oai%3Aojs.pkp.sfu.ca%3Aarticle%2F2&metadataPrefix=oai_dc,pos.direito.ufmg.br,ok,200,https://pos.direito.ufmg.br/rbep/index.php/rbep/oai?verb=GetRecord&identifier=oai%3Aojs.pkp.sfu.ca%3Aarticle%2F2&metadataPrefix=oai_dc,,True,False,True,False,False,True,False,True,False,True,False
1326,Revista Brasileira de Estudos Políticos (Online),UFMG-21,Universidade Federal de Minas Gerais (UFMG),https://pos.direito.ufmg.br/rbep/index.php/rbep/oai,pos.direito.ufmg.br,ojs,2026-01-09 12:06:05,604,VALID,oai:ojs.pkp.sfu.ca:article/3,3,record:ojs,record,ojs,https://pos.direito.ufmg.br/rbep/index.php/rbep/article/view/3,pos.direito.ufmg.br,ok,200,https://pos.direito.ufmg.br/rbep/index.php/rbep/article/view/3,,record:doi,record,doi,https://doi.org/10.9732/3,doi.org,http-4xx,404,https://doi.org/10.9732/3,,,,,https://pos.direito.ufmg.br/rbep/index.php/rbep/oai?verb=GetRecord&identifier=oai%3Aojs.pkp.sfu.ca%3Aarticle%2F3&metadataPrefix=oai_dc,pos.direito.ufmg.br,ok,200,https://pos.direito.ufmg.br/rbep/index.php/rbep/oai?verb=GetRecord&identifier=oai%3Aojs.pkp.sfu.ca%3Aarticle%2F3&metadataPrefix=oai_dc,,True,False,True,False,False,True,False,True,False,True,False
2830,Repositório Institucional da EMESCAM,EMESCAM,Escola Superior de Ciências da Santa Casa de Misericórdia de Vitória (Emescam),https://ri.emescam.br/server/oai/request,ri.emescam.br,dspace,2026-08-18 13:15:25,385,VALID,oai:ri.emescam.br:123456789/402,6,record:dspace,record,dspace,https://ri.emescam.br/handle/123456789/402,ri.emescam.br,ok,200,https://ri.emescam.br/handle/123456789/402,,record:dspace,record,dspace,https://ri.emescam.br/handle/123456789/402,ri.emescam.br,ok,200,https://ri.emescam.br/handle/123456789/402,,,,,https://ri.emescam.br/server/oai/request?verb=GetRecord&identifier=oai%3Ari.emescam.br%3A123456789%2F402&metadataPrefix=xoai,ri.emescam.br,ok,200,https://ri.emescam.br/server/oai/request?verb=GetRecord&identifier=oai%3Ari.emescam.br%3A123456789%2F402&metadataPrefix=xoai,,True,True,True,False,False,False,False,False,False,False,False
2830,Repositório Institucional da EMESCAM,EMESCAM,Escola Superior de Ciências da Santa Casa de Misericórdia de Vitória (Emescam),https://ri.emescam.br/server/oai/request,ri.emescam.br,dspace,2026-08-18 13:15:25,385,VALID,oai:ri.emescam.br:123456789/391,6,record:dspace,record,dspace,https://ri.emescam.br/handle/123456789/391,ri.emescam.br,ok,200,https://ri.emescam.br/handle/123456789/391,,record:dspace,record,dspace,https://ri.emescam.br/handle/123456789/391,ri.emescam.br,ok,200,https://ri.emescam.br/handle/123456789/391,,,,,https://ri.emescam.br/server/oai/request?verb=GetRecord&identifier=oai%3Ari.emescam.br%3A123456789%2F391&metadataPrefix=xoai,ri.emescam.br,ok,200,https://ri.emescam.br/server/oai/request?verb=GetRecord&identifier=oai%3Ari.emescam.br%3A123456789%2F391&metadataPrefix=xoai,,True,True,True,False,False,False,False,False,False,False,False
1715,Revista de História da Educação Matemática,SBHMAT,Sociedade Brasileira de História da Matemática (SBHMat),http://www.histemat.com.br/index.php/HISTEMAT/oai,www.histemat.com.br,ojs,2025-05-07 20:58:59,405,VALID,oai:ojs2.histemat.com.br:article/8,2,record:ojs,record,ojs,https://www.histemat.com.br/index.php/HISTEMAT/article/view/8,www.histemat.com.br,ok,200,https://www.histemat.com.br/index.php/HISTEMAT/article/view/8,,record:ojs,record,ojs,http://www.histemat.com.br/index.php/HISTEMAT/article/view/8,www.histemat.com.br,ok,200,https://www.histemat.com.br/index.php/HISTEMAT/article/view/8,,,,,http://www.histemat.com.br/index.php/HISTEMAT/oai?verb=GetRecord&identifier=oai%3Aojs2.histemat.com.br%3Aarticle%2F8&metadataPrefix=oai_dc,www.histemat.com.br,ok,200,http://www.histemat.com.br/index.php/HISTEMAT/oai?verb=GetRecord&identifier=oai%3Aojs2.histemat.com.br%3Aarticle%2F8&metadataPrefix=oai_dc,,True,True,True,False,False,False,False,False,False,True,False
1715,Revista de História da Educação Matemática,SBHMAT,Sociedade Brasileira de História da Matemática (SBHMat),http://www.histemat.com.br/index.php/HISTEMAT/oai,www.histemat.com.br,ojs,2025-05-07 20:58:59,405,VALID,oai:ojs2.histemat.com.br:article/9,2,record:ojs,record,ojs,https://www.histemat.com.br/index.php/HISTEMAT/article/view/9,www.histemat.com.br,ok,200,https://www.histemat.com.br/index.php/HISTEMAT/article/view/9,,record:ojs,record,ojs,http://www.histemat.com.br/index.php/HISTEMAT/article/view/9,www.histemat.com.br,ok,200,https://www.histemat.com.br/index.php/HISTEMAT/article/view/9,,,,,http://www.histemat.com.br/index.php/HISTEMAT/oai?verb=GetRecord&identifier=oai%3Aojs2.histemat.com.br%3Aarticle%2F9&metadataPrefix=oai_dc,www.histemat.com.br,ok,200,http://www.histemat.com.br/index.php/HISTEMAT/oai?verb=GetRecord&identifier=oai%3Aojs2.histemat.com.br%3Aarticle%2F9&metadataPrefix=oai_dc,,True,True,True,False,False,False,False,False,False,True,False
1544,Pós. Revista do Programa de Pós-Graduação em Arquitetura e Urbanismo da FAUUSP (Online),USP-58,Universidade de São Paulo (USP),https://www.revistas.usp.br/posfau/oai,www.revistas.usp.br,outra,2025-08-13 11:33:34,895,VALID,oai:revistas.usp.br:article/43353,3,record:doi,record,doi,https://revistas.usp.br/posfau/pt_BR/article/view/43353,revistas.usp.br,ok,200,https://revistas.usp.br/posfau/pt_BR/article/view/43353,,record:doi,record,doi,https://doi.org/10.11606/issn.2317-2762.v0i14p0-0,doi.org,ok,200,https://revistas.usp.br/posfau/pt_BR/article/view/43353,,,,,https://www.revistas.usp.br/posfau/oai?verb=GetRecord&identifier=oai%3Arevistas.usp.br%3Aarticle%2F43353&metadataPrefix=oai_dc,www.revistas.usp.br,ok,200,https://revistas.usp.br/posfau/pt_BR/oai?verb=GetRecord&identifier=oai%3Arevistas.usp.br%3Aarticle%2F43353&metadataPrefix=oai_dc,,True,True,True,False,False,False,False,False,False,True,True
1544,Pós. Revista do Programa de Pós-Graduação em Arquitetura e Urbanismo da FAUUSP (Online),USP-58,Universidade de São Paulo (USP),https://www.revistas.usp.br/posfau/oai,www.revistas.usp.br,outra,2025-08-13 11:33:34,895,VALID,oai:revistas.usp.br:article/43354,3,record:doi,record,doi,https://revistas.usp.br/posfau/pt_BR/article/view/43354,revistas.usp.br,ok,200,https://revistas.usp.br/posfau/pt_BR/article/view/43354,,record:doi,record,doi,https://doi.org/10.11606/issn.2317-2762.v0i14p10-25,doi.org,ok,200,https://revistas.usp.br/posfau/pt_BR/article/view/43354,,,,,https://www.revistas.usp.br/posfau/oai?verb=GetRecord&identifier=oai%3Arevistas.usp.br%3Aarticle%2F43354&metadataPrefix=oai_dc,www.revistas.usp.br,ok,200,https://revistas.usp.br/posfau/pt_BR/oai?verb=GetRecord&identifier=oai%3Arevistas.usp.br%3Aarticle%2F43354&metadataPrefix=oai_dc,,True,True,True,False,False,False,False,False,False,True,True
2261,Cadernos de Pós-Graduação (São Paulo. Online),UNINOVE-9,Universidade Nove de Julho (UNINOVE),https://periodicos.uninove.br/cadernosdepos/oai,periodicos.uninove.br,outra,2025-06-30 16:24:51,414,VALID,oai:ojs.periodicos.uninove.br:article/1721,0,derived:ojs,derived,ojs,https://periodicos.uninove.br/cadernosdepos/article/view/1721,periodicos.uninove.br,ok,200,https://periodicos.uninove.br/cadernosdepos/article/view/1721,,derived:ojs,derived,ojs,https://periodicos.uninove.br/cadernosdepos/article/view/1721,periodicos.uninove.br,ok,200,https://periodicos.uninove.br/cadernosdepos/article/view/1721,,,,,https://periodicos.uninove.br/cadernosdepos/oai?verb=GetRecord&identifier=oai%3Aojs.periodicos.uninove.br%3Aarticle%2F1721&metadataPrefix=oai_dc,periodicos.uninove.br,bloqueado,429,https://periodicos.uninove.br/cadernosdepos/oai?verb=GetRecord&identifier=oai%3Aojs.periodicos.uninove.br%3Aarticle%2F1721&metadataPrefix=oai_dc,,True,True,False,False,False,False,False,False,False,False,False
2261,Cadernos de Pós-Graduação (São Paulo. Online),UNINOVE-9,Universidade Nove de Julho (UNINOVE),https://periodicos.uninove.br/cadernosdepos/oai,periodicos.uninove.br,outra,2025-06-30 16:24:51,414,VALID,oai:ojs.periodicos.uninove.br:article/1722,0,derived:ojs,derived,ojs,https://periodicos.uninove.br/cadernosdepos/article/view/1722,periodicos.uninove.br,ok,200,https://periodicos.uninove.br/cadernosdepos/article/view/1722,,derived:ojs,derived,ojs,https://periodicos.uninove.br/cadernosdepos/article/view/1722,periodicos.uninove.br,ok,200,https://periodicos.uninove.br/cadernosdepos/article/view/1722,,,,,https://periodicos.uninove.br/cadernosdepos/oai?verb=GetRecord&identifier=oai%3Aojs.periodicos.uninove.br%3Aarticle%2F1722&metadataPrefix=oai_dc,periodicos.uninove.br,bloqueado,429,https://periodicos.uninove.br/cadernosdepos/oai?verb=GetRecord&identifier=oai%3Aojs.periodicos.uninove.br%3Aarticle%2F1722&metadataPrefix=oai_dc,,True,True,False,False,False,False,False,False,False,False,False
2238,Abehache,ABH,Associação Brasileira de Hispanistas,https://revistaabehache.com/ojs/index.php/abehache/oai,revistaabehache.com,ojs,2025-06-27 14:26:56,341,VALID,oai:ojs.revistaabehache.com.br:article/2,0,,,,,,sem-link,,,oai-error:badArgument,,,,,,sem-link,,,,,,,https://revistaabehache.com/ojs/index.php/abehache/oai?verb=GetRecord&identifier=oai%3Aojs.revistaabehache.com.br%3Aarticle%2F2&metadataPrefix=oai_dc,revistaabehache.com,ok,200,https://revistaabehache.com/ojs/index.php/abehache/oai?verb=GetRecord&identifier=oai%3Aojs.revistaabehache.com.br%3Aarticle%2F2&metadataPrefix=oai_dc,,False,False,True,False,False,False,False,False,False,False,False
2238,Abehache,ABH,Associação Brasileira de Hispanistas,https://revistaabehache.com/ojs/index.php/abehache/oai,revistaabehache.com,ojs,2025-06-27 14:26:56,341,VALID,oai:ojs.pkp.sfu.ca:article/3,2,record:ojs,record,ojs,https://revistaabehache.com/ojs/index.php/abehache/article/view/3/3,revistaabehache.com,ok,200,https://revistaabehache.com/ojs/index.php/abehache/article/view/3/3,,record:ojs,record,ojs,https://revistaabehache.com/ojs/index.php/abehache/article/view/3,revistaabehache.com,http-5xx,500,https://revistaabehache.com/ojs/index.php/abehache/article/view/3,,,,,https://revistaabehache.com/ojs/index.php/abehache/oai?verb=GetRecord&identifier=oai%3Aojs.pkp.sfu.ca%3Aarticle%2F3&metadataPrefix=oai_dc,revistaabehache.com,ok,200,https://revistaabehache.com/ojs/index.php/abehache/oai?verb=GetRecord&identifier=oai%3Aojs.pkp.sfu.ca%3Aarticle%2F3&metadataPrefix=oai_dc,,True,False,True,False,False,True,False,True,False,True,False
1940,Synesis (Online),UCP-2,Universidade Católica de Petrópolis (UCP),https://seer.ucp.br/seer/index.php/synesis/oai,seer.ucp.br,ojs,2025-05-13 10:18:19,342,VALID,oai:ojs.pkp.sfu.ca:article/39,2,record:ojs,record,ojs,https://seer.ucp.br/seer/index.php/synesis/article/view/39,seer.ucp.br,ok,200,https://seer.ucp.br/seer/index.php/synesis/article/view/39,,record:ojs,record,ojs,https://seer.ucp.br/seer/index.php/synesis/article/view/39,seer.ucp.br,ok,200,https://seer.ucp.br/seer/index.php/synesis/article/view/39,,,,,https://seer.ucp.br/seer/index.php/synesis/oai?verb=GetRecord&identifier=oai%3Aojs.pkp.sfu.ca%3Aarticle%2F39&metadataPrefix=oai_dc,seer.ucp.br,ok,200,https://seer.ucp.br/seer/index.php/synesis/oai?verb=GetRecord&identifier=oai%3Aojs.pkp.sfu.ca%3Aarticle%2F39&metadataPrefix=oai_dc,,True,True,True,False,False,False,False,False,False,False,False
1940,Synesis (Online),UCP-2,Universidade Católica de Petrópolis (UCP),https://seer.ucp.br/seer/index.php/synesis/oai,seer.ucp.br,ojs,2025-05-13 10:18:19,342,VALID,oai:ojs.pkp.sfu.ca:article/40,2,record:ojs,record,ojs,https://seer.ucp.br/seer/index.php/synesis/article/view/40,seer.ucp.br,ok,200,https://seer.ucp.br/seer/index.php/synesis/article/view/40,,record:ojs,record,ojs,https://seer.ucp.br/seer/index.php/synesis/article/view/40,seer.ucp.br,ok,200,https://seer.ucp.br/seer/index.php/synesis/article/view/40,,,,,https://seer.ucp.br/seer/index.php/synesis/oai?verb=GetRecord&identifier=oai%3Aojs.pkp.sfu.ca%3Aarticle%2F40&metadataPrefix=oai_dc,seer.ucp.br,ok,200,https://seer.ucp.br/seer/index.php/synesis/oai?verb=GetRecord&identifier=oai%3Aojs.pkp.sfu.ca%3Aarticle%2F40&metadataPrefix=oai_dc,,True,True,True,False,False,False,False,False,False,False,False
661,Tear: Revista de Educação Ciência e Tecnologia,IFRS-1,"Instituto Federal de Educação, Ciência e Tecnologia do Rio Grande do Sul (IFRS)",https://periodicos.ifrs.edu.br/index.php/tear/oai,periodicos.ifrs.edu.br,ojs,2026-01-08 21:12:53,629,VALID,oai:ojs.pkp.sfu.ca:article/1688,4,record:doi,record,doi,https://periodicos.ifrs.edu.br/index.php/tear/article/view/1688,periodicos.ifrs.edu.br,ok,200,https://periodicos.ifrs.edu.br/index.php/tear/article/view/1688,,record:doi,record,doi,https://doi.org/10.35819/tear.v1.n1.a1688,doi.org,ok,200,https://periodicos.ifrs.edu.br/index.php/tear/article/view/1688,,,,,https://periodicos.ifrs.edu.br/index.php/tear/oai?verb=GetRecord&identifier=oai%3Aojs.pkp.sfu.ca%3Aarticle%2F1688&metadataPrefix=oai_dc,periodicos.ifrs.edu.br,ok,200,https://periodicos.ifrs.edu.br/index.php/tear/oai?verb=GetRecord&identifier=oai%3Aojs.pkp.sfu.ca%3Aarticle%2F1688&metadataPrefix=oai_dc,,True,True,True,False,False,False,False,False,False,True,False
661,Tear: Revista de Educação Ciência e Tecnologia,IFRS-1,"Instituto Federal de Educação, Ciência e Tecnologia do Rio Grande do Sul (IFRS)",https://periodicos.ifrs.edu.br/index.php/tear/oai,periodicos.ifrs.edu.br,ojs,2026-01-08 21:12:53,629,VALID,oai:ojs.pkp.sfu.ca:article/1689,4,record:doi,record,doi,https://periodicos.ifrs.edu.br/index.php/tear/article/view/1689,periodicos.ifrs.edu.br,ok,200,https://periodicos.ifrs.edu.br/index.php/tear/article/view/1689,,record:doi,record,doi,https://doi.org/10.35819/tear.v1.n1.a1689,doi.org,ok,200,https://periodicos.ifrs.edu.br/index.php/tear/article/view/1689,,,,,https://periodicos.ifrs.edu.br/index.php/tear/oai?verb=GetRecord&identifier=oai%3Aojs.pkp.sfu.ca%3Aarticle%2F1689&metadataPrefix=oai_dc,periodicos.ifrs.edu.br,ok,200,https://periodicos.ifrs.edu.br/index.php/tear/oai?verb=GetRecord&identifier=oai%3Aojs.pkp.sfu.ca%3Aarticle%2F1689&metadataPrefix=oai_dc,,True,True,True,False,False,False,False,False,False,True,False
218,Educação e Filosofia,UFU-2,Universidade Federal de Uberlândia (UFU),https://seer.ufu.br/index.php/EducacaoFilosofia/oai,seer.ufu.br,ojs,2026-09-14 15:53:30,1683,VALID,oai:ojs.www.seer.ufu.br:article/239,3,record:doi,record,doi,https://seer.ufu.br/index.php/EducacaoFilosofia/article/view/239,seer.ufu.br,ok,200,https://seer.ufu.br/index.php/EducacaoFilosofia/article/view/239,,record:doi,record,doi,https://doi.org/10.14393/REVEDFIL.v20n40a2006-239,doi.org,ok,200,https://seer.ufu.br/index.php/EducacaoFilosofia/article/view/239,,,,,https://seer.ufu.br/index.php/EducacaoFilosofia/oai?verb=GetRecord&identifier=oai%3Aojs.www.seer.ufu.br%3Aarticle%2F239&metadataPrefix=oai_dc,seer.ufu.br,ok,200,https://seer.ufu.br/index.php/EducacaoFilosofia/oai?verb=GetRecord&identifier=oai%3Aojs.www.seer.ufu.br%3Aarticle%2F239&metadataPrefix=oai_dc,,True,True,True,False,False,False,False,False,False,True,False
218,Educação e Filosofia,UFU-2,Universidade Federal de Uberlândia (UFU),https://seer.ufu.br/index.php/EducacaoFilosofia/oai,seer.ufu.br,ojs,2026-09-14 15:53:30,1683,VALID,oai:ojs.www.seer.ufu.br:article/240,3,record:doi,record,doi,https://seer.ufu.br/index.php/EducacaoFilosofia/article/view/240,seer.ufu.br,ok,200,https://seer.ufu.br/index.php/EducacaoFilosofia/article/view/240,,record:doi,record,doi,https://doi.org/10.14393/REVEDFIL.v20n40a2006-240,doi.org,ok,200,https://seer.ufu.br/index.php/EducacaoFilosofia/article/view/240,,,,,https://seer.ufu.br/index.php/EducacaoFilosofia/oai?verb=GetRecord&identifier=oai%3Aojs.www.seer.ufu.br%3Aarticle%2F240&metadataPrefix=oai_dc,seer.ufu.br,ok,200,https://seer.ufu.br/index.php/EducacaoFilosofia/oai?verb=GetRecord&identifier=oai%3Aojs.www.seer.ufu.br%3Aarticle%2F240&metadataPrefix=oai_dc,,True,True,True,False,False,False,False,False,False,True,False
494,Projética Revista Científica de Design,UEL-10,Universidade Estadual de Londrina (UEL),https://ojs.uel.br/revistas/uel/index.php/projetica/oai,ojs.uel.br,ojs,2026-01-08 20:22:23,1072,VALID,oai:ojs2.ojs.uel.br:article/7707,3,record:doi,record,doi,https://ojs.uel.br/revistas/uel/index.php/projetica/article/view/7707,ojs.uel.br,ok,200,https://ojs.uel.br/revistas/uel/index.php/projetica/article/view/7707,,record:doi,record,doi,https://doi.org/10.5433/2236-2207.2010v1n1p101,doi.org,ok,200,https://ojs.uel.br/revistas/uel/index.php/projetica/article/view/7707,,,,,https://ojs.uel.br/revistas/uel/index.php/projetica/oai?verb=GetRecord&identifier=oai%3Aojs2.ojs.uel.br%3Aarticle%2F7707&metadataPrefix=oai_dc,ojs.uel.br,ok,200,https://ojs.uel.br/revistas/uel/index.php/projetica/oai?verb=GetRecord&identifier=oai%3Aojs2.ojs.uel.br%3Aarticle%2F7707&metadataPrefix=oai_dc,,True,True,True,False,False,False,False,False,False,True,False
494,Projética Revista Científica de Design,UEL-10,Universidade Estadual de Londrina (UEL),https://ojs.uel.br/revistas/uel/index.php/projetica/oai,ojs.uel.br,ojs,2026-01-08 20:22:23,1072,VALID,oai:ojs2.ojs.uel.br:article/7720,3,record:doi,record,doi,https://ojs.uel.br/revistas/uel/index.php/projetica/article/view/7720,ojs.uel.br,ok,200,https://ojs.uel.br/revistas/uel/index.php/projetica/article/view/7720,,record:doi,record,doi,https://doi.org/10.5433/2236-2207.2010v1n1p162,doi.org,ok,200,https://ojs.uel.br/revistas/uel/index.php/projetica/article/view/7720,,,,,https://ojs.uel.br/revistas/uel/index.php/projetica/oai?verb=GetRecord&identifier=oai%3Aojs2.ojs.uel.br%3Aarticle%2F7720&metadataPrefix=oai_dc,ojs.uel.br,ok,200,https://ojs.uel.br/revistas/uel/index.php/projetica/oai?verb=GetRecord&identifier=oai%3Aojs2.ojs.uel.br%3Aarticle%2F7720&metadataPrefix=oai_dc,,True,True,True,False,False,False,False,False,False,True,False
454,Revista Italiano UERJ,UERJ-12,Universidade do Estado do Rio de Janeiro (UERJ),https://www.e-publicacoes.uerj.br/index.php/revistaitalianouerj/oai,www.e-publicacoes.uerj.br,ojs,2026-06-18 17:54:05,153,VALID,oai:ojs.www.e-publicacoes.uerj.br:article/1060,2,record:ojs,record,ojs,https://www.e-publicacoes.uerj.br/revistaitalianouerj/article/view/1060,www.e-publicacoes.uerj.br,ok,200,https://www.e-publicacoes.uerj.br/revistaitalianouerj/article/view/1060,,record:ojs,record,ojs,https://www.e-publicacoes.uerj.br/revistaitalianouerj/article/view/1060,www.e-publicacoes.uerj.br,ok,200,https://www.e-publicacoes.uerj.br/revistaitalianouerj/article/view/1060,,,,,https://www.e-publicacoes.uerj.br/index.php/revistaitalianouerj/oai?verb=GetRecord&identifier=oai%3Aojs.www.e-publicacoes.uerj.br%3Aarticle%2F1060&metadataPrefix=oai_dc,www.e-publicacoes.uerj.br,ok,200,https://www.e-publicacoes.uerj.br/index.php/revistaitalianouerj/oai?verb=GetRecord&identifier=oai%3Aojs.www.e-publicacoes.uerj.br%3Aarticle%2F1060&metadataPrefix=oai_dc,,True,True,True,False,False,False,False,False,False,False,False
454,Revista Italiano UERJ,UERJ-12,Universidade do Estado do Rio de Janeiro (UERJ),https://www.e-publicacoes.uerj.br/index.php/revistaitalianouerj/oai,www.e-publicacoes.uerj.br,ojs,2026-06-18 17:54:05,153,VALID,oai:ojs.www.e-publicacoes.uerj.br:article/1090,2,record:ojs,record,ojs,https://www.e-publicacoes.uerj.br/revistaitalianouerj/article/view/1090,www.e-publicacoes.uerj.br,ok,200,https://www.e-publicacoes.uerj.br/revistaitalianouerj/article/view/1090,,record:ojs,record,ojs,https://www.e-publicacoes.uerj.br/revistaitalianouerj/article/view/1090,www.e-publicacoes.uerj.br,ok,200,https://www.e-publicacoes.uerj.br/revistaitalianouerj/article/view/1090,,,,,https://www.e-publicacoes.uerj.br/index.php/revistaitalianouerj/oai?verb=GetRecord&identifier=oai%3Aojs.www.e-publicacoes.uerj.br%3Aarticle%2F1090&metadataPrefix=oai_dc,www.e-publicacoes.uerj.br,ok,200,https://www.e-publicacoes.uerj.br/index.php/revistaitalianouerj/oai?verb=GetRecord&identifier=oai%3Aojs.www.e-publicacoes.uerj.br%3Aarticle%2F1090&metadataPrefix=oai_dc,,True,True,True,False,False,False,False,False,False,False,False
214,Administração Pública e Gestão Social,UFV-3,Universidade Federal de Viçosa (UFV),https://periodicos.ufv.br/apgs/oai,periodicos.ufv.br,outra,2026-09-14 15:51:20,603,VALID,oai:ojs.periodicos.ufv.br:article/3995,3,record:ojs,record,ojs,https://periodicos.ufv.br/apgs/article/view/3995,periodicos.ufv.br,ok,200,https://periodicos.ufv.br/apgs/article/view/3995,,record:doi,record,doi,https://doi.org/10.21118/apgs.v1i1.3995,doi.org,http-4xx,404,https://doi.org/10.21118/apgs.v1i1.3995,,,,,https://periodicos.ufv.br/apgs/oai?verb=GetRecord&identifier=oai%3Aojs.periodicos.ufv.br%3Aarticle%2F3995&metadataPrefix=oai_dc,periodicos.ufv.br,ok,200,https://periodicos.ufv.br/apgs/oai?verb=GetRecord&identifier=oai%3Aojs.periodicos.ufv.br%3Aarticle%2F3995&metadataPrefix=oai_dc,,True,False,True,False,False,True,False,True,False,True,False
214,Administração Pública e Gestão Social,UFV-3,Universidade Federal de Viçosa (UFV),https://periodicos.ufv.br/apgs/oai,periodicos.ufv.br,outra,2026-09-14 15:51:20,603,VALID,oai:ojs.periodicos.ufv.br:article/3996,3,record:ojs,record,ojs,https://periodicos.ufv.br/apgs/article/view/3996,periodicos.ufv.br,ok,200,https://periodicos.ufv.br/apgs/article/view/3996,,record:doi,record,doi,https://doi.org/10.21118/apgs.v1i1.3996,doi.org,http-4xx,404,https://doi.org/10.21118/apgs.v1i1.3996,,,,,https://periodicos.ufv.br/apgs/oai?verb=GetRecord&identifier=oai%3Aojs.periodicos.ufv.br%3Aarticle%2F3996&metadataPrefix=oai_dc,periodicos.ufv.br,ok,200,https://periodicos.ufv.br/apgs/oai?verb=GetRecord&identifier=oai%3Aojs.periodicos.ufv.br%3Aarticle%2F3996&metadataPrefix=oai_dc,,True,False,True,False,False,True,False,True,False,True,False
2557,Revista Educação (Santa Maria. Online),UFSM-22,Universidade Federal de Santa Maria (UFSM),https://periodicos.ufsm.br/reveducacao/oai,periodicos.ufsm.br,outra,2026-08-24 14:27:20,1695,VALID,oai:ojs.pkp.sfu.ca:article/16,2,record:ojs,record,ojs,https://periodicos.ufsm.br/reveducacao/article/view/16,periodicos.ufsm.br,ok,200,https://periodicos.ufsm.br/reveducacao/article/view/16,,record:ojs,record,ojs,https://periodicos.ufsm.br/reveducacao/article/view/16,periodicos.ufsm.br,ok,200,https://periodicos.ufsm.br/reveducacao/article/view/16,,,,,https://periodicos.ufsm.br/reveducacao/oai?verb=GetRecord&identifier=oai%3Aojs.pkp.sfu.ca%3Aarticle%2F16&metadataPrefix=oai_dc,periodicos.ufsm.br,ok,200,https://periodicos.ufsm.br/reveducacao/oai?verb=GetRecord&identifier=oai%3Aojs.pkp.sfu.ca%3Aarticle%2F16&metadataPrefix=oai_dc,,True,True,True,False,False,False,False,False,False,False,False
2557,Revista Educação (Santa Maria. Online),UFSM-22,Universidade Federal de Santa Maria (UFSM),https://periodicos.ufsm.br/reveducacao/oai,periodicos.ufsm.br,outra,2026-08-24 14:27:20,1695,VALID,oai:ojs.pkp.sfu.ca:article/17,2,record:ojs,record,ojs,https://periodicos.ufsm.br/reveducacao/article/view/17,periodicos.ufsm.br,ok,200,https://periodicos.ufsm.br/reveducacao/article/view/17,,record:ojs,record,ojs,https://periodicos.ufsm.br/reveducacao/article/view/17,periodicos.ufsm.br,ok,200,https://periodicos.ufsm.br/reveducacao/article/view/17,,,,,https://periodicos.ufsm.br/reveducacao/oai?verb=GetRecord&identifier=oai%3Aojs.pkp.sfu.ca%3Aarticle%2F17&metadataPrefix=oai_dc,periodicos.ufsm.br,ok,200,https://periodicos.ufsm.br/reveducacao/oai?verb=GetRecord&identifier=oai%3Aojs.pkp.sfu.ca%3Aarticle%2F17&metadataPrefix=oai_dc,,True,True,True,False,False,False,False,False,False,False,False
438,EID&A - Revista Eletrônica de Estudos Integrados em Discurso e Argumentação,UESC-1,Universidade Estadual de Santa Cruz (UESC),http://periodicos.uesc.br/index.php/eidea/oai,periodicos.uesc.br,ojs,2026-01-08 17:10:26,468,VALID,oai:ojs.pkp.sfu.ca:article/109,2,record:ojs,record,ojs,https://periodicos.uesc.br/index.php/eidea/article/view/109,periodicos.uesc.br,ok,200,https://periodicos.uesc.br/index.php/eidea/article/view/109,,record:ojs,record,ojs,http://periodicos.uesc.br/index.php/eidea/article/view/109,periodicos.uesc.br,ok,200,https://periodicos.uesc.br/index.php/eidea/article/view/109,,,,,http://periodicos.uesc.br/index.php/eidea/oai?verb=GetRecord&identifier=oai%3Aojs.pkp.sfu.ca%3Aarticle%2F109&metadataPrefix=oai_dc,periodicos.uesc.br,ok,200,http://periodicos.uesc.br/index.php/eidea/oai?verb=GetRecord&identifier=oai%3Aojs.pkp.sfu.ca%3Aarticle%2F109&metadataPrefix=oai_dc,,True,True,True,False,False,False,False,False,False,True,False
438,EID&A - Revista Eletrônica de Estudos Integrados em Discurso e Argumentação,UESC-1,Universidade Estadual de Santa Cruz (UESC),http://periodicos.uesc.br/index.php/eidea/oai,periodicos.uesc.br,ojs,2026-01-08 17:10:26,468,VALID,oai:ojs.pkp.sfu.ca:article/365,2,record:ojs,record,ojs,https://periodicos.uesc.br/index.php/eidea/article/view/365,periodicos.uesc.br,ok,200,https://periodicos.uesc.br/index.php/eidea/article/view/365,,record:ojs,record,ojs,http://periodicos.uesc.br/index.php/eidea/article/view/365,periodicos.uesc.br,ok,200,https://periodicos.uesc.br/index.php/eidea/article/view/365,,,,,http://periodicos.uesc.br/index.php/eidea/oai?verb=GetRecord&identifier=oai%3Aojs.pkp.sfu.ca%3Aarticle%2F365&metadataPrefix=oai_dc,periodicos.uesc.br,ok,200,http://periodicos.uesc.br/index.php/eidea/oai?verb=GetRecord&identifier=oai%3Aojs.pkp.sfu.ca%3Aarticle%2F365&metadataPrefix=oai_dc,,True,True,True,False,False,False,False,False,False,True,False
1948,UNINGÁ Review,UNINGA-2,Centro Universitário Uningá,https://revista.uninga.br/uningareviews/oai,revista.uninga.br,outra,2025-05-13 10:19:26,844,VALID,oai:ojs.revista.uninga.br:article/30,2,record:ojs,record,ojs,https://revista.uninga.br/uningareviews/article/view/30,revista.uninga.br,ok,200,https://revista.uninga.br/uningareviews/article/view/30,,record:ojs,record,ojs,https://revista.uninga.br/uningareviews/article/view/30,revista.uninga.br,ok,200,https://revista.uninga.br/uningareviews/article/view/30,,,,,https://revista.uninga.br/uningareviews/oai?verb=GetRecord&identifier=oai%3Aojs.revista.uninga.br%3Aarticle%2F30&metadataPrefix=oai_dc,revista.uninga.br,ok,200,https://revista.uninga.br/uningareviews/oai?verb=GetRecord&identifier=oai%3Aojs.revista.uninga.br%3Aarticle%2F30&metadataPrefix=oai_dc,,True,True,True,False,False,False,False,False,False,False,False
1948,UNINGÁ Review,UNINGA-2,Centro Universitário Uningá,https://revista.uninga.br/uningareviews/oai,revista.uninga.br,outra,2025-05-13 10:19:26,844,VALID,oai:ojs.revista.uninga.br:article/31,2,record:ojs,record,ojs,https://revista.uninga.br/uningareviews/article/view/31,revista.uninga.br,ok,200,https://revista.uninga.br/uningareviews/article/view/31,,record:ojs,record,ojs,https://revista.uninga.br/uningareviews/article/view/31,revista.uninga.br,ok,200,https://revista.uninga.br/uningareviews/article/view/31,,,,,https://revista.uninga.br/uningareviews/oai?verb=GetRecord&identifier=oai%3Aojs.revista.uninga.br%3Aarticle%2F31&metadataPrefix=oai_dc,revista.uninga.br,ok,200,https://revista.uninga.br/uningareviews/oai?verb=GetRecord&identifier=oai%3Aojs.revista.uninga.br%3Aarticle%2F31&metadataPrefix=oai_dc,,True,True,True,False,False,False,False,False,False,False,False
2307,ABCS Health Sciences (Online),FMABC,Faculdade de Medicina do ABC (FMABC),https://www.portalnepas.org.br/abcshs/oai,www.portalnepas.org.br,outra,2025-07-04 12:51:14,503,VALID,oai:ojs3.nepas.emnuvens.com.br:article/1,3,record:doi,record,doi,https://www.portalnepas.org.br/abcshs/article/view/1,www.portalnepas.org.br,ok,200,https://www.portalnepas.org.br/abcshs/article/view/1,,record:doi,record,doi,https://doi.org/10.7322/abcshs.v38i1.1,doi.org,ok,200,https://www.portalnepas.org.br/abcshs/article/view/1,,,,,https://www.portalnepas.org.br/abcshs/oai?verb=GetRecord&identifier=oai%3Aojs3.nepas.emnuvens.com.br%3Aarticle%2F1&metadataPrefix=oai_dc,www.portalnepas.org.br,ok,200,https://www.portalnepas.org.br/abcshs/oai?verb=GetRecord&identifier=oai%3Aojs3.nepas.emnuvens.com.br%3Aarticle%2F1&metadataPrefix=oai_dc,,True,True,True,False,False,False,False,False,False,True,False
2307,ABCS Health Sciences (Online),FMABC,Faculdade de Medicina do ABC (FMABC),https://www.portalnepas.org.br/abcshs/oai,www.portalnepas.org.br,outra,2025-07-04 12:51:14,503,VALID,oai:ojs3.nepas.emnuvens.com.br:article/2,3,record:doi,record,doi,https://www.portalnepas.org.br/abcshs/article/view/2,www.portalnepas.org.br,ok,200,https://www.portalnepas.org.br/abcshs/article/view/2,,record:doi,record,doi,https://doi.org/10.7322/abcshs.v38i1.2,doi.org,ok,200,https://www.portalnepas.org.br/abcshs/article/view/2,,,,,https://www.portalnepas.org.br/abcshs/oai?verb=GetRecord&identifier=oai%3Aojs3.nepas.emnuvens.com.br%3Aarticle%2F2&metadataPrefix=oai_dc,www.portalnepas.org.br,ok,200,https://www.portalnepas.org.br/abcshs/oai?verb=GetRecord&identifier=oai%3Aojs3.nepas.emnuvens.com.br%3Aarticle%2F2&metadataPrefix=oai_dc,,True,True,True,False,False,False,False,False,False,True,False
2046,Pixo,UFPEL-1,Universidade Federal de Pelotas (UFPEL),https://revistas.ufpel.edu.br/index.php/pixo/oai,revistas.ufpel.edu.br,ojs,2025-05-14 11:06:17,685,VALID,oai:ojs.ufpel:article/30804,0,,,,,,sem-link,,,no-usable-url,derived:ojs,derived,ojs,https://periodicos.ufpel.edu.br/index.php/pixo/search,periodicos.ufpel.edu.br,fora-da-rota,200,https://periodicos.ufpel.edu.br/index.php/pixo/search,,,,,https://revistas.ufpel.edu.br/index.php/pixo/oai?verb=GetRecord&identifier=oai%3Aojs.ufpel%3Aarticle%2F30804&metadataPrefix=oai_dc,revistas.ufpel.edu.br,ok,200,https://periodicos.ufpel.edu.br/index.php/pixo/oai?verb=GetRecord&identifier=oai%3Aojs.ufpel%3Aarticle%2F30804&metadataPrefix=oai_dc,,False,False,True,False,False,True,False,False,False,True,False
2213,Revista brasileira de ensino de jornalismo - Rebej,ABEJ,Associação Brasileira de Ensino em Jornalismo (ABEJ),https://rebej.abejor.org.br/index.php/rebej/oai,rebej.abejor.org.br,ojs,2025-06-02 10:56:12,358,VALID,oai:ojs.rebej.abejor.org.br:article/1,2,record:ojs,record,ojs,https://rebej.abejor.org.br/index.php/rebej/article/view/1,rebej.abejor.org.br,ok,200,https://rebej.abejor.org.br/index.php/rebej/article/view/1,,record:ojs,record,ojs,https://rebej.abejor.org.br/index.php/rebej/article/view/1,rebej.abejor.org.br,ok,200,https://rebej.abejor.org.br/index.php/rebej/article/view/1,,,,,https://rebej.abejor.org.br/index.php/rebej/oai?verb=GetRecord&identifier=oai%3Aojs.rebej.abejor.org.br%3Aarticle%2F1&metadataPrefix=oai_dc,rebej.abejor.org.br,ok,200,https://rebej.abejor.org.br/index.php/rebej/oai?verb=GetRecord&identifier=oai%3Aojs.rebej.abejor.org.br%3Aarticle%2F1&metadataPrefix=oai_dc,,True,True,True,False,False,False,False,False,False,False,False
2213,Revista brasileira de ensino de jornalismo - Rebej,ABEJ,Associação Brasileira de Ensino em Jornalismo (ABEJ),https://rebej.abejor.org.br/index.php/rebej/oai,rebej.abejor.org.br,ojs,2025-06-02 10:56:12,358,VALID,oai:ojs.rebej.abejor.org.br:article/2,2,record:ojs,record,ojs,https://rebej.abejor.org.br/index.php/rebej/article/view/2,rebej.abejor.org.br,ok,200,https://rebej.abejor.org.br/index.php/rebej/article/view/2,,record:ojs,record,ojs,https://rebej.abejor.org.br/index.php/rebej/article/view/2,rebej.abejor.org.br,ok,200,https://rebej.abejor.org.br/index.php/rebej/article/view/2,,,,,https://rebej.abejor.org.br/index.php/rebej/oai?verb=GetRecord&identifier=oai%3Aojs.rebej.abejor.org.br%3Aarticle%2F2&metadataPrefix=oai_dc,rebej.abejor.org.br,ok,200,https://rebej.abejor.org.br/index.php/rebej/oai?verb=GetRecord&identifier=oai%3Aojs.rebej.abejor.org.br%3Aarticle%2F2&metadataPrefix=oai_dc,,True,True,True,False,False,False,False,False,False,False,False
1266,Revista Sergipana de Matemática e Educação Matemática,UFS-6,Universidade Federal de Sergipe (UFS),https://periodicos.ufs.br/ReviSe/oai,periodicos.ufs.br,outra,2026-01-09 12:03:45,338,VALID,oai:ojs.ufs.emnuvens.com.br:article/4412,4,record:doi,record,doi,https://periodicos.ufs.br/ReviSe/article/view/4412,periodicos.ufs.br,ok,200,https://periodicos.ufs.br/ReviSe/article/view/4412,,record:doi,record,doi,https://doi.org/10.34179/revisem.v1i1.4412,doi.org,ok,200,https://periodicos.ufs.br/ReviSe/article/view/4412,,,,,https://periodicos.ufs.br/ReviSe/oai?verb=GetRecord&identifier=oai%3Aojs.ufs.emnuvens.com.br%3Aarticle%2F4412&metadataPrefix=oai_dc,periodicos.ufs.br,ok,200,https://periodicos.ufs.br/ReviSe/oai?verb=GetRecord&identifier=oai%3Aojs.ufs.emnuvens.com.br%3Aarticle%2F4412&metadataPrefix=oai_dc,,True,True,True,False,False,False,False,False,False,True,False
1266,Revista Sergipana de Matemática e Educação Matemática,UFS-6,Universidade Federal de Sergipe (UFS),https://periodicos.ufs.br/ReviSe/oai,periodicos.ufs.br,outra,2026-01-09 12:03:45,338,VALID,oai:ojs.ufs.emnuvens.com.br:article/4507,3,record:doi,record,doi,https://periodicos.ufs.br/ReviSe/article/view/4507,periodicos.ufs.br,ok,200,https://periodicos.ufs.br/ReviSe/article/view/4507,,record:doi,record,doi,https://doi.org/10.34179/revisem.v1i1.4507,doi.org,ok,200,https://periodicos.ufs.br/ReviSe/article/view/4507,,,,,https://periodicos.ufs.br/ReviSe/oai?verb=GetRecord&identifier=oai%3Aojs.ufs.emnuvens.com.br%3Aarticle%2F4507&metadataPrefix=oai_dc,periodicos.ufs.br,ok,200,https://periodicos.ufs.br/ReviSe/oai?verb=GetRecord&identifier=oai%3Aojs.ufs.emnuvens.com.br%3Aarticle%2F4507&metadataPrefix=oai_dc,,True,True,True,False,False,False,False,False,False,True,False
1176,Revista Brasileira de Direito Civil em Perspectiva,CONPEDI-26,Conselho Nacional de Pesquisa e Pós-graduação em Direito (CONPEDI),http://www.indexlaw.org/index.php/direitocivil/oai,www.indexlaw.org,ojs,2026-01-09 10:10:07,157,VALID,oai:ojs.publishinglaw.provisorio.ws:article/476,0,,,,,,sem-link,,,oai-error:badArgument,,,,,,sem-link,,,,,,,http://www.indexlaw.org/index.php/direitocivil/oai?verb=GetRecord&identifier=oai%3Aojs.publishinglaw.provisorio.ws%3Aarticle%2F476&metadataPrefix=oai_dc,www.indexlaw.org,ok,200,http://www.indexlaw.org/index.php/direitocivil/oai?verb=GetRecord&identifier=oai%3Aojs.publishinglaw.provisorio.ws%3Aarticle%2F476&metadataPrefix=oai_dc,,False,False,True,False,False,False,False,False,False,False,False
1176,Revista Brasileira de Direito Civil em Perspectiva,CONPEDI-26,Conselho Nacional de Pesquisa e Pós-graduação em Direito (CONPEDI),http://www.indexlaw.org/index.php/direitocivil/oai,www.indexlaw.org,ojs,2026-01-09 10:10:07,157,VALID,oai:ojs.publishinglaw.provisorio.ws:article/477,0,,,,,,sem-link,,,oai-error:badArgument,derived:ojs,derived,ojs,http://www.indexlaw.org/index.php/direitocivil/article/view/477,www.indexlaw.org,rede,,,ReadTimeout,,,,http://www.indexlaw.org/index.php/direitocivil/oai?verb=GetRecord&identifier=oai%3Aojs.publishinglaw.provisorio.ws%3Aarticle%2F477&metadataPrefix=oai_dc,www.indexlaw.org,rede,,,ReadTimeout,False,False,False,False,False,False,True,False,False,True,False
450,Revista Quaestio Iuris (Online),UERJ-8,Universidade do Estado do Rio de Janeiro (UERJ),https://www.e-publicacoes.uerj.br/index.php/quaestioiuris/oai,www.e-publicacoes.uerj.br,ojs,2026-01-30 11:09:12,1315,VALID,oai:ojs.www.e-publicacoes.uerj.br:article/3930,3,record:ojs,record,ojs,https://www.e-publicacoes.uerj.br/quaestioiuris/article/view/3930,www.e-publicacoes.uerj.br,ok,200,https://www.e-publicacoes.uerj.br/quaestioiuris/article/view/3930,,record:doi,record,doi,https://doi.org/10.12957/rqi.2006.3930,doi.org,http-4xx,404,https://doi.org/10.12957/rqi.2006.3930,,,,,https://www.e-publicacoes.uerj.br/index.php/quaestioiuris/oai?verb=GetRecord&identifier=oai%3Aojs.www.e-publicacoes.uerj.br%3Aarticle%2F3930&metadataPrefix=oai_dc,www.e-publicacoes.uerj.br,ok,200,https://www.e-publicacoes.uerj.br/index.php/quaestioiuris/oai?verb=GetRecord&identifier=oai%3Aojs.www.e-publicacoes.uerj.br%3Aarticle%2F3930&metadataPrefix=oai_dc,,True,False,True,False,False,True,False,True,False,True,False
450,Revista Quaestio Iuris (Online),UERJ-8,Universidade do Estado do Rio de Janeiro (UERJ),https://www.e-publicacoes.uerj.br/index.php/quaestioiuris/oai,www.e-publicacoes.uerj.br,ojs,2026-01-30 11:09:12,1315,VALID,oai:ojs.www.e-publicacoes.uerj.br:article/3931,3,record:ojs,record,ojs,https://www.e-publicacoes.uerj.br/quaestioiuris/article/view/3931,www.e-publicacoes.uerj.br,ok,200,https://www.e-publicacoes.uerj.br/quaestioiuris/article/view/3931,,record:doi,record,doi,https://doi.org/10.12957/rqi.2006.3931,doi.org,http-4xx,404,https://doi.org/10.12957/rqi.2006.3931,,,,,https://www.e-publicacoes.uerj.br/index.php/quaestioiuris/oai?verb=GetRecord&identifier=oai%3Aojs.www.e-publicacoes.uerj.br%3Aarticle%2F3931&metadataPrefix=oai_dc,www.e-publicacoes.uerj.br,ok,200,https://www.e-publicacoes.uerj.br/index.php/quaestioiuris/oai?verb=GetRecord&identifier=oai%3Aojs.www.e-publicacoes.uerj.br%3Aarticle%2F3931&metadataPrefix=oai_dc,,True,False,True,False,False,True,False,True,False,True,False
62,Revista Teoria e Evidência Econômica,UPF-2,Universidade de Passo Fundo (UPF),https://seer.upf.br/index.php/rtee/oai,seer.upf.br,ojs,2026-09-04 14:14:36,286,VALID,oai:ojs2.136.115.110.8:article/3427,3,record:ojs,record,ojs,https://ojs.upf.br/index.php/rtee/article/view/3427,ojs.upf.br,ok,200,https://ojs.upf.br/index.php/rtee/article/view/3427,,record:doi,record,doi,https://doi.org/10.5335/rtee.v0i38.3427,doi.org,http-4xx,404,https://doi.org/10.5335/rtee.v0i38.3427,,,,,https://seer.upf.br/index.php/rtee/oai?verb=GetRecord&identifier=oai%3Aojs2.136.115.110.8%3Aarticle%2F3427&metadataPrefix=oai_dc,seer.upf.br,ok,200,https://ojs.upf.br/index.php/rtee/pt_BR/oai?verb=GetRecord&identifier=oai%3Aojs2.136.115.110.8%3Aarticle%2F3427&metadataPrefix=oai_dc,,True,False,True,False,False,True,False,True,False,True,True
62,Revista Teoria e Evidência Econômica,UPF-2,Universidade de Passo Fundo (UPF),https://seer.upf.br/index.php/rtee/oai,seer.upf.br,ojs,2026-09-04 14:14:36,286,VALID,oai:ojs2.136.115.110.8:article/3428,3,record:ojs,record,ojs,https://ojs.upf.br/index.php/rtee/article/view/3428,ojs.upf.br,ok,200,https://ojs.upf.br/index.php/rtee/article/view/3428,,record:doi,record,doi,https://doi.org/10.5335/rtee.v0i38.3428,doi.org,http-4xx,404,https://doi.org/10.5335/rtee.v0i38.3428,,,,,https://seer.upf.br/index.php/rtee/oai?verb=GetRecord&identifier=oai%3Aojs2.136.115.110.8%3Aarticle%2F3428&metadataPrefix=oai_dc,seer.upf.br,ok,200,https://ojs.upf.br/index.php/rtee/pt_BR/oai?verb=GetRecord&identifier=oai%3Aojs2.136.115.110.8%3Aarticle%2F3428&metadataPrefix=oai_dc,,True,False,True,False,False,True,False,True,False,True,True
2641,Cadernos PROLAM/USP,USP-77,Universidade de São Paulo (USP),https://www.revistas.usp.br/prolam/oai,www.revistas.usp.br,outra,2026-08-19 18:36:52,568,VALID,oai:revistas.usp.br:article/81745,3,record:doi,record,doi,https://revistas.usp.br/prolam/pt_BR/article/view/81745,revistas.usp.br,ok,200,https://revistas.usp.br/prolam/pt_BR/article/view/81745,,record:doi,record,doi,https://doi.org/10.11606/issn.1676-6288.prolam.2002.81745,doi.org,ok,200,https://revistas.usp.br/prolam/pt_BR/article/view/81745,,,,,https://www.revistas.usp.br/prolam/oai?verb=GetRecord&identifier=oai%3Arevistas.usp.br%3Aarticle%2F81745&metadataPrefix=oai_dc,www.revistas.usp.br,ok,200,https://revistas.usp.br/prolam/pt_BR/oai?verb=GetRecord&identifier=oai%3Arevistas.usp.br%3Aarticle%2F81745&metadataPrefix=oai_dc,,True,True,True,False,False,False,False,False,False,True,True
2641,Cadernos PROLAM/USP,USP-77,Universidade de São Paulo (USP),https://www.revistas.usp.br/prolam/oai,www.revistas.usp.br,outra,2026-08-19 18:36:52,568,VALID,oai:revistas.usp.br:article/81746,3,record:doi,record,doi,https://revistas.usp.br/prolam/pt_BR/article/view/81746,revistas.usp.br,ok,200,https://revistas.usp.br/prolam/pt_BR/article/view/81746,,record:doi,record,doi,https://doi.org/10.11606/issn.1676-6288.prolam.2002.81746,doi.org,ok,200,https://revistas.usp.br/prolam/pt_BR/article/view/81746,,,,,https://www.revistas.usp.br/prolam/oai?verb=GetRecord&identifier=oai%3Arevistas.usp.br%3Aarticle%2F81746&metadataPrefix=oai_dc,www.revistas.usp.br,ok,200,https://revistas.usp.br/prolam/pt_BR/oai?verb=GetRecord&identifier=oai%3Arevistas.usp.br%3Aarticle%2F81746&metadataPrefix=oai_dc,,True,True,True,False,False,False,False,False,False,True,True
1091,A Cor das Letras,UEFS-1,Universidade Estadual de Feira de Santana (UEFS),http://periodicos.uefs.br/index.php/acordasletras/oai,periodicos.uefs.br,ojs,2026-01-08 23:23:39,694,VALID,oai:periodicos.uefs.br:article/1394,3,record:doi,record,doi,https://periodicos.uefs.br/index.php/acordasletras/article/view/1394,periodicos.uefs.br,ok,200,https://periodicos.uefs.br/index.php/acordasletras/article/view/1394,,record:doi,record,doi,https://doi.org/10.13102/cl.v16i1.1394,doi.org,ok,200,https://periodicos.uefs.br/index.php/acordasletras/article/view/1394,,,,,http://periodicos.uefs.br/index.php/acordasletras/oai?verb=GetRecord&identifier=oai%3Aperiodicos.uefs.br%3Aarticle%2F1394&metadataPrefix=oai_dc,periodicos.uefs.br,ok,200,https://periodicos.uefs.br/index.php/acordasletras/oai?verb=GetRecord&identifier=oai%3Aperiodicos.uefs.br%3Aarticle%2F1394&metadataPrefix=oai_dc,,True,True,True,False,False,False,False,False,False,True,False
1091,A Cor das Letras,UEFS-1,Universidade Estadual de Feira de Santana (UEFS),http://periodicos.uefs.br/index.php/acordasletras/oai,periodicos.uefs.br,ojs,2026-01-08 23:23:39,694,VALID,oai:periodicos.uefs.br:article/1399,3,record:doi,record,doi,https://periodicos.uefs.br/index.php/acordasletras/article/view/1399,periodicos.uefs.br,ok,200,https://periodicos.uefs.br/index.php/acordasletras/article/view/1399,,record:doi,record,doi,https://doi.org/10.13102/cl.v16i1.1399,doi.org,ok,200,https://periodicos.uefs.br/index.php/acordasletras/article/view/1399,,,,,http://periodicos.uefs.br/index.php/acordasletras/oai?verb=GetRecord&identifier=oai%3Aperiodicos.uefs.br%3Aarticle%2F1399&metadataPrefix=oai_dc,periodicos.uefs.br,ok,200,https://periodicos.uefs.br/index.php/acordasletras/oai?verb=GetRecord&identifier=oai%3Aperiodicos.uefs.br%3Aarticle%2F1399&metadataPrefix=oai_dc,,True,True,True,False,False,False,False,False,False,True,False
1873,Ambientes (Francisco Beltrão),UNIOESTE-4,Universidade Estadual do Oeste do Paraná (UNIOESTE),https://e-revista.unioeste.br/index.php/ambientes/oai,e-revista.unioeste.br,ojs,2025-05-12 20:57:49,142,VALID,oai:e-revista.unioeste.br:article/22022,5,record:doi,record,doi,https://e-revista.unioeste.br/index.php/ambientes/pt_BR/article/view/22022,e-revista.unioeste.br,ok,200,https://e-revista.unioeste.br/index.php/ambientes/pt_BR/article/view/22022,,record:doi,record,doi,https://doi.org/10.48075/amb.v1i2.22022,doi.org,ok,200,https://e-revista.unioeste.br/index.php/ambientes/pt_BR/article/view/22022,,,,,https://e-revista.unioeste.br/index.php/ambientes/oai?verb=GetRecord&identifier=oai%3Ae-revista.unioeste.br%3Aarticle%2F22022&metadataPrefix=oai_dc,e-revista.unioeste.br,ok,200,https://e-revista.unioeste.br/index.php/ambientes/pt_BR/oai?verb=GetRecord&identifier=oai%3Ae-revista.unioeste.br%3Aarticle%2F22022&metadataPrefix=oai_dc,,True,True,True,False,False,False,False,False,False,True,False
1873,Ambientes (Francisco Beltrão),UNIOESTE-4,Universidade Estadual do Oeste do Paraná (UNIOESTE),https://e-revista.unioeste.br/index.php/ambientes/oai,e-revista.unioeste.br,ojs,2025-05-12 20:57:49,142,VALID,oai:e-revista.unioeste.br:article/22058,3,record:doi,record,doi,https://e-revista.unioeste.br/index.php/ambientes/pt_BR/article/view/22058,e-revista.unioeste.br,ok,200,https://e-revista.unioeste.br/index.php/ambientes/pt_BR/article/view/22058,,record:doi,record,doi,https://doi.org/10.48075/amb.v2i1.22058,doi.org,ok,200,https://e-revista.unioeste.br/index.php/ambientes/pt_BR/article/view/22058,,,,,https://e-revista.unioeste.br/index.php/ambientes/oai?verb=GetRecord&identifier=oai%3Ae-revista.unioeste.br%3Aarticle%2F22058&metadataPrefix=oai_dc,e-revista.unioeste.br,ok,200,https://e-revista.unioeste.br/index.php/ambientes/pt_BR/oai?verb=GetRecord&identifier=oai%3Ae-revista.unioeste.br%3Aarticle%2F22058&metadataPrefix=oai_dc,,True,True,True,False,False,False,False,False,False,True,False
2663,"Revista eletrônica da Associação dos Geógrafos Brasileiros, Seção Três Lagoas",UFMS-8,Universidade Federal de Mato Grosso do Sul (UFMS),https://periodicos.ufms.br/index.php/RevAGB/oai,periodicos.ufms.br,ojs,2026-08-19 18:36:16,392,VALID,oai:ojs.seer.ufms.br:article/1669,0,,,,,,sem-link,,,oai-error:badArgument,,,,,,sem-link,,,,,,,https://periodicos.ufms.br/index.php/RevAGB/oai?verb=GetRecord&identifier=oai%3Aojs.seer.ufms.br%3Aarticle%2F1669&metadataPrefix=oai_dc,periodicos.ufms.br,ok,200,https://periodicos.ufms.br/index.php/RevAGB/oai?verb=GetRecord&identifier=oai%3Aojs.seer.ufms.br%3Aarticle%2F1669&metadataPrefix=oai_dc,,False,False,True,False,False,False,False,False,False,False,False
2663,"Revista eletrônica da Associação dos Geógrafos Brasileiros, Seção Três Lagoas",UFMS-8,Universidade Federal de Mato Grosso do Sul (UFMS),https://periodicos.ufms.br/index.php/RevAGB/oai,periodicos.ufms.br,ojs,2026-08-19 18:36:16,392,VALID,oai:ojs.seer.ufms.br:article/2167,0,,,,,,sem-link,,,oai-error:badArgument,,,,,,sem-link,,,,,,,https://periodicos.ufms.br/index.php/RevAGB/oai?verb=GetRecord&identifier=oai%3Aojs.seer.ufms.br%3Aarticle%2F2167&metadataPrefix=oai_dc,periodicos.ufms.br,ok,200,https://periodicos.ufms.br/index.php/RevAGB/oai?verb=GetRecord&identifier=oai%3Aojs.seer.ufms.br%3Aarticle%2F2167&metadataPrefix=oai_dc,,False,False,True,False,False,False,False,False,False,False,False
1626,Encontros Bibli,UFSC-29,Universidade Federal de Santa Catarina (UFSC),https://periodicos.ufsc.br/index.php/eb/oai,periodicos.ufsc.br,ojs,2025-05-07 13:19:59,1228,VALID,oai:periodicos.ufsc.br:article/4,3,record:ojs,record,ojs,https://periodicos.ufsc.br/index.php/eb/article/view/4,periodicos.ufsc.br,ok,200,https://periodicos.ufsc.br/index.php/eb/article/view/4,,record:ojs,record,ojs,https://periodicos.ufsc.br/index.php/eb/article/view/4,periodicos.ufsc.br,ok,200,https://periodicos.ufsc.br/index.php/eb/article/view/4,,,,,https://periodicos.ufsc.br/index.php/eb/oai?verb=GetRecord&identifier=oai%3Aperiodicos.ufsc.br%3Aarticle%2F4&metadataPrefix=oai_dc,periodicos.ufsc.br,ok,200,https://periodicos.ufsc.br/index.php/eb/oai?verb=GetRecord&identifier=oai%3Aperiodicos.ufsc.br%3Aarticle%2F4&metadataPrefix=oai_dc,,True,True,True,False,False,False,False,False,False,False,False
1626,Encontros Bibli,UFSC-29,Universidade Federal de Santa Catarina (UFSC),https://periodicos.ufsc.br/index.php/eb/oai,periodicos.ufsc.br,ojs,2025-05-07 13:19:59,1228,VALID,oai:periodicos.ufsc.br:article/5,3,record:ojs,record,ojs,https://periodicos.ufsc.br/index.php/eb/article/view/5,periodicos.ufsc.br,ok,200,https://periodicos.ufsc.br/index.php/eb/article/view/5,,record:ojs,record,ojs,https://periodicos.ufsc.br/index.php/eb/article/view/5,periodicos.ufsc.br,ok,200,https://periodicos.ufsc.br/index.php/eb/article/view/5,,,,,https://periodicos.ufsc.br/index.php/eb/oai?verb=GetRecord&identifier=oai%3Aperiodicos.ufsc.br%3Aarticle%2F5&metadataPrefix=oai_dc,periodicos.ufsc.br,ok,200,https://periodicos.ufsc.br/index.php/eb/oai?verb=GetRecord&identifier=oai%3Aperiodicos.ufsc.br%3Aarticle%2F5&metadataPrefix=oai_dc,,True,True,True,False,False,False,False,False,False,False,False
1618,Texto digital,UFSC-27,Universidade Federal de Santa Catarina (UFSC),https://periodicos.ufsc.br/index.php/textodigital/oai,periodicos.ufsc.br,ojs,2025-05-07 13:19:10,558,VALID,oai:periodicos.ufsc.br:article/1268,3,record:ojs,record,ojs,https://periodicos.ufsc.br/index.php/textodigital/article/view/1268,periodicos.ufsc.br,ok,200,https://periodicos.ufsc.br/index.php/textodigital/article/view/1268,,record:doi,record,doi,https://doi.org/10.5007/%x,doi.org,http-4xx,400,https://doi.org/10.5007/%x,,,,,https://periodicos.ufsc.br/index.php/textodigital/oai?verb=GetRecord&identifier=oai%3Aperiodicos.ufsc.br%3Aarticle%2F1268&metadataPrefix=oai_dc,periodicos.ufsc.br,ok,200,https://periodicos.ufsc.br/index.php/textodigital/oai?verb=GetRecord&identifier=oai%3Aperiodicos.ufsc.br%3Aarticle%2F1268&metadataPrefix=oai_dc,,True,False,True,False,False,True,False,True,False,True,False
1618,Texto digital,UFSC-27,Universidade Federal de Santa Catarina (UFSC),https://periodicos.ufsc.br/index.php/textodigital/oai,periodicos.ufsc.br,ojs,2025-05-07 13:19:10,558,VALID,oai:periodicos.ufsc.br:article/1272,3,record:ojs,record,ojs,https://periodicos.ufsc.br/index.php/textodigital/article/view/1272,periodicos.ufsc.br,ok,200,https://periodicos.ufsc.br/index.php/textodigital/article/view/1272,,record:doi,record,doi,https://doi.org/10.5007/%x,doi.org,http-4xx,400,https://doi.org/10.5007/%x,,,,,https://periodicos.ufsc.br/index.php/textodigital/oai?verb=GetRecord&identifier=oai%3Aperiodicos.ufsc.br%3Aarticle%2F1272&metadataPrefix=oai_dc,periodicos.ufsc.br,ok,200,https://periodicos.ufsc.br/index.php/textodigital/oai?verb=GetRecord&identifier=oai%3Aperiodicos.ufsc.br%3Aarticle%2F1272&metadataPrefix=oai_dc,,True,False,True,False,False,True,False,True,False,True,False
1839,Advances in Nursing and Health,UEL-14,Universidade Estadual de Londrina (UEL),https://www.uel.br/revistas/uel/index.php/anh/oai,www.uel.br,ojs,2025-05-12 14:14:27,54,VALID,oai:ojs2.ojs.uel.br:article/37678,5,record:doi,record,doi,https://ojs.uel.br/revistas/uel/index.php/anh/article/view/37678,ojs.uel.br,ok,200,https://ojs.uel.br/revistas/uel/index.php/anh/article/view/37678,,record:doi,record,doi,https://doi.org/10.5433/anh.2019v1.id37678,doi.org,ok,200,https://ojs.uel.br/revistas/uel/index.php/anh/article/view/37678,,,,,https://www.uel.br/revistas/uel/index.php/anh/oai?verb=GetRecord&identifier=oai%3Aojs2.ojs.uel.br%3Aarticle%2F37678&metadataPrefix=oai_dc,www.uel.br,ok,200,https://ojs.uel.br/revistas/uel/index.php/anh/oai?verb=GetRecord&identifier=oai%3Aojs2.ojs.uel.br%3Aarticle%2F37678&metadataPrefix=oai_dc,,True,True,True,False,False,False,False,False,False,True,True
1839,Advances in Nursing and Health,UEL-14,Universidade Estadual de Londrina (UEL),https://www.uel.br/revistas/uel/index.php/anh/oai,www.uel.br,ojs,2025-05-12 14:14:27,54,VALID,oai:ojs2.ojs.uel.br:article/38062,5,record:doi,record,doi,https://ojs.uel.br/revistas/uel/index.php/anh/article/view/38062,ojs.uel.br,ok,200,https://ojs.uel.br/revistas/uel/index.php/anh/article/view/38062,,record:doi,record,doi,https://doi.org/10.5433/anh.2019v1.id38062,doi.org,ok,200,https://ojs.uel.br/revistas/uel/index.php/anh/article/view/38062,,,,,https://www.uel.br/revistas/uel/index.php/anh/oai?verb=GetRecord&identifier=oai%3Aojs2.ojs.uel.br%3Aarticle%2F38062&metadataPrefix=oai_dc,www.uel.br,ok,200,https://ojs.uel.br/revistas/uel/index.php/anh/oai?verb=GetRecord&identifier=oai%3Aojs2.ojs.uel.br%3Aarticle%2F38062&metadataPrefix=oai_dc,,True,True,True,False,False,False,False,False,False,True,True
1133,Estudos (Goiânia. Online),PUC_GO-5,Pontifícia Universidade Católica de Goiás (PUC-GO),https://seer.pucgoias.edu.br/index.php/estudos/oai,seer.pucgoias.edu.br,ojs,2026-01-09 09:45:45,739,VALID,oai:ojs2.seer.ojs.com.br:article/21,5,record:ojs,record,ojs,https://seer.pucgoias.edu.br/index.php/estudos/article/view/21,seer.pucgoias.edu.br,ok,200,https://seer.pucgoias.edu.br/index.php/estudos/article/view/21,,record:doi,record,doi,https://doi.org/10.18224/est.v33i6.21,doi.org,http-4xx,404,https://doi.org/10.18224/est.v33i6.21,,,,,https://seer.pucgoias.edu.br/index.php/estudos/oai?verb=GetRecord&identifier=oai%3Aojs2.seer.ojs.com.br%3Aarticle%2F21&metadataPrefix=oai_dc,seer.pucgoias.edu.br,ok,200,https://seer.pucgoias.edu.br/index.php/estudos/oai?verb=GetRecord&identifier=oai%3Aojs2.seer.ojs.com.br%3Aarticle%2F21&metadataPrefix=oai_dc,,True,False,True,False,False,True,False,True,False,True,False
1133,Estudos (Goiânia. Online),PUC_GO-5,Pontifícia Universidade Católica de Goiás (PUC-GO),https://seer.pucgoias.edu.br/index.php/estudos/oai,seer.pucgoias.edu.br,ojs,2026-01-09 09:45:45,739,VALID,oai:ojs2.seer.ojs.com.br:article/25,5,record:ojs,record,ojs,https://seer.pucgoias.edu.br/index.php/estudos/article/view/25,seer.pucgoias.edu.br,ok,200,https://seer.pucgoias.edu.br/index.php/estudos/article/view/25,,record:doi,record,doi,https://doi.org/10.18224/est.v33i6.25,doi.org,http-4xx,404,https://doi.org/10.18224/est.v33i6.25,,,,,https://seer.pucgoias.edu.br/index.php/estudos/oai?verb=GetRecord&identifier=oai%3Aojs2.seer.ojs.com.br%3Aarticle%2F25&metadataPrefix=oai_dc,seer.pucgoias.edu.br,ok,200,https://seer.pucgoias.edu.br/index.php/estudos/oai?verb=GetRecord&identifier=oai%3Aojs2.seer.ojs.com.br%3Aarticle%2F25&metadataPrefix=oai_dc,,True,False,True,False,False,True,False,True,False,True,False
510,Interações (Campo Grande. Online),UCDB-1,Universidade Católica Dom Bosco (UCDB),https://interacoes.ucdb.br/interacoes/oai,interacoes.ucdb.br,outra,2026-01-08 20:22:36,1147,VALID,oai:ojs.multitemasucdb.emnuvens.com.br:article/46,2,record:ojs,record,ojs,https://interacoes.ucdb.br/interacoes/article/view/46,interacoes.ucdb.br,ok,200,https://interacoes.ucdb.br/interacoes/article/view/46,,record:ojs,record,ojs,https://interacoes.ucdb.br/interacoes/article/view/46,interacoes.ucdb.br,ok,200,https://interacoes.ucdb.br/interacoes/article/view/46,,,,,https://interacoes.ucdb.br/interacoes/oai?verb=GetRecord&identifier=oai%3Aojs.multitemasucdb.emnuvens.com.br%3Aarticle%2F46&metadataPrefix=oai_dc,interacoes.ucdb.br,ok,200,https://interacoes.ucdb.br/interacoes/oai?verb=GetRecord&identifier=oai%3Aojs.multitemasucdb.emnuvens.com.br%3Aarticle%2F46&metadataPrefix=oai_dc,,True,True,True,False,False,False,False,False,False,False,False
510,Interações (Campo Grande. Online),UCDB-1,Universidade Católica Dom Bosco (UCDB),https://interacoes.ucdb.br/interacoes/oai,interacoes.ucdb.br,outra,2026-01-08 20:22:36,1147,VALID,oai:ojs.multitemasucdb.emnuvens.com.br:article/48,2,record:ojs,record,ojs,https://interacoes.ucdb.br/interacoes/article/view/48,interacoes.ucdb.br,ok,200,https://interacoes.ucdb.br/interacoes/article/view/48,,record:ojs,record,ojs,https://interacoes.ucdb.br/interacoes/article/view/48,interacoes.ucdb.br,ok,200,https://interacoes.ucdb.br/interacoes/article/view/48,,,,,https://interacoes.ucdb.br/interacoes/oai?verb=GetRecord&identifier=oai%3Aojs.multitemasucdb.emnuvens.com.br%3Aarticle%2F48&metadataPrefix=oai_dc,interacoes.ucdb.br,ok,200,https://interacoes.ucdb.br/interacoes/oai?verb=GetRecord&identifier=oai%3Aojs.multitemasucdb.emnuvens.com.br%3Aarticle%2F48&metadataPrefix=oai_dc,,True,True,True,False,False,False,False,False,False,False,False
348,Revista Gênero & Direito,UFPB-7,Universidade Federal da Paraíba (UFPB),https://periodicos.ufpb.br/index.php/ged/oai,periodicos.ufpb.br,ojs,2026-01-08 16:30:44,100,VALID,oai:periodicos.ufpb.br:article/9701,2,record:ojs,record,ojs,https://periodicos.ufpb.br/index.php/ged/article/view/9701,periodicos.ufpb.br,ok,200,https://periodicos.ufpb.br/index.php/ged/article/view/9701,,record:ojs,record,ojs,https://periodicos.ufpb.br/index.php/ged/article/view/9701,periodicos.ufpb.br,ok,200,https://periodicos.ufpb.br/index.php/ged/article/view/9701,,,,,https://periodicos.ufpb.br/index.php/ged/oai?verb=GetRecord&identifier=oai%3Aperiodicos.ufpb.br%3Aarticle%2F9701&metadataPrefix=oai_dc,periodicos.ufpb.br,ok,200,https://periodicos.ufpb.br/index.php/ged/oai?verb=GetRecord&identifier=oai%3Aperiodicos.ufpb.br%3Aarticle%2F9701&metadataPrefix=oai_dc,,True,True,True,False,False,False,False,False,False,False,False
348,Revista Gênero & Direito,UFPB-7,Universidade Federal da Paraíba (UFPB),https://periodicos.ufpb.br/index.php/ged/oai,periodicos.ufpb.br,ojs,2026-01-08 16:30:44,100,VALID,oai:periodicos.ufpb.br:article/9702,2,record:ojs,record,ojs,https://periodicos.ufpb.br/index.php/ged/article/view/9702,periodicos.ufpb.br,ok,200,https://periodicos.ufpb.br/index.php/ged/article/view/9702,,record:ojs,record,ojs,https://periodicos.ufpb.br/index.php/ged/article/view/9702,periodicos.ufpb.br,ok,200,https://periodicos.ufpb.br/index.php/ged/article/view/9702,,,,,https://periodicos.ufpb.br/index.php/ged/oai?verb=GetRecord&identifier=oai%3Aperiodicos.ufpb.br%3Aarticle%2F9702&metadataPrefix=oai_dc,periodicos.ufpb.br,ok,200,https://periodicos.ufpb.br/index.php/ged/oai?verb=GetRecord&identifier=oai%3Aperiodicos.ufpb.br%3Aarticle%2F9702&metadataPrefix=oai_dc,,True,True,True,False,False,False,False,False,False,False,False
642,Revista Paranaense de Desenvolvimento (Online),IPARDES-1,Instituto Paranaense de Desenvolvimento Econômico e Social (IPARDES),https://ipardes.emnuvens.com.br/revistaparanaense/oai,ipardes.emnuvens.com.br,outra,2026-01-08 20:55:14,715,VALID,oai:ojs.ipardes.emnuvens.com.br:article/1,2,record:ojs,record,ojs,https://ipardes.emnuvens.com.br/revistaparanaense/article/view/1,ipardes.emnuvens.com.br,ok,200,https://ipardes.emnuvens.com.br/revistaparanaense/article/view/1,,record:ojs,record,ojs,https://ipardes.emnuvens.com.br/revistaparanaense/article/view/1,ipardes.emnuvens.com.br,ok,200,https://ipardes.emnuvens.com.br/revistaparanaense/article/view/1,,,,,https://ipardes.emnuvens.com.br/revistaparanaense/oai?verb=GetRecord&identifier=oai%3Aojs.ipardes.emnuvens.com.br%3Aarticle%2F1&metadataPrefix=oai_dc,ipardes.emnuvens.com.br,ok,200,https://ipardes.emnuvens.com.br/revistaparanaense/oai?verb=GetRecord&identifier=oai%3Aojs.ipardes.emnuvens.com.br%3Aarticle%2F1&metadataPrefix=oai_dc,,True,True,True,False,False,False,False,False,False,False,False
642,Revista Paranaense de Desenvolvimento (Online),IPARDES-1,Instituto Paranaense de Desenvolvimento Econômico e Social (IPARDES),https://ipardes.emnuvens.com.br/revistaparanaense/oai,ipardes.emnuvens.com.br,outra,2026-01-08 20:55:14,715,VALID,oai:ojs.ipardes.emnuvens.com.br:article/2,2,record:ojs,record,ojs,https://ipardes.emnuvens.com.br/revistaparanaense/article/view/2,ipardes.emnuvens.com.br,ok,200,https://ipardes.emnuvens.com.br/revistaparanaense/article/view/2,,record:ojs,record,ojs,https://ipardes.emnuvens.com.br/revistaparanaense/article/view/2,ipardes.emnuvens.com.br,ok,200,https://ipardes.emnuvens.com.br/revistaparanaense/article/view/2,,,,,https://ipardes.emnuvens.com.br/revistaparanaense/oai?verb=GetRecord&identifier=oai%3Aojs.ipardes.emnuvens.com.br%3Aarticle%2F2&metadataPrefix=oai_dc,ipardes.emnuvens.com.br,ok,200,https://ipardes.emnuvens.com.br/revistaparanaense/oai?verb=GetRecord&identifier=oai%3Aojs.ipardes.emnuvens.com.br%3Aarticle%2F2&metadataPrefix=oai_dc,,True,True,True,False,False,False,False,False,False,False,False
1084,Travessias Interativas,UFS-5,Universidade Federal de Sergipe (UFS),https://periodicos.ufs.br/Travessias/oai,periodicos.ufs.br,outra,2026-01-08 23:22:39,560,VALID,oai:ojs.ufs.emnuvens.com.br:article/8872,3,record:doi,record,doi,https://periodicos.ufs.br/Travessias/issue/view/649,periodicos.ufs.br,ok,200,https://periodicos.ufs.br/Travessias/issue/view/649,,record:doi,record,doi,https://doi.org/10.51951/ti.v8i15,doi.org,ok,200,https://periodicos.ufs.br/Travessias/issue/view/649,,,,,https://periodicos.ufs.br/Travessias/oai?verb=GetRecord&identifier=oai%3Aojs.ufs.emnuvens.com.br%3Aarticle%2F8872&metadataPrefix=oai_dc,periodicos.ufs.br,ok,200,https://periodicos.ufs.br/Travessias/oai?verb=GetRecord&identifier=oai%3Aojs.ufs.emnuvens.com.br%3Aarticle%2F8872&metadataPrefix=oai_dc,,True,True,True,False,False,False,False,False,False,True,False
1084,Travessias Interativas,UFS-5,Universidade Federal de Sergipe (UFS),https://periodicos.ufs.br/Travessias/oai,periodicos.ufs.br,outra,2026-01-08 23:22:39,560,VALID,oai:ojs.ufs.emnuvens.com.br:article/8873,3,record:doi,record,doi,https://periodicos.ufs.br/Travessias/issue/view/649,periodicos.ufs.br,ok,200,https://periodicos.ufs.br/Travessias/issue/view/649,,record:doi,record,doi,https://doi.org/10.51951/ti.v8i15,doi.org,ok,200,https://periodicos.ufs.br/Travessias/issue/view/649,,,,,https://periodicos.ufs.br/Travessias/oai?verb=GetRecord&identifier=oai%3Aojs.ufs.emnuvens.com.br%3Aarticle%2F8873&metadataPrefix=oai_dc,periodicos.ufs.br,ok,200,https://periodicos.ufs.br/Travessias/oai?verb=GetRecord&identifier=oai%3Aojs.ufs.emnuvens.com.br%3Aarticle%2F8873&metadataPrefix=oai_dc,,True,True,True,False,False,False,False,False,False,True,False
1818,Revista de Geociências do Nordeste,UFRN-12,Universidade Federal do Rio Grande do Norte (UFRN),https://periodicos.ufrn.br/revistadoregne/oai,periodicos.ufrn.br,outra,2025-05-12 12:20:47,535,VALID,oai:periodicos.ufrn.br:article/8414,2,record:ojs,record,ojs,https://periodicos.ufrn.br/revistadoregne/article/view/8414,periodicos.ufrn.br,ok,200,https://periodicos.ufrn.br/revistadoregne/article/view/8414,,record:ojs,record,ojs,https://periodicos.ufrn.br/revistadoregne/article/view/8414,periodicos.ufrn.br,ok,200,https://periodicos.ufrn.br/revistadoregne/article/view/8414,,,,,https://periodicos.ufrn.br/revistadoregne/oai?verb=GetRecord&identifier=oai%3Aperiodicos.ufrn.br%3Aarticle%2F8414&metadataPrefix=oai_dc,periodicos.ufrn.br,ok,200,https://periodicos.ufrn.br/revistadoregne/oai?verb=GetRecord&identifier=oai%3Aperiodicos.ufrn.br%3Aarticle%2F8414&metadataPrefix=oai_dc,,True,True,True,False,False,False,False,False,False,False,False
1818,Revista de Geociências do Nordeste,UFRN-12,Universidade Federal do Rio Grande do Norte (UFRN),https://periodicos.ufrn.br/revistadoregne/oai,periodicos.ufrn.br,outra,2025-05-12 12:20:47,535,VALID,oai:periodicos.ufrn.br:article/8415,2,record:ojs,record,ojs,https://periodicos.ufrn.br/revistadoregne/article/view/8415,periodicos.ufrn.br,ok,200,https://periodicos.ufrn.br/revistadoregne/article/view/8415,,record:ojs,record,ojs,https://periodicos.ufrn.br/revistadoregne/article/view/8415,periodicos.ufrn.br,ok,200,https://periodicos.ufrn.br/revistadoregne/article/view/8415,,,,,https://periodicos.ufrn.br/revistadoregne/oai?verb=GetRecord&identifier=oai%3Aperiodicos.ufrn.br%3Aarticle%2F8415&metadataPrefix=oai_dc,periodicos.ufrn.br,ok,200,https://periodicos.ufrn.br/revistadoregne/oai?verb=GetRecord&identifier=oai%3Aperiodicos.ufrn.br%3Aarticle%2F8415&metadataPrefix=oai_dc,,True,True,True,False,False,False,False,False,False,False,False
428,Organizações & Sociedade (Online),UFBA-4,Universidade Federal da Bahia (UFBA),https://periodicos.ufba.br/index.php/revistaoes/oai,periodicos.ufba.br,ojs,2026-01-08 17:09:15,1094,VALID,oai:ojs.periodicos.ufba.br:article/8484,2,record:ojs,record,ojs,https://periodicos.ufba.br/index.php/revistaoes/article/view/8484,periodicos.ufba.br,ok,200,https://periodicos.ufba.br/index.php/revistaoes/article/view/8484,,record:ojs,record,ojs,https://periodicos.ufba.br/index.php/revistaoes/article/view/8484,periodicos.ufba.br,ok,200,https://periodicos.ufba.br/index.php/revistaoes/article/view/8484,,,,,https://periodicos.ufba.br/index.php/revistaoes/oai?verb=GetRecord&identifier=oai%3Aojs.periodicos.ufba.br%3Aarticle%2F8484&metadataPrefix=oai_dc,periodicos.ufba.br,ok,200,https://periodicos.ufba.br/index.php/revistaoes/oai?verb=GetRecord&identifier=oai%3Aojs.periodicos.ufba.br%3Aarticle%2F8484&metadataPrefix=oai_dc,,True,True,True,False,False,False,False,False,False,False,False
428,Organizações & Sociedade (Online),UFBA-4,Universidade Federal da Bahia (UFBA),https://periodicos.ufba.br/index.php/revistaoes/oai,periodicos.ufba.br,ojs,2026-01-08 17:09:15,1094,VALID,oai:ojs.periodicos.ufba.br:article/8532,2,record:ojs,record,ojs,https://periodicos.ufba.br/index.php/revistaoes/article/view/8532,periodicos.ufba.br,ok,200,https://periodicos.ufba.br/index.php/revistaoes/article/view/8532,,record:ojs,record,ojs,https://periodicos.ufba.br/index.php/revistaoes/article/view/8532,periodicos.ufba.br,ok,200,https://periodicos.ufba.br/index.php/revistaoes/article/view/8532,,,,,https://periodicos.ufba.br/index.php/revistaoes/oai?verb=GetRecord&identifier=oai%3Aojs.periodicos.ufba.br%3Aarticle%2F8532&metadataPrefix=oai_dc,periodicos.ufba.br,ok,200,https://periodicos.ufba.br/index.php/revistaoes/oai?verb=GetRecord&identifier=oai%3Aojs.periodicos.ufba.br%3Aarticle%2F8532&metadataPrefix=oai_dc,,True,True,True,False,False,False,False,False,False,False,False
1972,Revista Ambientale (Online),UNEAL-2,Universidade Estadual de Alagoas (UNEAL),https://periodicosuneal.emnuvens.com.br/ambientale/oai,periodicosuneal.emnuvens.com.br,outra,2025-05-13 11:04:49,208,VALID,oai:ojs.emnuvens.com.br:article/1,2,record:ojs,record,ojs,https://periodicosuneal.emnuvens.com.br/ambientale/article/view/1,periodicosuneal.emnuvens.com.br,ok,200,https://periodicosuneal.emnuvens.com.br/ambientale/article/view/1,,record:ojs,record,ojs,https://periodicosuneal.emnuvens.com.br/ambientale/article/view/1,periodicosuneal.emnuvens.com.br,ok,200,https://periodicosuneal.emnuvens.com.br/ambientale/article/view/1,,,,,https://periodicosuneal.emnuvens.com.br/ambientale/oai?verb=GetRecord&identifier=oai%3Aojs.emnuvens.com.br%3Aarticle%2F1&metadataPrefix=oai_dc,periodicosuneal.emnuvens.com.br,ok,200,https://periodicosuneal.emnuvens.com.br/ambientale/oai?verb=GetRecord&identifier=oai%3Aojs.emnuvens.com.br%3Aarticle%2F1&metadataPrefix=oai_dc,,True,True,True,False,False,False,False,False,False,False,False
1972,Revista Ambientale (Online),UNEAL-2,Universidade Estadual de Alagoas (UNEAL),https://periodicosuneal.emnuvens.com.br/ambientale/oai,periodicosuneal.emnuvens.com.br,outra,2025-05-13 11:04:49,208,VALID,oai:ojs.emnuvens.com.br:article/2,2,record:ojs,record,ojs,https://periodicosuneal.emnuvens.com.br/ambientale/article/view/2,periodicosuneal.emnuvens.com.br,ok,200,https://periodicosuneal.emnuvens.com.br/ambientale/article/view/2,,record:ojs,record,ojs,https://periodicosuneal.emnuvens.com.br/ambientale/article/view/2,periodicosuneal.emnuvens.com.br,ok,200,https://periodicosuneal.emnuvens.com.br/ambientale/article/view/2,,,,,https://periodicosuneal.emnuvens.com.br/ambientale/oai?verb=GetRecord&identifier=oai%3Aojs.emnuvens.com.br%3Aarticle%2F2&metadataPrefix=oai_dc,periodicosuneal.emnuvens.com.br,ok,200,https://periodicosuneal.emnuvens.com.br/ambientale/oai?verb=GetRecord&identifier=oai%3Aojs.emnuvens.com.br%3Aarticle%2F2&metadataPrefix=oai_dc,,True,True,True,False,False,False,False,False,False,False,False
1884,Ensaios de Geografia,UFF-22,Universidade Federal Fluminense (UFF),https://periodicos.uff.br/ensaios_posgeo/oai,periodicos.uff.br,outra,2025-05-12 20:54:15,284,VALID,oai:periodicos:article/3,0,,,,,,sem-link,,,oai-error:badArgument,,,,,,sem-link,,,,,,,https://periodicos.uff.br/ensaios_posgeo/oai?verb=GetRecord&identifier=oai%3Aperiodicos%3Aarticle%2F3&metadataPrefix=oai_dc,periodicos.uff.br,ok,200,https://periodicos.uff.br/ensaios_posgeo/oai?verb=GetRecord&identifier=oai%3Aperiodicos%3Aarticle%2F3&metadataPrefix=oai_dc,,False,False,True,False,False,False,False,False,False,False,False
1884,Ensaios de Geografia,UFF-22,Universidade Federal Fluminense (UFF),https://periodicos.uff.br/ensaios_posgeo/oai,periodicos.uff.br,outra,2025-05-12 20:54:15,284,VALID,oai:periodicos:article/5,0,,,,,,sem-link,,,oai-error:badArgument,,,,,,sem-link,,,,,,,https://periodicos.uff.br/ensaios_posgeo/oai?verb=GetRecord&identifier=oai%3Aperiodicos%3Aarticle%2F5&metadataPrefix=oai_dc,periodicos.uff.br,ok,200,https://periodicos.uff.br/ensaios_posgeo/oai?verb=GetRecord&identifier=oai%3Aperiodicos%3Aarticle%2F5&metadataPrefix=oai_dc,,False,False,True,False,False,False,False,False,False,False,False
704,Meritum (Belo Horizonte. Online),FUMEC-1,Universidade FUMEC,https://revista.fumec.br/index.php/meritum/oai,revista.fumec.br,ojs,2026-01-08 21:20:41,785,VALID,oai:ojs2.agendaestrelabet.fumec.br:article/738,4,record:ojs,record,ojs,https://revista.fumec.br/index.php/meritum/article/view/738,revista.fumec.br,rede,,,ReadTimeout,record:doi,record,doi,https://doi.org/10.46560/meritum.v1i1.738,doi.org,http-4xx,404,https://doi.org/10.46560/meritum.v1i1.738,,,,,https://revista.fumec.br/index.php/meritum/oai?verb=GetRecord&identifier=oai%3Aojs2.agendaestrelabet.fumec.br%3Aarticle%2F738&metadataPrefix=oai_dc,revista.fumec.br,ok,200,https://revista.fumec.br/index.php/meritum/oai?verb=GetRecord&identifier=oai%3Aojs2.agendaestrelabet.fumec.br%3Aarticle%2F738&metadataPrefix=oai_dc,,False,False,True,False,True,True,False,False,False,True,False
704,Meritum (Belo Horizonte. Online),FUMEC-1,Universidade FUMEC,https://revista.fumec.br/index.php/meritum/oai,revista.fumec.br,ojs,2026-01-08 21:20:41,785,VALID,oai:ojs2.agendaestrelabet.fumec.br:article/739,4,record:ojs,record,ojs,https://revista.fumec.br/index.php/meritum/article/view/739,revista.fumec.br,ok,200,https://revista.fumec.br/index.php/meritum/article/view/739,,record:doi,record,doi,https://doi.org/10.46560/meritum.v1i1.739,doi.org,http-4xx,404,https://doi.org/10.46560/meritum.v1i1.739,,,,,https://revista.fumec.br/index.php/meritum/oai?verb=GetRecord&identifier=oai%3Aojs2.agendaestrelabet.fumec.br%3Aarticle%2F739&metadataPrefix=oai_dc,revista.fumec.br,ok,200,https://revista.fumec.br/index.php/meritum/oai?verb=GetRecord&identifier=oai%3Aojs2.agendaestrelabet.fumec.br%3Aarticle%2F739&metadataPrefix=oai_dc,,True,False,True,False,False,True,False,True,False,True,False
1167,Teorias do Direito e Realismo Jurídico,CONPEDI-18,Conselho Nacional de Pesquisa e Pós-graduação em Direito (CONPEDI),http://www.indexlaw.org/index.php/teoriasdireito/oai,www.indexlaw.org,ojs,2026-01-09 10:10:48,93,VALID,oai:ojs.indexlaw.org:article/213,0,derived:ojs,derived,ojs,https://www.indexlaw.org/index.php/teoriasdireito/article/view/213,www.indexlaw.org,ok,200,https://www.indexlaw.org/index.php/teoriasdireito/article/view/213,,derived:ojs,derived,ojs,https://www.indexlaw.org/index.php/teoriasdireito/article/view/213,www.indexlaw.org,ok,200,https://www.indexlaw.org/index.php/teoriasdireito/article/view/213,,,,,http://www.indexlaw.org/index.php/teoriasdireito/oai?verb=GetRecord&identifier=oai%3Aojs.indexlaw.org%3Aarticle%2F213&metadataPrefix=oai_dc,www.indexlaw.org,ok,200,http://www.indexlaw.org/index.php/teoriasdireito/oai?verb=GetRecord&identifier=oai%3Aojs.indexlaw.org%3Aarticle%2F213&metadataPrefix=oai_dc,,True,True,True,False,False,False,False,False,False,False,False
1167,Teorias do Direito e Realismo Jurídico,CONPEDI-18,Conselho Nacional de Pesquisa e Pós-graduação em Direito (CONPEDI),http://www.indexlaw.org/index.php/teoriasdireito/oai,www.indexlaw.org,ojs,2026-01-09 10:10:48,93,VALID,oai:ojs.indexlaw.org:article/215,3,record:doi,record,doi,https://indexlaw.org/index.php/teoriasdireito/article/view/215,indexlaw.org,ok,200,https://indexlaw.org/index.php/teoriasdireito/article/view/215,,record:doi,record,doi,https://doi.org/10.26668/IndexLawJournals/2525-9601/2015.v1i1.215,doi.org,ok,200,https://indexlaw.org/index.php/teoriasdireito/article/view/215,,,,,http://www.indexlaw.org/index.php/teoriasdireito/oai?verb=GetRecord&identifier=oai%3Aojs.indexlaw.org%3Aarticle%2F215&metadataPrefix=oai_dc,www.indexlaw.org,ok,200,http://www.indexlaw.org/index.php/teoriasdireito/oai?verb=GetRecord&identifier=oai%3Aojs.indexlaw.org%3Aarticle%2F215&metadataPrefix=oai_dc,,True,True,True,False,False,False,False,False,False,True,True
2526,Revista de Ciência e Inovação do IF Farroupilha (Online),IFFAR-1,"Instituto Federal de Educação, Ciência e Tecnologia Farroupilha (IFFAR)",https://periodicos.iffarroupilha.edu.br/index.php/cienciainovacao/oai,periodicos.iffarroupilha.edu.br,ojs,2026-08-24 16:52:38,128,VALID,oai:ojs.periodicos.iffarroupilha.edu.br:article/36,3,record:doi,record,doi,https://periodicos.iffarroupilha.edu.br/index.php/cienciainovacao/article/view/36,periodicos.iffarroupilha.edu.br,ok,200,https://periodicos.iffarroupilha.edu.br/index.php/cienciainovacao/article/view/36,,record:doi,record,doi,https://doi.org/10.26669/2448-409136,doi.org,ok,200,https://periodicos.iffarroupilha.edu.br/index.php/cienciainovacao/article/view/36,,,,,https://periodicos.iffarroupilha.edu.br/index.php/cienciainovacao/oai?verb=GetRecord&identifier=oai%3Aojs.periodicos.iffarroupilha.edu.br%3Aarticle%2F36&metadataPrefix=oai_dc,periodicos.iffarroupilha.edu.br,ok,200,https://periodicos.iffarroupilha.edu.br/index.php/cienciainovacao/oai?verb=GetRecord&identifier=oai%3Aojs.periodicos.iffarroupilha.edu.br%3Aarticle%2F36&metadataPrefix=oai_dc,,True,True,True,False,False,False,False,False,False,True,False
2526,Revista de Ciência e Inovação do IF Farroupilha (Online),IFFAR-1,"Instituto Federal de Educação, Ciência e Tecnologia Farroupilha (IFFAR)",https://periodicos.iffarroupilha.edu.br/index.php/cienciainovacao/oai,periodicos.iffarroupilha.edu.br,ojs,2026-08-24 16:52:38,128,VALID,oai:ojs.periodicos.iffarroupilha.edu.br:article/46,3,record:doi,record,doi,https://periodicos.iffarroupilha.edu.br/index.php/cienciainovacao/article/view/46,periodicos.iffarroupilha.edu.br,ok,200,https://periodicos.iffarroupilha.edu.br/index.php/cienciainovacao/article/view/46,,record:doi,record,doi,https://doi.org/10.26669/2448-409146,doi.org,ok,200,https://periodicos.iffarroupilha.edu.br/index.php/cienciainovacao/article/view/46,,,,,https://periodicos.iffarroupilha.edu.br/index.php/cienciainovacao/oai?verb=GetRecord&identifier=oai%3Aojs.periodicos.iffarroupilha.edu.br%3Aarticle%2F46&metadataPrefix=oai_dc,periodicos.iffarroupilha.edu.br,ok,200,https://periodicos.iffarroupilha.edu.br/index.php/cienciainovacao/oai?verb=GetRecord&identifier=oai%3Aojs.periodicos.iffarroupilha.edu.br%3Aarticle%2F46&metadataPrefix=oai_dc,,True,True,True,False,False,False,False,False,False,True,False
2188,Revista Contabilidade & Inovação,UFG-30,Universidade Federal de Goiás (UFG),https://revistas.ufg.br/rci/oai,revistas.ufg.br,outra,2025-04-30 11:40:06,19,VALID,oai:ojs.revistas.ufg.br:article/70758,4,record:doi,record,doi,https://revistas.ufg.br/rci/article/view/70758,revistas.ufg.br,ok,200,https://revistas.ufg.br/rci/article/view/70758,,record:doi,record,doi,https://doi.org/10.56000/rci.v1i1.70758,doi.org,ok,200,https://revistas.ufg.br/rci/article/view/70758,,,,,https://revistas.ufg.br/rci/oai?verb=GetRecord&identifier=oai%3Aojs.revistas.ufg.br%3Aarticle%2F70758&metadataPrefix=oai_dc,revistas.ufg.br,ok,200,https://revistas.ufg.br/rci/oai?verb=GetRecord&identifier=oai%3Aojs.revistas.ufg.br%3Aarticle%2F70758&metadataPrefix=oai_dc,,True,True,True,False,False,False,False,False,False,True,False
2188,Revista Contabilidade & Inovação,UFG-30,Universidade Federal de Goiás (UFG),https://revistas.ufg.br/rci/oai,revistas.ufg.br,outra,2025-04-30 11:40:06,19,VALID,oai:ojs.revistas.ufg.br:article/71482,4,record:doi,record,doi,https://revistas.ufg.br/rci/article/view/71482,revistas.ufg.br,ok,200,https://revistas.ufg.br/rci/article/view/71482,,record:doi,record,doi,https://doi.org/10.56000/rci.v1i1.71482,doi.org,ok,200,https://revistas.ufg.br/rci/article/view/71482,,,,,https://revistas.ufg.br/rci/oai?verb=GetRecord&identifier=oai%3Aojs.revistas.ufg.br%3Aarticle%2F71482&metadataPrefix=oai_dc,revistas.ufg.br,ok,200,https://revistas.ufg.br/rci/oai?verb=GetRecord&identifier=oai%3Aojs.revistas.ufg.br%3Aarticle%2F71482&metadataPrefix=oai_dc,,True,True,True,False,False,False,False,False,False,True,False
2128,"Padê: Estudos em filosofia, raça, gênero e direitos humanos",UNICEUB-12,Centro de Ensino de Brasília (UNICEUB),https://www.publicacoesacademicas.uniceub.br/pade/oai,www.publicacoesacademicas.uniceub.br,outra,2025-05-14 12:37:27,62,VALID,oai:ojs35.uniceub.emnuvens.com.br:article/129,3,record:ojs,record,ojs,https://publicacoesacademicas.uniceub.br/pade/pt_BR/article/view/129,publicacoesacademicas.uniceub.br,ok,200,https://publicacoesacademicas.uniceub.br/pade/pt_BR/article/view/129,,record:doi,record,doi,https://doi.org/10.5102/pade.v1i1.129,doi.org,http-4xx,404,https://doi.org/10.5102/pade.v1i1.129,,,,,https://www.publicacoesacademicas.uniceub.br/pade/oai?verb=GetRecord&identifier=oai%3Aojs35.uniceub.emnuvens.com.br%3Aarticle%2F129&metadataPrefix=oai_dc,www.publicacoesacademicas.uniceub.br,ok,200,https://publicacoesacademicas.uniceub.br/pade/pt_BR/oai?verb=GetRecord&identifier=oai%3Aojs35.uniceub.emnuvens.com.br%3Aarticle%2F129&metadataPrefix=oai_dc,,True,False,True,False,False,True,False,True,False,True,True
2128,"Padê: Estudos em filosofia, raça, gênero e direitos humanos",UNICEUB-12,Centro de Ensino de Brasília (UNICEUB),https://www.publicacoesacademicas.uniceub.br/pade/oai,www.publicacoesacademicas.uniceub.br,outra,2025-05-14 12:37:27,62,VALID,oai:ojs35.uniceub.emnuvens.com.br:article/130,3,record:ojs,record,ojs,https://publicacoesacademicas.uniceub.br/pade/pt_BR/article/view/130,publicacoesacademicas.uniceub.br,ok,200,https://publicacoesacademicas.uniceub.br/pade/pt_BR/article/view/130,,record:doi,record,doi,https://doi.org/10.5102/pade.v1i1.130,doi.org,http-4xx,404,https://doi.org/10.5102/pade.v1i1.130,,,,,https://www.publicacoesacademicas.uniceub.br/pade/oai?verb=GetRecord&identifier=oai%3Aojs35.uniceub.emnuvens.com.br%3Aarticle%2F130&metadataPrefix=oai_dc,www.publicacoesacademicas.uniceub.br,ok,200,https://publicacoesacademicas.uniceub.br/pade/pt_BR/oai?verb=GetRecord&identifier=oai%3Aojs35.uniceub.emnuvens.com.br%3Aarticle%2F130&metadataPrefix=oai_dc,,True,False,True,False,False,True,False,True,False,True,True
756,"Comunicação, Mídia e Consumo (Online)",ESPM-3,Escola Superior de Propaganda e Marketing (ESPM),https://revistacmc.espm.br/revistacmc/oai,revistacmc.espm.br,outra,2026-01-08 21:29:36,628,VALID,oai:ojs.revistacmc.espm.br:article/1,4,record:doi,record,doi,https://revistacmc.espm.br/revistacmc/article/view/1,revistacmc.espm.br,ok,200,https://revistacmc.espm.br/revistacmc/article/view/1,,record:doi,record,doi,https://doi.org/10.18568/cmc.v1i1.1,doi.org,ok,200,https://revistacmc.espm.br/revistacmc/article/view/1,,,,,https://revistacmc.espm.br/revistacmc/oai?verb=GetRecord&identifier=oai%3Aojs.revistacmc.espm.br%3Aarticle%2F1&metadataPrefix=oai_dc,revistacmc.espm.br,ok,200,https://revistacmc.espm.br/revistacmc/oai?verb=GetRecord&identifier=oai%3Aojs.revistacmc.espm.br%3Aarticle%2F1&metadataPrefix=oai_dc,,True,True,True,False,False,False,False,False,False,True,False
756,"Comunicação, Mídia e Consumo (Online)",ESPM-3,Escola Superior de Propaganda e Marketing (ESPM),https://revistacmc.espm.br/revistacmc/oai,revistacmc.espm.br,outra,2026-01-08 21:29:36,628,VALID,oai:ojs.revistacmc.espm.br:article/2,4,record:doi,record,doi,https://revistacmc.espm.br/revistacmc/article/view/2,revistacmc.espm.br,ok,200,https://revistacmc.espm.br/revistacmc/article/view/2,,record:doi,record,doi,https://doi.org/10.18568/cmc.v1i1.2,doi.org,ok,200,https://revistacmc.espm.br/revistacmc/article/view/2,,,,,https://revistacmc.espm.br/revistacmc/oai?verb=GetRecord&identifier=oai%3Aojs.revistacmc.espm.br%3Aarticle%2F2&metadataPrefix=oai_dc,revistacmc.espm.br,ok,200,https://revistacmc.espm.br/revistacmc/oai?verb=GetRecord&identifier=oai%3Aojs.revistacmc.espm.br%3Aarticle%2F2&metadataPrefix=oai_dc,,True,True,True,False,False,False,False,False,False,True,False
592,Galáxia (São Paulo),PUC_SP-8,Pontifícia Universidade Católica de São Paulo (PUC-SP),https://revistas.pucsp.br/galaxia/oai,revistas.pucsp.br,outra,2026-01-08 20:45:26,1106,VALID,oai:ojs.revistas.pucsp.br:article/1044,2,record:ojs,record,ojs,https://revistas.pucsp.br/index.php/galaxia/article/view/1044,revistas.pucsp.br,ok,200,https://revistas.pucsp.br/index.php/galaxia/article/view/1044,,record:ojs,record,ojs,https://revistas.pucsp.br/index.php/galaxia/article/view/1044,revistas.pucsp.br,ok,200,https://revistas.pucsp.br/index.php/galaxia/article/view/1044,,,,,https://revistas.pucsp.br/galaxia/oai?verb=GetRecord&identifier=oai%3Aojs.revistas.pucsp.br%3Aarticle%2F1044&metadataPrefix=oai_dc,revistas.pucsp.br,ok,200,https://revistas.pucsp.br/galaxia/oai?verb=GetRecord&identifier=oai%3Aojs.revistas.pucsp.br%3Aarticle%2F1044&metadataPrefix=oai_dc,,True,True,True,False,False,False,False,False,False,False,False
592,Galáxia (São Paulo),PUC_SP-8,Pontifícia Universidade Católica de São Paulo (PUC-SP),https://revistas.pucsp.br/galaxia/oai,revistas.pucsp.br,outra,2026-01-08 20:45:26,1106,VALID,oai:ojs.revistas.pucsp.br:article/1045,2,record:ojs,record,ojs,https://revistas.pucsp.br/index.php/galaxia/article/view/1045,revistas.pucsp.br,ok,200,https://revistas.pucsp.br/index.php/galaxia/article/view/1045,,record:ojs,record,ojs,https://revistas.pucsp.br/index.php/galaxia/article/view/1045,revistas.pucsp.br,ok,200,https://revistas.pucsp.br/index.php/galaxia/article/view/1045,,,,,https://revistas.pucsp.br/galaxia/oai?verb=GetRecord&identifier=oai%3Aojs.revistas.pucsp.br%3Aarticle%2F1045&metadataPrefix=oai_dc,revistas.pucsp.br,ok,200,https://revistas.pucsp.br/galaxia/oai?verb=GetRecord&identifier=oai%3Aojs.revistas.pucsp.br%3Aarticle%2F1045&metadataPrefix=oai_dc,,True,True,True,False,False,False,False,False,False,False,False
2727,Revista Ideação (Foz do Iguaçu. Online),UNIEST-7,Universidade Estadual do Oeste do Paraná (UNIOESTE),https://e-revista.unioeste.br/index.php/ideacao/oai,e-revista.unioeste.br,ojs,2026-08-18 16:25:20,631,VALID,oai:e-revista.unioeste.br:article/612,3,record:doi,record,doi,https://e-revista.unioeste.br/index.php/ideacao/pt_BR/article/view/612,e-revista.unioeste.br,ok,200,https://e-revista.unioeste.br/index.php/ideacao/pt_BR/article/view/612,,record:doi,record,doi,https://doi.org/10.48075/ri.v5i5.612,doi.org,ok,200,https://e-revista.unioeste.br/index.php/ideacao/pt_BR/article/view/612,,,,,https://e-revista.unioeste.br/index.php/ideacao/oai?verb=GetRecord&identifier=oai%3Ae-revista.unioeste.br%3Aarticle%2F612&metadataPrefix=oai_dc,e-revista.unioeste.br,ok,200,https://e-revista.unioeste.br/index.php/ideacao/pt_BR/oai?verb=GetRecord&identifier=oai%3Ae-revista.unioeste.br%3Aarticle%2F612&metadataPrefix=oai_dc,,True,True,True,False,False,False,False,False,False,True,False
2727,Revista Ideação (Foz do Iguaçu. Online),UNIEST-7,Universidade Estadual do Oeste do Paraná (UNIOESTE),https://e-revista.unioeste.br/index.php/ideacao/oai,e-revista.unioeste.br,ojs,2026-08-18 16:25:20,631,VALID,oai:e-revista.unioeste.br:article/613,3,record:doi,record,doi,https://e-revista.unioeste.br/index.php/ideacao/pt_BR/article/view/613,e-revista.unioeste.br,ok,200,https://e-revista.unioeste.br/index.php/ideacao/pt_BR/article/view/613,,record:doi,record,doi,https://doi.org/10.48075/ri.v5i5.613,doi.org,ok,200,https://e-revista.unioeste.br/index.php/ideacao/pt_BR/article/view/613,,,,,https://e-revista.unioeste.br/index.php/ideacao/oai?verb=GetRecord&identifier=oai%3Ae-revista.unioeste.br%3Aarticle%2F613&metadataPrefix=oai_dc,e-revista.unioeste.br,ok,200,https://e-revista.unioeste.br/index.php/ideacao/pt_BR/oai?verb=GetRecord&identifier=oai%3Ae-revista.unioeste.br%3Aarticle%2F613&metadataPrefix=oai_dc,,True,True,True,False,False,False,False,False,False,True,False
2279,UNILUS Ensino e Pesquisa (Online),UNILUS,Centro Universitário Lusíada (UNILUS),http://revista.unilus.edu.br/index.php/ruep/oai,revista.unilus.edu.br,ojs,2025-07-02 14:11:32,1249,VALID,oai:revista.lusiada.br:article/1621,0,,,,,,sem-link,,,no-usable-url,derived:ojs,derived,ojs,http://revista.unilus.edu.br/index.php/ruep/index,revista.unilus.edu.br,fora-da-rota,200,http://revista.unilus.edu.br/index.php/ruep/index,,,,,http://revista.unilus.edu.br/index.php/ruep/oai?verb=GetRecord&identifier=oai%3Arevista.lusiada.br%3Aarticle%2F1621&metadataPrefix=oai_dc,revista.unilus.edu.br,ok,200,http://revista.unilus.edu.br/index.php/ruep/oai?verb=GetRecord&identifier=oai%3Arevista.lusiada.br%3Aarticle%2F1621&metadataPrefix=oai_dc,,False,False,True,False,False,True,False,False,False,True,False
2279,UNILUS Ensino e Pesquisa (Online),UNILUS,Centro Universitário Lusíada (UNILUS),http://revista.unilus.edu.br/index.php/ruep/oai,revista.unilus.edu.br,ojs,2025-07-02 14:11:32,1249,VALID,oai:revista.lusiada.br:article/270,2,record:ojs,record,ojs,http://revista.unilus.edu.br/index.php/ruep/article/view/270,revista.unilus.edu.br,ok,200,http://revista.unilus.edu.br/index.php/ruep/article/view/270,,record:ojs,record,ojs,http://revista.unilus.edu.br/index.php/ruep/article/view/270,revista.unilus.edu.br,ok,200,http://revista.unilus.edu.br/index.php/ruep/article/view/270,,,,,http://revista.unilus.edu.br/index.php/ruep/oai?verb=GetRecord&identifier=oai%3Arevista.lusiada.br%3Aarticle%2F270&metadataPrefix=oai_dc,revista.unilus.edu.br,ok,200,http://revista.unilus.edu.br/index.php/ruep/oai?verb=GetRecord&identifier=oai%3Arevista.lusiada.br%3Aarticle%2F270&metadataPrefix=oai_dc,,True,True,True,False,False,False,False,False,False,False,False
1728,"Saúde, Ética & Justiça (Online)",USP - 64,Universidade de São Paulo (USP),https://www.revistas.usp.br/sej/oai,www.revistas.usp.br,outra,2025-08-13 16:20:38,351,VALID,oai:revistas.usp.br:article/40573,3,record:doi,record,doi,https://revistas.usp.br/sej/pt_BR/article/view/40573,revistas.usp.br,ok,200,https://revistas.usp.br/sej/pt_BR/article/view/40573,,record:doi,record,doi,https://doi.org/10.11606/issn.2317-2770.v4i1-2pi-i,doi.org,ok,200,https://revistas.usp.br/sej/pt_BR/article/view/40573,,,,,https://www.revistas.usp.br/sej/oai?verb=GetRecord&identifier=oai%3Arevistas.usp.br%3Aarticle%2F40573&metadataPrefix=oai_dc,www.revistas.usp.br,ok,200,https://revistas.usp.br/sej/pt_BR/oai?verb=GetRecord&identifier=oai%3Arevistas.usp.br%3Aarticle%2F40573&metadataPrefix=oai_dc,,True,True,True,False,False,False,False,False,False,True,True
1728,"Saúde, Ética & Justiça (Online)",USP - 64,Universidade de São Paulo (USP),https://www.revistas.usp.br/sej/oai,www.revistas.usp.br,outra,2025-08-13 16:20:38,351,VALID,oai:revistas.usp.br:article/40574,3,record:doi,record,doi,https://revistas.usp.br/sej/pt_BR/article/view/40574,revistas.usp.br,ok,200,https://revistas.usp.br/sej/pt_BR/article/view/40574,,record:doi,record,doi,https://doi.org/10.11606/issn.2317-2770.v4i1-2p1-6,doi.org,ok,200,https://revistas.usp.br/sej/pt_BR/article/view/40574,,,,,https://www.revistas.usp.br/sej/oai?verb=GetRecord&identifier=oai%3Arevistas.usp.br%3Aarticle%2F40574&metadataPrefix=oai_dc,www.revistas.usp.br,ok,200,https://revistas.usp.br/sej/pt_BR/oai?verb=GetRecord&identifier=oai%3Arevistas.usp.br%3Aarticle%2F40574&metadataPrefix=oai_dc,,True,True,True,False,False,False,False,False,False,True,True
2633,Geologia USP. Série Científica (Online),USP-73,Universidade de São Paulo (USP),https://www.revistas.usp.br/guspsc/oai,www.revistas.usp.br,outra,2026-08-24 13:05:32,667,VALID,oai:revistas.usp.br:article/27358,3,record:doi,record,doi,https://revistas.usp.br/guspsc/pt_BR/article/view/27358,revistas.usp.br,ok,200,https://revistas.usp.br/guspsc/pt_BR/article/view/27358,,record:doi,record,doi,https://doi.org/10.5327/S1519-874X2001000100001,doi.org,ok,200,https://revistas.usp.br/guspsc/pt_BR/article/view/27358,,,,,https://www.revistas.usp.br/guspsc/oai?verb=GetRecord&identifier=oai%3Arevistas.usp.br%3Aarticle%2F27358&metadataPrefix=oai_dc,www.revistas.usp.br,ok,200,https://revistas.usp.br/guspsc/pt_BR/oai?verb=GetRecord&identifier=oai%3Arevistas.usp.br%3Aarticle%2F27358&metadataPrefix=oai_dc,,True,True,True,False,False,False,False,False,False,True,True
2633,Geologia USP. Série Científica (Online),USP-73,Universidade de São Paulo (USP),https://www.revistas.usp.br/guspsc/oai,www.revistas.usp.br,outra,2026-08-24 13:05:32,667,VALID,oai:revistas.usp.br:article/27359,3,record:doi,record,doi,https://revistas.usp.br/guspsc/pt_BR/article/view/27359,revistas.usp.br,ok,200,https://revistas.usp.br/guspsc/pt_BR/article/view/27359,,record:doi,record,doi,https://doi.org/10.5327/S1519-874X2001000100002,doi.org,ok,200,https://revistas.usp.br/guspsc/pt_BR/article/view/27359,,,,,https://www.revistas.usp.br/guspsc/oai?verb=GetRecord&identifier=oai%3Arevistas.usp.br%3Aarticle%2F27359&metadataPrefix=oai_dc,www.revistas.usp.br,ok,200,https://revistas.usp.br/guspsc/pt_BR/oai?verb=GetRecord&identifier=oai%3Arevistas.usp.br%3Aarticle%2F27359&metadataPrefix=oai_dc,,True,True,True,False,False,False,False,False,False,True,True
2013,Revista Educação em Contexto,SEDUCGO-1,Secretaria de Estado da Educação de Goiás (SEDUC GO),https://revistaseduc.educacao.go.gov.br/index.php/rec/oai,revistaseduc.educacao.go.gov.br,ojs,2025-05-13 16:31:47,61,VALID,oai:ojs2.homologacaosite.seduce.go.gov.br:article/36,3,record:ojs,record,ojs,https://revistaseduc.educacao.go.gov.br/index.php/rec/article/view/36,revistaseduc.educacao.go.gov.br,ok,200,https://revistaseduc.educacao.go.gov.br/index.php/rec/article/view/36,,record:doi,record,doi,https://doi.org/10.5281/zenodo.7841213,doi.org,bloqueado,403,https://zenodo.org/record/7841213,,,,,https://revistaseduc.educacao.go.gov.br/index.php/rec/oai?verb=GetRecord&identifier=oai%3Aojs2.homologacaosite.seduce.go.gov.br%3Aarticle%2F36&metadataPrefix=oai_dc,revistaseduc.educacao.go.gov.br,ok,200,https://revistaseduc.educacao.go.gov.br/index.php/rec/oai?verb=GetRecord&identifier=oai%3Aojs2.homologacaosite.seduce.go.gov.br%3Aarticle%2F36&metadataPrefix=oai_dc,,True,False,True,False,False,False,True,True,False,True,False
2013,Revista Educação em Contexto,SEDUCGO-1,Secretaria de Estado da Educação de Goiás (SEDUC GO),https://revistaseduc.educacao.go.gov.br/index.php/rec/oai,revistaseduc.educacao.go.gov.br,ojs,2025-05-13 16:31:47,61,VALID,oai:ojs2.homologacaosite.seduce.go.gov.br:article/42,3,record:ojs,record,ojs,https://revistaseduc.educacao.go.gov.br/index.php/rec/article/view/42,revistaseduc.educacao.go.gov.br,ok,200,https://revistaseduc.educacao.go.gov.br/index.php/rec/article/view/42,,record:doi,record,doi,https://doi.org/10.5281/zenodo.7841639,doi.org,bloqueado,403,https://zenodo.org/record/7841639,,,,,https://revistaseduc.educacao.go.gov.br/index.php/rec/oai?verb=GetRecord&identifier=oai%3Aojs2.homologacaosite.seduce.go.gov.br%3Aarticle%2F42&metadataPrefix=oai_dc,revistaseduc.educacao.go.gov.br,ok,200,https://revistaseduc.educacao.go.gov.br/index.php/rec/oai?verb=GetRecord&identifier=oai%3Aojs2.homologacaosite.seduce.go.gov.br%3Aarticle%2F42&metadataPrefix=oai_dc,,True,False,True,False,False,False,True,True,False,True,False
164,e-Hum: Revista das Áreas de Humanidade do Centro Universitário de Belo Horizonte,UNIBH-1,Centro Universitário de Belo Horizonte (UNIBH),https://portaldeperiodicos.animaeducacao.com.br/index.php/dchla/oai,portaldeperiodicos.animaeducacao.com.br,ojs,2026-09-11 11:32:57,293,VALID,oai:portaldeperiodicos.animaeducacao.com.br:article/1,0,,,,,,sem-link,,,no-usable-url,,,,,,sem-link,,,,,,,https://portaldeperiodicos.animaeducacao.com.br/index.php/dchla/oai?verb=GetRecord&identifier=oai%3Aportaldeperiodicos.animaeducacao.com.br%3Aarticle%2F1&metadataPrefix=oai_dc,portaldeperiodicos.animaeducacao.com.br,ok,200,https://portaldeperiodicos.animaeducacao.com.br/index.php/dchla/oai?verb=GetRecord&identifier=oai%3Aportaldeperiodicos.animaeducacao.com.br%3Aarticle%2F1&metadataPrefix=oai_dc,,False,False,True,False,False,False,False,False,False,False,False
164,e-Hum: Revista das Áreas de Humanidade do Centro Universitário de Belo Horizonte,UNIBH-1,Centro Universitário de Belo Horizonte (UNIBH),https://portaldeperiodicos.animaeducacao.com.br/index.php/dchla/oai,portaldeperiodicos.animaeducacao.com.br,ojs,2026-09-11 11:32:57,293,VALID,oai:portaldeperiodicos.animaeducacao.com.br:article/2,0,,,,,,sem-link,,,no-usable-url,,,,,,sem-link,,,,,,,https://portaldeperiodicos.animaeducacao.com.br/index.php/dchla/oai?verb=GetRecord&identifier=oai%3Aportaldeperiodicos.animaeducacao.com.br%3Aarticle%2F2&metadataPrefix=oai_dc,portaldeperiodicos.animaeducacao.com.br,ok,200,https://portaldeperiodicos.animaeducacao.com.br/index.php/dchla/oai?verb=GetRecord&identifier=oai%3Aportaldeperiodicos.animaeducacao.com.br%3Aarticle%2F2&metadataPrefix=oai_dc,,False,False,True,False,False,False,False,False,False,False,False
485,Repositório Institucional da UEL,UEL,Universidade Estadual de Londrina (UEL),https://repositorio.uel.br/srv-c0003-s01/oai/request,repositorio.uel.br,dspace,2026-08-17 15:34:28,11192,VALID,oai:repositorio.uel.br:123456789/16499,7,record:primeira,record,primeira,http://www.bibliotecadigital.uel.br/document/?code=vtls000226775,www.bibliotecadigital.uel.br,rede,,,ConnectTimeout,record:dspace,record,dspace,https://repositorio.uel.br/handle/123456789/16499,repositorio.uel.br,fora-da-rota,200,https://repositorio.uel.br/items/00123577-4b0c-4e4f-925e-701779696dfe,,,,,https://repositorio.uel.br/srv-c0003-s01/oai/request?verb=GetRecord&identifier=oai%3Arepositorio.uel.br%3A123456789%2F16499&metadataPrefix=xoai,repositorio.uel.br,ok,200,https://repositorio.uel.br/srv-c0003-s01/oai/request?verb=GetRecord&identifier=oai%3Arepositorio.uel.br%3A123456789%2F16499&metadataPrefix=xoai,,False,False,True,False,True,True,False,False,False,True,True
485,Repositório Institucional da UEL,UEL,Universidade Estadual de Londrina (UEL),https://repositorio.uel.br/srv-c0003-s01/oai/request,repositorio.uel.br,dspace,2026-08-17 15:34:28,11192,VALID,oai:repositorio.uel.br:123456789/16509,7,record:primeira,record,primeira,http://www.bibliotecadigital.uel.br/document/?code=vtls000216208,www.bibliotecadigital.uel.br,rede,,,ConnectTimeout,record:dspace,record,dspace,https://repositorio.uel.br/handle/123456789/16509,repositorio.uel.br,fora-da-rota,200,https://repositorio.uel.br/items/0013a107-4577-47d8-b3f0-fec905a5cbdc,,,,,https://repositorio.uel.br/srv-c0003-s01/oai/request?verb=GetRecord&identifier=oai%3Arepositorio.uel.br%3A123456789%2F16509&metadataPrefix=xoai,repositorio.uel.br,ok,200,https://repositorio.uel.br/srv-c0003-s01/oai/request?verb=GetRecord&identifier=oai%3Arepositorio.uel.br%3A123456789%2F16509&metadataPrefix=xoai,,False,False,True,False,True,True,False,False,False,True,True
2148,Art&Sensorium,UNESPAR-2,Universidade Estadual do Paraná (UNESPAR),https://periodicos.unespar.edu.br/index.php/sensorium/oai,periodicos.unespar.edu.br,ojs,2025-05-14 13:01:56,417,VALID,oai:ojs.pkp.sfu.ca:article/2,3,record:doi,record,doi,https://periodicos.unespar.edu.br/index.php/sensorium/article/view/2,periodicos.unespar.edu.br,ok,200,https://periodicos.unespar.edu.br/index.php/sensorium/article/view/2,,record:doi,record,doi,https://doi.org/10.33871/23580437.2014.1.01.01-14,doi.org,ok,200,https://periodicos.unespar.edu.br/index.php/sensorium/article/view/2,,,,,https://periodicos.unespar.edu.br/index.php/sensorium/oai?verb=GetRecord&identifier=oai%3Aojs.pkp.sfu.ca%3Aarticle%2F2&metadataPrefix=oai_dc,periodicos.unespar.edu.br,ok,200,https://periodicos.unespar.edu.br/index.php/sensorium/oai?verb=GetRecord&identifier=oai%3Aojs.pkp.sfu.ca%3Aarticle%2F2&metadataPrefix=oai_dc,,True,True,True,False,False,False,False,False,False,True,False
2148,Art&Sensorium,UNESPAR-2,Universidade Estadual do Paraná (UNESPAR),https://periodicos.unespar.edu.br/index.php/sensorium/oai,periodicos.unespar.edu.br,ojs,2025-05-14 13:01:56,417,VALID,oai:ojs.pkp.sfu.ca:article/4,3,record:doi,record,doi,https://periodicos.unespar.edu.br/index.php/sensorium/article/view/4,periodicos.unespar.edu.br,ok,200,https://periodicos.unespar.edu.br/index.php/sensorium/article/view/4,,record:doi,record,doi,https://doi.org/10.33871/23580437.2014.1.01.15-30,doi.org,ok,200,https://periodicos.unespar.edu.br/index.php/sensorium/article/view/4,,,,,https://periodicos.unespar.edu.br/index.php/sensorium/oai?verb=GetRecord&identifier=oai%3Aojs.pkp.sfu.ca%3Aarticle%2F4&metadataPrefix=oai_dc,periodicos.unespar.edu.br,ok,200,https://periodicos.unespar.edu.br/index.php/sensorium/oai?verb=GetRecord&identifier=oai%3Aojs.pkp.sfu.ca%3Aarticle%2F4&metadataPrefix=oai_dc,,True,True,True,False,False,False,False,False,False,True,False
1990,Revista Eletrônica Acta Sapientia,UFC-19,Universidade Federal do Ceará (UFC),https://actasapientia.com.br/index.php/acsa/oai,actasapientia.com.br,ojs,2025-05-13 11:04:56,63,VALID,oai:actasapientia.com.br:article/2,2,record:ojs,record,ojs,https://actasapientia.com.br/index.php/acsa/article/view/2,actasapientia.com.br,ok,200,https://actasapientia.com.br/index.php/acsa/article/view/2,,record:ojs,record,ojs,https://actasapientia.com.br/index.php/acsa/article/view/2,actasapientia.com.br,ok,200,https://actasapientia.com.br/index.php/acsa/article/view/2,,,,,https://actasapientia.com.br/index.php/acsa/oai?verb=GetRecord&identifier=oai%3Aactasapientia.com.br%3Aarticle%2F2&metadataPrefix=oai_dc,actasapientia.com.br,ok,200,https://actasapientia.com.br/index.php/acsa/oai?verb=GetRecord&identifier=oai%3Aactasapientia.com.br%3Aarticle%2F2&metadataPrefix=oai_dc,,True,True,True,False,False,False,False,False,False,False,False
1990,Revista Eletrônica Acta Sapientia,UFC-19,Universidade Federal do Ceará (UFC),https://actasapientia.com.br/index.php/acsa/oai,actasapientia.com.br,ojs,2025-05-13 11:04:56,63,VALID,oai:actasapientia.com.br:article/3,2,record:ojs,record,ojs,https://actasapientia.com.br/index.php/acsa/article/view/3,actasapientia.com.br,ok,200,https://actasapientia.com.br/index.php/acsa/article/view/3,,record:ojs,record,ojs,https://actasapientia.com.br/index.php/acsa/article/view/3,actasapientia.com.br,ok,200,https://actasapientia.com.br/index.php/acsa/article/view/3,,,,,https://actasapientia.com.br/index.php/acsa/oai?verb=GetRecord&identifier=oai%3Aactasapientia.com.br%3Aarticle%2F3&metadataPrefix=oai_dc,actasapientia.com.br,ok,200,https://actasapientia.com.br/index.php/acsa/oai?verb=GetRecord&identifier=oai%3Aactasapientia.com.br%3Aarticle%2F3&metadataPrefix=oai_dc,,True,True,True,False,False,False,False,False,False,False,False
735,Estudos Históricos (Rio de Janeiro),FGV-10,Fundação Getulio Vargas (FGV),https://periodicos.fgv.br/reh/oai,periodicos.fgv.br,outra,2026-01-08 21:30:36,992,VALID,oai:ojs.periodicos.fgv.br:article/1280,2,record:ojs,record,ojs,https://periodicos.fgv.br/reh/article/view/1280,periodicos.fgv.br,ok,200,https://periodicos.fgv.br/reh/article/view/1280,,record:ojs,record,ojs,https://periodicos.fgv.br/reh/article/view/1280,periodicos.fgv.br,ok,200,https://periodicos.fgv.br/reh/article/view/1280,,,,,https://periodicos.fgv.br/reh/oai?verb=GetRecord&identifier=oai%3Aojs.periodicos.fgv.br%3Aarticle%2F1280&metadataPrefix=oai_dc,periodicos.fgv.br,ok,200,https://periodicos.fgv.br/reh/oai?verb=GetRecord&identifier=oai%3Aojs.periodicos.fgv.br%3Aarticle%2F1280&metadataPrefix=oai_dc,,True,True,True,False,False,False,False,False,False,False,False
735,Estudos Históricos (Rio de Janeiro),FGV-10,Fundação Getulio Vargas (FGV),https://periodicos.fgv.br/reh/oai,periodicos.fgv.br,outra,2026-01-08 21:30:36,992,VALID,oai:ojs.periodicos.fgv.br:article/1281,2,record:ojs,record,ojs,https://periodicos.fgv.br/reh/article/view/1281,periodicos.fgv.br,ok,200,https://periodicos.fgv.br/reh/article/view/1281,,record:ojs,record,ojs,https://periodicos.fgv.br/reh/article/view/1281,periodicos.fgv.br,ok,200,https://periodicos.fgv.br/reh/article/view/1281,,,,,https://periodicos.fgv.br/reh/oai?verb=GetRecord&identifier=oai%3Aojs.periodicos.fgv.br%3Aarticle%2F1281&metadataPrefix=oai_dc,periodicos.fgv.br,ok,200,https://periodicos.fgv.br/reh/oai?verb=GetRecord&identifier=oai%3Aojs.periodicos.fgv.br%3Aarticle%2F1281&metadataPrefix=oai_dc,,True,True,True,False,False,False,False,False,False,False,False
1573,GeoTextos (Online),UFBA-12,Universidade Federal da Bahia (UFBA),https://periodicos.ufba.br/index.php/geotextos/oai,periodicos.ufba.br,ojs,2025-05-07 12:42:14,388,VALID,oai:ojs.periodicos.ufba.br:article/3028,4,record:doi,record,doi,https://periodicos.ufba.br/index.php/geotextos/article/view/3028,periodicos.ufba.br,ok,200,https://periodicos.ufba.br/index.php/geotextos/article/view/3028,,record:doi,record,doi,https://doi.org/10.9771/1984-5537geo.v1i1.3028,doi.org,ok,200,https://periodicos.ufba.br/index.php/geotextos/article/view/3028,,,,,https://periodicos.ufba.br/index.php/geotextos/oai?verb=GetRecord&identifier=oai%3Aojs.periodicos.ufba.br%3Aarticle%2F3028&metadataPrefix=oai_dc,periodicos.ufba.br,ok,200,https://periodicos.ufba.br/index.php/geotextos/oai?verb=GetRecord&identifier=oai%3Aojs.periodicos.ufba.br%3Aarticle%2F3028&metadataPrefix=oai_dc,,True,True,True,False,False,False,False,False,False,True,False
1573,GeoTextos (Online),UFBA-12,Universidade Federal da Bahia (UFBA),https://periodicos.ufba.br/index.php/geotextos/oai,periodicos.ufba.br,ojs,2025-05-07 12:42:14,388,VALID,oai:ojs.periodicos.ufba.br:article/3029,4,record:doi,record,doi,https://periodicos.ufba.br/index.php/geotextos/article/view/3029,periodicos.ufba.br,ok,200,https://periodicos.ufba.br/index.php/geotextos/article/view/3029,,record:doi,record,doi,https://doi.org/10.9771/1984-5537geo.v1i1.3029,doi.org,ok,200,https://periodicos.ufba.br/index.php/geotextos/article/view/3029,,,,,https://periodicos.ufba.br/index.php/geotextos/oai?verb=GetRecord&identifier=oai%3Aojs.periodicos.ufba.br%3Aarticle%2F3029&metadataPrefix=oai_dc,periodicos.ufba.br,ok,200,https://periodicos.ufba.br/index.php/geotextos/oai?verb=GetRecord&identifier=oai%3Aojs.periodicos.ufba.br%3Aarticle%2F3029&metadataPrefix=oai_dc,,True,True,True,False,False,False,False,False,False,True,False
389,Inter-ação (Goiânia. Online),UFG-3,Universidade Federal de Goiás (UFG),https://revistas.ufg.br/index.php/interacao/oai,revistas.ufg.br,ojs,2026-01-08 17:06:16,1244,VALID,oai:ojs.revistas.ufg.br:article/1253,3,record:doi,record,doi,https://revistas.ufg.br/index.php/interacao/article/view/1253,revistas.ufg.br,ok,200,https://revistas.ufg.br/index.php/interacao/article/view/1253,,record:doi,record,doi,https://doi.org/10.5216/ia.v31i2.1253,doi.org,ok,200,https://revistas.ufg.br/index.php/interacao/article/view/1253,,,,,https://revistas.ufg.br/index.php/interacao/oai?verb=GetRecord&identifier=oai%3Aojs.revistas.ufg.br%3Aarticle%2F1253&metadataPrefix=oai_dc,revistas.ufg.br,ok,200,https://revistas.ufg.br/index.php/interacao/oai?verb=GetRecord&identifier=oai%3Aojs.revistas.ufg.br%3Aarticle%2F1253&metadataPrefix=oai_dc,,True,True,True,False,False,False,False,False,False,True,False
389,Inter-ação (Goiânia. Online),UFG-3,Universidade Federal de Goiás (UFG),https://revistas.ufg.br/index.php/interacao/oai,revistas.ufg.br,ojs,2026-01-08 17:06:16,1244,VALID,oai:ojs.revistas.ufg.br:article/1255,3,record:doi,record,doi,https://revistas.ufg.br/index.php/interacao/article/view/1255,revistas.ufg.br,ok,200,https://revistas.ufg.br/index.php/interacao/article/view/1255,,record:doi,record,doi,https://doi.org/10.5216/ia.v31i2.1255,doi.org,ok,200,https://revistas.ufg.br/index.php/interacao/article/view/1255,,,,,https://revistas.ufg.br/index.php/interacao/oai?verb=GetRecord&identifier=oai%3Aojs.revistas.ufg.br%3Aarticle%2F1255&metadataPrefix=oai_dc,revistas.ufg.br,ok,200,https://revistas.ufg.br/index.php/interacao/oai?verb=GetRecord&identifier=oai%3Aojs.revistas.ufg.br%3Aarticle%2F1255&metadataPrefix=oai_dc,,True,True,True,False,False,False,False,False,False,True,False
2754,Linguagens nas Artes,UEMG-5,Universidade do Estado de Minas Gerais (UEMG),https://revista.uemg.br/index.php/linguagensnasartes/oai,revista.uemg.br,ojs,2026-08-18 15:53:35,41,VALID,oai:ojs.pkp.sfu.ca:article/4161,2,record:ojs,record,ojs,https://revista.uemg.br/linguagensnasartes/article/view/4161,revista.uemg.br,ok,200,https://revista.uemg.br/linguagensnasartes/article/view/4161,,record:ojs,record,ojs,https://revista.uemg.br/linguagensnasartes/article/view/4161,revista.uemg.br,ok,200,https://revista.uemg.br/linguagensnasartes/article/view/4161,,,,,https://revista.uemg.br/index.php/linguagensnasartes/oai?verb=GetRecord&identifier=oai%3Aojs.pkp.sfu.ca%3Aarticle%2F4161&metadataPrefix=oai_dc,revista.uemg.br,ok,200,https://revista.uemg.br/index.php/linguagensnasartes/oai?verb=GetRecord&identifier=oai%3Aojs.pkp.sfu.ca%3Aarticle%2F4161&metadataPrefix=oai_dc,,True,True,True,False,False,False,False,False,False,False,False
2754,Linguagens nas Artes,UEMG-5,Universidade do Estado de Minas Gerais (UEMG),https://revista.uemg.br/index.php/linguagensnasartes/oai,revista.uemg.br,ojs,2026-08-18 15:53:35,41,VALID,oai:ojs.pkp.sfu.ca:article/4165,2,record:ojs,record,ojs,https://revista.uemg.br/linguagensnasartes/article/view/4165,revista.uemg.br,ok,200,https://revista.uemg.br/linguagensnasartes/article/view/4165,,record:ojs,record,ojs,https://revista.uemg.br/linguagensnasartes/article/view/4165,revista.uemg.br,ok,200,https://revista.uemg.br/linguagensnasartes/article/view/4165,,,,,https://revista.uemg.br/index.php/linguagensnasartes/oai?verb=GetRecord&identifier=oai%3Aojs.pkp.sfu.ca%3Aarticle%2F4165&metadataPrefix=oai_dc,revista.uemg.br,ok,200,https://revista.uemg.br/index.php/linguagensnasartes/oai?verb=GetRecord&identifier=oai%3Aojs.pkp.sfu.ca%3Aarticle%2F4165&metadataPrefix=oai_dc,,True,True,True,False,False,False,False,False,False,False,False
2519,Acta Biológica Catarinense,UNIVILLE,Universidade da Região de Joinville (UNIVILLE),https://periodicos.univille.br/ABC/oai,periodicos.univille.br,outra,2026-08-24 16:51:18,503,VALID,oai:ojs3.periodicos.univille.br:article/12,4,record:doi,record,doi,https://periodicos.univille.br/ABC/article/view/12,periodicos.univille.br,ok,200,https://periodicos.univille.br/ABC/article/view/12,,record:doi,record,doi,https://doi.org/10.21726/abc.v7i4.12,doi.org,ok,200,https://periodicos.univille.br/ABC/article/view/12,,,,,https://periodicos.univille.br/ABC/oai?verb=GetRecord&identifier=oai%3Aojs3.periodicos.univille.br%3Aarticle%2F12&metadataPrefix=oai_dc,periodicos.univille.br,ok,200,https://periodicos.univille.br/ABC/oai?verb=GetRecord&identifier=oai%3Aojs3.periodicos.univille.br%3Aarticle%2F12&metadataPrefix=oai_dc,,True,True,True,False,False,False,False,False,False,True,False
2519,Acta Biológica Catarinense,UNIVILLE,Universidade da Região de Joinville (UNIVILLE),https://periodicos.univille.br/ABC/oai,periodicos.univille.br,outra,2026-08-24 16:51:18,503,VALID,oai:ojs3.periodicos.univille.br:article/17,4,record:doi,record,doi,https://periodicos.univille.br/ABC/article/view/17,periodicos.univille.br,ok,200,https://periodicos.univille.br/ABC/article/view/17,,record:doi,record,doi,https://doi.org/10.21726/abc.v7i4.17,doi.org,ok,200,https://periodicos.univille.br/ABC/article/view/17,,,,,https://periodicos.univille.br/ABC/oai?verb=GetRecord&identifier=oai%3Aojs3.periodicos.univille.br%3Aarticle%2F17&metadataPrefix=oai_dc,periodicos.univille.br,ok,200,https://periodicos.univille.br/ABC/oai?verb=GetRecord&identifier=oai%3Aojs3.periodicos.univille.br%3Aarticle%2F17&metadataPrefix=oai_dc,,True,True,True,False,False,False,False,False,False,True,False
1156,Revista de Direito Sociais e Políticas Públicas,CONPEDI-9,Conselho Nacional de Pesquisa e Pós-graduação em Direito (CONPEDI),http://www.indexlaw.org/index.php/revistadspp/oai,www.indexlaw.org,ojs,2026-01-09 10:10:30,150,VALID,oai:ojs.indexlaw.org:article/417,3,record:doi,record,doi,https://indexlaw.org/index.php/revistadspp/article/view/417,indexlaw.org,ok,200,https://indexlaw.org/index.php/revistadspp/article/view/417,,record:doi,record,doi,https://doi.org/10.26668/IndexLawJournals/2525-9881/2015.v1i1.417,doi.org,ok,200,https://indexlaw.org/index.php/revistadspp/article/view/417,,,,,http://www.indexlaw.org/index.php/revistadspp/oai?verb=GetRecord&identifier=oai%3Aojs.indexlaw.org%3Aarticle%2F417&metadataPrefix=oai_dc,www.indexlaw.org,ok,200,http://www.indexlaw.org/index.php/revistadspp/oai?verb=GetRecord&identifier=oai%3Aojs.indexlaw.org%3Aarticle%2F417&metadataPrefix=oai_dc,,True,True,True,False,False,False,False,False,False,True,True
1156,Revista de Direito Sociais e Políticas Públicas,CONPEDI-9,Conselho Nacional de Pesquisa e Pós-graduação em Direito (CONPEDI),http://www.indexlaw.org/index.php/revistadspp/oai,www.indexlaw.org,ojs,2026-01-09 10:10:30,150,VALID,oai:ojs.indexlaw.org:article/422,3,record:doi,record,doi,https://indexlaw.org/index.php/revistadspp/article/view/422,indexlaw.org,ok,200,https://indexlaw.org/index.php/revistadspp/article/view/422,,record:doi,record,doi,https://doi.org/10.26668/IndexLawJournals/2525-9881/2015.v1i1.422,doi.org,ok,200,https://indexlaw.org/index.php/revistadspp/article/view/422,,,,,http://www.indexlaw.org/index.php/revistadspp/oai?verb=GetRecord&identifier=oai%3Aojs.indexlaw.org%3Aarticle%2F422&metadataPrefix=oai_dc,www.indexlaw.org,ok,200,http://www.indexlaw.org/index.php/revistadspp/oai?verb=GetRecord&identifier=oai%3Aojs.indexlaw.org%3Aarticle%2F422&metadataPrefix=oai_dc,,True,True,True,False,False,False,False,False,False,True,True
2266,Historia Ambiental Latinoamericana y Caribeña,UNIEVANG-1,Centro Universitário de Anápolis (UniEVANGÉLICA),https://www.halacsolcha.org/index.php/halac/oai,www.halacsolcha.org,ojs,2025-07-02 11:06:44,499,VALID,oai:ojs2.www.halacsolcha.org:article/2,0,,,,,,sem-link,,,no-usable-url,,,,,,sem-link,,,,,,,https://www.halacsolcha.org/index.php/halac/oai?verb=GetRecord&identifier=oai%3Aojs2.www.halacsolcha.org%3Aarticle%2F2&metadataPrefix=oai_dc,www.halacsolcha.org,ok,200,https://www.halacsolcha.org/index.php/halac/oai?verb=GetRecord&identifier=oai%3Aojs2.www.halacsolcha.org%3Aarticle%2F2&metadataPrefix=oai_dc,,False,False,True,False,False,False,False,False,False,False,False
2266,Historia Ambiental Latinoamericana y Caribeña,UNIEVANG-1,Centro Universitário de Anápolis (UniEVANGÉLICA),https://www.halacsolcha.org/index.php/halac/oai,www.halacsolcha.org,ojs,2025-07-02 11:06:44,499,VALID,oai:ojs2.www.halacsolcha.org:article/3,0,,,,,,sem-link,,,no-usable-url,,,,,,sem-link,,,,,,,https://www.halacsolcha.org/index.php/halac/oai?verb=GetRecord&identifier=oai%3Aojs2.www.halacsolcha.org%3Aarticle%2F3&metadataPrefix=oai_dc,www.halacsolcha.org,ok,200,https://www.halacsolcha.org/index.php/halac/oai?verb=GetRecord&identifier=oai%3Aojs2.www.halacsolcha.org%3Aarticle%2F3&metadataPrefix=oai_dc,,False,False,True,False,False,False,False,False,False,False,False
644,Intercom (São Paulo. Online. 2006),INTERCOM-1,Sociedade Brasileira de Estudos Interdisciplinares da Comunicação (INTERCOM),https://revistas.intercom.org.br/index.php/revistaintercom/oai,revistas.intercom.org.br,ojs,2026-01-08 20:55:26,1175,VALID,oai:ojs.revista.intercom.org.br:article/36,3,record:ojs,record,ojs,https://revistas.intercom.org.br/index.php/revistaintercom/pt_BR/article/view/36,revistas.intercom.org.br,ok,200,https://revistas.intercom.org.br/index.php/revistaintercom/pt_BR/article/view/36,,record:doi,record,doi,https://doi.org/10.1590/rbcc.v29i1.36,doi.org,http-4xx,404,https://doi.org/10.1590/rbcc.v29i1.36,,,,,https://revistas.intercom.org.br/index.php/revistaintercom/oai?verb=GetRecord&identifier=oai%3Aojs.revista.intercom.org.br%3Aarticle%2F36&metadataPrefix=oai_dc,revistas.intercom.org.br,ok,200,https://revistas.intercom.org.br/index.php/revistaintercom/pt_BR/oai?verb=GetRecord&identifier=oai%3Aojs.revista.intercom.org.br%3Aarticle%2F36&metadataPrefix=oai_dc,,True,False,True,False,False,True,False,True,False,True,False
644,Intercom (São Paulo. Online. 2006),INTERCOM-1,Sociedade Brasileira de Estudos Interdisciplinares da Comunicação (INTERCOM),https://revistas.intercom.org.br/index.php/revistaintercom/oai,revistas.intercom.org.br,ojs,2026-01-08 20:55:26,1175,VALID,oai:ojs.revista.intercom.org.br:article/37,3,record:ojs,record,ojs,https://revistas.intercom.org.br/index.php/revistaintercom/pt_BR/article/view/37,revistas.intercom.org.br,ok,200,https://revistas.intercom.org.br/index.php/revistaintercom/pt_BR/article/view/37,,record:doi,record,doi,https://doi.org/10.1590/rbcc.v29i1.37,doi.org,http-4xx,404,https://doi.org/10.1590/rbcc.v29i1.37,,,,,https://revistas.intercom.org.br/index.php/revistaintercom/oai?verb=GetRecord&identifier=oai%3Aojs.revista.intercom.org.br%3Aarticle%2F37&metadataPrefix=oai_dc,revistas.intercom.org.br,ok,200,https://revistas.intercom.org.br/index.php/revistaintercom/pt_BR/oai?verb=GetRecord&identifier=oai%3Aojs.revista.intercom.org.br%3Aarticle%2F37&metadataPrefix=oai_dc,,True,False,True,False,False,True,False,True,False,True,False
2142,Revista Eletrônica de Iniciação Científica,SBC-7,Sociedade Brasileira de Computação (SBC),https://journals-sol.sbc.org.br/index.php/reic/oai,journals-sol.sbc.org.br,ojs,2025-05-14 13:01:41,223,VALID,oai:journals-sol.sbc.org.br:article/852,2,record:ojs,record,ojs,https://journals-sol.sbc.org.br/index.php/reic/article/view/852,journals-sol.sbc.org.br,ok,200,https://journals-sol.sbc.org.br/index.php/reic/article/view/852,,record:ojs,record,ojs,https://journals-sol.sbc.org.br/index.php/reic/article/view/852,journals-sol.sbc.org.br,ok,200,https://journals-sol.sbc.org.br/index.php/reic/article/view/852,,,,,https://journals-sol.sbc.org.br/index.php/reic/oai?verb=GetRecord&identifier=oai%3Ajournals-sol.sbc.org.br%3Aarticle%2F852&metadataPrefix=oai_dc,journals-sol.sbc.org.br,ok,200,https://journals-sol.sbc.org.br/index.php/reic/oai?verb=GetRecord&identifier=oai%3Ajournals-sol.sbc.org.br%3Aarticle%2F852&metadataPrefix=oai_dc,,True,True,True,False,False,False,False,False,False,False,False
2142,Revista Eletrônica de Iniciação Científica,SBC-7,Sociedade Brasileira de Computação (SBC),https://journals-sol.sbc.org.br/index.php/reic/oai,journals-sol.sbc.org.br,ojs,2025-05-14 13:01:41,223,VALID,oai:journals-sol.sbc.org.br:article/853,2,record:ojs,record,ojs,https://journals-sol.sbc.org.br/index.php/reic/article/view/853,journals-sol.sbc.org.br,ok,200,https://journals-sol.sbc.org.br/index.php/reic/article/view/853,,record:ojs,record,ojs,https://journals-sol.sbc.org.br/index.php/reic/article/view/853,journals-sol.sbc.org.br,ok,200,https://journals-sol.sbc.org.br/index.php/reic/article/view/853,,,,,https://journals-sol.sbc.org.br/index.php/reic/oai?verb=GetRecord&identifier=oai%3Ajournals-sol.sbc.org.br%3Aarticle%2F853&metadataPrefix=oai_dc,journals-sol.sbc.org.br,ok,200,https://journals-sol.sbc.org.br/index.php/reic/oai?verb=GetRecord&identifier=oai%3Ajournals-sol.sbc.org.br%3Aarticle%2F853&metadataPrefix=oai_dc,,True,True,True,False,False,False,False,False,False,False,False
2461,Revista Turismo & Cidades,UFMA-9,Universidade Federal do Maranhão (UFMA),https://periodicoseletronicos.ufma.br/index.php/turismoecidades/oai,periodicoseletronicos.ufma.br,ojs,2026-09-02 16:57:53,136,VALID,oai:ojs2.periodicoseletronicos.ufma.br:article/11694,2,record:ojs,record,ojs,https://periodicoseletronicos.ufma.br/index.php/turismoecidades/article/view/11694,periodicoseletronicos.ufma.br,ok,200,https://periodicoseletronicos.ufma.br/index.php/turismoecidades/article/view/11694,,record:ojs,record,ojs,https://periodicoseletronicos.ufma.br/index.php/turismoecidades/article/view/11694,periodicoseletronicos.ufma.br,ok,200,https://periodicoseletronicos.ufma.br/index.php/turismoecidades/article/view/11694,,,,,https://periodicoseletronicos.ufma.br/index.php/turismoecidades/oai?verb=GetRecord&identifier=oai%3Aojs2.periodicoseletronicos.ufma.br%3Aarticle%2F11694&metadataPrefix=oai_dc,periodicoseletronicos.ufma.br,ok,200,https://periodicoseletronicos.ufma.br/index.php/turismoecidades/oai?verb=GetRecord&identifier=oai%3Aojs2.periodicoseletronicos.ufma.br%3Aarticle%2F11694&metadataPrefix=oai_dc,,True,True,True,False,False,False,False,False,False,False,False
2461,Revista Turismo & Cidades,UFMA-9,Universidade Federal do Maranhão (UFMA),https://periodicoseletronicos.ufma.br/index.php/turismoecidades/oai,periodicoseletronicos.ufma.br,ojs,2026-09-02 16:57:53,136,VALID,oai:ojs2.periodicoseletronicos.ufma.br:article/11695,2,record:ojs,record,ojs,https://periodicoseletronicos.ufma.br/index.php/turismoecidades/article/view/11695,periodicoseletronicos.ufma.br,ok,200,https://periodicoseletronicos.ufma.br/index.php/turismoecidades/article/view/11695,,record:ojs,record,ojs,https://periodicoseletronicos.ufma.br/index.php/turismoecidades/article/view/11695,periodicoseletronicos.ufma.br,ok,200,https://periodicoseletronicos.ufma.br/index.php/turismoecidades/article/view/11695,,,,,https://periodicoseletronicos.ufma.br/index.php/turismoecidades/oai?verb=GetRecord&identifier=oai%3Aojs2.periodicoseletronicos.ufma.br%3Aarticle%2F11695&metadataPrefix=oai_dc,periodicoseletronicos.ufma.br,ok,200,https://periodicoseletronicos.ufma.br/index.php/turismoecidades/oai?verb=GetRecord&identifier=oai%3Aojs2.periodicoseletronicos.ufma.br%3Aarticle%2F11695&metadataPrefix=oai_dc,,True,True,True,False,False,False,False,False,False,False,False
2296,Revista de Direito Agrário e Agroambiental,CONPEDI-41,Conselho Nacional de Pesquisa e Pós-graduação em Direito (CONPEDI),https://www.indexlaw.org/index.php/rdaa/oai,www.indexlaw.org,ojs,2025-07-02 15:50:09,95,VALID,oai:ojs.indexlaw.org:article/313,3,record:doi,record,doi,https://indexlaw.org/index.php/rdaa/article/view/313,indexlaw.org,ok,200,https://indexlaw.org/index.php/rdaa/article/view/313,,record:doi,record,doi,https://doi.org/10.26668/IndexLawJournals/2526-0081/2015.v1i1.313,doi.org,ok,200,https://indexlaw.org/index.php/rdaa/article/view/313,,,,,https://www.indexlaw.org/index.php/rdaa/oai?verb=GetRecord&identifier=oai%3Aojs.indexlaw.org%3Aarticle%2F313&metadataPrefix=oai_dc,www.indexlaw.org,ok,200,https://www.indexlaw.org/index.php/rdaa/oai?verb=GetRecord&identifier=oai%3Aojs.indexlaw.org%3Aarticle%2F313&metadataPrefix=oai_dc,,True,True,True,False,False,False,False,False,False,True,True
2296,Revista de Direito Agrário e Agroambiental,CONPEDI-41,Conselho Nacional de Pesquisa e Pós-graduação em Direito (CONPEDI),https://www.indexlaw.org/index.php/rdaa/oai,www.indexlaw.org,ojs,2025-07-02 15:50:09,95,VALID,oai:ojs.indexlaw.org:article/315,3,record:doi,record,doi,https://indexlaw.org/index.php/rdaa/article/view/315,indexlaw.org,ok,200,https://indexlaw.org/index.php/rdaa/article/view/315,,record:doi,record,doi,https://doi.org/10.26668/IndexLawJournals/2526-0081/2015.v1i1.315,doi.org,ok,200,https://indexlaw.org/index.php/rdaa/article/view/315,,,,,https://www.indexlaw.org/index.php/rdaa/oai?verb=GetRecord&identifier=oai%3Aojs.indexlaw.org%3Aarticle%2F315&metadataPrefix=oai_dc,www.indexlaw.org,ok,200,https://www.indexlaw.org/index.php/rdaa/oai?verb=GetRecord&identifier=oai%3Aojs.indexlaw.org%3Aarticle%2F315&metadataPrefix=oai_dc,,True,True,True,False,False,False,False,False,False,True,True
2725,Cadernos de Ciências Sociais Aplicadas (Online),UESB-12,Universidade Estadual do Sudoeste da Bahia (UESB),https://periodicos2.uesb.br/index.php/ccsa/oai,periodicos2.uesb.br,ojs,2026-08-18 16:22:55,487,VALID,oai:ojs.pkp.sfu.ca:article/1871,2,record:ojs,record,ojs,https://periodicos2.uesb.br/ccsa/article/view/1871,periodicos2.uesb.br,ok,200,https://periodicos2.uesb.br/ccsa/article/view/1871,,record:ojs,record,ojs,https://periodicos2.uesb.br/ccsa/article/view/1871,periodicos2.uesb.br,ok,200,https://periodicos2.uesb.br/ccsa/article/view/1871,,,,,https://periodicos2.uesb.br/index.php/ccsa/oai?verb=GetRecord&identifier=oai%3Aojs.pkp.sfu.ca%3Aarticle%2F1871&metadataPrefix=oai_dc,periodicos2.uesb.br,ok,200,https://periodicos2.uesb.br/index.php/ccsa/oai?verb=GetRecord&identifier=oai%3Aojs.pkp.sfu.ca%3Aarticle%2F1871&metadataPrefix=oai_dc,,True,True,True,False,False,False,False,False,False,False,False
2725,Cadernos de Ciências Sociais Aplicadas (Online),UESB-12,Universidade Estadual do Sudoeste da Bahia (UESB),https://periodicos2.uesb.br/index.php/ccsa/oai,periodicos2.uesb.br,ojs,2026-08-18 16:22:55,487,VALID,oai:ojs.pkp.sfu.ca:article/1872,2,record:ojs,record,ojs,https://periodicos2.uesb.br/ccsa/article/view/1872,periodicos2.uesb.br,ok,200,https://periodicos2.uesb.br/ccsa/article/view/1872,,record:ojs,record,ojs,https://periodicos2.uesb.br/ccsa/article/view/1872,periodicos2.uesb.br,ok,200,https://periodicos2.uesb.br/ccsa/article/view/1872,,,,,https://periodicos2.uesb.br/index.php/ccsa/oai?verb=GetRecord&identifier=oai%3Aojs.pkp.sfu.ca%3Aarticle%2F1872&metadataPrefix=oai_dc,periodicos2.uesb.br,ok,200,https://periodicos2.uesb.br/index.php/ccsa/oai?verb=GetRecord&identifier=oai%3Aojs.pkp.sfu.ca%3Aarticle%2F1872&metadataPrefix=oai_dc,,True,True,True,False,False,False,False,False,False,False,False
2165,Cognitio (João Pessoa),TJPB,Tribunal de Justiça da Paraíba,https://revista-cognitio.tjpb.jus.br/COGNITIO/oai,revista-cognitio.tjpb.jus.br,outra,2026-02-02 09:29:42,75,VALID,oai:ojs:article/5,0,,,,,,sem-link,,,oai-error:badArgument,,,,,,sem-link,,,,,,,https://revista-cognitio.tjpb.jus.br/COGNITIO/oai?verb=GetRecord&identifier=oai%3Aojs%3Aarticle%2F5&metadataPrefix=oai_dc,revista-cognitio.tjpb.jus.br,ok,200,https://revista-cognitio.tjpb.jus.br/COGNITIO/oai?verb=GetRecord&identifier=oai%3Aojs%3Aarticle%2F5&metadataPrefix=oai_dc,,False,False,True,False,False,False,False,False,False,False,False
2165,Cognitio (João Pessoa),TJPB,Tribunal de Justiça da Paraíba,https://revista-cognitio.tjpb.jus.br/COGNITIO/oai,revista-cognitio.tjpb.jus.br,outra,2026-02-02 09:29:42,75,VALID,oai:ojs:article/6,0,,,,,,sem-link,,,oai-error:badArgument,,,,,,sem-link,,,,,,,https://revista-cognitio.tjpb.jus.br/COGNITIO/oai?verb=GetRecord&identifier=oai%3Aojs%3Aarticle%2F6&metadataPrefix=oai_dc,revista-cognitio.tjpb.jus.br,ok,200,https://revista-cognitio.tjpb.jus.br/COGNITIO/oai?verb=GetRecord&identifier=oai%3Aojs%3Aarticle%2F6&metadataPrefix=oai_dc,,False,False,True,False,False,False,False,False,False,False,False
2549,Revista Contemporânea (São Carlos. Online),SCAR-2,Universidade Federal de São Carlos (UFSCAR),https://www.contemporanea.ufscar.br/index.php/contemporanea/oai,www.contemporanea.ufscar.br,ojs,2026-08-24 14:26:32,559,VALID,oai:ojs.pkp.sfu.ca:article/17,2,record:ojs,record,ojs,https://www.contemporanea.ufscar.br/index.php/contemporanea/article/view/17,www.contemporanea.ufscar.br,ok,200,https://www.contemporanea.ufscar.br/index.php/contemporanea/article/view/17,,record:ojs,record,ojs,https://www.contemporanea.ufscar.br/index.php/contemporanea/article/view/17,www.contemporanea.ufscar.br,ok,200,https://www.contemporanea.ufscar.br/index.php/contemporanea/article/view/17,,,,,https://www.contemporanea.ufscar.br/index.php/contemporanea/oai?verb=GetRecord&identifier=oai%3Aojs.pkp.sfu.ca%3Aarticle%2F17&metadataPrefix=oai_dc,www.contemporanea.ufscar.br,ok,200,https://www.contemporanea.ufscar.br/index.php/contemporanea/oai?verb=GetRecord&identifier=oai%3Aojs.pkp.sfu.ca%3Aarticle%2F17&metadataPrefix=oai_dc,,True,True,True,False,False,False,False,False,False,False,False
2549,Revista Contemporânea (São Carlos. Online),SCAR-2,Universidade Federal de São Carlos (UFSCAR),https://www.contemporanea.ufscar.br/index.php/contemporanea/oai,www.contemporanea.ufscar.br,ojs,2026-08-24 14:26:32,559,VALID,oai:ojs.pkp.sfu.ca:article/18,2,record:ojs,record,ojs,https://www.contemporanea.ufscar.br/index.php/contemporanea/article/view/18,www.contemporanea.ufscar.br,ok,200,https://www.contemporanea.ufscar.br/index.php/contemporanea/article/view/18,,record:ojs,record,ojs,https://www.contemporanea.ufscar.br/index.php/contemporanea/article/view/18,www.contemporanea.ufscar.br,ok,200,https://www.contemporanea.ufscar.br/index.php/contemporanea/article/view/18,,,,,https://www.contemporanea.ufscar.br/index.php/contemporanea/oai?verb=GetRecord&identifier=oai%3Aojs.pkp.sfu.ca%3Aarticle%2F18&metadataPrefix=oai_dc,www.contemporanea.ufscar.br,ok,200,https://www.contemporanea.ufscar.br/index.php/contemporanea/oai?verb=GetRecord&identifier=oai%3Aojs.pkp.sfu.ca%3Aarticle%2F18&metadataPrefix=oai_dc,,True,True,True,False,False,False,False,False,False,False,False
7,Revista Brasileira de Planejamento e Desenvolvimento,UTFPR-4,Universidade Tecnológica Federal do Paraná (UTFPR),https://periodicos.utfpr.edu.br/rbpd/oai,periodicos.utfpr.edu.br,outra,2026-09-02 15:50:48,468,VALID,oai:periodicos.utfpr:article/5463,0,,,,,,sem-link,,,no-usable-url,derived:ojs,derived,ojs,https://periodicos.utfpr.edu.br/rbpd/index,periodicos.utfpr.edu.br,fora-da-rota,200,https://periodicos.utfpr.edu.br/rbpd/index,,,,,https://periodicos.utfpr.edu.br/rbpd/oai?verb=GetRecord&identifier=oai%3Aperiodicos.utfpr%3Aarticle%2F5463&metadataPrefix=oai_dc,periodicos.utfpr.edu.br,ok,200,https://periodicos.utfpr.edu.br/rbpd/oai?verb=GetRecord&identifier=oai%3Aperiodicos.utfpr%3Aarticle%2F5463&metadataPrefix=oai_dc,,False,False,True,False,False,True,False,False,False,True,False
7,Revista Brasileira de Planejamento e Desenvolvimento,UTFPR-4,Universidade Tecnológica Federal do Paraná (UTFPR),https://periodicos.utfpr.edu.br/rbpd/oai,periodicos.utfpr.edu.br,outra,2026-09-02 15:50:48,468,VALID,oai:ojs.pkp.sfu.ca:article/1166,0,,,,,,sem-link,,,oai-error:badArgument,derived:ojs,derived,ojs,https://periodicos.utfpr.edu.br/rbpd/index,periodicos.utfpr.edu.br,fora-da-rota,200,https://periodicos.utfpr.edu.br/rbpd/index,,,,,https://periodicos.utfpr.edu.br/rbpd/oai?verb=GetRecord&identifier=oai%3Aojs.pkp.sfu.ca%3Aarticle%2F1166&metadataPrefix=oai_dc,periodicos.utfpr.edu.br,ok,200,https://periodicos.utfpr.edu.br/rbpd/oai?verb=GetRecord&identifier=oai%3Aojs.pkp.sfu.ca%3Aarticle%2F1166&metadataPrefix=oai_dc,,False,False,True,False,False,True,False,False,False,True,False
2642,Revista CPC,USP-78,Universidade de São Paulo (USP),https://revistas.usp.br/cpc/oai,revistas.usp.br,outra,2026-08-19 18:37:37,483,VALID,oai:revistas.usp.br:article/15578,3,record:doi,record,doi,https://revistas.usp.br/cpc/pt_BR/article/view/15578,revistas.usp.br,ok,200,https://revistas.usp.br/cpc/pt_BR/article/view/15578,,record:doi,record,doi,https://doi.org/10.11606/issn.1980-4466.v0i1p6-15,doi.org,ok,200,https://revistas.usp.br/cpc/pt_BR/article/view/15578,,,,,https://revistas.usp.br/cpc/oai?verb=GetRecord&identifier=oai%3Arevistas.usp.br%3Aarticle%2F15578&metadataPrefix=oai_dc,revistas.usp.br,ok,200,https://revistas.usp.br/cpc/pt_BR/oai?verb=GetRecord&identifier=oai%3Arevistas.usp.br%3Aarticle%2F15578&metadataPrefix=oai_dc,,True,True,True,False,False,False,False,False,False,True,False
2642,Revista CPC,USP-78,Universidade de São Paulo (USP),https://revistas.usp.br/cpc/oai,revistas.usp.br,outra,2026-08-19 18:37:37,483,VALID,oai:revistas.usp.br:article/15579,3,record:doi,record,doi,https://revistas.usp.br/cpc/pt_BR/article/view/15579,revistas.usp.br,ok,200,https://revistas.usp.br/cpc/pt_BR/article/view/15579,,record:doi,record,doi,https://doi.org/10.11606/issn.1980-4466.v0i1p16-40,doi.org,ok,200,https://revistas.usp.br/cpc/pt_BR/article/view/15579,,,,,https://revistas.usp.br/cpc/oai?verb=GetRecord&identifier=oai%3Arevistas.usp.br%3Aarticle%2F15579&metadataPrefix=oai_dc,revistas.usp.br,ok,200,https://revistas.usp.br/cpc/pt_BR/oai?verb=GetRecord&identifier=oai%3Arevistas.usp.br%3Aarticle%2F15579&metadataPrefix=oai_dc,,True,True,True,False,False,False,False,False,False,True,False
2226,Revista Direito em Debate (Online),UNIJ-3,Universidade Regional do Noroeste do Estado do Rio Grande do Sul (UNIJUI),https://www.revistas.unijui.edu.br/index.php/revistadireitoemdebate/oai,www.revistas.unijui.edu.br,ojs,2025-06-16 16:43:13,721,VALID,oai:ojs.revistas.unijui.edu.br:article/295,3,record:ojs,record,ojs,https://www.revistas.unijui.edu.br/revistadireitoemdebate/pt_BR/article/view/295,www.revistas.unijui.edu.br,ok,200,https://www.revistas.unijui.edu.br/revistadireitoemdebate/pt_BR/article/view/295,,record:doi,record,doi,https://doi.org/10.21527/2176-6622.2012.37.%p,doi.org,http-4xx,400,https://doi.org/10.21527/2176-6622.2012.37.%p,,,,,https://www.revistas.unijui.edu.br/index.php/revistadireitoemdebate/oai?verb=GetRecord&identifier=oai%3Aojs.revistas.unijui.edu.br%3Aarticle%2F295&metadataPrefix=oai_dc,www.revistas.unijui.edu.br,ok,200,https://www.revistas.unijui.edu.br/revistadireitoemdebate/pt_BR/oai?verb=GetRecord&identifier=oai%3Aojs.revistas.unijui.edu.br%3Aarticle%2F295&metadataPrefix=oai_dc,,True,False,True,False,False,True,False,True,False,True,False
2226,Revista Direito em Debate (Online),UNIJ-3,Universidade Regional do Noroeste do Estado do Rio Grande do Sul (UNIJUI),https://www.revistas.unijui.edu.br/index.php/revistadireitoemdebate/oai,www.revistas.unijui.edu.br,ojs,2025-06-16 16:43:13,721,VALID,oai:ojs.revistas.unijui.edu.br:article/297,3,record:ojs,record,ojs,https://www.revistas.unijui.edu.br/revistadireitoemdebate/pt_BR/article/view/297,www.revistas.unijui.edu.br,ok,200,https://www.revistas.unijui.edu.br/revistadireitoemdebate/pt_BR/article/view/297,,record:doi,record,doi,https://doi.org/10.21527/2176-6622.2012.37.%p,doi.org,http-4xx,400,https://doi.org/10.21527/2176-6622.2012.37.%p,,,,,https://www.revistas.unijui.edu.br/index.php/revistadireitoemdebate/oai?verb=GetRecord&identifier=oai%3Aojs.revistas.unijui.edu.br%3Aarticle%2F297&metadataPrefix=oai_dc,www.revistas.unijui.edu.br,ok,200,https://www.revistas.unijui.edu.br/revistadireitoemdebate/pt_BR/oai?verb=GetRecord&identifier=oai%3Aojs.revistas.unijui.edu.br%3Aarticle%2F297&metadataPrefix=oai_dc,,True,False,True,False,False,True,False,True,False,True,False
1342,Revista Direito & Paz,UNISAL-2,Centro Universitário Salesiano de São Paulo (UNISAL),https://revista.unisal.br/lo/index.php/direitoepaz/oai,revista.unisal.br,ojs,2026-01-09 12:04:44,326,VALID,oai:ojs.unisal-app-02.dualtec.com.br:article/13,0,,,,,,sem-link,,,oai-error:badArgument,derived:ojs,derived,ojs,https://revista.unisal.br/lo/index.php/direitoepaz/search,revista.unisal.br,fora-da-rota,200,https://revista.unisal.br/lo/index.php/direitoepaz/search,,,,,https://revista.unisal.br/lo/index.php/direitoepaz/oai?verb=GetRecord&identifier=oai%3Aojs.unisal-app-02.dualtec.com.br%3Aarticle%2F13&metadataPrefix=oai_dc,revista.unisal.br,ok,200,https://revista.unisal.br/lo/index.php/direitoepaz/oai?verb=GetRecord&identifier=oai%3Aojs.unisal-app-02.dualtec.com.br%3Aarticle%2F13&metadataPrefix=oai_dc,,False,False,True,False,False,True,False,False,False,True,False
1342,Revista Direito & Paz,UNISAL-2,Centro Universitário Salesiano de São Paulo (UNISAL),https://revista.unisal.br/lo/index.php/direitoepaz/oai,revista.unisal.br,ojs,2026-01-09 12:04:44,326,VALID,oai:ojs.unisal-app-02.dualtec.com.br:article/14,0,,,,,,sem-link,,,oai-error:badArgument,,,,,,sem-link,,,,,,,https://revista.unisal.br/lo/index.php/direitoepaz/oai?verb=GetRecord&identifier=oai%3Aojs.unisal-app-02.dualtec.com.br%3Aarticle%2F14&metadataPrefix=oai_dc,revista.unisal.br,ok,200,https://revista.unisal.br/lo/index.php/direitoepaz/oai?verb=GetRecord&identifier=oai%3Aojs.unisal-app-02.dualtec.com.br%3Aarticle%2F14&metadataPrefix=oai_dc,,False,False,True,False,False,False,False,False,False,False,False
1636,Domínios de Lingu@gem,UFU-12,Universidade Federal de Uberlândia (UFU),https://seer.ufu.br/index.php/dominiosdelinguagem/oai,seer.ufu.br,ojs,2025-05-07 13:19:21,1045,VALID,oai:ojs.www.seer.ufu.br:article/11393,3,record:doi,record,doi,https://seer.ufu.br/index.php/dominiosdelinguagem/article/view/11393,seer.ufu.br,ok,200,https://seer.ufu.br/index.php/dominiosdelinguagem/article/view/11393,,record:doi,record,doi,https://doi.org/10.14393/DL1-v1n1a2007-3,doi.org,ok,200,https://seer.ufu.br/index.php/dominiosdelinguagem/article/view/11393,,,,,https://seer.ufu.br/index.php/dominiosdelinguagem/oai?verb=GetRecord&identifier=oai%3Aojs.www.seer.ufu.br%3Aarticle%2F11393&metadataPrefix=oai_dc,seer.ufu.br,ok,200,https://seer.ufu.br/index.php/dominiosdelinguagem/oai?verb=GetRecord&identifier=oai%3Aojs.www.seer.ufu.br%3Aarticle%2F11393&metadataPrefix=oai_dc,,True,True,True,False,False,False,False,False,False,True,False
1636,Domínios de Lingu@gem,UFU-12,Universidade Federal de Uberlândia (UFU),https://seer.ufu.br/index.php/dominiosdelinguagem/oai,seer.ufu.br,ojs,2025-05-07 13:19:21,1045,VALID,oai:ojs.www.seer.ufu.br:article/11394,3,record:doi,record,doi,https://seer.ufu.br/index.php/dominiosdelinguagem/article/view/11394,seer.ufu.br,ok,200,https://seer.ufu.br/index.php/dominiosdelinguagem/article/view/11394,,record:doi,record,doi,https://doi.org/10.14393/DL1-v1n1a2007-2,doi.org,ok,200,https://seer.ufu.br/index.php/dominiosdelinguagem/article/view/11394,,,,,https://seer.ufu.br/index.php/dominiosdelinguagem/oai?verb=GetRecord&identifier=oai%3Aojs.www.seer.ufu.br%3Aarticle%2F11394&metadataPrefix=oai_dc,seer.ufu.br,ok,200,https://seer.ufu.br/index.php/dominiosdelinguagem/oai?verb=GetRecord&identifier=oai%3Aojs.www.seer.ufu.br%3Aarticle%2F11394&metadataPrefix=oai_dc,,True,True,True,False,False,False,False,False,False,True,False
750,Identidade!,EST-2,Faculdades EST,http://periodicos.est.edu.br/index.php/identidade/oai,periodicos.est.edu.br,ojs,2026-01-08 21:29:24,423,VALID,oai:www.est.edu.br/periodicos:article/3865,0,,,,,,sem-link,,,no-usable-url,derived:ojs,derived,ojs,https://periodicos.est.edu.br/index.php/identidade/index,periodicos.est.edu.br,fora-da-rota,200,https://periodicos.est.edu.br/index.php/identidade/index,,,,,http://periodicos.est.edu.br/index.php/identidade/oai?verb=GetRecord&identifier=oai%3Awww.est.edu.br%2Fperiodicos%3Aarticle%2F3865&metadataPrefix=oai_dc,periodicos.est.edu.br,ok,200,https://periodicos.est.edu.br/index.php/identidade/oai?verb=GetRecord&identifier=oai%3Awww.est.edu.br%2Fperiodicos%3Aarticle%2F3865&metadataPrefix=oai_dc,,False,False,True,False,False,True,False,False,False,True,False
750,Identidade!,EST-2,Faculdades EST,http://periodicos.est.edu.br/index.php/identidade/oai,periodicos.est.edu.br,ojs,2026-01-08 21:29:24,423,VALID,oai:www.est.edu.br/periodicos:article/4139,0,,,,,,sem-link,,,no-usable-url,derived:ojs,derived,ojs,https://periodicos.est.edu.br/index.php/identidade/index,periodicos.est.edu.br,fora-da-rota,200,https://periodicos.est.edu.br/index.php/identidade/index,,,,,http://periodicos.est.edu.br/index.php/identidade/oai?verb=GetRecord&identifier=oai%3Awww.est.edu.br%2Fperiodicos%3Aarticle%2F4139&metadataPrefix=oai_dc,periodicos.est.edu.br,ok,200,https://periodicos.est.edu.br/index.php/identidade/oai?verb=GetRecord&identifier=oai%3Awww.est.edu.br%2Fperiodicos%3Aarticle%2F4139&metadataPrefix=oai_dc,,False,False,True,False,False,True,False,False,False,True,False
2819,Tecnia (Goiânia. Online),IFG-2,"Instituto Federal de Educação, Ciência e Tecnologia de Goiás (IFG)",https://periodicos.ifg.edu.br/tecnia/oai,periodicos.ifg.edu.br,outra,2026-08-18 13:44:46,261,VALID,oai:ojs2.periodicos.ifg.edu.br:article/2,4,record:doi,record,doi,https://periodicos.ifg.edu.br/tecnia/article/view/2,periodicos.ifg.edu.br,ok,200,https://periodicos.ifg.edu.br/tecnia/article/view/2,,record:doi,record,doi,https://doi.org/10.56762/tecnia.v7i1.2,doi.org,ok,200,https://periodicos.ifg.edu.br/tecnia/article/view/2,,,,,https://periodicos.ifg.edu.br/tecnia/oai?verb=GetRecord&identifier=oai%3Aojs2.periodicos.ifg.edu.br%3Aarticle%2F2&metadataPrefix=oai_dc,periodicos.ifg.edu.br,ok,200,https://periodicos.ifg.edu.br/tecnia/oai?verb=GetRecord&identifier=oai%3Aojs2.periodicos.ifg.edu.br%3Aarticle%2F2&metadataPrefix=oai_dc,,True,True,True,False,False,False,False,False,False,True,False
2819,Tecnia (Goiânia. Online),IFG-2,"Instituto Federal de Educação, Ciência e Tecnologia de Goiás (IFG)",https://periodicos.ifg.edu.br/tecnia/oai,periodicos.ifg.edu.br,outra,2026-08-18 13:44:46,261,VALID,oai:ojs2.periodicos.ifg.edu.br:article/3,4,record:doi,record,doi,https://periodicos.ifg.edu.br/tecnia/article/view/e701d06,periodicos.ifg.edu.br,ok,200,https://periodicos.ifg.edu.br/tecnia/article/view/e701d06,,record:doi,record,doi,https://doi.org/10.56762/tecnia.v7i1.3,doi.org,ok,200,https://periodicos.ifg.edu.br/tecnia/article/view/e701d06,,,,,https://periodicos.ifg.edu.br/tecnia/oai?verb=GetRecord&identifier=oai%3Aojs2.periodicos.ifg.edu.br%3Aarticle%2F3&metadataPrefix=oai_dc,periodicos.ifg.edu.br,ok,200,https://periodicos.ifg.edu.br/tecnia/oai?verb=GetRecord&identifier=oai%3Aojs2.periodicos.ifg.edu.br%3Aarticle%2F3&metadataPrefix=oai_dc,,True,True,True,False,False,False,False,False,False,True,False
2711,Revista Sem Aspas (Online),UNESP-43,"Universidade Estadual Paulista ""Júlio de Mesquita Filho"" (UNESP)",https://periodicos.fclar.unesp.br/semaspas/oai,periodicos.fclar.unesp.br,outra,2026-08-18 16:54:36,225,VALID,oai:ojs.pkp.sfu.ca:article/6919,4,record:ojs,record,ojs,https://periodicos.fclar.unesp.br/semaspas/article/view/6919,periodicos.fclar.unesp.br,ok,200,https://periodicos.fclar.unesp.br/semaspas/article/view/6919,,record:doi,record,doi,https://doi.org/10.29373/sas.v2i1.6919,doi.org,http-4xx,404,https://doi.org/10.29373/sas.v2i1.6919,,,,,https://periodicos.fclar.unesp.br/semaspas/oai?verb=GetRecord&identifier=oai%3Aojs.pkp.sfu.ca%3Aarticle%2F6919&metadataPrefix=oai_dc,periodicos.fclar.unesp.br,ok,200,https://periodicos.fclar.unesp.br/semaspas/oai?verb=GetRecord&identifier=oai%3Aojs.pkp.sfu.ca%3Aarticle%2F6919&metadataPrefix=oai_dc,,True,False,True,False,False,True,False,True,False,True,False
2711,Revista Sem Aspas (Online),UNESP-43,"Universidade Estadual Paulista ""Júlio de Mesquita Filho"" (UNESP)",https://periodicos.fclar.unesp.br/semaspas/oai,periodicos.fclar.unesp.br,outra,2026-08-18 16:54:36,225,VALID,oai:ojs.pkp.sfu.ca:article/6920,4,record:ojs,record,ojs,https://periodicos.fclar.unesp.br/semaspas/article/view/6920,periodicos.fclar.unesp.br,ok,200,https://periodicos.fclar.unesp.br/semaspas/article/view/6920,,record:doi,record,doi,https://doi.org/10.29373/sas.v2i1.6920,doi.org,http-4xx,404,https://doi.org/10.29373/sas.v2i1.6920,,,,,https://periodicos.fclar.unesp.br/semaspas/oai?verb=GetRecord&identifier=oai%3Aojs.pkp.sfu.ca%3Aarticle%2F6920&metadataPrefix=oai_dc,periodicos.fclar.unesp.br,ok,200,https://periodicos.fclar.unesp.br/semaspas/oai?verb=GetRecord&identifier=oai%3Aojs.pkp.sfu.ca%3Aarticle%2F6920&metadataPrefix=oai_dc,,True,False,True,False,False,True,False,True,False,True,False
1249,Revista Pensamento Jurídico,FADISP-1,Faculdade Autônoma de Direito (FADISP),https://ojs.unialfa.com.br/index.php/pensamentojuridico/oai,ojs.unialfa.com.br,ojs,2026-01-09 11:23:26,476,VALID,oai:ojs2.ojs.unialfa.com.br:article/250,2,record:ojs,record,ojs,https://ojs.unialfa.com.br/index.php/pensamentojuridico/article/view/250,ojs.unialfa.com.br,ok,200,https://ojs.unialfa.com.br/index.php/pensamentojuridico/article/view/250,,record:ojs,record,ojs,https://ojs.unialfa.com.br/index.php/pensamentojuridico/article/view/250,ojs.unialfa.com.br,ok,200,https://ojs.unialfa.com.br/index.php/pensamentojuridico/article/view/250,,,,,https://ojs.unialfa.com.br/index.php/pensamentojuridico/oai?verb=GetRecord&identifier=oai%3Aojs2.ojs.unialfa.com.br%3Aarticle%2F250&metadataPrefix=oai_dc,ojs.unialfa.com.br,ok,200,https://ojs.unialfa.com.br/index.php/pensamentojuridico/oai?verb=GetRecord&identifier=oai%3Aojs2.ojs.unialfa.com.br%3Aarticle%2F250&metadataPrefix=oai_dc,,True,True,True,False,False,False,False,False,False,False,False
1249,Revista Pensamento Jurídico,FADISP-1,Faculdade Autônoma de Direito (FADISP),https://ojs.unialfa.com.br/index.php/pensamentojuridico/oai,ojs.unialfa.com.br,ojs,2026-01-09 11:23:26,476,VALID,oai:ojs2.ojs.unialfa.com.br:article/251,2,record:ojs,record,ojs,https://ojs.unialfa.com.br/index.php/pensamentojuridico/article/view/251,ojs.unialfa.com.br,ok,200,https://ojs.unialfa.com.br/index.php/pensamentojuridico/article/view/251,,record:ojs,record,ojs,https://ojs.unialfa.com.br/index.php/pensamentojuridico/article/view/251,ojs.unialfa.com.br,ok,200,https://ojs.unialfa.com.br/index.php/pensamentojuridico/article/view/251,,,,,https://ojs.unialfa.com.br/index.php/pensamentojuridico/oai?verb=GetRecord&identifier=oai%3Aojs2.ojs.unialfa.com.br%3Aarticle%2F251&metadataPrefix=oai_dc,ojs.unialfa.com.br,ok,200,https://ojs.unialfa.com.br/index.php/pensamentojuridico/oai?verb=GetRecord&identifier=oai%3Aojs2.ojs.unialfa.com.br%3Aarticle%2F251&metadataPrefix=oai_dc,,True,True,True,False,False,False,False,False,False,False,False
1148,EAD em Foco,CECIERJ,Fundação Centro de Ciências e Educação Superior a Distância do Estado do Rio de Janeiro (CECIERJ),https://eademfoco.cecierj.edu.br/index.php/Revista/oai,eademfoco.cecierj.edu.br,ojs,2026-01-09 10:11:13,713,VALID,oai:ojs.eademfoco.cecierj.edu.br:article/5,25,record:doi,record,doi,https://eademfoco.cecierj.edu.br/index.php/Revista/article/view/5,eademfoco.cecierj.edu.br,ok,200,https://eademfoco.cecierj.edu.br/index.php/Revista/article/view/5,,record:doi,record,doi,https://doi.org/10.18264/eadf.v1i1.5,doi.org,ok,200,https://eademfoco.cecierj.edu.br/index.php/Revista/article/view/5,,,,,https://eademfoco.cecierj.edu.br/index.php/Revista/oai?verb=GetRecord&identifier=oai%3Aojs.eademfoco.cecierj.edu.br%3Aarticle%2F5&metadataPrefix=oai_dc,eademfoco.cecierj.edu.br,ok,200,https://eademfoco.cecierj.edu.br/index.php/Revista/oai?verb=GetRecord&identifier=oai%3Aojs.eademfoco.cecierj.edu.br%3Aarticle%2F5&metadataPrefix=oai_dc,,True,True,True,False,False,False,False,False,False,True,False
1148,EAD em Foco,CECIERJ,Fundação Centro de Ciências e Educação Superior a Distância do Estado do Rio de Janeiro (CECIERJ),https://eademfoco.cecierj.edu.br/index.php/Revista/oai,eademfoco.cecierj.edu.br,ojs,2026-01-09 10:11:13,713,VALID,oai:ojs.eademfoco.cecierj.edu.br:article/6,3,record:doi,record,doi,https://eademfoco.cecierj.edu.br/index.php/Revista/article/view/6,eademfoco.cecierj.edu.br,ok,200,https://eademfoco.cecierj.edu.br/index.php/Revista/article/view/6,,record:doi,record,doi,https://doi.org/10.18264/eadf.v1i1.6,doi.org,ok,200,https://eademfoco.cecierj.edu.br/index.php/Revista/article/view/6,,,,,https://eademfoco.cecierj.edu.br/index.php/Revista/oai?verb=GetRecord&identifier=oai%3Aojs.eademfoco.cecierj.edu.br%3Aarticle%2F6&metadataPrefix=oai_dc,eademfoco.cecierj.edu.br,ok,200,https://eademfoco.cecierj.edu.br/index.php/Revista/oai?verb=GetRecord&identifier=oai%3Aojs.eademfoco.cecierj.edu.br%3Aarticle%2F6&metadataPrefix=oai_dc,,True,True,True,False,False,False,False,False,False,True,False
1770,Revista Liberato (Online),Liberato,Fundação Escola Técnica Liberato Salzano Vieira da Cunha (Liberato),https://revista.liberato.com.br/index.php/revista/oai,revista.liberato.com.br,ojs,2025-05-12 11:20:55,395,VALID,oai:ojs.revista.liberato.com.br:article/1,0,,,,,,sem-link,,,oai-error:badArgument,,,,,,sem-link,,,,,,,https://revista.liberato.com.br/index.php/revista/oai?verb=GetRecord&identifier=oai%3Aojs.revista.liberato.com.br%3Aarticle%2F1&metadataPrefix=oai_dc,revista.liberato.com.br,ok,200,https://revista.liberato.com.br/index.php/revista/oai?verb=GetRecord&identifier=oai%3Aojs.revista.liberato.com.br%3Aarticle%2F1&metadataPrefix=oai_dc,,False,False,True,False,False,False,False,False,False,False,False
1770,Revista Liberato (Online),Liberato,Fundação Escola Técnica Liberato Salzano Vieira da Cunha (Liberato),https://revista.liberato.com.br/index.php/revista/oai,revista.liberato.com.br,ojs,2025-05-12 11:20:55,395,VALID,oai:ojs.revista.liberato.com.br:article/2,0,,,,,,sem-link,,,oai-error:badArgument,,,,,,sem-link,,,,,,,https://revista.liberato.com.br/index.php/revista/oai?verb=GetRecord&identifier=oai%3Aojs.revista.liberato.com.br%3Aarticle%2F2&metadataPrefix=oai_dc,revista.liberato.com.br,ok,200,https://revista.liberato.com.br/index.php/revista/oai?verb=GetRecord&identifier=oai%3Aojs.revista.liberato.com.br%3Aarticle%2F2&metadataPrefix=oai_dc,,False,False,True,False,False,False,False,False,False,False,False
2457,"Revista Matemática, Ensino e Cultura - Rematec (Online)",UFPA-9,Universidade Federal do Pará (UFPA),https://www.rematec.net.br/index.php/rematec/oai,www.rematec.net.br,ojs,2026-09-02 17:00:55,703,VALID,oai:ojs2.www.rematec.net.br:article/1,3,record:doi,record,doi,https://www.rematec.net.br/index.php/rematec/article/view/1,www.rematec.net.br,ok,200,https://www.rematec.net.br/index.php/rematec/article/view/1,,record:doi,record,doi,https://doi.org/10.37084/REMATEC.1980-3141.2022.n40.p0-0.id512,doi.org,ok,200,https://www.rematec.net.br/index.php/rematec/article/view/1,,,,,https://www.rematec.net.br/index.php/rematec/oai?verb=GetRecord&identifier=oai%3Aojs2.www.rematec.net.br%3Aarticle%2F1&metadataPrefix=oai_dc,www.rematec.net.br,ok,200,https://www.rematec.net.br/index.php/rematec/oai?verb=GetRecord&identifier=oai%3Aojs2.www.rematec.net.br%3Aarticle%2F1&metadataPrefix=oai_dc,,True,True,True,False,False,False,False,False,False,True,False
2457,"Revista Matemática, Ensino e Cultura - Rematec (Online)",UFPA-9,Universidade Federal do Pará (UFPA),https://www.rematec.net.br/index.php/rematec/oai,www.rematec.net.br,ojs,2026-09-02 17:00:55,703,VALID,oai:ojs2.www.rematec.net.br:article/2,3,record:doi,record,doi,https://www.rematec.net.br/index.php/rematec/article/view/2,www.rematec.net.br,ok,200,https://www.rematec.net.br/index.php/rematec/article/view/2,,record:doi,record,doi,https://doi.org/10.37084/REMATEC.1980-3141.2022.n40.p01-19.id507,doi.org,ok,200,https://www.rematec.net.br/index.php/rematec/article/view/2,,,,,https://www.rematec.net.br/index.php/rematec/oai?verb=GetRecord&identifier=oai%3Aojs2.www.rematec.net.br%3Aarticle%2F2&metadataPrefix=oai_dc,www.rematec.net.br,ok,200,https://www.rematec.net.br/index.php/rematec/oai?verb=GetRecord&identifier=oai%3Aojs2.www.rematec.net.br%3Aarticle%2F2&metadataPrefix=oai_dc,,True,True,True,False,False,False,False,False,False,True,False
2276,"Revista de Educação, Ciência e Cultura",UNISALLE-7,Centro Universitário La Salle (Unilasalle),https://revistas.unilasalle.edu.br/index.php/Educacao/oai,revistas.unilasalle.edu.br,ojs,2025-07-02 14:03:38,643,VALID,oai:ojs.revistas.unilasalle.edu.br:article/7,3,record:ojs,record,ojs,https://revistas.unilasalle.edu.br/index.php/Educacao/article/view/7,revistas.unilasalle.edu.br,ok,200,https://revistas.unilasalle.edu.br/index.php/Educacao/article/view/7,,record:doi,record,doi,https://doi.org/10.18316/7,doi.org,http-4xx,404,https://doi.org/10.18316/7,,,,,https://revistas.unilasalle.edu.br/index.php/Educacao/oai?verb=GetRecord&identifier=oai%3Aojs.revistas.unilasalle.edu.br%3Aarticle%2F7&metadataPrefix=oai_dc,revistas.unilasalle.edu.br,ok,200,https://revistas.unilasalle.edu.br/index.php/Educacao/oai?verb=GetRecord&identifier=oai%3Aojs.revistas.unilasalle.edu.br%3Aarticle%2F7&metadataPrefix=oai_dc,,True,False,True,False,False,True,False,True,False,True,False
2276,"Revista de Educação, Ciência e Cultura",UNISALLE-7,Centro Universitário La Salle (Unilasalle),https://revistas.unilasalle.edu.br/index.php/Educacao/oai,revistas.unilasalle.edu.br,ojs,2025-07-02 14:03:38,643,VALID,oai:ojs.revistas.unilasalle.edu.br:article/8,4,record:ojs,record,ojs,https://revistas.unilasalle.edu.br/index.php/Educacao/article/view/8,revistas.unilasalle.edu.br,ok,200,https://revistas.unilasalle.edu.br/index.php/Educacao/article/view/8,,record:doi,record,doi,https://doi.org/10.18316/8,doi.org,http-4xx,404,https://doi.org/10.18316/8,,,,,https://revistas.unilasalle.edu.br/index.php/Educacao/oai?verb=GetRecord&identifier=oai%3Aojs.revistas.unilasalle.edu.br%3Aarticle%2F8&metadataPrefix=oai_dc,revistas.unilasalle.edu.br,ok,200,https://revistas.unilasalle.edu.br/index.php/Educacao/oai?verb=GetRecord&identifier=oai%3Aojs.revistas.unilasalle.edu.br%3Aarticle%2F8&metadataPrefix=oai_dc,,True,False,True,False,False,True,False,True,False,True,False
49,Revista Brasileira de Educação Física e Esporte (Online),USP-35,Universidade de São Paulo (USP),https://www.revistas.usp.br/rbefe/oai,www.revistas.usp.br,outra,2026-09-04 12:02:13,1188,VALID,oai:revistas.usp.br:article/16546,3,record:ojs,record,ojs,https://revistas.usp.br/rbefe/pt_BR/article/view/16546,revistas.usp.br,ok,200,https://revistas.usp.br/rbefe/pt_BR/article/view/16546,,record:doi,record,doi,https://doi.org/10.1590/S1807-55092004000100001,doi.org,http-4xx,404,https://doi.org/10.1590/S1807-55092004000100001,,,,,https://www.revistas.usp.br/rbefe/oai?verb=GetRecord&identifier=oai%3Arevistas.usp.br%3Aarticle%2F16546&metadataPrefix=oai_dc,www.revistas.usp.br,ok,200,https://revistas.usp.br/rbefe/pt_BR/oai?verb=GetRecord&identifier=oai%3Arevistas.usp.br%3Aarticle%2F16546&metadataPrefix=oai_dc,,True,False,True,False,False,True,False,True,False,True,True
49,Revista Brasileira de Educação Física e Esporte (Online),USP-35,Universidade de São Paulo (USP),https://www.revistas.usp.br/rbefe/oai,www.revistas.usp.br,outra,2026-09-04 12:02:13,1188,VALID,oai:revistas.usp.br:article/16547,3,record:doi,record,doi,https://doi.org/10.1590/S1807-55092004000100002,doi.org,http-4xx,404,https://doi.org/10.1590/S1807-55092004000100002,,record:doi,record,doi,https://doi.org/10.1590/S1807-55092004000100002,doi.org,http-4xx,404,https://doi.org/10.1590/S1807-55092004000100002,,,,,https://www.revistas.usp.br/rbefe/oai?verb=GetRecord&identifier=oai%3Arevistas.usp.br%3Aarticle%2F16547&metadataPrefix=oai_dc,www.revistas.usp.br,ok,200,https://revistas.usp.br/rbefe/pt_BR/oai?verb=GetRecord&identifier=oai%3Arevistas.usp.br%3Aarticle%2F16547&metadataPrefix=oai_dc,,False,False,True,True,False,True,False,False,False,False,True
1080,Revista Labor,UFC-10,Universidade Federal do Ceará (UFC),https://periodicos.ufc.br/index.php/Labor/oai,periodicos.ufc.br,ojs,2026-01-08 22:22:07,415,VALID,oai:ojs.pkp.sfu.ca:article/6503,5,record:doi,record,doi,https://periodicos.ufc.br/labor/article/view/6503,periodicos.ufc.br,ok,200,https://periodicos.ufc.br/labor/article/view/6503,,record:doi,record,doi,https://doi.org/10.29148/labor.v1i16.6503,doi.org,ok,200,https://periodicos.ufc.br/labor/article/view/6503,,,,,https://periodicos.ufc.br/index.php/Labor/oai?verb=GetRecord&identifier=oai%3Aojs.pkp.sfu.ca%3Aarticle%2F6503&metadataPrefix=oai_dc,periodicos.ufc.br,ok,200,https://periodicos.ufc.br/index.php/Labor/oai?verb=GetRecord&identifier=oai%3Aojs.pkp.sfu.ca%3Aarticle%2F6503&metadataPrefix=oai_dc,,True,True,True,False,False,False,False,False,False,True,False
1080,Revista Labor,UFC-10,Universidade Federal do Ceará (UFC),https://periodicos.ufc.br/index.php/Labor/oai,periodicos.ufc.br,ojs,2026-01-08 22:22:07,415,VALID,oai:ojs.pkp.sfu.ca:article/6504,5,record:doi,record,doi,https://periodicos.ufc.br/labor/article/view/6504,periodicos.ufc.br,ok,200,https://periodicos.ufc.br/labor/article/view/6504,,record:doi,record,doi,https://doi.org/10.29148/labor.v1i16.6504,doi.org,ok,200,https://periodicos.ufc.br/labor/article/view/6504,,,,,https://periodicos.ufc.br/index.php/Labor/oai?verb=GetRecord&identifier=oai%3Aojs.pkp.sfu.ca%3Aarticle%2F6504&metadataPrefix=oai_dc,periodicos.ufc.br,ok,200,https://periodicos.ufc.br/index.php/Labor/oai?verb=GetRecord&identifier=oai%3Aojs.pkp.sfu.ca%3Aarticle%2F6504&metadataPrefix=oai_dc,,True,True,True,False,False,False,False,False,False,True,False
1713,Repositório Institucional da Universidade Federal do Oeste do Pará (UFOPA),UFOPA-2,Universidade Federal do Oeste do Pará (UFOPA),https://repositorio.ufopa.edu.br/server/oai/request,repositorio.ufopa.edu.br,dspace,2026-08-12 09:45:20,2549,VALID,oai:repositorio.ufopa.edu.br:123456789/2922,10,record:dspace,record,dspace,https://repositorio.ufopa.edu.br/handle/123456789/2922,repositorio.ufopa.edu.br,ok,200,https://repositorio.ufopa.edu.br/handle/123456789/2922,,record:dspace,record,dspace,https://repositorio.ufopa.edu.br/jspui/handle/123456789/2922,repositorio.ufopa.edu.br,ok,200,https://repositorio.ufopa.edu.br/handle/123456789/2922,,,,,https://repositorio.ufopa.edu.br/server/oai/request?verb=GetRecord&identifier=oai%3Arepositorio.ufopa.edu.br%3A123456789%2F2922&metadataPrefix=xoai,repositorio.ufopa.edu.br,ok,200,https://repositorio.ufopa.edu.br/server/oai/request?verb=GetRecord&identifier=oai%3Arepositorio.ufopa.edu.br%3A123456789%2F2922&metadataPrefix=xoai,,True,True,True,False,False,False,False,False,False,True,False
1713,Repositório Institucional da Universidade Federal do Oeste do Pará (UFOPA),UFOPA-2,Universidade Federal do Oeste do Pará (UFOPA),https://repositorio.ufopa.edu.br/server/oai/request,repositorio.ufopa.edu.br,dspace,2026-08-12 09:45:20,2549,VALID,oai:repositorio.ufopa.edu.br:123456789/206,10,record:dspace,record,dspace,https://repositorio.ufopa.edu.br/handle/123456789/206,repositorio.ufopa.edu.br,ok,200,https://repositorio.ufopa.edu.br/handle/123456789/206,,record:dspace,record,dspace,https://repositorio.ufopa.edu.br/jspui/handle/123456789/206,repositorio.ufopa.edu.br,ok,200,https://repositorio.ufopa.edu.br/handle/123456789/206,,,,,https://repositorio.ufopa.edu.br/server/oai/request?verb=GetRecord&identifier=oai%3Arepositorio.ufopa.edu.br%3A123456789%2F206&metadataPrefix=xoai,repositorio.ufopa.edu.br,ok,200,https://repositorio.ufopa.edu.br/server/oai/request?verb=GetRecord&identifier=oai%3Arepositorio.ufopa.edu.br%3A123456789%2F206&metadataPrefix=xoai,,True,True,True,False,False,False,False,False,False,True,False
407,Repositório Institucional da Universidade Federal do Espírito Santo (riUfes),UFES,Universidade Federal do Espírito Santo (UFES),https://repositorio.ufes.br/server/oai/request,repositorio.ufes.br,dspace,2026-02-02 11:56:22,14846,VALID,oai:repositorio.ufes.br:10/9573,3,record:dspace,record,dspace,https://repositorio.ufes.br/handle/10/9573,repositorio.ufes.br,ok,200,https://repositorio.ufes.br/handle/10/9573,,record:dspace,record,dspace,http://repositorio.ufes.br/handle/10/9573,repositorio.ufes.br,ok,200,https://repositorio.ufes.br/handle/10/9573,,,,,https://repositorio.ufes.br/server/oai/request?verb=GetRecord&identifier=oai%3Arepositorio.ufes.br%3A10%2F9573&metadataPrefix=oai_dc,repositorio.ufes.br,ok,200,https://repositorio.ufes.br/server/oai/request?verb=GetRecord&identifier=oai%3Arepositorio.ufes.br%3A10%2F9573&metadataPrefix=oai_dc,,True,True,True,False,False,False,False,False,False,True,False
407,Repositório Institucional da Universidade Federal do Espírito Santo (riUfes),UFES,Universidade Federal do Espírito Santo (UFES),https://repositorio.ufes.br/server/oai/request,repositorio.ufes.br,dspace,2026-02-02 11:56:22,14846,VALID,oai:repositorio.ufes.br:10/2625,2,record:dspace,record,dspace,https://repositorio.ufes.br/handle/10/2625,repositorio.ufes.br,ok,200,https://repositorio.ufes.br/handle/10/2625,,record:dspace,record,dspace,http://repositorio.ufes.br/handle/10/2625,repositorio.ufes.br,ok,200,https://repositorio.ufes.br/handle/10/2625,,,,,https://repositorio.ufes.br/server/oai/request?verb=GetRecord&identifier=oai%3Arepositorio.ufes.br%3A10%2F2625&metadataPrefix=oai_dc,repositorio.ufes.br,ok,200,https://repositorio.ufes.br/server/oai/request?verb=GetRecord&identifier=oai%3Arepositorio.ufes.br%3A10%2F2625&metadataPrefix=oai_dc,,True,True,True,False,False,False,False,False,False,True,False
2655,Dissertatio - Revista de Filosofia (Online),UFPEL-7,Universidade Federal de Pelotas (UFPEL),https://periodicos.ufpel.edu.br/index.php/dissertatio/oai,periodicos.ufpel.edu.br,ojs,2026-08-19 18:39:46,645,VALID,oai:ojs.ufpel:article/8449,4,record:doi,record,doi,https://periodicos.ufpel.edu.br/index.php/dissertatio/article/view/8449,periodicos.ufpel.edu.br,ok,200,https://periodicos.ufpel.edu.br/index.php/dissertatio/article/view/8449,,record:doi,record,doi,https://doi.org/10.15210/dissertatio.v42i0.8449,doi.org,ok,200,https://periodicos.ufpel.edu.br/index.php/dissertatio/article/view/8449,,,,,https://periodicos.ufpel.edu.br/index.php/dissertatio/oai?verb=GetRecord&identifier=oai%3Aojs.ufpel%3Aarticle%2F8449&metadataPrefix=oai_dc,periodicos.ufpel.edu.br,ok,200,https://periodicos.ufpel.edu.br/index.php/dissertatio/oai?verb=GetRecord&identifier=oai%3Aojs.ufpel%3Aarticle%2F8449&metadataPrefix=oai_dc,,True,True,True,False,False,False,False,False,False,True,False
2655,Dissertatio - Revista de Filosofia (Online),UFPEL-7,Universidade Federal de Pelotas (UFPEL),https://periodicos.ufpel.edu.br/index.php/dissertatio/oai,periodicos.ufpel.edu.br,ojs,2026-08-19 18:39:46,645,VALID,oai:ojs.ufpel:article/8463,4,record:doi,record,doi,https://periodicos.ufpel.edu.br/index.php/dissertatio/article/view/8463,periodicos.ufpel.edu.br,ok,200,https://periodicos.ufpel.edu.br/index.php/dissertatio/article/view/8463,,record:doi,record,doi,https://doi.org/10.15210/dissertatio.v42i0.8463,doi.org,ok,200,https://periodicos.ufpel.edu.br/index.php/dissertatio/article/view/8463,,,,,https://periodicos.ufpel.edu.br/index.php/dissertatio/oai?verb=GetRecord&identifier=oai%3Aojs.ufpel%3Aarticle%2F8463&metadataPrefix=oai_dc,periodicos.ufpel.edu.br,ok,200,https://periodicos.ufpel.edu.br/index.php/dissertatio/oai?verb=GetRecord&identifier=oai%3Aojs.ufpel%3Aarticle%2F8463&metadataPrefix=oai_dc,,True,True,True,False,False,False,False,False,False,True,False
1992,Livro Aberto,IBICT-5,Instituto Brasileiro de Informação em Ciência e Tecnologia (Ibict),http://livroaberto.ibict.br/oai/request,livroaberto.ibict.br,dspace,2025-05-13 11:05:00,169,VALID,oai:livroaberto.ibict.br:1/287,0,,,,,,sem-link,,,no-usable-url,,,,,,sem-link,,,,,,,http://livroaberto.ibict.br/oai/request?verb=GetRecord&identifier=oai%3Alivroaberto.ibict.br%3A1%2F287&metadataPrefix=xoai,livroaberto.ibict.br,ok,200,http://livroaberto.ibict.br/oai/request?verb=GetRecord&identifier=oai%3Alivroaberto.ibict.br%3A1%2F287&metadataPrefix=xoai,,False,False,True,False,False,False,False,False,False,False,False
1992,Livro Aberto,IBICT-5,Instituto Brasileiro de Informação em Ciência e Tecnologia (Ibict),http://livroaberto.ibict.br/oai/request,livroaberto.ibict.br,dspace,2025-05-13 11:05:00,169,VALID,oai:livroaberto.ibict.br:1/428,0,,,,,,sem-link,,,no-usable-url,,,,,,sem-link,,,,,,,http://livroaberto.ibict.br/oai/request?verb=GetRecord&identifier=oai%3Alivroaberto.ibict.br%3A1%2F428&metadataPrefix=xoai,livroaberto.ibict.br,ok,200,http://livroaberto.ibict.br/oai/request?verb=GetRecord&identifier=oai%3Alivroaberto.ibict.br%3A1%2F428&metadataPrefix=xoai,,False,False,True,False,False,False,False,False,False,False,False
2548,Ágora (Santa Cruz do Sul. Online),UNISC-11,Universidade de Santa Cruz do Sul (UNISC),https://seer.unisc.br/index.php/agora/oai,seer.unisc.br,ojs,2026-08-24 16:51:47,369,VALID,oai:ojs.online.unisc.br:article/107,3,record:doi,record,doi,https://doi.org/10.17058/agora.v13i1.107,doi.org,http-4xx,404,https://doi.org/10.17058/agora.v13i1.107,,record:doi,record,doi,https://doi.org/10.17058/agora.v13i1.107,doi.org,http-4xx,404,https://doi.org/10.17058/agora.v13i1.107,,,,,https://seer.unisc.br/index.php/agora/oai?verb=GetRecord&identifier=oai%3Aojs.online.unisc.br%3Aarticle%2F107&metadataPrefix=oai_dc,seer.unisc.br,ok,200,https://seer.unisc.br/index.php/agora/oai?verb=GetRecord&identifier=oai%3Aojs.online.unisc.br%3Aarticle%2F107&metadataPrefix=oai_dc,,False,False,True,True,False,True,False,False,False,False,True
2548,Ágora (Santa Cruz do Sul. Online),UNISC-11,Universidade de Santa Cruz do Sul (UNISC),https://seer.unisc.br/index.php/agora/oai,seer.unisc.br,ojs,2026-08-24 16:51:47,369,VALID,oai:ojs.online.unisc.br:article/108,3,record:ojs,record,ojs,https://seer.unisc.br/index.php/agora/article/view/108,seer.unisc.br,ok,200,https://seer.unisc.br/index.php/agora/article/view/108,,record:doi,record,doi,https://doi.org/10.17058/agora.v13i1.108,doi.org,http-4xx,404,https://doi.org/10.17058/agora.v13i1.108,,,,,https://seer.unisc.br/index.php/agora/oai?verb=GetRecord&identifier=oai%3Aojs.online.unisc.br%3Aarticle%2F108&metadataPrefix=oai_dc,seer.unisc.br,ok,200,https://seer.unisc.br/index.php/agora/oai?verb=GetRecord&identifier=oai%3Aojs.online.unisc.br%3Aarticle%2F108&metadataPrefix=oai_dc,,True,False,True,False,False,True,False,True,False,True,False
1941,Conexões : Ciência e Tecnologia (Fortaleza. Online),IFCE-1,"Instituto Federal de Educação, Ciência e Tecnologia do Ceará (IFCE)",https://conexoes.ifce.edu.br/index.php/conexoes/oai,conexoes.ifce.edu.br,ojs,2025-05-13 10:18:28,604,VALID,oai:ojs2.conexoesnew.acessoacademico.com.br:article/121,3,record:ojs,record,ojs,https://conexoes.ifce.edu.br/index.php/conexoes/article/view/121,conexoes.ifce.edu.br,ok,200,https://conexoes.ifce.edu.br/index.php/conexoes/article/view/121,,record:doi,record,doi,https://doi.org/10.21439/conexoes.v3i1.121,doi.org,http-4xx,404,https://doi.org/10.21439/conexoes.v3i1.121,,,,,https://conexoes.ifce.edu.br/index.php/conexoes/oai?verb=GetRecord&identifier=oai%3Aojs2.conexoesnew.acessoacademico.com.br%3Aarticle%2F121&metadataPrefix=oai_dc,conexoes.ifce.edu.br,ok,200,https://conexoes.ifce.edu.br/index.php/conexoes/oai?verb=GetRecord&identifier=oai%3Aojs2.conexoesnew.acessoacademico.com.br%3Aarticle%2F121&metadataPrefix=oai_dc,,True,False,True,False,False,True,False,True,False,True,False
1941,Conexões : Ciência e Tecnologia (Fortaleza. Online),IFCE-1,"Instituto Federal de Educação, Ciência e Tecnologia do Ceará (IFCE)",https://conexoes.ifce.edu.br/index.php/conexoes/oai,conexoes.ifce.edu.br,ojs,2025-05-13 10:18:28,604,VALID,oai:ojs2.conexoesnew.acessoacademico.com.br:article/122,3,record:ojs,record,ojs,https://conexoes.ifce.edu.br/index.php/conexoes/article/view/122,conexoes.ifce.edu.br,ok,200,https://conexoes.ifce.edu.br/index.php/conexoes/article/view/122,,record:doi,record,doi,https://doi.org/10.21439/conexoes.v3i1.122,doi.org,http-4xx,404,https://doi.org/10.21439/conexoes.v3i1.122,,,,,https://conexoes.ifce.edu.br/index.php/conexoes/oai?verb=GetRecord&identifier=oai%3Aojs2.conexoesnew.acessoacademico.com.br%3Aarticle%2F122&metadataPrefix=oai_dc,conexoes.ifce.edu.br,ok,200,https://conexoes.ifce.edu.br/index.php/conexoes/oai?verb=GetRecord&identifier=oai%3Aojs2.conexoesnew.acessoacademico.com.br%3Aarticle%2F122&metadataPrefix=oai_dc,,True,False,True,False,False,True,False,True,False,True,False
321,Repositório Institucional da UFRB,UFRB-1,Universidade Federal do Recôncavo da Bahia (UFRB),https://ri.ufrb.edu.br/oai/request,ri.ufrb.edu.br,dspace,2026-08-12 11:51:35,1398,VALID,oai:ri.ufrb.edu.br:123456789/1728,3,record:dspace,record,dspace,https://ri.ufrb.edu.br/jspui/handle/123456789/1728,ri.ufrb.edu.br,ok,200,https://ri.ufrb.edu.br/jspui/handle/123456789/1728,,record:dspace,record,dspace,http://ri.ufrb.edu.br/jspui/handle/123456789/1728,ri.ufrb.edu.br,ok,200,https://ri.ufrb.edu.br/jspui/handle/123456789/1728,,,,,https://ri.ufrb.edu.br/oai/request?verb=GetRecord&identifier=oai%3Ari.ufrb.edu.br%3A123456789%2F1728&metadataPrefix=oai_dc,ri.ufrb.edu.br,ok,200,https://ri.ufrb.edu.br/oai/request?verb=GetRecord&identifier=oai%3Ari.ufrb.edu.br%3A123456789%2F1728&metadataPrefix=oai_dc,,True,True,True,False,False,False,False,False,False,True,False
321,Repositório Institucional da UFRB,UFRB-1,Universidade Federal do Recôncavo da Bahia (UFRB),https://ri.ufrb.edu.br/oai/request,ri.ufrb.edu.br,dspace,2026-08-12 11:51:35,1398,VALID,oai:ri.ufrb.edu.br:prefix/995,1,record:dspace,record,dspace,https://ri.ufrb.edu.br/jspui/handle/prefix/995,ri.ufrb.edu.br,ok,200,https://ri.ufrb.edu.br/jspui/handle/prefix/995,,record:dspace,record,dspace,http://ri.ufrb.edu.br/jspui/handle/prefix/995,ri.ufrb.edu.br,ok,200,https://ri.ufrb.edu.br/jspui/handle/prefix/995,,,,,https://ri.ufrb.edu.br/oai/request?verb=GetRecord&identifier=oai%3Ari.ufrb.edu.br%3Aprefix%2F995&metadataPrefix=oai_dc,ri.ufrb.edu.br,ok,200,https://ri.ufrb.edu.br/oai/request?verb=GetRecord&identifier=oai%3Ari.ufrb.edu.br%3Aprefix%2F995&metadataPrefix=oai_dc,,True,True,True,False,False,False,False,False,False,True,False
1726,Devir Educação,UFLA-6,Universidade Federal de Lavras (UFLA),https://devireducacao.ded.ufla.br/index.php/DEVIR/oai,devireducacao.ded.ufla.br,ojs,2025-05-07 21:00:34,355,VALID,oai:devireducacao.ded.ufla.br:article/10,3,record:ojs,record,ojs,https://devireducacao.ded.ufla.br/index.php/DEVIR/article/view/10,devireducacao.ded.ufla.br,ok,200,https://devireducacao.ded.ufla.br/index.php/DEVIR/article/view/10,,record:doi,record,doi,https://doi.org/10.30905/ded.v1i1,doi.org,http-4xx,404,https://doi.org/10.30905/ded.v1i1,,,,,https://devireducacao.ded.ufla.br/index.php/DEVIR/oai?verb=GetRecord&identifier=oai%3Adevireducacao.ded.ufla.br%3Aarticle%2F10&metadataPrefix=oai_dc,devireducacao.ded.ufla.br,ok,200,https://devireducacao.ded.ufla.br/index.php/DEVIR/oai?verb=GetRecord&identifier=oai%3Adevireducacao.ded.ufla.br%3Aarticle%2F10&metadataPrefix=oai_dc,,True,False,True,False,False,True,False,True,False,True,False
1726,Devir Educação,UFLA-6,Universidade Federal de Lavras (UFLA),https://devireducacao.ded.ufla.br/index.php/DEVIR/oai,devireducacao.ded.ufla.br,ojs,2025-05-07 21:00:34,355,VALID,oai:devireducacao.ded.ufla.br:article/11,3,record:ojs,record,ojs,https://devireducacao.ded.ufla.br/index.php/DEVIR/article/view/11,devireducacao.ded.ufla.br,ok,200,https://devireducacao.ded.ufla.br/index.php/DEVIR/article/view/11,,record:doi,record,doi,https://doi.org/10.30905/ded.v1i1,doi.org,http-4xx,404,https://doi.org/10.30905/ded.v1i1,,,,,https://devireducacao.ded.ufla.br/index.php/DEVIR/oai?verb=GetRecord&identifier=oai%3Adevireducacao.ded.ufla.br%3Aarticle%2F11&metadataPrefix=oai_dc,devireducacao.ded.ufla.br,ok,200,https://devireducacao.ded.ufla.br/index.php/DEVIR/oai?verb=GetRecord&identifier=oai%3Adevireducacao.ded.ufla.br%3Aarticle%2F11&metadataPrefix=oai_dc,,True,False,True,False,False,True,False,True,False,True,False
2545,Rizoma (Santa Cruz do Sul),UNISC-8,Universidade de Santa Cruz do Sul (UNISC),https://seer.unisc.br/index.php/rizoma/oai,seer.unisc.br,ojs,2026-08-24 16:51:38,384,VALID,oai:ojs.online.unisc.br:article/3453,3,record:ojs,record,ojs,https://seer.unisc.br/index.php/rizoma/article/view/3453,seer.unisc.br,ok,200,https://seer.unisc.br/index.php/rizoma/article/view/3453,,record:doi,record,doi,https://doi.org/10.17058/rzm.v1i1.3453,doi.org,http-4xx,404,https://doi.org/10.17058/rzm.v1i1.3453,,,,,https://seer.unisc.br/index.php/rizoma/oai?verb=GetRecord&identifier=oai%3Aojs.online.unisc.br%3Aarticle%2F3453&metadataPrefix=oai_dc,seer.unisc.br,ok,200,https://seer.unisc.br/index.php/rizoma/oai?verb=GetRecord&identifier=oai%3Aojs.online.unisc.br%3Aarticle%2F3453&metadataPrefix=oai_dc,,True,False,True,False,False,True,False,True,False,True,False
2545,Rizoma (Santa Cruz do Sul),UNISC-8,Universidade de Santa Cruz do Sul (UNISC),https://seer.unisc.br/index.php/rizoma/oai,seer.unisc.br,ojs,2026-08-24 16:51:38,384,VALID,oai:ojs.online.unisc.br:article/3459,3,record:ojs,record,ojs,https://seer.unisc.br/index.php/rizoma/article/view/3459,seer.unisc.br,ok,200,https://seer.unisc.br/index.php/rizoma/article/view/3459,,record:doi,record,doi,https://doi.org/10.17058/rzm.v1i1.3459,doi.org,http-4xx,404,https://doi.org/10.17058/rzm.v1i1.3459,,,,,https://seer.unisc.br/index.php/rizoma/oai?verb=GetRecord&identifier=oai%3Aojs.online.unisc.br%3Aarticle%2F3459&metadataPrefix=oai_dc,seer.unisc.br,ok,200,https://seer.unisc.br/index.php/rizoma/oai?verb=GetRecord&identifier=oai%3Aojs.online.unisc.br%3Aarticle%2F3459&metadataPrefix=oai_dc,,True,False,True,False,False,True,False,True,False,True,False
264,Revista de Ciências da Administração,UFSC-15,Universidade Federal de Santa Catarina (UFSC),https://periodicos.ufsc.br/index.php/adm/oai,periodicos.ufsc.br,ojs,2026-01-05 11:13:38,790,VALID,oai:periodicos.ufsc.br:article/185,3,record:ojs,record,ojs,https://periodicos.ufsc.br/index.php/adm/article/view/185,periodicos.ufsc.br,ok,200,https://periodicos.ufsc.br/index.php/adm/article/view/185,,record:doi,record,doi,https://doi.org/10.5007/%x,doi.org,http-4xx,400,https://doi.org/10.5007/%x,,,,,https://periodicos.ufsc.br/index.php/adm/oai?verb=GetRecord&identifier=oai%3Aperiodicos.ufsc.br%3Aarticle%2F185&metadataPrefix=oai_dc,periodicos.ufsc.br,ok,200,https://periodicos.ufsc.br/index.php/adm/oai?verb=GetRecord&identifier=oai%3Aperiodicos.ufsc.br%3Aarticle%2F185&metadataPrefix=oai_dc,,True,False,True,False,False,True,False,True,False,True,False
264,Revista de Ciências da Administração,UFSC-15,Universidade Federal de Santa Catarina (UFSC),https://periodicos.ufsc.br/index.php/adm/oai,periodicos.ufsc.br,ojs,2026-01-05 11:13:38,790,VALID,oai:periodicos.ufsc.br:article/676,3,record:ojs,record,ojs,https://periodicos.ufsc.br/index.php/adm/article/view/676,periodicos.ufsc.br,ok,200,https://periodicos.ufsc.br/index.php/adm/article/view/676,,record:doi,record,doi,https://doi.org/10.5007/%x,doi.org,http-4xx,400,https://doi.org/10.5007/%x,,,,,https://periodicos.ufsc.br/index.php/adm/oai?verb=GetRecord&identifier=oai%3Aperiodicos.ufsc.br%3Aarticle%2F676&metadataPrefix=oai_dc,periodicos.ufsc.br,ok,200,https://periodicos.ufsc.br/index.php/adm/oai?verb=GetRecord&identifier=oai%3Aperiodicos.ufsc.br%3Aarticle%2F676&metadataPrefix=oai_dc,,True,False,True,False,False,True,False,True,False,True,False
2805,"Revista de Finanças Públicas, Tributação e Desenvolvimento",UERJ-35,Universidade do Estado do Rio de Janeiro (UERJ),https://www.e-publicacoes.uerj.br/rfptd/oai,www.e-publicacoes.uerj.br,outra,2026-08-18 13:43:36,141,VALID,oai:ojs.www.e-publicacoes.uerj.br:article/4518,2,record:ojs,record,ojs,https://www.e-publicacoes.uerj.br/rfptd/article/view/4518,www.e-publicacoes.uerj.br,ok,200,https://www.e-publicacoes.uerj.br/rfptd/article/view/4518,,record:ojs,record,ojs,https://www.e-publicacoes.uerj.br/rfptd/article/view/4518,www.e-publicacoes.uerj.br,ok,200,https://www.e-publicacoes.uerj.br/rfptd/article/view/4518,,,,,https://www.e-publicacoes.uerj.br/rfptd/oai?verb=GetRecord&identifier=oai%3Aojs.www.e-publicacoes.uerj.br%3Aarticle%2F4518&metadataPrefix=oai_dc,www.e-publicacoes.uerj.br,ok,200,https://www.e-publicacoes.uerj.br/rfptd/oai?verb=GetRecord&identifier=oai%3Aojs.www.e-publicacoes.uerj.br%3Aarticle%2F4518&metadataPrefix=oai_dc,,True,True,True,False,False,False,False,False,False,False,False
2805,"Revista de Finanças Públicas, Tributação e Desenvolvimento",UERJ-35,Universidade do Estado do Rio de Janeiro (UERJ),https://www.e-publicacoes.uerj.br/rfptd/oai,www.e-publicacoes.uerj.br,outra,2026-08-18 13:43:36,141,VALID,oai:ojs.www.e-publicacoes.uerj.br:article/4671,2,record:ojs,record,ojs,https://www.e-publicacoes.uerj.br/rfptd/article/view/4671,www.e-publicacoes.uerj.br,ok,200,https://www.e-publicacoes.uerj.br/rfptd/article/view/4671,,record:ojs,record,ojs,https://www.e-publicacoes.uerj.br/rfptd/article/view/4671,www.e-publicacoes.uerj.br,ok,200,https://www.e-publicacoes.uerj.br/rfptd/article/view/4671,,,,,https://www.e-publicacoes.uerj.br/rfptd/oai?verb=GetRecord&identifier=oai%3Aojs.www.e-publicacoes.uerj.br%3Aarticle%2F4671&metadataPrefix=oai_dc,www.e-publicacoes.uerj.br,ok,200,https://www.e-publicacoes.uerj.br/rfptd/oai?verb=GetRecord&identifier=oai%3Aojs.www.e-publicacoes.uerj.br%3Aarticle%2F4671&metadataPrefix=oai_dc,,True,True,True,False,False,False,False,False,False,False,False
397,Revista Brasileira de Extensão Universitária (Online),UFFS-1,Universidade Federal Fronteira do Sul (UFFS),https://periodicos.uffs.edu.br/index.php/RBEU/oai,periodicos.uffs.edu.br,ojs,2026-01-08 17:06:23,413,VALID,oai:ojs.192.168.253.137:article/862,3,record:ojs,record,ojs,https://periodicos.uffs.edu.br/index.php/RBEU/article/view/862,periodicos.uffs.edu.br,ok,200,https://periodicos.uffs.edu.br/index.php/RBEU/article/view/862,,record:doi,record,doi,https://doi.org/10.36661/2358-0399.2003v1i1.862,doi.org,http-4xx,404,https://doi.org/10.36661/2358-0399.2003v1i1.862,,,,,https://periodicos.uffs.edu.br/index.php/RBEU/oai?verb=GetRecord&identifier=oai%3Aojs.192.168.253.137%3Aarticle%2F862&metadataPrefix=oai_dc,periodicos.uffs.edu.br,ok,200,https://periodicos.uffs.edu.br/index.php/RBEU/oai?verb=GetRecord&identifier=oai%3Aojs.192.168.253.137%3Aarticle%2F862&metadataPrefix=oai_dc,,True,False,True,False,False,True,False,True,False,True,False
397,Revista Brasileira de Extensão Universitária (Online),UFFS-1,Universidade Federal Fronteira do Sul (UFFS),https://periodicos.uffs.edu.br/index.php/RBEU/oai,periodicos.uffs.edu.br,ojs,2026-01-08 17:06:23,413,VALID,oai:ojs.192.168.253.137:article/863,3,record:ojs,record,ojs,https://periodicos.uffs.edu.br/index.php/RBEU/article/view/863,periodicos.uffs.edu.br,ok,200,https://periodicos.uffs.edu.br/index.php/RBEU/article/view/863,,record:doi,record,doi,https://doi.org/10.36661/2358-0399.2003v1i1.863,doi.org,http-4xx,404,https://doi.org/10.36661/2358-0399.2003v1i1.863,,,,,https://periodicos.uffs.edu.br/index.php/RBEU/oai?verb=GetRecord&identifier=oai%3Aojs.192.168.253.137%3Aarticle%2F863&metadataPrefix=oai_dc,periodicos.uffs.edu.br,ok,200,https://periodicos.uffs.edu.br/index.php/RBEU/oai?verb=GetRecord&identifier=oai%3Aojs.192.168.253.137%3Aarticle%2F863&metadataPrefix=oai_dc,,True,False,True,False,False,True,False,True,False,True,False
2455,Archives of Veterinary Science (Online),UFPR-28,Universidade Federal do Paraná (UFPR),https://revistas.ufpr.br/veterinary/oai,revistas.ufpr.br,outra,2026-09-02 17:01:10,1337,VALID,oai:ojs.pkp.sfu.ca:article/3732,4,record:doi,record,doi,https://revistas.ufpr.br/veterinary/article/view/3732,revistas.ufpr.br,ok,200,https://revistas.ufpr.br/veterinary/article/view/3732,,record:doi,record,doi,https://doi.org/10.5380/avs.v3i1.3732,doi.org,ok,200,https://revistas.ufpr.br/veterinary/article/view/3732,,,,,https://revistas.ufpr.br/veterinary/oai?verb=GetRecord&identifier=oai%3Aojs.pkp.sfu.ca%3Aarticle%2F3732&metadataPrefix=oai_dc,revistas.ufpr.br,ok,200,https://revistas.ufpr.br/veterinary/oai?verb=GetRecord&identifier=oai%3Aojs.pkp.sfu.ca%3Aarticle%2F3732&metadataPrefix=oai_dc,,True,True,True,False,False,False,False,False,False,True,False
2455,Archives of Veterinary Science (Online),UFPR-28,Universidade Federal do Paraná (UFPR),https://revistas.ufpr.br/veterinary/oai,revistas.ufpr.br,outra,2026-09-02 17:01:10,1337,VALID,oai:ojs.pkp.sfu.ca:article/3733,4,record:doi,record,doi,https://revistas.ufpr.br/veterinary/article/view/3733,revistas.ufpr.br,ok,200,https://revistas.ufpr.br/veterinary/article/view/3733,,record:doi,record,doi,https://doi.org/10.5380/avs.v3i1.3733,doi.org,ok,200,https://revistas.ufpr.br/veterinary/article/view/3733,,,,,https://revistas.ufpr.br/veterinary/oai?verb=GetRecord&identifier=oai%3Aojs.pkp.sfu.ca%3Aarticle%2F3733&metadataPrefix=oai_dc,revistas.ufpr.br,ok,200,https://revistas.ufpr.br/veterinary/oai?verb=GetRecord&identifier=oai%3Aojs.pkp.sfu.ca%3Aarticle%2F3733&metadataPrefix=oai_dc,,True,True,True,False,False,False,False,False,False,True,False
1748,Revista de contabilidade e organizações,USP-65,Universidade de São Paulo (USP),https://www.revistas.usp.br/rco/oai,www.revistas.usp.br,outra,2025-05-09 13:47:47,392,VALID,oai:revistas.usp.br:article/34692,5,record:doi,record,doi,https://revistas.usp.br/rco/pt_BR/article/view/34692,revistas.usp.br,ok,200,https://revistas.usp.br/rco/pt_BR/article/view/34692,,record:doi,record,doi,https://doi.org/10.11606/rco.v1i1.34692,doi.org,ok,200,https://revistas.usp.br/rco/pt_BR/article/view/34692,,,,,https://www.revistas.usp.br/rco/oai?verb=GetRecord&identifier=oai%3Arevistas.usp.br%3Aarticle%2F34692&metadataPrefix=oai_dc,www.revistas.usp.br,ok,200,https://revistas.usp.br/rco/pt_BR/oai?verb=GetRecord&identifier=oai%3Arevistas.usp.br%3Aarticle%2F34692&metadataPrefix=oai_dc,,True,True,True,False,False,False,False,False,False,True,True
1748,Revista de contabilidade e organizações,USP-65,Universidade de São Paulo (USP),https://www.revistas.usp.br/rco/oai,www.revistas.usp.br,outra,2025-05-09 13:47:47,392,VALID,oai:revistas.usp.br:article/34693,4,record:doi,record,doi,https://revistas.usp.br/rco/pt_BR/article/view/34693,revistas.usp.br,ok,200,https://revistas.usp.br/rco/pt_BR/article/view/34693,,record:doi,record,doi,https://doi.org/10.11606/rco.v1i1.34693,doi.org,ok,200,https://revistas.usp.br/rco/pt_BR/article/view/34693,,,,,https://www.revistas.usp.br/rco/oai?verb=GetRecord&identifier=oai%3Arevistas.usp.br%3Aarticle%2F34693&metadataPrefix=oai_dc,www.revistas.usp.br,ok,200,https://revistas.usp.br/rco/pt_BR/oai?verb=GetRecord&identifier=oai%3Arevistas.usp.br%3Aarticle%2F34693&metadataPrefix=oai_dc,,True,True,True,False,False,False,False,False,False,True,True
2695,Fronteiras (Florianópolis. Online) - Revista Catarinense de História,UFFS-4,Universidade Federal da Fronteira Sul (UFFS),https://periodicos.uffs.edu.br/index.php/FRCH/oai,periodicos.uffs.edu.br,ojs,2026-08-18 16:55:01,445,VALID,oai:ojs.192.168.253.137:article/7611,3,record:doi,record,doi,https://periodicos.uffs.edu.br/index.php/FRCH/article/view/7611,periodicos.uffs.edu.br,ok,200,https://periodicos.uffs.edu.br/index.php/FRCH/article/view/7611,,record:doi,record,doi,https://doi.org/10.36661/2238-9717.2017n29.7611,doi.org,ok,200,https://periodicos.uffs.edu.br/index.php/FRCH/article/view/7611,,,,,https://periodicos.uffs.edu.br/index.php/FRCH/oai?verb=GetRecord&identifier=oai%3Aojs.192.168.253.137%3Aarticle%2F7611&metadataPrefix=oai_dc,periodicos.uffs.edu.br,ok,200,https://periodicos.uffs.edu.br/index.php/FRCH/oai?verb=GetRecord&identifier=oai%3Aojs.192.168.253.137%3Aarticle%2F7611&metadataPrefix=oai_dc,,True,True,True,False,False,False,False,False,False,True,False
2695,Fronteiras (Florianópolis. Online) - Revista Catarinense de História,UFFS-4,Universidade Federal da Fronteira Sul (UFFS),https://periodicos.uffs.edu.br/index.php/FRCH/oai,periodicos.uffs.edu.br,ojs,2026-08-18 16:55:01,445,VALID,oai:ojs.192.168.253.137:article/7612,3,record:doi,record,doi,https://periodicos.uffs.edu.br/index.php/FRCH/article/view/7612,periodicos.uffs.edu.br,ok,200,https://periodicos.uffs.edu.br/index.php/FRCH/article/view/7612,,record:doi,record,doi,https://doi.org/10.36661/2238-9717.2017n29.7612,doi.org,ok,200,https://periodicos.uffs.edu.br/index.php/FRCH/article/view/7612,,,,,https://periodicos.uffs.edu.br/index.php/FRCH/oai?verb=GetRecord&identifier=oai%3Aojs.192.168.253.137%3Aarticle%2F7612&metadataPrefix=oai_dc,periodicos.uffs.edu.br,ok,200,https://periodicos.uffs.edu.br/index.php/FRCH/oai?verb=GetRecord&identifier=oai%3Aojs.192.168.253.137%3Aarticle%2F7612&metadataPrefix=oai_dc,,True,True,True,False,False,False,False,False,False,True,False
300,Estudos Interdisciplinares sobre o Envelhecimento,UFRGS-4,Universidade Federal do Rio Grande do Sul (UFRGS),https://seer.ufrgs.br/index.php/RevEnvelhecer/oai,seer.ufrgs.br,ojs,2026-01-07 14:08:00,998,VALID,oai:seer.ufrgs.br:article/4649,3,record:doi,record,doi,https://seer.ufrgs.br/RevEnvelhecer/article/view/4649,seer.ufrgs.br,ok,200,https://seer.ufrgs.br/RevEnvelhecer/article/view/4649,,record:doi,record,doi,https://doi.org/10.22456/2316-2171.4649,doi.org,ok,200,https://seer.ufrgs.br/RevEnvelhecer/article/view/4649,,,,,https://seer.ufrgs.br/index.php/RevEnvelhecer/oai?verb=GetRecord&identifier=oai%3Aseer.ufrgs.br%3Aarticle%2F4649&metadataPrefix=oai_dc,seer.ufrgs.br,ok,200,https://seer.ufrgs.br/index.php/RevEnvelhecer/oai?verb=GetRecord&identifier=oai%3Aseer.ufrgs.br%3Aarticle%2F4649&metadataPrefix=oai_dc,,True,True,True,False,False,False,False,False,False,True,False
300,Estudos Interdisciplinares sobre o Envelhecimento,UFRGS-4,Universidade Federal do Rio Grande do Sul (UFRGS),https://seer.ufrgs.br/index.php/RevEnvelhecer/oai,seer.ufrgs.br,ojs,2026-01-07 14:08:00,998,VALID,oai:seer.ufrgs.br:article/4650,3,record:doi,record,doi,https://seer.ufrgs.br/RevEnvelhecer/article/view/4650,seer.ufrgs.br,ok,200,https://seer.ufrgs.br/RevEnvelhecer/article/view/4650,,record:doi,record,doi,https://doi.org/10.22456/2316-2171.4650,doi.org,ok,200,https://seer.ufrgs.br/RevEnvelhecer/article/view/4650,,,,,https://seer.ufrgs.br/index.php/RevEnvelhecer/oai?verb=GetRecord&identifier=oai%3Aseer.ufrgs.br%3Aarticle%2F4650&metadataPrefix=oai_dc,seer.ufrgs.br,ok,200,https://seer.ufrgs.br/index.php/RevEnvelhecer/oai?verb=GetRecord&identifier=oai%3Aseer.ufrgs.br%3Aarticle%2F4650&metadataPrefix=oai_dc,,True,True,True,False,False,False,False,False,False,True,False
1447,RBCF. Revista Brasileira de Ciências Farmacêuticas (Online),USP-52,Universidade de São Paulo (USP),https://www.revistas.usp.br/rbcf/oai,www.revistas.usp.br,outra,2025-08-11 10:02:43,548,VALID,oai:revistas.usp.br:article/43763,3,record:doi,record,doi,http://www.scielo.br/j/rbcf/a/x66Nz4t9T3CNSMmf7qfDrTj/?lang=pt,www.scielo.br,ok,200,http://www.scielo.br/j/rbcf/a/x66Nz4t9T3CNSMmf7qfDrTj/?lang=pt,,record:doi,record,doi,https://doi.org/10.1590/S1516-93322002000100001,doi.org,ok,200,http://www.scielo.br/j/rbcf/a/x66Nz4t9T3CNSMmf7qfDrTj/?lang=pt,,,,,https://www.revistas.usp.br/rbcf/oai?verb=GetRecord&identifier=oai%3Arevistas.usp.br%3Aarticle%2F43763&metadataPrefix=oai_dc,www.revistas.usp.br,ok,200,https://revistas.usp.br/rbcf/pt_BR/oai?verb=GetRecord&identifier=oai%3Arevistas.usp.br%3Aarticle%2F43763&metadataPrefix=oai_dc,,True,True,True,False,False,False,False,False,False,True,True
1447,RBCF. Revista Brasileira de Ciências Farmacêuticas (Online),USP-52,Universidade de São Paulo (USP),https://www.revistas.usp.br/rbcf/oai,www.revistas.usp.br,outra,2025-08-11 10:02:43,548,VALID,oai:revistas.usp.br:article/43764,3,record:doi,record,doi,http://www.scielo.br/j/rbcf/a/rvzMDX5X9JB4pxjq4rFggrv/?lang=pt,www.scielo.br,ok,200,http://www.scielo.br/j/rbcf/a/rvzMDX5X9JB4pxjq4rFggrv/?lang=pt,,record:doi,record,doi,https://doi.org/10.1590/S1516-93322002000100002,doi.org,ok,200,http://www.scielo.br/j/rbcf/a/rvzMDX5X9JB4pxjq4rFggrv/?lang=pt,,,,,https://www.revistas.usp.br/rbcf/oai?verb=GetRecord&identifier=oai%3Arevistas.usp.br%3Aarticle%2F43764&metadataPrefix=oai_dc,www.revistas.usp.br,ok,200,https://revistas.usp.br/rbcf/pt_BR/oai?verb=GetRecord&identifier=oai%3Arevistas.usp.br%3Aarticle%2F43764&metadataPrefix=oai_dc,,True,True,True,False,False,False,False,False,False,True,True
1157,"Revista de Direitos Sociais, Seguridade e Previdência Social",CONPEDI-10,Conselho Nacional de Pesquisa e Pós-graduação em Direito (CONPEDI),http://www.indexlaw.org/index.php/revistadssps/oai,www.indexlaw.org,ojs,2026-01-09 10:10:28,116,VALID,oai:ojs.indexlaw.org:article/428,3,record:doi,record,doi,https://indexlaw.org/index.php/revistadssps/article/view/428,indexlaw.org,ok,200,https://indexlaw.org/index.php/revistadssps/article/view/428,,record:doi,record,doi,https://doi.org/10.26668/IndexLawJournals/2525-9865/2015.v1i1.428,doi.org,ok,200,https://indexlaw.org/index.php/revistadssps/article/view/428,,,,,http://www.indexlaw.org/index.php/revistadssps/oai?verb=GetRecord&identifier=oai%3Aojs.indexlaw.org%3Aarticle%2F428&metadataPrefix=oai_dc,www.indexlaw.org,ok,200,http://www.indexlaw.org/index.php/revistadssps/oai?verb=GetRecord&identifier=oai%3Aojs.indexlaw.org%3Aarticle%2F428&metadataPrefix=oai_dc,,True,True,True,False,False,False,False,False,False,True,True
1157,"Revista de Direitos Sociais, Seguridade e Previdência Social",CONPEDI-10,Conselho Nacional de Pesquisa e Pós-graduação em Direito (CONPEDI),http://www.indexlaw.org/index.php/revistadssps/oai,www.indexlaw.org,ojs,2026-01-09 10:10:28,116,VALID,oai:ojs.indexlaw.org:article/431,3,record:doi,record,doi,https://indexlaw.org/index.php/revistadssps/article/view/431,indexlaw.org,ok,200,https://indexlaw.org/index.php/revistadssps/article/view/431,,record:doi,record,doi,https://doi.org/10.26668/IndexLawJournals/2525-9865/2015.v1i1.431,doi.org,ok,200,https://indexlaw.org/index.php/revistadssps/article/view/431,,,,,http://www.indexlaw.org/index.php/revistadssps/oai?verb=GetRecord&identifier=oai%3Aojs.indexlaw.org%3Aarticle%2F431&metadataPrefix=oai_dc,www.indexlaw.org,ok,200,http://www.indexlaw.org/index.php/revistadssps/oai?verb=GetRecord&identifier=oai%3Aojs.indexlaw.org%3Aarticle%2F431&metadataPrefix=oai_dc,,True,True,True,False,False,False,False,False,False,True,True
2818,Revista Educação e Linguagens,UNESPAR-3,Universidade Estadual do Paraná (UNESPAR),https://periodicos.unespar.edu.br/revistaeduclings/oai,periodicos.unespar.edu.br,outra,2026-08-18 13:44:47,482,VALID,oai:ojs.pkp.sfu.ca:article/5210,3,record:doi,record,doi,https://periodicos.unespar.edu.br/index.php/revistaeduclings/article/view/5210,periodicos.unespar.edu.br,ok,200,https://periodicos.unespar.edu.br/index.php/revistaeduclings/article/view/5210,,record:doi,record,doi,https://doi.org/10.33871/22386084.2022.11.21.19-41,doi.org,ok,200,https://periodicos.unespar.edu.br/index.php/revistaeduclings/article/view/5210,,,,,https://periodicos.unespar.edu.br/revistaeduclings/oai?verb=GetRecord&identifier=oai%3Aojs.pkp.sfu.ca%3Aarticle%2F5210&metadataPrefix=oai_dc,periodicos.unespar.edu.br,ok,200,https://periodicos.unespar.edu.br/revistaeduclings/oai?verb=GetRecord&identifier=oai%3Aojs.pkp.sfu.ca%3Aarticle%2F5210&metadataPrefix=oai_dc,,True,True,True,False,False,False,False,False,False,True,False
2818,Revista Educação e Linguagens,UNESPAR-3,Universidade Estadual do Paraná (UNESPAR),https://periodicos.unespar.edu.br/revistaeduclings/oai,periodicos.unespar.edu.br,outra,2026-08-18 13:44:47,482,VALID,oai:ojs.pkp.sfu.ca:article/5213,3,record:doi,record,doi,https://periodicos.unespar.edu.br/index.php/revistaeduclings/article/view/5213,periodicos.unespar.edu.br,ok,200,https://periodicos.unespar.edu.br/index.php/revistaeduclings/article/view/5213,,record:doi,record,doi,https://doi.org/10.33871/22386084.2022.11.21.63-89,doi.org,ok,200,https://periodicos.unespar.edu.br/index.php/revistaeduclings/article/view/5213,,,,,https://periodicos.unespar.edu.br/revistaeduclings/oai?verb=GetRecord&identifier=oai%3Aojs.pkp.sfu.ca%3Aarticle%2F5213&metadataPrefix=oai_dc,periodicos.unespar.edu.br,ok,200,https://periodicos.unespar.edu.br/revistaeduclings/oai?verb=GetRecord&identifier=oai%3Aojs.pkp.sfu.ca%3Aarticle%2F5213&metadataPrefix=oai_dc,,True,True,True,False,False,False,False,False,False,True,False
416,Revista Letras Raras,UFCG-2,Universidade Federal de Campina Grande (UFCG),https://revistas.editora.ufcg.edu.br/index.php/RLR/oai,revistas.editora.ufcg.edu.br,ojs,2026-01-08 17:09:42,1454,VALID,oai:ojs2.revistas.editora.ufcg.edu.br:article/394,2,record:ojs,record,ojs,https://revistas.editora.ufcg.edu.br/index.php/RLR/article/view/394,revistas.editora.ufcg.edu.br,ok,200,https://revistas.editora.ufcg.edu.br/index.php/RLR/article/view/394,,record:ojs,record,ojs,https://revistas.editora.ufcg.edu.br/index.php/RLR/article/view/394,revistas.editora.ufcg.edu.br,ok,200,https://revistas.editora.ufcg.edu.br/index.php/RLR/article/view/394,,,,,https://revistas.editora.ufcg.edu.br/index.php/RLR/oai?verb=GetRecord&identifier=oai%3Aojs2.revistas.editora.ufcg.edu.br%3Aarticle%2F394&metadataPrefix=oai_dc,revistas.editora.ufcg.edu.br,ok,200,https://revistas.editora.ufcg.edu.br/index.php/RLR/oai?verb=GetRecord&identifier=oai%3Aojs2.revistas.editora.ufcg.edu.br%3Aarticle%2F394&metadataPrefix=oai_dc,,True,True,True,False,False,False,False,False,False,False,False
416,Revista Letras Raras,UFCG-2,Universidade Federal de Campina Grande (UFCG),https://revistas.editora.ufcg.edu.br/index.php/RLR/oai,revistas.editora.ufcg.edu.br,ojs,2026-01-08 17:09:42,1454,VALID,oai:ojs2.revistas.editora.ufcg.edu.br:article/401,0,,,,,,sem-link,,,no-usable-url,,,,,,sem-link,,,,,,,https://revistas.editora.ufcg.edu.br/index.php/RLR/oai?verb=GetRecord&identifier=oai%3Aojs2.revistas.editora.ufcg.edu.br%3Aarticle%2F401&metadataPrefix=oai_dc,revistas.editora.ufcg.edu.br,ok,200,https://revistas.editora.ufcg.edu.br/index.php/RLR/oai?verb=GetRecord&identifier=oai%3Aojs2.revistas.editora.ufcg.edu.br%3Aarticle%2F401&metadataPrefix=oai_dc,,False,False,True,False,False,False,False,False,False,False,False
2569,Fragmentum (Online),UFSM-26,Universidade Federal de Santa Maria (UFSM),https://periodicos.ufsm.br/fragmentum/oai,periodicos.ufsm.br,outra,2026-08-24 14:26:56,636,VALID,oai:ojs.pkp.sfu.ca:article/4729,3,record:ojs,record,ojs,https://periodicos.ufsm.br/fragmentum/article/view/4729,periodicos.ufsm.br,ok,200,https://periodicos.ufsm.br/fragmentum/article/view/4729,,record:doi,record,doi,https://doi.org/10.5902/4729,doi.org,http-4xx,404,https://doi.org/10.5902/4729,,,,,https://periodicos.ufsm.br/fragmentum/oai?verb=GetRecord&identifier=oai%3Aojs.pkp.sfu.ca%3Aarticle%2F4729&metadataPrefix=oai_dc,periodicos.ufsm.br,ok,200,https://periodicos.ufsm.br/fragmentum/oai?verb=GetRecord&identifier=oai%3Aojs.pkp.sfu.ca%3Aarticle%2F4729&metadataPrefix=oai_dc,,True,False,True,False,False,True,False,True,False,True,False
2569,Fragmentum (Online),UFSM-26,Universidade Federal de Santa Maria (UFSM),https://periodicos.ufsm.br/fragmentum/oai,periodicos.ufsm.br,outra,2026-08-24 14:26:56,636,VALID,oai:ojs.pkp.sfu.ca:article/4730,3,record:ojs,record,ojs,https://periodicos.ufsm.br/fragmentum/article/view/4730,periodicos.ufsm.br,ok,200,https://periodicos.ufsm.br/fragmentum/article/view/4730,,record:doi,record,doi,https://doi.org/10.5902/4730,doi.org,http-4xx,404,https://doi.org/10.5902/4730,,,,,https://periodicos.ufsm.br/fragmentum/oai?verb=GetRecord&identifier=oai%3Aojs.pkp.sfu.ca%3Aarticle%2F4730&metadataPrefix=oai_dc,periodicos.ufsm.br,ok,200,https://periodicos.ufsm.br/fragmentum/oai?verb=GetRecord&identifier=oai%3Aojs.pkp.sfu.ca%3Aarticle%2F4730&metadataPrefix=oai_dc,,True,False,True,False,False,True,False,True,False,True,False
1754,Revista Baiana de Enfermagem (Online),UFBA-14,Universidade Federal da Bahia (UFBA),https://periodicos.ufba.br/index.php/enfermagem/oai,periodicos.ufba.br,ojs,2025-05-09 13:44:48,997,VALID,oai:ojs.periodicos.ufba.br:article/3809,4,record:ojs,record,ojs,https://periodicos.ufba.br/index.php/enfermagem/article/view/3809,periodicos.ufba.br,ok,200,https://periodicos.ufba.br/index.php/enfermagem/article/view/3809,,record:doi,record,doi,https://doi.org/10.18471/rbe.v22i1.3809,doi.org,http-4xx,404,https://doi.org/10.18471/rbe.v22i1.3809,,,,,https://periodicos.ufba.br/index.php/enfermagem/oai?verb=GetRecord&identifier=oai%3Aojs.periodicos.ufba.br%3Aarticle%2F3809&metadataPrefix=oai_dc,periodicos.ufba.br,ok,200,https://periodicos.ufba.br/index.php/enfermagem/oai?verb=GetRecord&identifier=oai%3Aojs.periodicos.ufba.br%3Aarticle%2F3809&metadataPrefix=oai_dc,,True,False,True,False,False,True,False,True,False,True,False
1754,Revista Baiana de Enfermagem (Online),UFBA-14,Universidade Federal da Bahia (UFBA),https://periodicos.ufba.br/index.php/enfermagem/oai,periodicos.ufba.br,ojs,2025-05-09 13:44:48,997,VALID,oai:ojs.periodicos.ufba.br:article/3812,4,record:ojs,record,ojs,https://periodicos.ufba.br/index.php/enfermagem/article/view/3812,periodicos.ufba.br,ok,200,https://periodicos.ufba.br/index.php/enfermagem/article/view/3812,,record:doi,record,doi,https://doi.org/10.18471/rbe.v18i1.3812,doi.org,http-4xx,404,https://doi.org/10.18471/rbe.v18i1.3812,,,,,https://periodicos.ufba.br/index.php/enfermagem/oai?verb=GetRecord&identifier=oai%3Aojs.periodicos.ufba.br%3Aarticle%2F3812&metadataPrefix=oai_dc,periodicos.ufba.br,ok,200,https://periodicos.ufba.br/index.php/enfermagem/oai?verb=GetRecord&identifier=oai%3Aojs.periodicos.ufba.br%3Aarticle%2F3812&metadataPrefix=oai_dc,,True,False,True,False,False,True,False,True,False,True,False
2694,Revista Gestão & Sustentabilidade,UFFS-3,Universidade Federal da Fronteira Sul (UFFS),https://periodicos.uffs.edu.br/index.php/RGES/oai,periodicos.uffs.edu.br,ojs,2026-08-18 16:54:12,128,VALID,oai:ojs.192.168.253.137:article/7896,3,record:doi,record,doi,https://periodicos.uffs.edu.br/index.php/RGES/article/view/7896,periodicos.uffs.edu.br,ok,200,https://periodicos.uffs.edu.br/index.php/RGES/article/view/7896,,record:doi,record,doi,https://doi.org/10.36661/2596-142X.2019v1i1.7896,doi.org,ok,200,https://periodicos.uffs.edu.br/index.php/RGES/article/view/7896,,,,,https://periodicos.uffs.edu.br/index.php/RGES/oai?verb=GetRecord&identifier=oai%3Aojs.192.168.253.137%3Aarticle%2F7896&metadataPrefix=oai_dc,periodicos.uffs.edu.br,ok,200,https://periodicos.uffs.edu.br/index.php/RGES/oai?verb=GetRecord&identifier=oai%3Aojs.192.168.253.137%3Aarticle%2F7896&metadataPrefix=oai_dc,,True,True,True,False,False,False,False,False,False,True,False
2694,Revista Gestão & Sustentabilidade,UFFS-3,Universidade Federal da Fronteira Sul (UFFS),https://periodicos.uffs.edu.br/index.php/RGES/oai,periodicos.uffs.edu.br,ojs,2026-08-18 16:54:12,128,VALID,oai:ojs.192.168.253.137:article/7929,3,record:doi,record,doi,https://periodicos.uffs.edu.br/index.php/RGES/article/view/7929,periodicos.uffs.edu.br,ok,200,https://periodicos.uffs.edu.br/index.php/RGES/article/view/7929,,record:doi,record,doi,https://doi.org/10.36661/2596-142X.2019v1i1.7929,doi.org,ok,200,https://periodicos.uffs.edu.br/index.php/RGES/article/view/7929,,,,,https://periodicos.uffs.edu.br/index.php/RGES/oai?verb=GetRecord&identifier=oai%3Aojs.192.168.253.137%3Aarticle%2F7929&metadataPrefix=oai_dc,periodicos.uffs.edu.br,ok,200,https://periodicos.uffs.edu.br/index.php/RGES/oai?verb=GetRecord&identifier=oai%3Aojs.192.168.253.137%3Aarticle%2F7929&metadataPrefix=oai_dc,,True,True,True,False,False,False,False,False,False,True,False
2395,Nova Perspectiva Sistêmica (Online),NOOS,Instituto Noos,https://www.revistanps.com.br/nps/oai,www.revistanps.com.br,outra,2025-07-07 16:21:29,501,VALID,oai:ojs.revistanps.com.br:article/1,1,record:ojs,record,ojs,https://www.revistanps.com.br/nps/article/view/1,www.revistanps.com.br,ok,200,https://www.revistanps.com.br/nps/article/view/1,,record:ojs,record,ojs,https://www.revistanps.com.br/nps/article/view/1,www.revistanps.com.br,ok,200,https://www.revistanps.com.br/nps/article/view/1,,,,,https://www.revistanps.com.br/nps/oai?verb=GetRecord&identifier=oai%3Aojs.revistanps.com.br%3Aarticle%2F1&metadataPrefix=oai_dc,www.revistanps.com.br,ok,200,https://www.revistanps.com.br/nps/oai?verb=GetRecord&identifier=oai%3Aojs.revistanps.com.br%3Aarticle%2F1&metadataPrefix=oai_dc,,True,True,True,False,False,False,False,False,False,False,False
2395,Nova Perspectiva Sistêmica (Online),NOOS,Instituto Noos,https://www.revistanps.com.br/nps/oai,www.revistanps.com.br,outra,2025-07-07 16:21:29,501,VALID,oai:ojs.revistanps.com.br:article/2,1,record:ojs,record,ojs,https://www.revistanps.com.br/nps/article/view/2,www.revistanps.com.br,ok,200,https://www.revistanps.com.br/nps/article/view/2,,record:ojs,record,ojs,https://www.revistanps.com.br/nps/article/view/2,www.revistanps.com.br,ok,200,https://www.revistanps.com.br/nps/article/view/2,,,,,https://www.revistanps.com.br/nps/oai?verb=GetRecord&identifier=oai%3Aojs.revistanps.com.br%3Aarticle%2F2&metadataPrefix=oai_dc,www.revistanps.com.br,ok,200,https://www.revistanps.com.br/nps/oai?verb=GetRecord&identifier=oai%3Aojs.revistanps.com.br%3Aarticle%2F2&metadataPrefix=oai_dc,,True,True,True,False,False,False,False,False,False,False,False
1060,Linguagem (Catalão. Online),UFG-11,Universidade Federal de Goiás (UFG),https://periodicos.ufcat.edu.br/lep/oai,periodicos.ufcat.edu.br,outra,2026-01-08 22:20:14,418,VALID,oai:ojs2.periodicos.ufcat.edu.br:article/23960,2,record:ojs,record,ojs,https://periodicos.ufcat.edu.br/index.php/lep/article/view/23960,periodicos.ufcat.edu.br,ok,200,https://periodicos.ufcat.edu.br/index.php/lep/article/view/23960,,record:ojs,record,ojs,https://periodicos.ufcat.edu.br/index.php/lep/article/view/23960,periodicos.ufcat.edu.br,ok,200,https://periodicos.ufcat.edu.br/index.php/lep/article/view/23960,,,,,https://periodicos.ufcat.edu.br/lep/oai?verb=GetRecord&identifier=oai%3Aojs2.periodicos.ufcat.edu.br%3Aarticle%2F23960&metadataPrefix=oai_dc,periodicos.ufcat.edu.br,ok,200,https://periodicos.ufcat.edu.br/lep/oai?verb=GetRecord&identifier=oai%3Aojs2.periodicos.ufcat.edu.br%3Aarticle%2F23960&metadataPrefix=oai_dc,,True,True,True,False,False,False,False,False,False,False,False
1060,Linguagem (Catalão. Online),UFG-11,Universidade Federal de Goiás (UFG),https://periodicos.ufcat.edu.br/lep/oai,periodicos.ufcat.edu.br,outra,2026-01-08 22:20:14,418,VALID,oai:ojs2.periodicos.ufcat.edu.br:article/23961,2,record:ojs,record,ojs,https://periodicos.ufcat.edu.br/index.php/lep/article/view/23961,periodicos.ufcat.edu.br,ok,200,https://periodicos.ufcat.edu.br/index.php/lep/article/view/23961,,record:ojs,record,ojs,https://periodicos.ufcat.edu.br/index.php/lep/article/view/23961,periodicos.ufcat.edu.br,ok,200,https://periodicos.ufcat.edu.br/index.php/lep/article/view/23961,,,,,https://periodicos.ufcat.edu.br/lep/oai?verb=GetRecord&identifier=oai%3Aojs2.periodicos.ufcat.edu.br%3Aarticle%2F23961&metadataPrefix=oai_dc,periodicos.ufcat.edu.br,ok,200,https://periodicos.ufcat.edu.br/lep/oai?verb=GetRecord&identifier=oai%3Aojs2.periodicos.ufcat.edu.br%3Aarticle%2F23961&metadataPrefix=oai_dc,,True,True,True,False,False,False,False,False,False,False,False
1213,Revista Brasileira em Promoção da Saúde,UFOR-2,Universidade de Fortaleza (UNIFOR),https://periodicos.unifor.br/RBPS/oai,periodicos.unifor.br,outra,2026-01-09 10:57:57,2566,VALID,oai:ojs3.ojs.unifor.br:article/18,3,record:doi,record,doi,https://ojs.unifor.br/RBPS/article/view/18,ojs.unifor.br,ok,200,https://ojs.unifor.br/RBPS/article/view/18,,record:doi,record,doi,https://doi.org/10.5020/18,doi.org,ok,200,https://ojs.unifor.br/RBPS/article/view/18,,,,,https://periodicos.unifor.br/RBPS/oai?verb=GetRecord&identifier=oai%3Aojs3.ojs.unifor.br%3Aarticle%2F18&metadataPrefix=oai_dc,periodicos.unifor.br,ok,200,https://ojs.unifor.br/RBPS/oai?verb=GetRecord&identifier=oai%3Aojs3.ojs.unifor.br%3Aarticle%2F18&metadataPrefix=oai_dc,,True,True,True,False,False,False,False,False,False,True,True
1213,Revista Brasileira em Promoção da Saúde,UFOR-2,Universidade de Fortaleza (UNIFOR),https://periodicos.unifor.br/RBPS/oai,periodicos.unifor.br,outra,2026-01-09 10:57:57,2566,VALID,oai:ojs3.ojs.unifor.br:article/22,3,record:doi,record,doi,https://ojs.unifor.br/RBPS/article/view/22,ojs.unifor.br,ok,200,https://ojs.unifor.br/RBPS/article/view/22,,record:doi,record,doi,https://doi.org/10.5020/22,doi.org,ok,200,https://ojs.unifor.br/RBPS/article/view/22,,,,,https://periodicos.unifor.br/RBPS/oai?verb=GetRecord&identifier=oai%3Aojs3.ojs.unifor.br%3Aarticle%2F22&metadataPrefix=oai_dc,periodicos.unifor.br,ok,200,https://ojs.unifor.br/RBPS/oai?verb=GetRecord&identifier=oai%3Aojs3.ojs.unifor.br%3Aarticle%2F22&metadataPrefix=oai_dc,,True,True,True,False,False,False,False,False,False,True,True
285,Mneme (Caicó. Online),UFRN-6,Universidade Federal do Rio Grande do Norte (UFRN),https://periodicos.ufrn.br/mneme/oai,periodicos.ufrn.br,outra,2026-01-07 14:09:25,595,VALID,oai:periodicos.ufrn.br:article/4,2,record:ojs,record,ojs,https://periodicos.ufrn.br/mneme/article/view/4,periodicos.ufrn.br,ok,200,https://periodicos.ufrn.br/mneme/article/view/4,,record:ojs,record,ojs,https://periodicos.ufrn.br/mneme/article/view/4,periodicos.ufrn.br,ok,200,https://periodicos.ufrn.br/mneme/article/view/4,,,,,https://periodicos.ufrn.br/mneme/oai?verb=GetRecord&identifier=oai%3Aperiodicos.ufrn.br%3Aarticle%2F4&metadataPrefix=oai_dc,periodicos.ufrn.br,ok,200,https://periodicos.ufrn.br/mneme/oai?verb=GetRecord&identifier=oai%3Aperiodicos.ufrn.br%3Aarticle%2F4&metadataPrefix=oai_dc,,True,True,True,False,False,False,False,False,False,False,False
285,Mneme (Caicó. Online),UFRN-6,Universidade Federal do Rio Grande do Norte (UFRN),https://periodicos.ufrn.br/mneme/oai,periodicos.ufrn.br,outra,2026-01-07 14:09:25,595,VALID,oai:periodicos.ufrn.br:article/5,2,record:ojs,record,ojs,https://periodicos.ufrn.br/mneme/article/view/5,periodicos.ufrn.br,ok,200,https://periodicos.ufrn.br/mneme/article/view/5,,record:ojs,record,ojs,https://periodicos.ufrn.br/mneme/article/view/5,periodicos.ufrn.br,ok,200,https://periodicos.ufrn.br/mneme/article/view/5,,,,,https://periodicos.ufrn.br/mneme/oai?verb=GetRecord&identifier=oai%3Aperiodicos.ufrn.br%3Aarticle%2F5&metadataPrefix=oai_dc,periodicos.ufrn.br,ok,200,https://periodicos.ufrn.br/mneme/oai?verb=GetRecord&identifier=oai%3Aperiodicos.ufrn.br%3Aarticle%2F5&metadataPrefix=oai_dc,,True,True,True,False,False,False,False,False,False,False,False
2512,Revista brasileira de cartografia - RBC (Online),UFU-23,Universidade Federal de Uberlândia (UFU),https://seer.ufu.br/index.php/revistabrasileiracartografia/oai,seer.ufu.br,ojs,2026-08-24 17:00:43,1637,VALID,oai:ojs.www.seer.ufu.br:article/43482,3,record:doi,record,doi,https://seer.ufu.br/index.php/revistabrasileiracartografia/article/view/43482,seer.ufu.br,ok,200,https://seer.ufu.br/index.php/revistabrasileiracartografia/article/view/43482,,record:doi,record,doi,https://doi.org/10.14393/rbcv55n1-43482,doi.org,ok,200,https://seer.ufu.br/index.php/revistabrasileiracartografia/article/view/43482,,,,,https://seer.ufu.br/index.php/revistabrasileiracartografia/oai?verb=GetRecord&identifier=oai%3Aojs.www.seer.ufu.br%3Aarticle%2F43482&metadataPrefix=oai_dc,seer.ufu.br,ok,200,https://seer.ufu.br/index.php/revistabrasileiracartografia/oai?verb=GetRecord&identifier=oai%3Aojs.www.seer.ufu.br%3Aarticle%2F43482&metadataPrefix=oai_dc,,True,True,True,False,False,False,False,False,False,True,False
2512,Revista brasileira de cartografia - RBC (Online),UFU-23,Universidade Federal de Uberlândia (UFU),https://seer.ufu.br/index.php/revistabrasileiracartografia/oai,seer.ufu.br,ojs,2026-08-24 17:00:43,1637,VALID,oai:ojs.www.seer.ufu.br:article/43483,3,record:doi,record,doi,https://seer.ufu.br/index.php/revistabrasileiracartografia/article/view/43483,seer.ufu.br,ok,200,https://seer.ufu.br/index.php/revistabrasileiracartografia/article/view/43483,,record:doi,record,doi,https://doi.org/10.14393/rbcv55n1-43483,doi.org,ok,200,https://seer.ufu.br/index.php/revistabrasileiracartografia/article/view/43483,,,,,https://seer.ufu.br/index.php/revistabrasileiracartografia/oai?verb=GetRecord&identifier=oai%3Aojs.www.seer.ufu.br%3Aarticle%2F43483&metadataPrefix=oai_dc,seer.ufu.br,ok,200,https://seer.ufu.br/index.php/revistabrasileiracartografia/oai?verb=GetRecord&identifier=oai%3Aojs.www.seer.ufu.br%3Aarticle%2F43483&metadataPrefix=oai_dc,,True,True,True,False,False,False,False,False,False,True,False
1889,Rasbran,ASBRAN,Associação Brasileira de Nutrição (ASBRAN),https://rasbran.com.br/rasbran/oai,rasbran.com.br,outra,2025-05-12 20:54:46,280,VALID,oai:ojs3.rasbran.com.br:article/1,2,record:ojs,record,ojs,https://rasbran.com.br/rasbran/article/view/1,rasbran.com.br,ok,200,https://rasbran.com.br/rasbran/article/view/1,,record:ojs,record,ojs,https://rasbran.com.br/rasbran/article/view/1,rasbran.com.br,ok,200,https://rasbran.com.br/rasbran/article/view/1,,,,,https://rasbran.com.br/rasbran/oai?verb=GetRecord&identifier=oai%3Aojs3.rasbran.com.br%3Aarticle%2F1&metadataPrefix=oai_dc,rasbran.com.br,ok,200,https://rasbran.com.br/rasbran/oai?verb=GetRecord&identifier=oai%3Aojs3.rasbran.com.br%3Aarticle%2F1&metadataPrefix=oai_dc,,True,True,True,False,False,False,False,False,False,False,False
1889,Rasbran,ASBRAN,Associação Brasileira de Nutrição (ASBRAN),https://rasbran.com.br/rasbran/oai,rasbran.com.br,outra,2025-05-12 20:54:46,280,VALID,oai:ojs3.rasbran.com.br:article/2,2,record:ojs,record,ojs,https://rasbran.com.br/rasbran/article/view/2,rasbran.com.br,ok,200,https://rasbran.com.br/rasbran/article/view/2,,record:ojs,record,ojs,https://rasbran.com.br/rasbran/article/view/2,rasbran.com.br,ok,200,https://rasbran.com.br/rasbran/article/view/2,,,,,https://rasbran.com.br/rasbran/oai?verb=GetRecord&identifier=oai%3Aojs3.rasbran.com.br%3Aarticle%2F2&metadataPrefix=oai_dc,rasbran.com.br,ok,200,https://rasbran.com.br/rasbran/oai?verb=GetRecord&identifier=oai%3Aojs3.rasbran.com.br%3Aarticle%2F2&metadataPrefix=oai_dc,,True,True,True,False,False,False,False,False,False,False,False
2850,Interdisciplinar: Revista Eletrônica da UNIVAR,UNIVAR-1,Centro Universitário do Vale do Araguaia (Univar),http://revista.sear.com.br/rei/oai,revista.sear.com.br,outra,2026-08-18 13:15:08,607,VALID,oai:ojs.192.168.100.228:18080:article/18,2,record:ojs,record,ojs,http://revista.sear.com.br/rei/article/view/18,revista.sear.com.br,ok,200,http://revista.sear.com.br/rei/article/view/18,,record:ojs,record,ojs,http://revista.sear.com.br/rei/article/view/18,revista.sear.com.br,ok,200,http://revista.sear.com.br/rei/article/view/18,,,,,http://revista.sear.com.br/rei/oai?verb=GetRecord&identifier=oai%3Aojs.192.168.100.228%3A18080%3Aarticle%2F18&metadataPrefix=oai_dc,revista.sear.com.br,ok,200,http://revista.sear.com.br/rei/oai?verb=GetRecord&identifier=oai%3Aojs.192.168.100.228%3A18080%3Aarticle%2F18&metadataPrefix=oai_dc,,True,True,True,False,False,False,False,False,False,False,False
2850,Interdisciplinar: Revista Eletrônica da UNIVAR,UNIVAR-1,Centro Universitário do Vale do Araguaia (Univar),http://revista.sear.com.br/rei/oai,revista.sear.com.br,outra,2026-08-18 13:15:08,607,VALID,oai:ojs.192.168.100.228:18080:article/19,0,,,,,,sem-link,,,no-usable-url,,,,,,sem-link,,,,,,,http://revista.sear.com.br/rei/oai?verb=GetRecord&identifier=oai%3Aojs.192.168.100.228%3A18080%3Aarticle%2F19&metadataPrefix=oai_dc,revista.sear.com.br,ok,200,http://revista.sear.com.br/rei/oai?verb=GetRecord&identifier=oai%3Aojs.192.168.100.228%3A18080%3Aarticle%2F19&metadataPrefix=oai_dc,,False,False,True,False,False,False,False,False,False,False,False
2543,Psi Unisc,UNISC-7,Universidade de Santa Cruz do Sul (UNISC),https://seer.unisc.br/index.php/psi/oai,seer.unisc.br,ojs,2026-08-24 16:51:39,285,VALID,oai:ojs.online.unisc.br:article/9508,3,record:doi,record,doi,https://seer.unisc.br/index.php/psi/article/view/9508,seer.unisc.br,ok,200,https://seer.unisc.br/index.php/psi/article/view/9508,,record:doi,record,doi,https://doi.org/10.17058/psiunisc.v1i1.9508,doi.org,ok,200,https://seer.unisc.br/index.php/psi/article/view/9508,,,,,https://seer.unisc.br/index.php/psi/oai?verb=GetRecord&identifier=oai%3Aojs.online.unisc.br%3Aarticle%2F9508&metadataPrefix=oai_dc,seer.unisc.br,ok,200,https://seer.unisc.br/index.php/psi/oai?verb=GetRecord&identifier=oai%3Aojs.online.unisc.br%3Aarticle%2F9508&metadataPrefix=oai_dc,,True,True,True,False,False,False,False,False,False,True,False
2543,Psi Unisc,UNISC-7,Universidade de Santa Cruz do Sul (UNISC),https://seer.unisc.br/index.php/psi/oai,seer.unisc.br,ojs,2026-08-24 16:51:39,285,VALID,oai:ojs.online.unisc.br:article/9541,3,record:doi,record,doi,https://seer.unisc.br/index.php/psi/article/view/9541,seer.unisc.br,ok,200,https://seer.unisc.br/index.php/psi/article/view/9541,,record:doi,record,doi,https://doi.org/10.17058/psiunisc.v1i1.9541,doi.org,ok,200,https://seer.unisc.br/index.php/psi/article/view/9541,,,,,https://seer.unisc.br/index.php/psi/oai?verb=GetRecord&identifier=oai%3Aojs.online.unisc.br%3Aarticle%2F9541&metadataPrefix=oai_dc,seer.unisc.br,ok,200,https://seer.unisc.br/index.php/psi/oai?verb=GetRecord&identifier=oai%3Aojs.online.unisc.br%3Aarticle%2F9541&metadataPrefix=oai_dc,,True,True,True,False,False,False,False,False,False,True,False
2251,Revista Brasileira de Sociologia do Direito,ABRASD,Associação Brasileira de Pesquisadores em Sociologia do Direito (ABraSD),https://revista.abrasd.com.br/index.php/rbsd/oai,revista.abrasd.com.br,ojs,2025-06-30 14:45:56,306,VALID,oai:ojs.revista.abrasd.com.br:article/3,4,record:ojs,record,ojs,https://revista.abrasd.com.br/index.php/rbsd/article/view/3,revista.abrasd.com.br,ok,200,https://revista.abrasd.com.br/index.php/rbsd/article/view/3,,record:doi,record,doi,https://doi.org/10.21910/rbsd.v2n1.2015.3,doi.org,http-4xx,404,https://doi.org/10.21910/rbsd.v2n1.2015.3,,,,,https://revista.abrasd.com.br/index.php/rbsd/oai?verb=GetRecord&identifier=oai%3Aojs.revista.abrasd.com.br%3Aarticle%2F3&metadataPrefix=oai_dc,revista.abrasd.com.br,ok,200,https://revista.abrasd.com.br/index.php/rbsd/oai?verb=GetRecord&identifier=oai%3Aojs.revista.abrasd.com.br%3Aarticle%2F3&metadataPrefix=oai_dc,,True,False,True,False,False,True,False,True,False,True,False
2251,Revista Brasileira de Sociologia do Direito,ABRASD,Associação Brasileira de Pesquisadores em Sociologia do Direito (ABraSD),https://revista.abrasd.com.br/index.php/rbsd/oai,revista.abrasd.com.br,ojs,2025-06-30 14:45:56,306,VALID,oai:ojs.revista.abrasd.com.br:article/4,4,record:ojs,record,ojs,https://revista.abrasd.com.br/index.php/rbsd/article/view/4,revista.abrasd.com.br,ok,200,https://revista.abrasd.com.br/index.php/rbsd/article/view/4,,record:doi,record,doi,https://doi.org/10.21910/rbsd.v2n1.2015.4,doi.org,http-4xx,404,https://doi.org/10.21910/rbsd.v2n1.2015.4,,,,,https://revista.abrasd.com.br/index.php/rbsd/oai?verb=GetRecord&identifier=oai%3Aojs.revista.abrasd.com.br%3Aarticle%2F4&metadataPrefix=oai_dc,revista.abrasd.com.br,ok,200,https://revista.abrasd.com.br/index.php/rbsd/oai?verb=GetRecord&identifier=oai%3Aojs.revista.abrasd.com.br%3Aarticle%2F4&metadataPrefix=oai_dc,,True,False,True,False,False,True,False,True,False,True,False
69,Roteiro (Joaçaba. Online),UNOESC-3,Universidade do Oeste de Santa Catarina (UNOESC),https://portalperiodicos.unoesc.edu.br/roteiro/oai,portalperiodicos.unoesc.edu.br,outra,2026-09-04 14:38:10,903,VALID,oai:ojs.periodicos.unoesc.edu.br:article/224,2,record:ojs,record,ojs,https://periodicos.unoesc.edu.br/roteiro/article/view/224,periodicos.unoesc.edu.br,ok,200,https://periodicos.unoesc.edu.br/roteiro/article/view/224,,record:ojs,record,ojs,https://periodicos.unoesc.edu.br/roteiro/article/view/224,periodicos.unoesc.edu.br,ok,200,https://periodicos.unoesc.edu.br/roteiro/article/view/224,,,,,https://portalperiodicos.unoesc.edu.br/roteiro/oai?verb=GetRecord&identifier=oai%3Aojs.periodicos.unoesc.edu.br%3Aarticle%2F224&metadataPrefix=oai_dc,portalperiodicos.unoesc.edu.br,ok,200,https://periodicos.unoesc.edu.br/roteiro/oai?verb=GetRecord&identifier=oai%3Aojs.periodicos.unoesc.edu.br%3Aarticle%2F224&metadataPrefix=oai_dc,,True,True,True,False,False,False,False,False,False,False,True
69,Roteiro (Joaçaba. Online),UNOESC-3,Universidade do Oeste de Santa Catarina (UNOESC),https://portalperiodicos.unoesc.edu.br/roteiro/oai,portalperiodicos.unoesc.edu.br,outra,2026-09-04 14:38:10,903,VALID,oai:ojs.periodicos.unoesc.edu.br:article/225,2,record:ojs,record,ojs,https://periodicos.unoesc.edu.br/roteiro/article/view/225,periodicos.unoesc.edu.br,ok,200,https://periodicos.unoesc.edu.br/roteiro/article/view/225,,record:ojs,record,ojs,https://periodicos.unoesc.edu.br/roteiro/article/view/225,periodicos.unoesc.edu.br,ok,200,https://periodicos.unoesc.edu.br/roteiro/article/view/225,,,,,https://portalperiodicos.unoesc.edu.br/roteiro/oai?verb=GetRecord&identifier=oai%3Aojs.periodicos.unoesc.edu.br%3Aarticle%2F225&metadataPrefix=oai_dc,portalperiodicos.unoesc.edu.br,ok,200,https://periodicos.unoesc.edu.br/roteiro/oai?verb=GetRecord&identifier=oai%3Aojs.periodicos.unoesc.edu.br%3Aarticle%2F225&metadataPrefix=oai_dc,,True,True,True,False,False,False,False,False,False,False,True
2391,Revista Thema,IFSUL-2,"Instituto Federal de Educação, Ciência e Tecnologia Sul-Rio-Grandense (IFSul)",https://periodicos.ifsul.edu.br/index.php/thema/oai,periodicos.ifsul.edu.br,ojs,2025-07-07 16:05:13,831,VALID,oai:ojs.pkp.sfu.ca:article/9,2,record:ojs,record,ojs,https://periodicos.ifsul.edu.br/thema/pt_BR/article/view/9,periodicos.ifsul.edu.br,ok,200,https://periodicos.ifsul.edu.br/thema/pt_BR/article/view/9,,record:ojs,record,ojs,https://periodicos.ifsul.edu.br/thema/article/view/9,periodicos.ifsul.edu.br,ok,200,https://periodicos.ifsul.edu.br/thema/pt_BR/article/view/9,,,,,https://periodicos.ifsul.edu.br/index.php/thema/oai?verb=GetRecord&identifier=oai%3Aojs.pkp.sfu.ca%3Aarticle%2F9&metadataPrefix=oai_dc,periodicos.ifsul.edu.br,ok,200,https://periodicos.ifsul.edu.br/thema/pt_BR/oai?verb=GetRecord&identifier=oai%3Aojs.pkp.sfu.ca%3Aarticle%2F9&metadataPrefix=oai_dc,,True,True,True,False,False,False,False,False,False,True,False
2391,Revista Thema,IFSUL-2,"Instituto Federal de Educação, Ciência e Tecnologia Sul-Rio-Grandense (IFSul)",https://periodicos.ifsul.edu.br/index.php/thema/oai,periodicos.ifsul.edu.br,ojs,2025-07-07 16:05:13,831,VALID,oai:ojs.pkp.sfu.ca:article/10,2,record:ojs,record,ojs,https://periodicos.ifsul.edu.br/thema/pt_BR/article/view/10,periodicos.ifsul.edu.br,ok,200,https://periodicos.ifsul.edu.br/thema/pt_BR/article/view/10,,record:ojs,record,ojs,https://periodicos.ifsul.edu.br/thema/article/view/10,periodicos.ifsul.edu.br,ok,200,https://periodicos.ifsul.edu.br/thema/pt_BR/article/view/10,,,,,https://periodicos.ifsul.edu.br/index.php/thema/oai?verb=GetRecord&identifier=oai%3Aojs.pkp.sfu.ca%3Aarticle%2F10&metadataPrefix=oai_dc,periodicos.ifsul.edu.br,ok,200,https://periodicos.ifsul.edu.br/thema/pt_BR/oai?verb=GetRecord&identifier=oai%3Aojs.pkp.sfu.ca%3Aarticle%2F10&metadataPrefix=oai_dc,,True,True,True,False,False,False,False,False,False,True,False
1761,Revista de Economia (Curitiba. Online),UFPR-16,Universidade Federal do Paraná (UFPR),https://revistas.ufpr.br/economia/oai,revistas.ufpr.br,outra,2025-05-09 13:46:20,626,VALID,oai:ojs.pkp.sfu.ca:article/1971,4,record:doi,record,doi,https://revistas.ufpr.br/economia/article/view/1971,revistas.ufpr.br,ok,200,https://revistas.ufpr.br/economia/article/view/1971,,record:doi,record,doi,https://doi.org/10.5380/re.v31i2.1971,doi.org,ok,200,https://revistas.ufpr.br/economia/article/view/1971,,,,,https://revistas.ufpr.br/economia/oai?verb=GetRecord&identifier=oai%3Aojs.pkp.sfu.ca%3Aarticle%2F1971&metadataPrefix=oai_dc,revistas.ufpr.br,ok,200,https://revistas.ufpr.br/economia/oai?verb=GetRecord&identifier=oai%3Aojs.pkp.sfu.ca%3Aarticle%2F1971&metadataPrefix=oai_dc,,True,True,True,False,False,False,False,False,False,True,False
1761,Revista de Economia (Curitiba. Online),UFPR-16,Universidade Federal do Paraná (UFPR),https://revistas.ufpr.br/economia/oai,revistas.ufpr.br,outra,2025-05-09 13:46:20,626,VALID,oai:ojs.pkp.sfu.ca:article/1972,4,record:doi,record,doi,https://revistas.ufpr.br/economia/article/view/1972,revistas.ufpr.br,ok,200,https://revistas.ufpr.br/economia/article/view/1972,,record:doi,record,doi,https://doi.org/10.5380/re.v23i0.1972,doi.org,ok,200,https://revistas.ufpr.br/economia/article/view/1972,,,,,https://revistas.ufpr.br/economia/oai?verb=GetRecord&identifier=oai%3Aojs.pkp.sfu.ca%3Aarticle%2F1972&metadataPrefix=oai_dc,revistas.ufpr.br,ok,200,https://revistas.ufpr.br/economia/oai?verb=GetRecord&identifier=oai%3Aojs.pkp.sfu.ca%3Aarticle%2F1972&metadataPrefix=oai_dc,,True,True,True,False,False,False,False,False,False,True,False
690,Iheringia. Série Botânica,FZBRS-1,Fundação Zoobotânica do Rio Grande do Sul (FZB/RS),https://isb.emnuvens.com.br/iheringia/oai,isb.emnuvens.com.br,outra,2026-01-08 21:13:14,566,VALID,oai:ojs3.isb.emnuvens.com.br:article/1,2,record:ojs,record,ojs,https://isb.emnuvens.com.br/iheringia/article/view/1,isb.emnuvens.com.br,ok,200,https://isb.emnuvens.com.br/iheringia/article/view/1,,record:ojs,record,ojs,https://isb.emnuvens.com.br/iheringia/article/view/1,isb.emnuvens.com.br,ok,200,https://isb.emnuvens.com.br/iheringia/article/view/1,,,,,https://isb.emnuvens.com.br/iheringia/oai?verb=GetRecord&identifier=oai%3Aojs3.isb.emnuvens.com.br%3Aarticle%2F1&metadataPrefix=oai_dc,isb.emnuvens.com.br,ok,200,https://isb.emnuvens.com.br/iheringia/oai?verb=GetRecord&identifier=oai%3Aojs3.isb.emnuvens.com.br%3Aarticle%2F1&metadataPrefix=oai_dc,,True,True,True,False,False,False,False,False,False,False,False
690,Iheringia. Série Botânica,FZBRS-1,Fundação Zoobotânica do Rio Grande do Sul (FZB/RS),https://isb.emnuvens.com.br/iheringia/oai,isb.emnuvens.com.br,outra,2026-01-08 21:13:14,566,VALID,oai:ojs3.isb.emnuvens.com.br:article/2,2,record:ojs,record,ojs,https://isb.emnuvens.com.br/iheringia/article/view/2,isb.emnuvens.com.br,ok,200,https://isb.emnuvens.com.br/iheringia/article/view/2,,record:ojs,record,ojs,https://isb.emnuvens.com.br/iheringia/article/view/2,isb.emnuvens.com.br,ok,200,https://isb.emnuvens.com.br/iheringia/article/view/2,,,,,https://isb.emnuvens.com.br/iheringia/oai?verb=GetRecord&identifier=oai%3Aojs3.isb.emnuvens.com.br%3Aarticle%2F2&metadataPrefix=oai_dc,isb.emnuvens.com.br,ok,200,https://isb.emnuvens.com.br/iheringia/oai?verb=GetRecord&identifier=oai%3Aojs3.isb.emnuvens.com.br%3Aarticle%2F2&metadataPrefix=oai_dc,,True,True,True,False,False,False,False,False,False,False,False
1414,Revista Caatinga,UFERSA-1,Universidade Federal Rural do Semi-Árido (UFERSA),https://periodicos.ufersa.edu.br/index.php/caatinga/oai,periodicos.ufersa.edu.br,ojs,2026-02-20 13:12:10,2286,VALID,oai:ojs.pkp.sfu.ca:article/6,2,record:ojs,record,ojs,https://periodicos.ufersa.edu.br/index.php/caatinga/article/view/6,periodicos.ufersa.edu.br,ok,200,https://periodicos.ufersa.edu.br/index.php/caatinga/article/view/6,,record:ojs,record,ojs,https://periodicos.ufersa.edu.br/index.php/caatinga/article/view/6,periodicos.ufersa.edu.br,ok,200,https://periodicos.ufersa.edu.br/index.php/caatinga/article/view/6,,,,,https://periodicos.ufersa.edu.br/index.php/caatinga/oai?verb=GetRecord&identifier=oai%3Aojs.pkp.sfu.ca%3Aarticle%2F6&metadataPrefix=oai_dc,periodicos.ufersa.edu.br,ok,200,https://periodicos.ufersa.edu.br/index.php/caatinga/oai?verb=GetRecord&identifier=oai%3Aojs.pkp.sfu.ca%3Aarticle%2F6&metadataPrefix=oai_dc,,True,True,True,False,False,False,False,False,False,False,False
1414,Revista Caatinga,UFERSA-1,Universidade Federal Rural do Semi-Árido (UFERSA),https://periodicos.ufersa.edu.br/index.php/caatinga/oai,periodicos.ufersa.edu.br,ojs,2026-02-20 13:12:10,2286,VALID,oai:ojs.pkp.sfu.ca:article/7,2,record:ojs,record,ojs,https://periodicos.ufersa.edu.br/index.php/caatinga/article/view/7,periodicos.ufersa.edu.br,ok,200,https://periodicos.ufersa.edu.br/index.php/caatinga/article/view/7,,record:ojs,record,ojs,https://periodicos.ufersa.edu.br/index.php/caatinga/article/view/7,periodicos.ufersa.edu.br,ok,200,https://periodicos.ufersa.edu.br/index.php/caatinga/article/view/7,,,,,https://periodicos.ufersa.edu.br/index.php/caatinga/oai?verb=GetRecord&identifier=oai%3Aojs.pkp.sfu.ca%3Aarticle%2F7&metadataPrefix=oai_dc,periodicos.ufersa.edu.br,ok,200,https://periodicos.ufersa.edu.br/index.php/caatinga/oai?verb=GetRecord&identifier=oai%3Aojs.pkp.sfu.ca%3Aarticle%2F7&metadataPrefix=oai_dc,,True,True,True,False,False,False,False,False,False,False,False
1987,Impacto (Rio de Janeiro),UERJ-26,Universidade do Estado do Rio de Janeiro (UERJ),https://www.e-publicacoes.uerj.br/index.php/impacto/oai,www.e-publicacoes.uerj.br,ojs,2026-01-30 11:49:15,54,VALID,oai:www.e-publicacoes.uerj.br:article/63823,0,,,,,,sem-link,,,oai-error:badArgument,,,,,,sem-link,,,,,,,https://www.e-publicacoes.uerj.br/index.php/impacto/oai?verb=GetRecord&identifier=oai%3Awww.e-publicacoes.uerj.br%3Aarticle%2F63823&metadataPrefix=oai_dc,www.e-publicacoes.uerj.br,ok,200,https://www.e-publicacoes.uerj.br/index.php/impacto/oai?verb=GetRecord&identifier=oai%3Awww.e-publicacoes.uerj.br%3Aarticle%2F63823&metadataPrefix=oai_dc,,False,False,True,False,False,False,False,False,False,False,False
1987,Impacto (Rio de Janeiro),UERJ-26,Universidade do Estado do Rio de Janeiro (UERJ),https://www.e-publicacoes.uerj.br/index.php/impacto/oai,www.e-publicacoes.uerj.br,ojs,2026-01-30 11:49:15,54,VALID,oai:ojs.www.e-publicacoes.uerj.br:article/65299,3,record:doi,record,doi,https://www.e-publicacoes.uerj.br/impacto/article/view/65299,www.e-publicacoes.uerj.br,ok,200,https://www.e-publicacoes.uerj.br/impacto/article/view/65299,,record:doi,record,doi,https://doi.org/10.12957/impacto.2022.65299,doi.org,ok,200,https://www.e-publicacoes.uerj.br/impacto/article/view/65299,,,,,https://www.e-publicacoes.uerj.br/index.php/impacto/oai?verb=GetRecord&identifier=oai%3Aojs.www.e-publicacoes.uerj.br%3Aarticle%2F65299&metadataPrefix=oai_dc,www.e-publicacoes.uerj.br,ok,200,https://www.e-publicacoes.uerj.br/index.php/impacto/oai?verb=GetRecord&identifier=oai%3Aojs.www.e-publicacoes.uerj.br%3Aarticle%2F65299&metadataPrefix=oai_dc,,True,True,True,False,False,False,False,False,False,True,False
2241,Estudos Bíblicos (Online),ABIB,Associação Brasileira de Pesquisa Bíblica (ABIB),https://revista.abib.org.br/EB/oai,revista.abib.org.br,outra,2025-06-27 14:47:14,600,VALID,oai:ojs.pkp.sfu.ca:article/2,4,record:doi,record,doi,https://revista.abib.org.br/EB/pt_BR/article/view/2,revista.abib.org.br,ok,200,https://revista.abib.org.br/EB/pt_BR/article/view/2,,record:doi,record,doi,https://doi.org/10.54260/eb.v37i143.2,doi.org,ok,200,https://revista.abib.org.br/EB/pt_BR/article/view/2,,,,,https://revista.abib.org.br/EB/oai?verb=GetRecord&identifier=oai%3Aojs.pkp.sfu.ca%3Aarticle%2F2&metadataPrefix=oai_dc,revista.abib.org.br,ok,200,https://revista.abib.org.br/EB/pt_BR/oai?verb=GetRecord&identifier=oai%3Aojs.pkp.sfu.ca%3Aarticle%2F2&metadataPrefix=oai_dc,,True,True,True,False,False,False,False,False,False,True,False
2241,Estudos Bíblicos (Online),ABIB,Associação Brasileira de Pesquisa Bíblica (ABIB),https://revista.abib.org.br/EB/oai,revista.abib.org.br,outra,2025-06-27 14:47:14,600,VALID,oai:ojs.pkp.sfu.ca:article/3,4,record:doi,record,doi,https://revista.abib.org.br/EB/pt_BR/article/view/3,revista.abib.org.br,ok,200,https://revista.abib.org.br/EB/pt_BR/article/view/3,,record:doi,record,doi,https://doi.org/10.54260/eb.v37i143.3,doi.org,ok,200,https://revista.abib.org.br/EB/pt_BR/article/view/3,,,,,https://revista.abib.org.br/EB/oai?verb=GetRecord&identifier=oai%3Aojs.pkp.sfu.ca%3Aarticle%2F3&metadataPrefix=oai_dc,revista.abib.org.br,ok,200,https://revista.abib.org.br/EB/pt_BR/oai?verb=GetRecord&identifier=oai%3Aojs.pkp.sfu.ca%3Aarticle%2F3&metadataPrefix=oai_dc,,True,True,True,False,False,False,False,False,False,True,False
2664,Orbital - The Electronic Journal of Chemistry (Campo Grande),UFMS-9,Universidade Federal de Mato Grosso do Sul (UFMS),https://periodicos.ufms.br/index.php/orbital/oai,periodicos.ufms.br,ojs,2026-08-19 18:26:46,615,VALID,oai:ojs.seer.ufms.br:article/1669,0,,,,,,sem-link,,,oai-error:badArgument,,,,,,sem-link,,,,,,,https://periodicos.ufms.br/index.php/orbital/oai?verb=GetRecord&identifier=oai%3Aojs.seer.ufms.br%3Aarticle%2F1669&metadataPrefix=oai_dc,periodicos.ufms.br,ok,200,https://periodicos.ufms.br/index.php/orbital/oai?verb=GetRecord&identifier=oai%3Aojs.seer.ufms.br%3Aarticle%2F1669&metadataPrefix=oai_dc,,False,False,True,False,False,False,False,False,False,False,False
2664,Orbital - The Electronic Journal of Chemistry (Campo Grande),UFMS-9,Universidade Federal de Mato Grosso do Sul (UFMS),https://periodicos.ufms.br/index.php/orbital/oai,periodicos.ufms.br,ojs,2026-08-19 18:26:46,615,VALID,oai:ojs.seer.ufms.br:article/2167,0,,,,,,sem-link,,,oai-error:badArgument,,,,,,sem-link,,,,,,,https://periodicos.ufms.br/index.php/orbital/oai?verb=GetRecord&identifier=oai%3Aojs.seer.ufms.br%3Aarticle%2F2167&metadataPrefix=oai_dc,periodicos.ufms.br,ok,200,https://periodicos.ufms.br/index.php/orbital/oai?verb=GetRecord&identifier=oai%3Aojs.seer.ufms.br%3Aarticle%2F2167&metadataPrefix=oai_dc,,False,False,True,False,False,False,False,False,False,False,False
303,Informática na Educação: teoria & prática,UFRGS-7,Universidade Federal do Rio Grande do Sul (UFRGS),https://seer.ufrgs.br/InfEducTeoriaPratica/oai,seer.ufrgs.br,outra,2026-01-07 14:08:05,741,VALID,oai:seer.ufrgs.br:article/2304,3,record:doi,record,doi,https://seer.ufrgs.br/InfEducTeoriaPratica/article/view/2304,seer.ufrgs.br,ok,200,https://seer.ufrgs.br/InfEducTeoriaPratica/article/view/2304,,record:doi,record,doi,https://doi.org/10.22456/1982-1654.2304,doi.org,ok,200,https://seer.ufrgs.br/InfEducTeoriaPratica/article/view/2304,,,,,https://seer.ufrgs.br/InfEducTeoriaPratica/oai?verb=GetRecord&identifier=oai%3Aseer.ufrgs.br%3Aarticle%2F2304&metadataPrefix=oai_dc,seer.ufrgs.br,ok,200,https://seer.ufrgs.br/InfEducTeoriaPratica/oai?verb=GetRecord&identifier=oai%3Aseer.ufrgs.br%3Aarticle%2F2304&metadataPrefix=oai_dc,,True,True,True,False,False,False,False,False,False,True,False
303,Informática na Educação: teoria & prática,UFRGS-7,Universidade Federal do Rio Grande do Sul (UFRGS),https://seer.ufrgs.br/InfEducTeoriaPratica/oai,seer.ufrgs.br,outra,2026-01-07 14:08:05,741,VALID,oai:seer.ufrgs.br:article/2305,3,record:doi,record,doi,https://seer.ufrgs.br/InfEducTeoriaPratica/article/view/2305,seer.ufrgs.br,ok,200,https://seer.ufrgs.br/InfEducTeoriaPratica/article/view/2305,,record:doi,record,doi,https://doi.org/10.22456/1982-1654.2305,doi.org,ok,200,https://seer.ufrgs.br/InfEducTeoriaPratica/article/view/2305,,,,,https://seer.ufrgs.br/InfEducTeoriaPratica/oai?verb=GetRecord&identifier=oai%3Aseer.ufrgs.br%3Aarticle%2F2305&metadataPrefix=oai_dc,seer.ufrgs.br,ok,200,https://seer.ufrgs.br/InfEducTeoriaPratica/oai?verb=GetRecord&identifier=oai%3Aseer.ufrgs.br%3Aarticle%2F2305&metadataPrefix=oai_dc,,True,True,True,False,False,False,False,False,False,True,False
431,Caderno CRH,UFBA-7,Universidade Federal da Bahia (UFBA),https://periodicos.ufba.br/index.php/crh/oai,periodicos.ufba.br,ojs,2026-01-08 17:10:18,1301,VALID,oai:ojs.periodicos.ufba.br:article/18478,3,record:doi,record,doi,https://periodicos.ufba.br/index.php/crh/article/view/18478,periodicos.ufba.br,ok,200,https://periodicos.ufba.br/index.php/crh/article/view/18478,,record:doi,record,doi,https://doi.org/10.9771/ccrh.v17i40.18478,doi.org,ok,200,https://periodicos.ufba.br/index.php/crh/article/view/18478,,,,,https://periodicos.ufba.br/index.php/crh/oai?verb=GetRecord&identifier=oai%3Aojs.periodicos.ufba.br%3Aarticle%2F18478&metadataPrefix=oai_dc,periodicos.ufba.br,ok,200,https://periodicos.ufba.br/index.php/crh/oai?verb=GetRecord&identifier=oai%3Aojs.periodicos.ufba.br%3Aarticle%2F18478&metadataPrefix=oai_dc,,True,True,True,False,False,False,False,False,False,True,False
431,Caderno CRH,UFBA-7,Universidade Federal da Bahia (UFBA),https://periodicos.ufba.br/index.php/crh/oai,periodicos.ufba.br,ojs,2026-01-08 17:10:18,1301,VALID,oai:ojs.periodicos.ufba.br:article/18479,3,record:doi,record,doi,https://doi.org/10.9771/ccrh.v17i40.18479,doi.org,ok,200,https://periodicos.ufba.br/index.php/crh/article/view/18479,,record:doi,record,doi,https://doi.org/10.9771/ccrh.v17i40.18479,doi.org,ok,200,https://periodicos.ufba.br/index.php/crh/article/view/18479,,,,,https://periodicos.ufba.br/index.php/crh/oai?verb=GetRecord&identifier=oai%3Aojs.periodicos.ufba.br%3Aarticle%2F18479&metadataPrefix=oai_dc,periodicos.ufba.br,ok,200,https://periodicos.ufba.br/index.php/crh/oai?verb=GetRecord&identifier=oai%3Aojs.periodicos.ufba.br%3Aarticle%2F18479&metadataPrefix=oai_dc,,True,True,True,False,False,False,False,False,False,False,True
1008,Libertas (Juiz de Fora. Online),UFJF-1,Universidade Federal de Juiz de Fora (UFJF),https://periodicos.ufjf.br/index.php/libertas/oai,periodicos.ufjf.br,ojs,2026-01-08 22:10:06,544,VALID,oai:periodicos.ufjf.br:article/18111,3,record:ojs,record,ojs,https://periodicos.ufjf.br/index.php/libertas/article/view/18111,periodicos.ufjf.br,ok,200,https://periodicos.ufjf.br/index.php/libertas/article/view/18111,,record:ojs,record,ojs,https://periodicos.ufjf.br/index.php/libertas/article/view/18111,periodicos.ufjf.br,ok,200,https://periodicos.ufjf.br/index.php/libertas/article/view/18111,,,,,https://periodicos.ufjf.br/index.php/libertas/oai?verb=GetRecord&identifier=oai%3Aperiodicos.ufjf.br%3Aarticle%2F18111&metadataPrefix=oai_dc,periodicos.ufjf.br,ok,200,https://periodicos.ufjf.br/index.php/libertas/oai?verb=GetRecord&identifier=oai%3Aperiodicos.ufjf.br%3Aarticle%2F18111&metadataPrefix=oai_dc,,True,True,True,False,False,False,False,False,False,False,False
1008,Libertas (Juiz de Fora. Online),UFJF-1,Universidade Federal de Juiz de Fora (UFJF),https://periodicos.ufjf.br/index.php/libertas/oai,periodicos.ufjf.br,ojs,2026-01-08 22:10:06,544,VALID,oai:periodicos.ufjf.br:article/18112,3,record:ojs,record,ojs,https://periodicos.ufjf.br/index.php/libertas/article/view/18112,periodicos.ufjf.br,ok,200,https://periodicos.ufjf.br/index.php/libertas/article/view/18112,,record:ojs,record,ojs,https://periodicos.ufjf.br/index.php/libertas/article/view/18112,periodicos.ufjf.br,ok,200,https://periodicos.ufjf.br/index.php/libertas/article/view/18112,,,,,https://periodicos.ufjf.br/index.php/libertas/oai?verb=GetRecord&identifier=oai%3Aperiodicos.ufjf.br%3Aarticle%2F18112&metadataPrefix=oai_dc,periodicos.ufjf.br,ok,200,https://periodicos.ufjf.br/index.php/libertas/oai?verb=GetRecord&identifier=oai%3Aperiodicos.ufjf.br%3Aarticle%2F18112&metadataPrefix=oai_dc,,True,True,True,False,False,False,False,False,False,False,False
1533,Repositório de Dados Científicos da UFPR,UFPR-13,Universidade Federal do Paraná (UFPR),https://bdc.c3sl.ufpr.br/oai/request,bdc.c3sl.ufpr.br,dspace,2025-05-19 09:53:46,85,VALID,oai:bdc.c3sl.ufpr.br:123456789/116,2,record:doi,record,doi,https://bdc.c3sl.ufpr.br/handle/123456789/116,bdc.c3sl.ufpr.br,ok,200,https://bdc.c3sl.ufpr.br/handle/123456789/116,,record:doi,record,doi,http://dx.doi.org/10.5380/bdc/95,dx.doi.org,ok,200,https://bdc.c3sl.ufpr.br/handle/123456789/116,,,,,https://bdc.c3sl.ufpr.br/oai/request?verb=GetRecord&identifier=oai%3Abdc.c3sl.ufpr.br%3A123456789%2F116&metadataPrefix=oai_dc,bdc.c3sl.ufpr.br,ok,200,https://bdc.c3sl.ufpr.br/oai/request?verb=GetRecord&identifier=oai%3Abdc.c3sl.ufpr.br%3A123456789%2F116&metadataPrefix=oai_dc,,True,True,True,False,False,False,False,False,False,True,False
1533,Repositório de Dados Científicos da UFPR,UFPR-13,Universidade Federal do Paraná (UFPR),https://bdc.c3sl.ufpr.br/oai/request,bdc.c3sl.ufpr.br,dspace,2025-05-19 09:53:46,85,VALID,oai:bdc.c3sl.ufpr.br:123456789/21,3,record:doi,record,doi,https://bdc.c3sl.ufpr.br/handle/123456789/21,bdc.c3sl.ufpr.br,ok,200,https://bdc.c3sl.ufpr.br/handle/123456789/21,,record:doi,record,doi,http://dx.doi.org/10.5380/bdc/15,dx.doi.org,ok,200,https://bdc.c3sl.ufpr.br/handle/123456789/21,,,,,https://bdc.c3sl.ufpr.br/oai/request?verb=GetRecord&identifier=oai%3Abdc.c3sl.ufpr.br%3A123456789%2F21&metadataPrefix=oai_dc,bdc.c3sl.ufpr.br,ok,200,https://bdc.c3sl.ufpr.br/oai/request?verb=GetRecord&identifier=oai%3Abdc.c3sl.ufpr.br%3A123456789%2F21&metadataPrefix=oai_dc,,True,True,True,False,False,False,False,False,False,True,False
1548,Horizontes (Dourados),UFGD-8,Universidade Federal da Grande Dourados (UFGD),https://ojs.ufgd.edu.br/index.php/horizontes/oai,ojs.ufgd.edu.br,ojs,2024-04-24 12:43:13,278,VALID,oai:ojs.pkp.sfu.ca:article/1790,2,record:ojs,record,ojs,https://ojs.ufgd.edu.br/horizontes/article/view/1790,ojs.ufgd.edu.br,ok,200,https://ojs.ufgd.edu.br/horizontes/article/view/1790,,record:ojs,record,ojs,https://ojs.ufgd.edu.br/horizontes/article/view/1790,ojs.ufgd.edu.br,ok,200,https://ojs.ufgd.edu.br/horizontes/article/view/1790,,,,,https://ojs.ufgd.edu.br/index.php/horizontes/oai?verb=GetRecord&identifier=oai%3Aojs.pkp.sfu.ca%3Aarticle%2F1790&metadataPrefix=oai_dc,ojs.ufgd.edu.br,ok,200,https://ojs.ufgd.edu.br/index.php/horizontes/oai?verb=GetRecord&identifier=oai%3Aojs.pkp.sfu.ca%3Aarticle%2F1790&metadataPrefix=oai_dc,,True,True,True,False,False,False,False,False,False,False,False
1548,Horizontes (Dourados),UFGD-8,Universidade Federal da Grande Dourados (UFGD),https://ojs.ufgd.edu.br/index.php/horizontes/oai,ojs.ufgd.edu.br,ojs,2024-04-24 12:43:13,278,VALID,oai:ojs.pkp.sfu.ca:article/1813,2,record:ojs,record,ojs,https://ojs.ufgd.edu.br/horizontes/article/view/1813,ojs.ufgd.edu.br,ok,200,https://ojs.ufgd.edu.br/horizontes/article/view/1813,,record:ojs,record,ojs,https://ojs.ufgd.edu.br/horizontes/article/view/1813,ojs.ufgd.edu.br,ok,200,https://ojs.ufgd.edu.br/horizontes/article/view/1813,,,,,https://ojs.ufgd.edu.br/index.php/horizontes/oai?verb=GetRecord&identifier=oai%3Aojs.pkp.sfu.ca%3Aarticle%2F1813&metadataPrefix=oai_dc,ojs.ufgd.edu.br,ok,200,https://ojs.ufgd.edu.br/index.php/horizontes/oai?verb=GetRecord&identifier=oai%3Aojs.pkp.sfu.ca%3Aarticle%2F1813&metadataPrefix=oai_dc,,True,True,True,False,False,False,False,False,False,False,False
2667,Organizações Rurais & Agroindustriais (Online),UFLA-7,Universidade Federal de Lavras (UFLA),https://www.revista.dae.ufla.br/index.php/ora/oai,www.revista.dae.ufla.br,ojs,2026-08-19 18:28:26,651,VALID,oai:www.revista.dae.ufla.br:article/7,2,record:ojs,record,ojs,https://www.revista.dae.ufla.br/index.php/ora/article/view/7,www.revista.dae.ufla.br,ok,200,https://www.revista.dae.ufla.br/index.php/ora/article/view/7,,record:ojs,record,ojs,https://www.revista.dae.ufla.br/index.php/ora/article/view/7,www.revista.dae.ufla.br,ok,200,https://www.revista.dae.ufla.br/index.php/ora/article/view/7,,,,,https://www.revista.dae.ufla.br/index.php/ora/oai?verb=GetRecord&identifier=oai%3Awww.revista.dae.ufla.br%3Aarticle%2F7&metadataPrefix=oai_dc,www.revista.dae.ufla.br,ok,200,https://www.revista.dae.ufla.br/index.php/ora/oai?verb=GetRecord&identifier=oai%3Awww.revista.dae.ufla.br%3Aarticle%2F7&metadataPrefix=oai_dc,,True,True,True,False,False,False,False,False,False,False,False
2667,Organizações Rurais & Agroindustriais (Online),UFLA-7,Universidade Federal de Lavras (UFLA),https://www.revista.dae.ufla.br/index.php/ora/oai,www.revista.dae.ufla.br,ojs,2026-08-19 18:28:26,651,VALID,oai:www.revista.dae.ufla.br:article/8,2,record:ojs,record,ojs,https://www.revista.dae.ufla.br/index.php/ora/article/view/8,www.revista.dae.ufla.br,ok,200,https://www.revista.dae.ufla.br/index.php/ora/article/view/8,,record:ojs,record,ojs,https://www.revista.dae.ufla.br/index.php/ora/article/view/8,www.revista.dae.ufla.br,ok,200,https://www.revista.dae.ufla.br/index.php/ora/article/view/8,,,,,https://www.revista.dae.ufla.br/index.php/ora/oai?verb=GetRecord&identifier=oai%3Awww.revista.dae.ufla.br%3Aarticle%2F8&metadataPrefix=oai_dc,www.revista.dae.ufla.br,ok,200,https://www.revista.dae.ufla.br/index.php/ora/oai?verb=GetRecord&identifier=oai%3Awww.revista.dae.ufla.br%3Aarticle%2F8&metadataPrefix=oai_dc,,True,True,True,False,False,False,False,False,False,False,False
597,Textos & contextos (Porto Alegre),PUC_RS-13,Pontifícia Universidade Católica do Rio Grande do Sul (PUCRS),https://revistaseletronicas.pucrs.br/fass/oai,revistaseletronicas.pucrs.br,outra,2026-01-08 20:55:15,685,VALID,oai:ojs.revistaseletronicas.pucrs.br:article/921,2,record:ojs,record,ojs,https://revistaseletronicas.pucrs.br/fass/article/view/921,revistaseletronicas.pucrs.br,ok,200,https://revistaseletronicas.pucrs.br/fass/article/view/921,,record:ojs,record,ojs,https://revistaseletronicas.pucrs.br/fass/article/view/921,revistaseletronicas.pucrs.br,ok,200,https://revistaseletronicas.pucrs.br/fass/article/view/921,,,,,https://revistaseletronicas.pucrs.br/fass/oai?verb=GetRecord&identifier=oai%3Aojs.revistaseletronicas.pucrs.br%3Aarticle%2F921&metadataPrefix=oai_dc,revistaseletronicas.pucrs.br,ok,200,https://revistaseletronicas.pucrs.br/fass/oai?verb=GetRecord&identifier=oai%3Aojs.revistaseletronicas.pucrs.br%3Aarticle%2F921&metadataPrefix=oai_dc,,True,True,True,False,False,False,False,False,False,False,False
597,Textos & contextos (Porto Alegre),PUC_RS-13,Pontifícia Universidade Católica do Rio Grande do Sul (PUCRS),https://revistaseletronicas.pucrs.br/fass/oai,revistaseletronicas.pucrs.br,outra,2026-01-08 20:55:15,685,VALID,oai:ojs.revistaseletronicas.pucrs.br:article/922,2,record:ojs,record,ojs,https://revistaseletronicas.pucrs.br/fass/article/view/922,revistaseletronicas.pucrs.br,ok,200,https://revistaseletronicas.pucrs.br/fass/article/view/922,,record:ojs,record,ojs,https://revistaseletronicas.pucrs.br/fass/article/view/922,revistaseletronicas.pucrs.br,ok,200,https://revistaseletronicas.pucrs.br/fass/article/view/922,,,,,https://revistaseletronicas.pucrs.br/fass/oai?verb=GetRecord&identifier=oai%3Aojs.revistaseletronicas.pucrs.br%3Aarticle%2F922&metadataPrefix=oai_dc,revistaseletronicas.pucrs.br,ok,200,https://revistaseletronicas.pucrs.br/fass/oai?verb=GetRecord&identifier=oai%3Aojs.revistaseletronicas.pucrs.br%3Aarticle%2F922&metadataPrefix=oai_dc,,True,True,True,False,False,False,False,False,False,False,False
2088,Biblioteca Digital de Teses e Dissertações da PUC_PR,PUC_PR-29,Pontifícia Universidade Católica do Paraná (PUC-PR),https://pergamum-biblioteca.pucpr.br//pergamum/oai/ibict/harvest,pergamum-biblioteca.pucpr.br,outra,2026-08-19 15:23:29,6538,VALID,oai:pergamum-biblioteca.pucpr.br/ibict:perga-oai/382651,0,,,,,,sem-link,,,unreachable,,,,,,sem-link,,,,,,,https://pergamum-biblioteca.pucpr.br//pergamum/oai/ibict/harvest?verb=GetRecord&identifier=oai%3Apergamum-biblioteca.pucpr.br%2Fibict%3Aperga-oai%2F382651&metadataPrefix=oai_dc,pergamum-biblioteca.pucpr.br,ok,200,https://pergamum-biblioteca.pucpr.br//pergamum/oai/ibict/harvest?verb=GetRecord&identifier=oai%3Apergamum-biblioteca.pucpr.br%2Fibict%3Aperga-oai%2F382651&metadataPrefix=oai_dc,,False,False,True,False,False,False,False,False,False,False,False
2088,Biblioteca Digital de Teses e Dissertações da PUC_PR,PUC_PR-29,Pontifícia Universidade Católica do Paraná (PUC-PR),https://pergamum-biblioteca.pucpr.br//pergamum/oai/ibict/harvest,pergamum-biblioteca.pucpr.br,outra,2026-08-19 15:23:29,6538,VALID,oai:pergamum-biblioteca.pucpr.br/ibict:perga-oai/382618,0,,,,,,sem-link,,,unreachable,,,,,,sem-link,,,,,,,https://pergamum-biblioteca.pucpr.br//pergamum/oai/ibict/harvest?verb=GetRecord&identifier=oai%3Apergamum-biblioteca.pucpr.br%2Fibict%3Aperga-oai%2F382618&metadataPrefix=oai_dc,pergamum-biblioteca.pucpr.br,ok,200,https://pergamum-biblioteca.pucpr.br//pergamum/oai/ibict/harvest?verb=GetRecord&identifier=oai%3Apergamum-biblioteca.pucpr.br%2Fibict%3Aperga-oai%2F382618&metadataPrefix=oai_dc,,False,False,True,False,False,False,False,False,False,False,False
41,Revista de Administração (São Paulo),USP-27,Universidade de São Paulo (USP),https://www.revistas.usp.br/rausp/oai,www.revistas.usp.br,outra,2026-09-04 11:01:14,847,VALID,oai:revistas.usp.br:article/44370,3,record:ojs,record,ojs,https://revistas.usp.br/rausp/pt_BR/article/view/44370,revistas.usp.br,ok,200,https://revistas.usp.br/rausp/pt_BR/article/view/44370,,record:doi,record,doi,https://doi.org/10.1590/S0080-21072006000100001,doi.org,http-4xx,404,https://doi.org/10.1590/S0080-21072006000100001,,,,,https://www.revistas.usp.br/rausp/oai?verb=GetRecord&identifier=oai%3Arevistas.usp.br%3Aarticle%2F44370&metadataPrefix=oai_dc,www.revistas.usp.br,ok,200,https://revistas.usp.br/rausp/pt_BR/oai?verb=GetRecord&identifier=oai%3Arevistas.usp.br%3Aarticle%2F44370&metadataPrefix=oai_dc,,True,False,True,False,False,True,False,True,False,True,True
41,Revista de Administração (São Paulo),USP-27,Universidade de São Paulo (USP),https://www.revistas.usp.br/rausp/oai,www.revistas.usp.br,outra,2026-09-04 11:01:14,847,VALID,oai:revistas.usp.br:article/44371,3,record:ojs,record,ojs,https://revistas.usp.br/rausp/pt_BR/article/view/44371,revistas.usp.br,ok,200,https://revistas.usp.br/rausp/pt_BR/article/view/44371,,record:doi,record,doi,https://doi.org/10.1590/S0080-21072006000100002,doi.org,http-4xx,404,https://doi.org/10.1590/S0080-21072006000100002,,,,,https://www.revistas.usp.br/rausp/oai?verb=GetRecord&identifier=oai%3Arevistas.usp.br%3Aarticle%2F44371&metadataPrefix=oai_dc,www.revistas.usp.br,ok,200,https://revistas.usp.br/rausp/pt_BR/oai?verb=GetRecord&identifier=oai%3Arevistas.usp.br%3Aarticle%2F44371&metadataPrefix=oai_dc,,True,False,True,False,False,True,False,True,False,True,True
600,Navegações (Online),PUC_RS-16,Pontifícia Universidade Católica do Rio Grande do Sul (PUCRS),https://revistaseletronicas.pucrs.br/navegacoes/oai,revistaseletronicas.pucrs.br,outra,2026-01-08 20:55:34,512,VALID,oai:ojs.revistaseletronicas.pucrs.br:article/3677,2,record:ojs,record,ojs,https://revistaseletronicas.pucrs.br/navegacoes/article/view/3677,revistaseletronicas.pucrs.br,ok,200,https://revistaseletronicas.pucrs.br/navegacoes/article/view/3677,,record:ojs,record,ojs,https://revistaseletronicas.pucrs.br/navegacoes/article/view/3677,revistaseletronicas.pucrs.br,ok,200,https://revistaseletronicas.pucrs.br/navegacoes/article/view/3677,,,,,https://revistaseletronicas.pucrs.br/navegacoes/oai?verb=GetRecord&identifier=oai%3Aojs.revistaseletronicas.pucrs.br%3Aarticle%2F3677&metadataPrefix=oai_dc,revistaseletronicas.pucrs.br,ok,200,https://revistaseletronicas.pucrs.br/navegacoes/oai?verb=GetRecord&identifier=oai%3Aojs.revistaseletronicas.pucrs.br%3Aarticle%2F3677&metadataPrefix=oai_dc,,True,True,True,False,False,False,False,False,False,False,False
600,Navegações (Online),PUC_RS-16,Pontifícia Universidade Católica do Rio Grande do Sul (PUCRS),https://revistaseletronicas.pucrs.br/navegacoes/oai,revistaseletronicas.pucrs.br,outra,2026-01-08 20:55:34,512,VALID,oai:ojs.revistaseletronicas.pucrs.br:article/3678,2,record:ojs,record,ojs,https://revistaseletronicas.pucrs.br/navegacoes/article/view/3678,revistaseletronicas.pucrs.br,ok,200,https://revistaseletronicas.pucrs.br/navegacoes/article/view/3678,,record:ojs,record,ojs,https://revistaseletronicas.pucrs.br/navegacoes/article/view/3678,revistaseletronicas.pucrs.br,ok,200,https://revistaseletronicas.pucrs.br/navegacoes/article/view/3678,,,,,https://revistaseletronicas.pucrs.br/navegacoes/oai?verb=GetRecord&identifier=oai%3Aojs.revistaseletronicas.pucrs.br%3Aarticle%2F3678&metadataPrefix=oai_dc,revistaseletronicas.pucrs.br,ok,200,https://revistaseletronicas.pucrs.br/navegacoes/oai?verb=GetRecord&identifier=oai%3Aojs.revistaseletronicas.pucrs.br%3Aarticle%2F3678&metadataPrefix=oai_dc,,True,True,True,False,False,False,False,False,False,False,False
1717,Anuário do Instituto de Geociências (Online),UFRJ-21,Universidade Federal do Rio de Janeiro (UFRJ),https://revistas.ufrj.br/index.php/aigeo/oai,revistas.ufrj.br,ojs,2025-05-07 21:00:11,2234,VALID,oai:ojs.pkp.sfu.ca:article/5794,3,record:doi,record,doi,https://revistas.ufrj.br/index.php/aigeo/article/view/5794,revistas.ufrj.br,ok,200,https://revistas.ufrj.br/index.php/aigeo/article/view/5794,,record:doi,record,doi,https://doi.org/10.11137/1977_0_I-I,doi.org,ok,200,https://revistas.ufrj.br/index.php/aigeo/article/view/5794,,,,,https://revistas.ufrj.br/index.php/aigeo/oai?verb=GetRecord&identifier=oai%3Aojs.pkp.sfu.ca%3Aarticle%2F5794&metadataPrefix=oai_dc,revistas.ufrj.br,ok,200,https://revistas.ufrj.br/index.php/aigeo/oai?verb=GetRecord&identifier=oai%3Aojs.pkp.sfu.ca%3Aarticle%2F5794&metadataPrefix=oai_dc,,True,True,True,False,False,False,False,False,False,True,False
1717,Anuário do Instituto de Geociências (Online),UFRJ-21,Universidade Federal do Rio de Janeiro (UFRJ),https://revistas.ufrj.br/index.php/aigeo/oai,revistas.ufrj.br,ojs,2025-05-07 21:00:11,2234,VALID,oai:ojs.pkp.sfu.ca:article/5795,3,record:doi,record,doi,https://revistas.ufrj.br/index.php/aigeo/article/view/5795,revistas.ufrj.br,ok,200,https://revistas.ufrj.br/index.php/aigeo/article/view/5795,,record:doi,record,doi,https://doi.org/10.11137/1977_0_1-19,doi.org,ok,200,https://revistas.ufrj.br/index.php/aigeo/article/view/5795,,,,,https://revistas.ufrj.br/index.php/aigeo/oai?verb=GetRecord&identifier=oai%3Aojs.pkp.sfu.ca%3Aarticle%2F5795&metadataPrefix=oai_dc,revistas.ufrj.br,ok,200,https://revistas.ufrj.br/index.php/aigeo/oai?verb=GetRecord&identifier=oai%3Aojs.pkp.sfu.ca%3Aarticle%2F5795&metadataPrefix=oai_dc,,True,True,True,False,False,False,False,False,False,True,False
