Código Mantenedora;Razão Social;CNPJ;Natureza Jurídica;Código IES;Instituição(IES);Sigla;Telefone;Sitio;e-Mail;Endereço Sede;Município;UF;Organização Acadêmica;Tipo de Credenciamento;Categoria;Categoria Administrativa;Data do Ato de Criação da IES;CI;Ano CI;CI-EaD;Ano CI-EaD;IGC;Ano IGC;Reitor/Dirigente Principal;Representante Legal;Sinalizações Vigentes;Situação da IES
230;ASSOCIACAO DE ENSINO SUPERIOR DE NOVA IGUACU;30.834.196/0001-80;Privada sem fins lucrativos;2565;ABEU - CENTRO UNIVERSITÁRIO (UNIABEU);UNIABEU;(21) 2104-0460;www.uniabeu.edu.br;marcelo.rosa@abeugraduacao.com.br;Rua Itaiara - 301 - CEP: 26113-400 - Centro;Belford Roxo;RJ;Centro Universitário;EAD - Superior / Presencial - Superior /;Privada;Privada sem fins lucrativos;16/05/2002;5;2023;4;2018;3;2023;;;;Ativa
1671;SOCIEDADE UNIVERSITARIA REDENTOR S.A.;03.596.799/0001-19;Privada com fins lucrativos;2571;Afya Centro Universitário de Itaperuna (Afya Itaperuna);Afya Itaperuna;(22) 3513-1477;itaperuna.afya.com.br;comunicadosoficiais.itaperuna@afya.com.br;Avenida Presidente Dutra - 1155 - CEP: 28300-000 - Cidade Nova;Itaperuna;RJ;Centro Universitário;EAD - Superior / Presencial - Superior /;Privada;Privada sem fins lucrativos;08/03/2002;5;2023;4;2019;3;2023;;;;Ativa
15617;INSTITUTO DE EDUCACAO SUPERIOR DO VALE DO PARNAIBA S.A.;13.783.222/0001-70;Pessoa Jurídica de Direito Privado - Sem fins lucrativos - Sociedade;17565;Afya Faculdade de Parnaíba ( Afya Parnaíba);Afya Parnaíba;86 3322-7314 / 86 994335343;https://parnaiba.afya.com.br/;manuella.nascimento@afya.com.br;Avenida Evandro Lins e Silva - 4436 - CEP: 64212-790 - Sabiazal;Parnaíba;PI;Faculdade;Presencial - Superior;Privada;Privada sem fins lucrativos;30/11/2015;5;2022;-;;4;2023;;;;Ativa
1707;ASSOCIACAO JUINENSE DE ENSINO SUPERIOR DO VALE DO JURUENA-AJES;05.053.243/0001-01;Privada sem fins lucrativos;2629;AJES - FACULDADE DO VALE DO JURUENA (AJES);AJES;(66) 3566-1875;http://www.ajes.edu.br;"clodis@ajes.edu.br;gtomasini@ajes.edu.br;sandro.emec@outlook.com";Avenida Gabriel Müller - s/n - CEP: 78320-000 - Módulo I;Juína;MT;Faculdade;Presencial - Superior;Privada;Privada sem fins lucrativos;15/04/2005;4;2024;-;;3;2023;;;;Ativa
18519;REAL E BENEMERITA ASSOCIACAO PORTUGUESA DE BENEFICENCIA;61.599.908/0001-58;Pessoa Jurídica de Direito Privado - Sem fins lucrativos - Associação de Utilidade Pública;28548;BP Educação - Ensino Superior em Saúde (BPE - ESS);BPE - ESS;(11) 3505-5266;https://educacaoepesquisa.bp.org.br/;faculdade@bpeducacao.edu.br;Rua Maestro Cardim 769 - 769 - CEP: 01323-900 - Bela Vista;São Paulo;SP;Faculdade;EAD - Superior / Presencial - Superior /;Privada;Privada sem fins lucrativos;09/05/2024;4;2023;4;2023;-;;;;;Ativa
17020;PROCEP - CENTRO DE ENSINO E PESQUISA;39.420.179/0001-71;Pessoa Jurídica de Direito Privado - Sem fins lucrativos - Associação de Utilidade Pública;22930;Centro de Ensino e Pesquisa do Pró-Cardíaco (Procep);Procep;21 97273-1715;https://procepi.com.br/;"procepi@procepi.com.br; regulatorio@procepi.com.br";Avenida Roberto Silveira - 123 - CEP: 24230-150 - Icaraí;;;Instituição Especialmente Credenciada para oferta de cursos lato sensu;;Privada;Privada sem fins lucrativos;20/06/2005;-;;-;;-;;;;;Ativa
17020;PROCEP - CENTRO DE ENSINO E PESQUISA;39.420.179/0001-71;Pessoa Jurídica de Direito Privado - Sem fins lucrativos - Associação de Utilidade Pública;22930;Centro de Ensino e Pesquisa do Pró-Cardíaco (Procep);Procep;21 97273-1715;https://procepi.com.br/;"procepi@procepi.com.br; regulatorio@procepi.com.br";Frederico Pamplona - 32 - CEP: 22061-080 - Copacabana;;;Instituição Especialmente Credenciada para oferta de cursos lato sensu;;Privada;Privada sem fins lucrativos;20/06/2005;-;;-;;-;;;;;Ativa
17020;PROCEP - CENTRO DE ENSINO E PESQUISA;39.420.179/0001-71;Pessoa Jurídica de Direito Privado - Sem fins lucrativos - Associação de Utilidade Pública;22930;Centro de Ensino e Pesquisa do Pró-Cardíaco (Procep);Procep;21 97273-1715;https://procepi.com.br/;"procepi@procepi.com.br; regulatorio@procepi.com.br";Rua Arariba - 5 - CEP: 71927-360 - Sul (Águas Claras);;;Instituição Especialmente Credenciada para oferta de cursos lato sensu;;Privada;Privada sem fins lucrativos;20/06/2005;-;;-;;-;;;;;Ativa
17020;PROCEP - CENTRO DE ENSINO E PESQUISA;39.420.179/0001-71;Pessoa Jurídica de Direito Privado - Sem fins lucrativos - Associação de Utilidade Pública;22930;Centro de Ensino e Pesquisa do Pró-Cardíaco (Procep);Procep;21 97273-1715;https://procepi.com.br/;"procepi@procepi.com.br; regulatorio@procepi.com.br";Rua La Sale - 12 - CEP: 24020-096 - Centro;;;Instituição Especialmente Credenciada para oferta de cursos lato sensu;;Privada;Privada sem fins lucrativos;20/06/2005;-;;-;;-;;;;;Ativa
57;AUTARQUIA DE ENSINO SUPERIOR DE ARCOVERDE;11.462.454/0001-09;Pessoa Jurídica de Direito Público - Municipal;73;CENTRO DE ENSINO SUPERIOR DE ARCOVERDE (CESA);CESA;(87) 991020424;www.aesa-cesa.br;direcao.centro.ensino@aesa-cesa.br;Rua Gumercindo Cavalcanti - 420 - CEP: 56512-902 - SÃO CRISTOVÃO;Arcoverde;PE;Faculdade;Presencial - Superior;Publica;Especial;07/08/1969;-;;-;;2;2023;;;;Ativa
77;FUNDACAO EDUCACIONAL DE CONSELHEIRO LAFAIETE - FECON;19.722.313/0001-81;Privada sem fins lucrativos;3488;Centro de Ensino Superior de Conselheiro Lafaiete (CES-CL);CES-CL;31 3761-2223;www.ces-cl.edu.br;fecon@fecon.edu.br;Rua Lopes Franco - 1001 - CEP: 36400-000 - Carijós;Conselheiro Lafaiete;MG;Faculdade;Presencial - Superior;Privada;Privada sem fins lucrativos;10/05/2000;3;2015;-;;3;2023;;;;Ativa
446;AUTARQUIA BELEMITA DE CULTURA DESPORTOS E EDUCACAO;10.264.877/0001-43;Pessoa Jurídica de Direito Público - Municipal;674;CENTRO DE ENSINO SUPERIOR DO VALE SÃO FRANCISCO (CESVASF);CESVASF;(87)38761248;www.cesvasf.com.br;secretaria@cesvasf.com.br;BR 316 - Campus Alto do Encanto - s/n - CEP: 56440-000 - Nova Olinda;Belém de São Francisco;PE;Faculdade;Presencial - Superior;Publica;Especial;15/03/1975;-;;-;;3;2023;;;;Ativa
2559;CEUMA-ASSOCIACAO DE ENSINO SUPERIOR;23.689.763/0001-97;Pessoa Jurídica de Direito Privado - Sem fins lucrativos - Associação de Utilidade Pública;15508;Centro de Ensino Unificado do Piauí (CEUPI);CEUPI;"(86)98884-9776;(86)";www.ceupi.com.br;"pesquisador@ceuma.br;ntae@ceuma.br;mantenedora@ceuma.br";Rua Durvalino Couto - 1220 - CEP: 64049-120 - Jockey Club;Teresina;PI;Faculdade;Presencial - Superior;Privada;Privada sem fins lucrativos;04/01/2012;3;2023;-;;4;2023;;;;Ativa
1856;FUNDACAO MOVIMENTO DIREITO E CIDADANIA - FUNDACAO MDC;02.475.083/0001-09;Privada sem fins lucrativos;22629;Centro de Estudos em Direito e Negócios;-;3223-4133;https://www.cedin.com.br;secretaria@cedin.com.br;Rua Paraíba - 1170 - CEP: 30130-141 - Funcionários;Belo Horizonte;MG;Faculdade;Presencial - Superior;Privada;Privada sem fins lucrativos;27/11/2019;4;2024;-;;-;;;;;Ativa
76;FUNDACAO EDUCACIONAL DE MACHADO;17.907.031/0001-23;Privada sem fins lucrativos;3972;CENTRO SUPERIOR DE ENSINO E PESQUISA DE MACHADO (CESEP);CESEP;(35) 3295-9501;www.cesep.edu.br;secretaria@cesep.edu.br;Av Dr Athayde Pereira de Souza - 730 - CEP: 37750-000 - Centro;Machado;MG;Faculdade;Presencial - Superior;Privada;Privada sem fins lucrativos;20/02/1968;3;2018;-;;3;2023;;;;Ativa
15603;ESCOLA DE EDUCACAO SUPERIOR SAO JOSE;67.973.602/0001-04;Pessoa Jurídica de Direito Privado - Sem fins lucrativos - Sociedade;17014;CENTRO SUPERIOR DE ESTUDOS JURÍDICOS CARLOS DRUMMOND DE ANDRADE (CSEJCDA);CSEJCDA;29421488;www.drummond.com.br;"diretoria@drummond.com.br; prof.aureniceleite@drummond.com.br";Rua Comendador Cantinho - 394 - CEP: 03603-020 - Penha de França;São Paulo;SP;Faculdade;Presencial - Superior;Privada;Privada sem fins lucrativos;10/05/2011;4;2023;-;;3;2023;;;;Ativa
235;ASSOCIACAO PROPAGADORA ESDEVA;21.562.368/0001-13;Pessoa Jurídica de Direito Privado - Sem fins lucrativos - Associação de Utilidade Pública;337;Centro Universitário Academia (Uniacademia);Uniacademia;"(32)3250-3800;(32)3250-3803";www.uniacademia.edu.br;vicedirecao@uniacademia.edu.br;Rua Halfeld - 1179 - CEP: 36010-972 - Centro;Juiz de Fora;MG;Centro Universitário;EAD - Superior / Presencial - Superior /;Privada;Privada sem fins lucrativos;26/09/1972;4;2019;5;2019;3;2023;;;;Ativa
2794;INSTITUICAO ADVENTISTA NORDESTE BRASILEIRA DE EDUCACAO E ASSISTENCIA SOCIAL;07.114.699/0001-60;Pessoa Jurídica de Direito Privado - Sem fins lucrativos - Associação de Utilidade Pública;4531;Centro Universitário Adventista de Ensino do Nordeste (Uniaene );Uniaene;(75)3425-8153;www.adventista.edu.br;carolinasantana@adventista.edu.br;Br 101 Km 197 - s/n - CEP: 44300-000 - Capueiruçu;Cachoeira;BA;Centro Universitário;EAD - Superior / EAD - Lato-sensu / Presencial - Superior /;Privada;Privada sem fins lucrativos;04/12/2007;5;2023;4;2018;4;2023;;;;Ativa
144;INSTITUTO ADVENTISTA DE ENSINO;43.586.056/0001-82;Pessoa Jurídica de Direito Privado - Sem fins lucrativos - Associação de Utilidade Pública;1365;CENTRO UNIVERSITÁRIO ADVENTISTA DE SÃO PAULO (UNASP);UNASP;(19) 998472645;www.unasp.br;"martin.kuhn@unasp.edu.br;pi.mec@unasp.edu.br";Estrada de Itapecerica - 5859 - CEP: 05858-001 - Jardim IAE;São Paulo;SP;Centro Universitário;EAD - Superior / Presencial - Superior /;Privada;Privada sem fins lucrativos;05/06/1968;5;2024;4;2016;4;2023;;;;Ativa
151;FUNDACAO ESCOLA DE COMERCIO ALVARES PENTEADO - FECAP;60.736.683/0001-71;Privada sem fins lucrativos;213;CENTRO UNIVERSITÁRIO ÁLVARES PENTEADO (FECAP);FECAP;(11) 32722204;www.fecap.br;"reitoria@fecap.br; edison@fecap.br;";Avenida da Liberdade - 532 - CEP: 01502-001 - Liberdade;São Paulo;SP;Centro Universitário;Presencial - Superior;Privada;Privada sem fins lucrativos;23/06/1949;5;2018;5;2024;4;2023;;;;Ativa
1079;SOCIEDADE CIENTIFICA E CULTURAL ANISIO TEIXEIRA LTDA;01.149.432/0001-21;Privada sem fins lucrativos;1643;Centro Universitário Anísio Teixeira (Unifat);Unifat;(75) 3616-9466;www.unifat.edu.br;fat@fat.edu.br;Rua Juracy Magalhães - 222 - CEP: 44075-525 - Ponto Central;Feira de Santana;BA;Centro Universitário;EAD - Superior / Presencial - Superior /;Privada;Privada sem fins lucrativos;26/03/2001;4;2022;5;2019;4;2023;;;;Ativa
957;ASSOCIACAO EDUCACIONAL TOLEDO;03.318.018/0001-24;Privada sem fins lucrativos;1841;CENTRO UNIVERSITÁRIO ANTÔNIO EUFRÁSIO DE TOLEDO DE PRESIDENTE PRUDENTE - TOLEDO PRUDENTE (TOLEDO PRUDENTE);TOLEDO PRUDENTE;(18) 3901 4000;www.toledoprudente.edu.br;toledo@toledoprudente.edu.br;Praça Raul Furquim - 09 - CEP: 19030-430 - Vila Furquim;Presidente Prudente;SP;Centro Universitário;EAD - Superior / Presencial - Superior /;Privada;Privada sem fins lucrativos;22/05/2001;5;2018;5;2018;4;2023;;;;Ativa
320;FUNDACAO ARMANDO ALVARES PENTEADO;61.451.431/0001-69;Privada sem fins lucrativos;461;CENTRO UNIVERSITÁRIO ARMANDO ALVARES PENTEADO (FA-FAAP);FA-FAAP;(11) 3662-7057;www.faap.br;"sateodoro@faap.br; jainidarcis@faap.br; easouza@faap.br";Rua Alagoas - 903 - CEP: 01242-902 - HIGIENOPOLIS;São Paulo;SP;Centro Universitário;EAD - Superior / Presencial - Superior /;Privada;Privada sem fins lucrativos;12/12/1972;5;2021;4;2018;3;2023;;;;Ativa
235;ASSOCIACAO PROPAGADORA ESDEVA;21.562.368/0001-13;Pessoa Jurídica de Direito Privado - Sem fins lucrativos - Associação de Utilidade Pública;1923;Centro Universitário Arnaldo Janssen (Uniarnaldo);Uniarnaldo;(31) 3524-5150 / 3524-5001;www.uniarnaldo.com.br;reitoria@uniarnaldo.com.br;Praça João Pessoa - 200 - CEP: 30140-020 - Funcionários;Belo Horizonte;MG;Centro Universitário;EAD - Superior / Presencial - Superior /;Privada;Privada sem fins lucrativos;10/01/2002;4;2023;4;2022;3;2023;;;Unificação de Mantidas;Ativa
328;FUNDACAO OCTACILIO GUALBERTO;34.034.959/0001-60;Privada sem fins lucrativos;1080;CENTRO UNIVERSITÁRIO ARTHUR SÁ EARP NETO (UNIFASE);UNIFASE;(24) 2244 6452 22446456 22446451;www.unifase-rj.edu.br;fog@unifase-rj.edu.br;Avenida Barão do Rio Branco - 905 a 1003 - CEP: 25680-120 - Centro;Petrópolis;RJ;Centro Universitário;EAD - Superior / Presencial - Superior /;Privada;Privada sem fins lucrativos;16/02/1998;5;2019;5;2018;4;2023;;;Unificação de Mantidas;Ativa
893;FUNDACAO ASSIS GURGACZ;02.203.539/0001-73;Privada sem fins lucrativos;1336;CENTRO UNIVERSITÁRIO ASSIS GURGACZ (FAG);FAG;(45) 3321 3900;www.fag.edu.br;"ndi@fag.edu.br; andreia@fag.edu.br";Avenida das Torres - 500 - CEP: 85806-095 - Loteamento FAG;Cascavel;PR;Centro Universitário;EAD - Superior / Presencial - Superior /;Privada;Privada sem fins lucrativos;24/06/1999;5;2023;5;2023;4;2023;;;;Ativa
378;FUNDACAO SAO PAULO;60.990.751/0001-24;Privada sem fins lucrativos;161;CENTRO UNIVERSITÁRIO ASSUNÇÃO;-;(11) 5087 0199;www.unifai.edu.br;fundasp.vma@adm.unifai.edu.br;Rua Afonso Celso - 671/711 - CEP: 04119-060 - Vila Mariana;São Paulo;SP;Centro Universitário;EAD - Superior / Presencial - Superior /;Privada;Privada sem fins lucrativos;01/04/1971;5;2023;4;2020;3;2023;;;;Ativa
199;SOCIEDADE UNIFICADA DE ENSINO AUGUSTO MOTTA;34.008.227/0001-03;Pessoa Jurídica de Direito Privado - Sem fins lucrativos - Associação de Utilidade Pública;277;CENTRO UNIVERSITÁRIO AUGUSTO MOTTA (UNISUAM);UNISUAM;(21) 3882 9702;www.unisuam.edu.br;"reitoria@unisuam.edu.br;fximenes@unisuam.edu.br;regulatorio.unisuam@unisuam.edu.br";Avenida Paris - 84 - CEP: 21041-020 - Bonsucesso;Rio de Janeiro;RJ;Centro Universitário;EAD - Superior / Presencial - Superior /;Privada;Privada sem fins lucrativos;12/02/1970;5;2023;5;2023;3;2023;;;;Ativa
98;ORGANIZACAO EDUCACIONAL BARAO DE MAUA;56.001.480/0001-60;Pessoa Jurídica de Direito Privado - Sem fins lucrativos - Fundação;138;CENTRO UNIVERSITÁRIO BARÃO DE MAUÁ (CBM);CBM;(16) 3603 6600;www.baraodemaua.br;"reitoria@baraodemaua.br; ddp@baraodemaua.br";Rua Ramos de Azevedo - 423 - CEP: 14090-180 - Jardim Paulista;Ribeirão Preto;SP;Centro Universitário;EAD - Superior / Presencial - Superior /;Privada;Privada sem fins lucrativos;26/08/1968;5;2024;5;2019;4;2023;;;;Ativa
1124;FUNDACAO EDUCACIONAL BARRIGA VERDE;82.975.236/0001-08;Privada sem fins lucrativos;4163;CENTRO UNIVERSITÁRIO BARRIGA VERDE (UNIBAVE);UNIBAVE;(48) 3466 5600;www.unibave.net;sandra@unibave.net, valente@unibave.net;Rua Pe.João Leonir Dall'Alba - 601 - CEP: 88870-000 - Murialdo;Orleans;SC;Centro Universitário;EAD - Superior / Presencial - Superior /;Privada;Privada sem fins lucrativos;05/05/1998;5;2024;5;2018;3;2023;;;Adesão ao PROIES;Ativa
17408;ASSOCIACAO DE ENSINO CATEDRA;31.333.981/0001-12;Pessoa Jurídica de Direito Privado - Sem fins lucrativos - Associação de Utilidade Pública;1232;CENTRO UNIVERSITÁRIO CAMPOS DE ANDRADE (UNIANDRADE);UNIANDRADE;(41) 3219-4244;www.uniandrade.edu.br;ana.vogt@gmail.com;Rua Marumby - 283 - CEP: 81220-090 - Campo Comprido;Curitiba;PR;Centro Universitário;EAD - Superior / Presencial - Superior /;Privada;Privada sem fins lucrativos;05/03/1974;5;2024;3;2013;4;2023;;;;Ativa
905;ESCOLA DE EDUCACAO SUPERIOR SAO JORGE;67.973.677/0001-87;Privada sem fins lucrativos;1100;Centro Universitário Carlos Drummond de Andrade (UniDrummond);UniDrummond;(11) 2942 1488;www.drummond.com.br;drummond@drummond.com.br;Rua Prof. Pedreira de Freitas - 415 - CEP: 03312-050 - Tatuapé;São Paulo;SP;Centro Universitário;EAD - Superior / Presencial - Superior /;Privada;Privada sem fins lucrativos;10/03/1998;5;2017;5;2010;3;2023;;;;Ativa
3521;FUNDACAO EDUCACIONAL ALTO MEDIO SAO FRANCISCO;20.533.295/0001-79;Pessoa Jurídica de Direito Privado - Sem fins lucrativos - Fundação;1840;CENTRO UNIVERSITÁRIO CASTELO BRANCO (UNICB);UNICB;(27) 2102 6000;www.fcb.edu.br;secretaria@fcb.edu.br;Avenida Brasil - 1303 - CEP: 29705-100 - Maria das Graças;Colatina;ES;Centro Universitário;Presencial - Superior;Privada;Privada sem fins lucrativos;09/08/2001;4;2018;3;2024;3;2023;;;;Ativa
15681;ASSOCIACAO EDUCACIONAL E CULTURAL DE QUIXADA;12.664.055/0001-85;Pessoa Jurídica de Direito Privado - Sem fins lucrativos - Associação de Utilidade Pública;2135;CENTRO UNIVERSITÁRIO CATÓLICA DE QUIXADÁ (UNICATÓLICA);UNICATÓLICA;"(88) 3412 6700; (88) 3412 6702";unicatolicaquixada.edu.br;rivelino@unicatolicaquixada.edu.br;Rua Juvencio Alves de Oliveira - 660 - CEP: 63905-325 - Putiú;Quixadá;CE;Centro Universitário;EAD - Superior / Presencial - Superior /;Privada;Privada sem fins lucrativos;26/04/2002;5;2025;4;2018;4;2023;;;;Ativa
419;FUNDACAO EDUCACIONAL REGIONAL JARAGUAENSE;83.130.229/0001-78;Privada sem fins lucrativos;645;Centro Universitário - Católica de Santa Catarina em Jaraguá do Sul (Católica em Jaraguá );Católica em Jaraguá;47 32758237;www.catolicasc.org.br;reitoria@catolicasc.org.br;Rua dos Imigrantes - 500 - CEP: 89254-430 - Vila Rau;Jaraguá do Sul;SC;Centro Universitário;EAD - Superior / Presencial - Superior /;Privada;Privada sem fins lucrativos;24/09/1985;5;2023;5;2023;3;2023;;;;Ativa
419;FUNDACAO EDUCACIONAL REGIONAL JARAGUAENSE;83.130.229/0001-78;Privada sem fins lucrativos;17138;Centro Universitário - Católica de Santa Catarina em Joinville (Católica em Joinvile);Católica em Joinvile;47 31459719;www.catolicasc.org.br;reitoria@catolicasc.org.br;Rua Senador Felipe Schmidt - S/N - CEP: 89201-440 - Centro;Joinville;SC;Centro Universitário;Presencial - Superior;Privada;Privada sem fins lucrativos;22/12/2010;5;2019;-;;4;2023;;;;Ativa
278;UNIAO BRASILEIRA DE EDUCACAO CATOLICA;00.331.801/0001-30;Pessoa Jurídica de Direito Privado - Sem fins lucrativos - Associação de Utilidade Pública;878;Centro Universitário Católica do Leste de Minas Gerais (UNILESTE);UNILESTE;(31)38465500;https://unileste.catolica.edu.br/;reitoria@unileste.edu.br;Avenida Tancredo Neves - 3.500 - CEP: 35170-056 - Universitário;Coronel Fabriciano;MG;Centro Universitário;Presencial - Superior;Privada;Privada sem fins lucrativos;06/07/1972;5;2019;-;;4;2023;;;;Ativa
17396;ASSOCIACAO SANTA TERESINHA DE MOSSORO;32.168.938/0001-01;Pessoa Jurídica de Direito Privado - Sem fins lucrativos - Associação de Utilidade Pública;4847;CENTRO UNIVERSITÁRIO CATÓLICA DO RIO GRANDE DO NORTE (Unicatólica );Unicatólica;(84)33187648;www.catolicadorn.com.br;"academico@unicatolicadorn.com.br; fies@catolicadorn.com.br";Praça Dom João Costa - 511 - CEP: 59611-120 - Santo Antônio;Mossoró;RN;Centro Universitário;Presencial - Superior;Privada;Privada sem fins lucrativos;18/06/2009;5;2023;-;;3;2023;;;;Ativa
278;UNIAO BRASILEIRA DE EDUCACAO CATOLICA;00.331.801/0001-30;Pessoa Jurídica de Direito Privado - Sem fins lucrativos - Associação de Utilidade Pública;2365;CENTRO UNIVERSITÁRIO CATÓLICA DO TOCANTINS (UNICATÓLICA);UNICATÓLICA;(63) 3221 2121;www.catolica-to.edu.br;"andrea.borim@catolica-to.edu.br; lidiane.ssilva@p.catolica-to.edu.br; silma.scotti@ubec.edu.br";Avenida Joaquim Teotônio Segurado - 1402 Sul - CEP: 77024-710 - Plano Diretor Sul;Palmas;TO;Centro Universitário;Presencial - Superior;Privada;Privada sem fins lucrativos;01/07/2003;5;2018;-;;4;2023;;;;Ativa
145;INSTITUICAO EDUCACIONAL PROFESSOR PASQUALE CASCINO;43.371.723/0001-00;Pessoa Jurídica de Direito Privado - Sem fins lucrativos - Associação de Utilidade Pública;206;Centro Universitário Católico Ítalo Brasileiro (UNIÍTALO);UNIÍTALO;(11) 5645-0099;www.italo.br;mvcascino@italo.br;Avenida João Dias - 2046 - CEP: 04724-003 - Santo Amaro;São Paulo;SP;Centro Universitário;EAD - Superior / Presencial - Superior /;Privada;Privada sem fins lucrativos;05/05/1972;4;2023;4;2022;3;2023;;;;Ativa
270;MISSAO SALESIANA DE MATO GROSSO;03.226.149/0001-81;Pessoa Jurídica de Direito Privado - Sem fins lucrativos - Associação de Utilidade Pública;4522;CENTRO UNIVERSITÁRIO CATÓLICO SALESIANO AUXILIUM (UNISALESIANO);UNISALESIANO;(14) 3533-5000;www.unisalesiano.edu.br;pi@unisalesiano.com.br;Rua Dom Bosco - 265 - CEP: 16400-505 - Centro;Lins;SP;Centro Universitário;EAD - Superior / EAD - Lato-sensu / Presencial - Superior /;Privada;Privada sem fins lucrativos;17/09/1956;5;2019;5;2018;4;2023;;;;Ativa
1569;CENTRO DE ENSINO SUPERIOR DO CEARA;04.918.904/0001-51;Pessoa Jurídica de Direito Privado - Sem fins lucrativos - Associação de Utilidade Pública;2410;Centro Universitário Cearense (Unic);Unic;"(85) 34539008; (85) 996829000";www.faculdadescearenses.edu.br;jmotta@niltonlins.br;Avenida João Pessoa - 4005 - CEP: 60425-810 - Damas;Fortaleza;CE;Centro Universitário;Presencial - Superior;Privada;Privada sem fins lucrativos;23/07/2004;4;2021;-;;3;2023;;;;Ativa
363;INSTITUTO SUPERIOR DE ENSINO CELSO LISBOA;34.354.282/0001-47;Privada sem fins lucrativos;522;CENTRO UNIVERSITÁRIO CELSO LISBOA (UCL);UCL;(21) 3289-4754;www.celsolisboa.edu.br;reitoria@celsolisboa.edu.br;Rua Vinte e Quatro de Maio - 797 - CEP: 20950-091 - Sampaio;Rio de Janeiro;RJ;Centro Universitário;EAD - Superior / Presencial - Superior /;Privada;Privada sem fins lucrativos;14/10/1972;5;2023;4;2023;3;2023;;;;Ativa
407;CAMPANHA NACIONAL DE ESCOLAS DA COMUNIDADE;33.621.384/0001-19;Privada sem fins lucrativos;626;CENTRO UNIVERSITÁRIO CENECISTA DE OSÓRIO (UNICNEC);UNICNEC;(51) 21610200;https://educacaosuperior.cnec.br/osorio;1905.reitor@cnec.br;Rua 24 de Maio - 141 - CEP: 95520-000 - Centro;Osório;RS;Centro Universitário;EAD - Superior / Presencial - Superior /;Privada;Privada sem fins lucrativos;03/04/1981;4;2024;5;2019;3;2023;;;;Ativa
404;FUNDACAO EDUCACIONAL JAYME DE ALTAVILA-FEJAL;12.207.742/0001-71;Privada sem fins lucrativos;621;CENTRO UNIVERSITÁRIO CESMAC (CESMAC);CESMAC;(82)3215.5289;www.cesmac.edu.br;emec@cesmac.edu.br;Rua Íris Alagoense - 1009 - CEP: 57051-370 - Farol;Maceió;AL;Centro Universitário;EAD - Superior / Presencial - Superior /;Privada;Privada sem fins lucrativos;20/09/1973;5;2023;4;2018;3;2023;;;;Ativa
407;CAMPANHA NACIONAL DE ESCOLAS DA COMUNIDADE;33.621.384/0001-19;Privada sem fins lucrativos;1084;CENTRO UNIVERSITÁRIO CNEC DE BENTO GONÇALVES;-;(54)3452 4422;https://educacaosuperior.cnec.br/bentogoncalves;"ceduc.es@cnec.br; 2020.direcao@cnec.br";Rua Arlindo Franklin Barbosa - 460 - CEP: 95700-000 - São Roque;Bento Gonçalves;RS;Centro Universitário;Presencial - Superior;Privada;Privada sem fins lucrativos;10/03/1998;3;2018;-;;3;2023;;;;Ativa
51;FUNDACAO EDUCACIONAL DE BARRETOS;44.776.805/0001-05;Privada sem fins lucrativos;3641;CENTRO UNIVERSITÁRIO DA FUNDAÇÃO EDUCACIONAL DE BARRETOS (UNIFEB);UNIFEB;(17) 3321 6411;www.unifeb.edu.br;reitoria@feb.br;Avenida Professor Roberto Frade Monte - 389 - CEP: 14783-226 - Aeroporto;Barretos;SP;Centro Universitário;Presencial - Superior;Privada;Privada sem fins lucrativos;17/06/1966;4;2023;-;;3;2023;;;;Ativa
353;FUNDACAO EDUCACIONAL GUAXUPE;20.773.214/0001-08;Privada sem fins lucrativos;3875;CENTRO UNIVERSITÁRIO DA FUNDAÇÃO EDUCACIONAL GUAXUPÉ (UNIFEG);UNIFEG;(35) 3551 5267 Ramal 209 e 210;www.unifeg.edu.br;reitoria@unifeg.edu.br;Avenida Dona Floriana - 463 - CEP: 37830-124 - Centro;Guaxupé;MG;Centro Universitário;EAD - Superior / Presencial - Superior /;Privada;Privada sem fins lucrativos;22/05/1969;4;2023;4;2024;3;2023;;;Suspensão contrato FIES, Suspensão PROUNI;Ativa
166;FUNDACAO EDUCACIONAL INACIANA PADRE SABOIA DE MEDEIROS;61.023.156/0001-82;Privada sem fins lucrativos;1878;CENTRO UNIVERSITÁRIO DA FUNDAÇÃO EDUCACIONAL INACIANA PE SABÓIA DE MEDEIROS (FEI);FEI;(11) 4353 2903;www.fei.edu.br;fei@fei.org.br;Avenida Humberto Alencar Castelo Branco - 3972 - CEP: 09850-901 - Assunção;São Bernardo do Campo;SP;Centro Universitário;Presencial - Superior;Privada;Privada sem fins lucrativos;15/04/1946;4;2020;-;;4;2023;;;;Ativa
403;FUNDACAO HERMINIO OMETTO;44.701.688/0001-02;Privada sem fins lucrativos;1043;CENTRO UNIVERSITÁRIO DA FUNDAÇÃO HERMINIO OMETTO (FHO);FHO;(19) 3543 1400;www.fho.edu.br;susiane@fho.edu.br;Avenida Doutor Maximiliano Baruto - 500 - CEP: 13607-339 - Jardim Universitário;Araras;SP;Centro Universitário;EAD - Superior / Presencial - Superior /;Privada;Privada sem fins lucrativos;05/07/1973;5;2024;4;2013;3;2023;;;;Ativa
445;UNIGRAN EDUCACIONAL;03.361.110/0001-77;Pessoa Jurídica de Direito Privado - Sem fins lucrativos - Associação de Utilidade Pública;673;CENTRO UNIVERSITÁRIO DA GRANDE DOURADOS (UNIGRAN);UNIGRAN;(67) 3411 4141;www.unigran.br;webmaster@unigran.br;Rua Balbina de Matos - 2121 - CEP: 79824-900 - Jardim;Dourados;MS;Centro Universitário;EAD - Superior / Presencial - Superior /;Privada;Privada sem fins lucrativos;22/10/1976;5;2024;4;2023;4;2023;;;;Ativa
211;FUNDACAO ATTILA TABORDA;87.415.725/0001-29;Pessoa Jurídica de Direito Privado - Sem fins lucrativos - Associação de Utilidade Pública;296;Centro Universitário da Região da Campanha;-;(53) 3242 8244;http://www.urcamp.edu.br;"reitor@urcamp.edu.br;avaliacao@urcamp.edu.br";Avenida Tupy Silveira - 2099 - CEP: 96400-110 - Centro;Bagé;RS;Centro Universitário;EAD - Superior / Presencial - Superior /;Privada;Privada sem fins lucrativos;31/03/1955;5;2018;5;2019;3;2023;;;Adesão ao PROIES;Ativa
155;CENTRO UNIVERSITARIO DAS FACULDADES ASSOCIADAS DE ENSINO-FAE;59.766.774/0001-70;Pessoa Jurídica de Direito Público - Municipal;217;CENTRO UNIVERSITÁRIO DAS FACULDADES ASSOCIADAS DE ENSINO - FAE (UNIFAE);UNIFAE;(19) 36380240;www.fae.br;secretaria@fae.br;Largo Engenheiro Paulo de Almeida Sandeville - 15 - CEP: 13870-377 - JARDIM SANTO ANDRÉ;São João da Boa Vista;SP;Centro Universitário;Presencial - Superior;Publica;Especial;23/09/1961;-;;-;;4;2023;;;;Ativa
188;FUNDACAO EDUCACIONAL MIGUEL MOFARREJ;44.537.199/0001-67;Privada sem fins lucrativos;265;CENTRO UNIVERSITÁRIO DAS FACULDADES INTEGRADAS DE OURINHOS (Unifio);Unifio;(14) 3302 6490;www.unifio.edu.br;luciane@unifio.edu.br;Rodovia BR-153, Km 338 + 420 m - s/n - CEP: 19909-100 - Água do Cateto;Ourinhos;SP;Centro Universitário;EAD - Superior / Presencial - Superior /;Privada;Privada sem fins lucrativos;19/05/1970;5;2024;4;2018;4;2023;;;;Ativa
369;ASSOCIACAO DO ENSINO SUPERIOR DA VITORIA DE STO ANTAO;01.448.515/0001-11;Pessoa Jurídica de Direito Privado - Sem fins lucrativos - Associação de Utilidade Pública;3515;CENTRO UNIVERSITÁRIO DA VITÓRIA DE SANTO ANTÃO (UNIVISA);UNIVISA;(81) 3523 1020;www.faintvisa.com.br;ubirajarajc@hotmail.com;Loteamento São Vicente Ferrer - 71 - CEP: 55610-900 - Cajá;Vitória de Santo Antão;PE;Centro Universitário;EAD - Superior / Presencial - Superior /;Privada;Privada sem fins lucrativos;26/02/1971;4;2024;4;2021;3;2023;;;;Ativa
15990;FACULDADES ADAMANTINENSES INTEGRADAS;03.061.303/0001-02;Pessoa Jurídica de Direito Público - Municipal;1292;Centro Universitário de Adamantina (FAI);FAI;1835027010;www.fai.com.br;fai@fai.com.br;Rua Nove de Julho - 730/40 - CEP: 17800-000 - CENTRO;Adamantina;SP;Centro Universitário;EAD - Superior / Presencial - Superior /;Publica;Especial;13/07/1968;-;;-;;3;2023;;;;Ativa
89;ASSOCIACAO EDUCACIONAL DE ARARAS;44.699.494/0001-10;Pessoa Jurídica de Direito Privado - Sem fins lucrativos - Associação de Utilidade Pública;125;CENTRO UNIVERSITÁRIO DE ARARAS - (UNAR);UNAR;(19) 3321 8000;www.unar.edu.br;"adriana.arantes@unar.edu.br; unar@unar.edu.br";Avenida Ernani Lacerda de Oliveira - 100 - CEP: 13603-112 - Parque Santa Cândida;Araras;SP;Centro Universitário;EAD - Superior / Presencial - Superior /;Privada;Privada sem fins lucrativos;27/03/1974;5;2023;4;2019;3;2023;;;;Ativa
355;SOBEU - ASSOCIACAO BARRAMANSENSE DE ENSINO;28.674.489/0001-04;Pessoa Jurídica de Direito Privado - Sem fins lucrativos - Associação de Utilidade Pública;514;CENTRO UNIVERSITÁRIO DE BARRA MANSA (UBM);UBM;(24) 3325 0222 (24) 3325 0280;www.ubm.br;reitor@ubm.br;Rua Vereador Pinho de Carvalho - 267 - CEP: 27330-550 - Centro;Barra Mansa;RJ;Centro Universitário;EAD - Superior / Presencial - Superior /;Privada;Privada sem fins lucrativos;25/07/1966;5;2025;5;2019;3;2023;;;;Ativa
700;INSTITUICAO TOLEDO DE ENSINO;45.024.551/0001-23;Privada sem fins lucrativos;997;Centro Universitário de Bauru;-;(14) 2107 5051;www.ite.edu.br;roberval@ite.edu.br;Praça Nove de Julho - 1-51 - CEP: 17050-790 - Vila Pacífico;Bauru;SP;Centro Universitário;EAD - Superior / Presencial - Superior /;Privada;Privada sem fins lucrativos;12/07/1952;4;2017;5;2021;4;2023;;;;Ativa
277;CENTRO DE ENSINO UNIFICADO DE BRASILIA CEUB;00.059.857/0001-87;Pessoa Jurídica de Direito Privado - Sem fins lucrativos - Associação de Utilidade Pública;402;CENTRO UNIVERSITÁRIO DE BRASÍLIA (UNICEUB);UNICEUB;(61) 39661589;www.uniceub.br;regulacao@uniceub.br;Eqn 707 907 Conjunto C - S/N - CEP: 70790-075 - Asa Norte;Brasília;DF;Centro Universitário;EAD - Superior / Presencial - Superior /;Privada;Privada sem fins lucrativos;26/04/1968;5;2024;5;2019;4;2023;;;;Ativa
70;FUNDACAO EDUCACIONAL DE BRUSQUE - FEBE;83.128.769/0001-17;Fundação Pública de Direito Privado Municipal;87;CENTRO UNIVERSITÁRIO DE BRUSQUE (UNIFEBE);UNIFEBE;32117000;www.unifebe.edu.br;reitoria@unifebe.edu.br;Rua Vendelino Mafezzolli - 333 - CEP: 88352-360 - Santa Terezinha;Brusque;SC;Centro Universitário;EAD - Superior / Presencial - Superior /;Privada;Privada sem fins lucrativos;29/08/2003;5;2023;4;2016;4;2023;;;;Ativa
384;FUNDACAO EDUCACIONAL DE CARATINGA FUNEC;19.325.547/0001-95;Privada sem fins lucrativos;3966;CENTRO UNIVERSITÁRIO DE CARATINGA (UNEC);UNEC;(33) 3322 7900 Ramal 7902;www.unec.edu.br;sra@funec.br;Av. Moacyr de Mattos - 87 - CEP: 35300-047 - Centro;Caratinga;MG;Centro Universitário;EAD - Superior / Presencial - Superior /;Privada;Privada sem fins lucrativos;22/05/1968;3;2024;3;2022;3;2023;;;;Ativa
1249;INSTITUTO DE ENSINO SUPERIOR ANCHIETA;81.908.386/0001-36;Pessoa Jurídica de Direito Privado - Sem fins lucrativos - Associação de Utilidade Pública;1900;Centro Universitário de Ensino, Ciência e Tecnologia do Paraná (UniEnsino);UniEnsino;(41) 98404-7693;www.faculdadeanchieta.edu.br;"uniensino@querouniensino.com.br; anchieta@faculdadeanchieta.edu.br";Rua Tenente Tito Teixeira de Castro - 1222 - CEP: 81670-430 - Boqueirão;Curitiba;PR;Centro Universitário;EAD - Superior / Presencial - Superior /;Privada;Privada sem fins lucrativos;14/12/2001;5;2024;4;2024;3;2023;;;;Ativa
492;FUNDACAO EDUCACIONAL DE FERNANDOPOLIS;49.678.881/0001-93;Privada sem fins lucrativos;1299;Centro Universitário de Fernandópolis (UNIFEF);UNIFEF;(17)34650000;www.fef.br;unifef@unifef.edu.br;Avenida Theotonio Vilela - 1685 - CEP: 15608-380 - Jardim Vitória;Fernandópolis;SP;Centro Universitário;Presencial - Superior;Privada;Privada sem fins lucrativos;14/03/1997;4;2025;-;;4;2023;;;;Ativa
215;FUNDACAO EDUCACIONAL DE FORMIGA-MG - FUOM;20.501.128/0001-46;Privada sem fins lucrativos;3983;CENTRO UNIVERSITÁRIO DE FORMIGA (UNIFORMG);UNIFORMG;(37) 3329 1400 / (37)3329-1455;www.uniformg.edu.br;uniformg@uniformg.edu.br;Avenida Doutor Arnaldo de Senna - 328 - CEP: 35574-530 - Palmeiras;Formiga;MG;Centro Universitário;EAD - Superior / Presencial - Superior /;Privada;Privada sem fins lucrativos;05/08/2004;5;2024;5;2019;3;2023;;;;Ativa
568;FUNDACAO DE ENSINO SUPERIOR DE GOIATUBA;01.494.665/0001-61;Pessoa Jurídica de Direito Público - Municipal;824;CENTRO UNIVERSITÁRIO DE GOIATUBA (UNICERRADO);UNICERRADO;(64) 99209-3844;www.unicerrado.edu.br;reitoria@unicerrado.edu.br;Rod Go 320 - s/n - CEP: 75600-000 - Jardim Santa Paula;Goiatuba;GO;Centro Universitário;Presencial - Superior;Publica;Especial;27/09/1988;-;;-;;3;2023;;;;Ativa
40;FUNDACAO DE ENSINO E PESQUISA DE ITAJUBA;21.041.264/0001-63;Privada sem fins lucrativos;1869;CENTRO UNIVERSITÁRIO DE ITAJUBÁ (FEPI);FEPI;(35)36298400;www.fepi.br;"reitoria@fepi.br;madisson@fepi.br;erwinmadisson@gmail.com";Avenida Dr. Antonio Braga Filho - 687 - CEP: 37501-002 - Varginha;Itajubá;MG;Centro Universitário;EAD - Superior / Presencial - Superior /;Privada;Privada sem fins lucrativos;16/03/2001;5;2018;4;2022;4;2023;;;;Ativa
291;ASSOCIACAO EDUCACIONAL DE JALES;50.575.976/0001-60;Pessoa Jurídica de Direito Privado - Sem fins lucrativos - Associação de Utilidade Pública;1224;CENTRO UNIVERSITÁRIO DE JALES (UNIJALES);UNIJALES;(17) 3622 1620;www.unijales.edu.br;rosinei@unijales.edu.br;Avenida Francisco Jales - 1851 - CEP: 15703-200 - Loteamento Avenida;Jales;SP;Centro Universitário;EAD - Superior / Presencial - Superior /;Privada;Privada sem fins lucrativos;30/03/1970;4;2019;5;2018;3;2023;;;Em supervisão - Procedimento Sancionador;Ativa
2129;FUNDACAO EDUCACIONAL DE LAVRAS;22.075.444/0001-29;Privada sem fins lucrativos;3372;CENTRO UNIVERSITÁRIO DE LAVRAS (UNILAVRAS);UNILAVRAS;(35)36948136 e/ou (35)36948134;www.unilavras.edu.br;"reitoria@unilavras.edu.br;christiane@unilavras.edu.br;proen@unilavras.edu.br";Rua Padre José Poggel - 506 - CEP: 37203-593 - Padre Dehon;Lavras;MG;Centro Universitário;EAD - Superior / Presencial - Superior /;Privada;Privada sem fins lucrativos;04/01/1966;5;2024;5;2022;4;2023;;;;Ativa
232;FUNDACAO PAULISTA DE TECNOLOGIA E EDUCACAO;51.665.727/0001-29;Privada sem fins lucrativos;1846;CENTRO UNIVERSITÁRIO DE LINS (UNILINS);UNILINS;(14) 3533 3200;www.unilins.edu.br;secretaria@unilins.edu.br;Avenida Nicolau Zarvos - 1925 - CEP: 16401-371 - Jardim Aeroporto;Lins;SP;Centro Universitário;EAD - Superior / Presencial - Superior /;Privada;Privada sem fins lucrativos;07/05/2001;4;2023;4;2022;3;2023;;;;Ativa
1891;ASSOCIACAO EDUCACIONAL DE PATOS DE MINAS - AEPM;03.238.898/0001-29;Privada sem fins lucrativos;2915;CENTRO UNIVERSITÁRIO DE MINAS GERAIS (UNIMG);UNIMG;(34) 3818 2300;www.faculdadepatosdeminas.edu.br;direcao.projetos@faculdadepatosdeminas.edu.br;Avenida Juscelino Kubitschek de Oliveira - 1200 - CEP: 38706-401 - Cidade Nova;Patos de Minas;MG;Centro Universitário;EAD - Superior / Presencial - Superior /;Privada;Privada sem fins lucrativos;09/05/2005;5;2024;4;2018;3;2023;;;;Ativa
565;FUNDACAO INTEGRADA MUNICIPAL DE ENSINO SUPERIOR;01.465.988/0001-27;Pessoa Jurídica de Direito Público - Municipal;4396;CENTRO UNIVERSITÁRIO DE MINEIROS (UNIFIMES);UNIFIMES;(64) 36725100;www.unifimes.edu.br;unifimes@unifimes.edu.br;Rua 22 - S/N - CEP: 75830-000 - Setor Aeroporto;Mineiros;GO;Centro Universitário;EAD - Superior / Presencial - Superior /;Publica;Especial;11/03/1985;-;;-;;3;2023;;;;Ativa
2128;FUNDACAO EDUCACIONAL DE PATOS DE MINAS;23.354.848/0001-14;Privada sem fins lucrativos;3371;CENTRO UNIVERSITÁRIO DE PATOS DE MINAS (UNIPAM);UNIPAM;3.438.230.331;www.unipam.edu.br;profhenrique@unipam.edu.br;Rua Major Gote - 808 - CEP: 38702-054 - Caiçaras;Patos de Minas;MG;Centro Universitário;EAD - Superior / Presencial - Superior /;Privada;Privada sem fins lucrativos;15/04/1970;5;2019;5;2023;4;2023;;;;Ativa
1007;CENTRO DE ENSINO SUPERIOR DE PINHAIS LTDA.;03.059.298/0001-01;Pessoa Jurídica de Direito Privado - Sem fins lucrativos - Associação de Utilidade Pública;1535;Centro Universitário de Pinhais (FAPI);FAPI;11) 97426-2837;www.fapi-pinhais.edu.br;processos.regulatorios@cruzeirodosul.edu.br;Avenida Camilo Di Lellis - 1065 - CEP: 83323-000 - Centro;Pinhais;PR;Centro Universitário;EAD - Superior / Presencial - Superior /;Privada;Privada sem fins lucrativos;27/06/2000;4;2023;4;2019;3;2023;;;;Ativa
447;FUNDACAO MUNICIPAL DE EDUCACAO E CULTURA - FUNEC;47.527.288/0001-10;Pessoa Jurídica de Direito Público - Municipal;1356;CENTRO UNIVERSITÁRIO DE SANTA FÉ DO SUL (UNIFUNEC);UNIFUNEC;(17) 36419000;www.unifunec.edu.br;reitoria@funecsantafe.edu.br;Avenida Mangará - 477 - CEP: 15775-000 - JARDIM MANGARÁ;Santa Fé do Sul;SP;Centro Universitário;Presencial - Superior;Publica;Especial;06/01/1998;-;;-;;3;2023;;;;Ativa
84;FUNDACAO EDUCACIONAL MONSENHOR MESSIAS;25.002.155/0001-98;Privada sem fins lucrativos;4962;CENTRO UNIVERSITÁRIO DE SETE LAGOAS (UNIFEMM);UNIFEMM;(31) 2106 2106;www.unifemm.edu.br;secretariageral@unifemm.edu.br;Avenida Marechal Castelo Branco - 2.765 - CEP: 35701-242 - Santo Antônio;Sete Lagoas;MG;Centro Universitário;EAD - Superior / Presencial - Superior /;Privada;Privada sem fins lucrativos;24/04/1970;4;2023;4;2022;3;2023;;;;Ativa
337;FUNDACAO EDUCACIONAL D ANDRE ARCOVERDE;32.354.011/0001-66;Privada sem fins lucrativos;490;CENTRO UNIVERSITÁRIO DE VALENÇA (UNIFAA);UNIFAA;(24)24530700;www.unifaa.edu.br;"reitoria@faa.edu.br;marcio.martins@faa.edu.br;carlos.carvalho@faa.edu.br;tauller.matos@faa.edu.br";Rua Sargento Vitor Hugo - 219 - CEP: 27600-000 - Fátima;Valença;RJ;Centro Universitário;EAD - Superior / Presencial - Superior /;Privada;Privada sem fins lucrativos;17/03/1965;5;2018;5;2023;4;2023;;;;Ativa
546;IEMAT SOCIEDADE EDUCACIONAL LTDA;02.485.183/0001-08;Pessoa Jurídica de Direito Privado - Sem fins lucrativos - Associação de Utilidade Pública;794;CENTRO UNIVERSITÁRIO DE VÁRZEA GRANDE (UNIVAG);UNIVAG;(65) 3688-6006;www.univag.edu.br;univag@univag.edu.br;Avenida Dom Orlando Chaves - 2655 - CEP: 78118-187 - Cristo Rei;Várzea Grande;MT;Centro Universitário;EAD - Superior / Presencial - Superior /;Privada;Privada sem fins lucrativos;21/04/1989;5;2023;5;2024;4;2023;;;Unificação de Mantidas;Ativa
336;FUNDACAO OSWALDO ARANHA;32.504.995/0001-14;Privada sem fins lucrativos;489;CENTRO UNIVERSITÁRIO DE VOLTA REDONDA (UNIFOA);UNIFOA;(24) 33408400;www.unifoa.edu.br;"unifoa@foa.org.br; ivanete.oliveira@foa.org.br; fernanda.paula@foa.org.br";Avenida Dauro Peixoto Aragão - 1325 - CEP: 27240-560 - Três Poços;Volta Redonda;RJ;Centro Universitário;EAD - Superior / Presencial - Superior /;Privada;Privada sem fins lucrativos;22/05/1968;5;2024;5;2021;4;2023;;;;Ativa
160;FUNDACAO EDUCACIONAL DE VOTUPORANGA;45.164.654/0001-99;Privada sem fins lucrativos;222;CENTRO UNIVERSITÁRIO DE VOTUPORANGA (UNIFEV);UNIFEV;(17) 3405 9999;www.unifev.edu.br;izasilva@fev.edu.br;Rua Pernambuco - 4196 - CEP: 15500-006 - Patrimônio Novo;Votuporanga;SP;Centro Universitário;EAD - Superior / Presencial - Superior /;Privada;Privada sem fins lucrativos;13/07/1968;5;2018;5;2019;3;2023;;;;Ativa
255;FUNDACAO COMUNITARIA EDUCACIONAL E CULTURAL PATROCINIO;17.839.812/0001-28;Privada sem fins lucrativos;1450;CENTRO UNIVERSITÁRIO DO CERRADO-PATROCÍNIO (UNICERP);UNICERP;(34) 3839 3737;www.unicerp.edu.br;reitoria@unicerp.edu.br;Avenida Liria Terezinha Lassi Capuano - 466 - CEP: 38747-792 - Universitário;Patrocínio;MG;Centro Universitário;Presencial - Superior;Privada;Privada sem fins lucrativos;05/03/1974;4;2023;-;;3;2023;;;;Ativa
218;INSTITUTO ENSINAR BRASIL;19.322.494/0001-59;Pessoa Jurídica de Direito Privado - Sem fins lucrativos - Associação de Utilidade Pública;5370;Centro Universitário Doctum de Teófilo Otoni (UNIDOCTUM);UNIDOCTUM;(33)3322 6321/ 3322 6329 / 3322 6323;www.doctum.edu.br;"diretoria@doctum.edu.br; morgana@doctum.edu.br";Rua Gustavo Leonardo - 1.127 - CEP: 39801-260 - São Jacinto;Teófilo Otoni;MG;Centro Universitário;EAD - Superior / Presencial - Superior /;Privada;Privada sem fins lucrativos;16/12/2002;4;2018;5;2017;3;2023;;;;Ativa
206;UNIAO DE EDUCACAO E CULTURA GILDASIO AMADO LTDA;27.496.819/0001-48;Privada com fins lucrativos;1559;CENTRO UNIVERSITÁRIO DO ESPÍRITO SANTO UNESC (UNESC);UNESC;(27) 3723 3000;www.unesc.br;fchiepe@unesc.br;Avenida Fioravante Rossi - 2930 - CEP: 29703-858 - Martinelli;Colatina;ES;Centro Universitário;EAD - Superior / Presencial - Superior /;Privada;Privada sem fins lucrativos;17/04/1967;5;2023;5;2022;4;2023;;;;Ativa
544;ASSOCIACAO CULTURAL E EDUCACIONAL DO PARA;15.254.949/0001-95;Privada sem fins lucrativos;792;CENTRO UNIVERSITÁRIO DO ESTADO DO PARÁ (CESUPA);CESUPA;(91) 4009-2100 / 4009-9100;www.cesupa.br;cesupa@cesupa.br;Avenida Governador José Malcher - 1963 - CEP: 66060-232 - São Brás;Belém;PA;Centro Universitário;EAD - Superior / Presencial - Superior /;Privada;Privada sem fins lucrativos;06/01/1989;5;2024;5;2019;4;2023;;;Adesão ao PROIES;Ativa
168;INSTITUTO MAUA DE TECNOLOGIA IMT;60.749.736/0001-99;Pessoa Jurídica de Direito Privado - Sem fins lucrativos - Associação de Utilidade Pública;1445;CENTRO UNIVERSITÁRIO DO INSTITUTO MAUÁ DE TECNOLOGIA (CEUN-IMT);CEUN-IMT;(11) 4239 3000;www.maua.br;ceun@maua.br;Praça Mauá - 1 - CEP: 09580-900 - Mauá;São Caetano do Sul;SP;Centro Universitário;EAD - Superior / Presencial - Superior /;Privada;Privada sem fins lucrativos;26/06/1962;4;2018;4;2022;4;2023;;;;Ativa
327;ASSOCIACAO EDUCACIONAL DOM BOSCO;31.463.235/0001-43;Pessoa Jurídica de Direito Privado - Sem fins lucrativos - Associação de Utilidade Pública;473;Centro Universitário Dom Bosco do Rio de Janeiro (UniDomBosco-RJ);UniDomBosco-RJ;(24) 33 83 9000;www.aedb.br;esteves@aedb.br;Avenida Professor Antonio Esteves - 01 - CEP: 27523-000 - Morada da Colina;Resende;RJ;Centro Universitário;EAD - Superior / Presencial - Superior /;Privada;Privada sem fins lucrativos;28/08/1968;5;2022;5;2019;3;2023;;;Unificação de Mantidas;Ativa
1856;FUNDACAO MOVIMENTO DIREITO E CIDADANIA - FUNDACAO MDC;02.475.083/0001-09;Privada sem fins lucrativos;216;Centro Universitário Dom Helder (UNIDOM);UNIDOM;(31) 21258800;www.domhelder.edu.br;secretaria@domhelder.edu.br;Rua Álvares Maciel - 628 - CEP: 30150-250 - Santa Efigênia;Belo Horizonte;MG;Centro Universitário;EAD - Superior / Presencial - Superior /;Privada;Privada sem fins lucrativos;27/07/1972;4;2008;3;2015;3;2023;;;Unificação de Mantidas;Ativa
338;ASSOCIACAO AMPARO AOS PRAIANOS DO GUARUJA;48.703.227/0001-20;Privada sem fins lucrativos;491;CENTRO UNIVERSITÁRIO DON DOMÊNICO (UNIDON);UNIDON;(13) 33083000;www.unidon.edu.br;"secretariafaculdade@dondomenico.com.br;fernandopassaes@dondomenico.com.br";Av. Dr. Arthur Costa Filho - 20 - CEP: 11410-080 - Vila Maia;Guarujá;SP;Centro Universitário;EAD - Superior / Presencial - Superior /;Privada;Privada sem fins lucrativos;29/09/1972;4;2024;4;2021;3;2023;;;Adesão ao PROIES;Ativa
2405;CENESUP - CENTRO NACIONAL DE ENSINO SUPERIOR LTDA;05.474.470/0001-00;Privada com fins lucrativos;1422;CENTRO UNIVERSITÁRIO DO NORTE (UNINORTE);UNINORTE;(81) 3413-4611;http://www.uninorte.com.br;emec@sereducacional.com;Av. Getúlio Vargas - 604 - CEP: 69020-010 - centro;Manaus;AM;Centro Universitário;EAD - Superior / Presencial - Superior /;Privada;Privada sem fins lucrativos;14/07/1994;5;2023;4;2023;3;2023;;;Unificação de Mantidas;Ativa
17941;CIERP - CENTRO INTEGRADO DE ENSINO SUPERIOR DE RIO PRETO;37.165.058/0001-03;Pessoa Jurídica de Direito Privado - Sem fins lucrativos - Associação de Utilidade Pública;1129;CENTRO UNIVERSITÁRIO DO NORTE DE SÃO PAULO (UNORTE);UNORTE;(17) 3203-2500;www.unorte.edu.br;"unorte@unorte.edu.br; nai@unorte.edu.br";Rua Ipiranga - 3460 - CEP: 15020-040 - Jardim Alto Rio Preto;São José do Rio Preto;SP;Centro Universitário;EAD - Superior / Presencial - Superior /;Privada;Privada sem fins lucrativos;21/02/1972;4;2023;4;2019;3;2023;;;;Ativa
78;FUNDACAO CULTURAL DE ARAXA;17.806.696/0001-40;Privada sem fins lucrativos;1575;CENTRO UNIVERSITÁRIO DO PLANALTO DE ARAXÁ (UNIARAXÁ);UNIARAXÁ;(34)3669 2000;www.uniaraxa.edu.br;"reitoria@uniaraxa.edu.br;raquelveloso@uniaraxa.edu.br";Av. Ministro Olavo Drummond - 5 - CEP: 38180-084 - SÃO GERALDO;Araxá;MG;Centro Universitário;EAD - Superior / Presencial - Superior /;Privada;Privada sem fins lucrativos;27/08/1973;5;2024;5;2024;3;2023;;;;Ativa
846;LIGA DE ENSINO DO RIO GRANDE DO NORTE;08.340.515/0001-42;Pessoa Jurídica de Direito Privado - Sem fins lucrativos - Associação de Utilidade Pública;1264;CENTRO UNIVERSITÁRIO DO RIO GRANDE DO NORTE (UNI-RN);UNI-RN;(84) 32152917;http://www.unirn.edu.br;"unirn@unirn.edu.br; patricia@unirn.edu.br";Rua Prefeita Eliane Barros - 2000 - CEP: 59014-540 - Tirol;Natal;RN;Centro Universitário;EAD - Superior / Presencial - Superior /;Privada;Privada sem fins lucrativos;24/12/1998;4;2024;5;2018;4;2023;;;;Ativa
2124;FUNDACAO DE ENSINO E PESQUISA DO SUL DE MINAS;21.420.856/0001-96;Pessoa Jurídica de Direito Privado - Sem fins lucrativos - Fundação;3368;CENTRO UNIVERSITÁRIO DO SUL DE MINAS (UNIS-MG);UNIS-MG;(35)3219-5000;unis.edu.br;"p.institucional@unis.edu.br;dimitri.barbosa@unis.edu.br";Avenda Alzira Barra Gazzola - 650 - CEP: 37031-099 - Aeroporto;Varginha;MG;Centro Universitário;EAD - Superior / Presencial - Superior /;Privada;Privada sem fins lucrativos;16/07/1965;5;2023;5;2019;3;2023;;;;Ativa
435;ASSOCIACAO SALGADO DE OLIVEIRA DE EDUCACAO E CULTURA;28.638.393/0001-82;Pessoa Jurídica de Direito Privado - Sem fins lucrativos - Associação de Utilidade Pública;142;CENTRO UNIVERSITÁRIO DO TRIÂNGULO (UNITRI);UNITRI;(21) 2138-4945;www.unitri.edu.br;reitoria@nt.universo.edu.br;Av. Nicomedes Alves dos Santos - 4545 - CEP: 38411-106 - Gávea;Uberlândia;MG;Centro Universitário;Presencial - Superior;Privada;Privada sem fins lucrativos;31/10/1997;5;2024;-;;3;2023;;;;Ativa
882;ASSOCIACAO EDUCACIONAL DO VALE DA JURUMIRIM;02.330.820/0001-77;Privada sem fins lucrativos;1322;Centro Universitário Eduvale Uneduvale;-;(14)3733-8585;www.eduvaleavare.com.br;reitoria@eduvaleavare.com.br;Avenida Pref. Misael Euphrasio Leal - 347 - CEP: 18705-050 - Jardim América;Avaré;SP;Centro Universitário;Presencial - Superior;Privada;Privada sem fins lucrativos;23/06/1999;4;2023;-;;4;2023;;;;Ativa
699;ASSOCIACAO LIMEIRENSE DE EDUCACAO E CULTURA;56.985.377/0001-00;Pessoa Jurídica de Direito Privado - Sem fins lucrativos - Associação de Utilidade Pública;1444;Centro Universitário Einstein de Limeira (UniEinstein);UniEinstein;(19) 34049594;www.einsteinlimeira.com.br;jesus@einstein-net.com.br;Rua Raul Machado - 134 - CEP: 13485-024 - Vila Queiroz;Limeira;SP;Centro Universitário;EAD - Superior / Presencial - Superior /;Privada;Privada sem fins lucrativos;29/12/1994;4;2023;4;2022;3;2023;;;;Ativa
190;FUNDACAO DE ASSISTENCIA E EDUCACAO - FAESA;27.014.042/0001-38;Privada sem fins lucrativos;267;CENTRO UNIVERSITÁRIO ESPÍRITO-SANTENSE/FAESA;-;(27) 2122- 4100;www.faesa.br;faesa@faesa.br;Rua Anselmo Serrat - 199 - CEP: 29053-250 - Ilha de Monte Belo;Vitória;ES;Centro Universitário;EAD - Superior / Presencial - Superior /;Privada;Privada sem fins lucrativos;18/07/1972;5;2023;-;;4;2023;;;;Ativa
298;FUNDACAO DE ENSINO EURIPIDES SOARES DA ROCHA;52.059.573/0001-94;Privada sem fins lucrativos;3529;CENTRO UNIVERSITÁRIO EURÍPEDES DE MARÍLIA (UNIVEM);UNIVEM;(14)21050833;http://www.univem.edu.br;fundacao@univem.edu.br;Avenida Higyno Muzzy Filho - 529 - CEP: 17525-901 - Campus Universitário;Marília;SP;Centro Universitário;EAD - Superior / Presencial - Superior /;Privada;Privada sem fins lucrativos;02/02/1970;5;2023;5;2019;3;2023;;;;Ativa
267;ASSOCIACAO EDUCATIVA EVANGELICA;01.060.102/0001-65;Pessoa Jurídica de Direito Privado - Sem fins lucrativos - Associação de Utilidade Pública;3789;CENTRO UNIVERSITÁRIO EVANGÉLICO DE GOIANÉSIA (UNIEGO);UNIEGO;(62) 3353 6260 e 3353 4280;www.uniego.edu.br;"jose.santos@uniego.edu.br; matildes.oliveira@uniego.edu.br";Av Avenida Brasil - 1000 - CEP: 76385-608 - Covoa;Goianésia;GO;Centro Universitário;Presencial - Superior;Privada;Privada sem fins lucrativos;02/03/2005;5;2024;-;;4;2023;;;;Ativa
444;ASSOCIACAO CULTURAL DE RENOVACAO TECNOLOGICA SOROCABANA;45.718.988/0001-67;Pessoa Jurídica de Direito Privado - Sem fins lucrativos - Associação de Utilidade Pública;672;CENTRO UNIVERSITÁRIO FACENS (UniFACENS);UniFACENS;(15) 3238-1188;www.facens.br;ana.matias@facens.br;Rodovia Senador José Ermírio de Moraes, Km 1,5 - 1425 - CEP: 18087-125 - Alto da Boa Vista;Sorocaba;SP;Centro Universitário;EAD - Superior / Presencial - Superior /;Privada;Privada sem fins lucrativos;01/10/1976;5;2024;5;2019;4;2023;;;;Ativa
485;CENTRO INTEGRADO PARA FORMACAO DE EXECUTIVOS;08.241.911/0001-12;Pessoa Jurídica de Direito Privado - Sem fins lucrativos - Associação de Utilidade Pública;724;Centro Universitário FACEX (UNIFACEX);UNIFACEX;(84) 32351415/991775002;www.unifacex.com.br;"secretaria@unifacex.edu.br;oswaldo@unifacex.edu.br; prorac@unifacex.edu.br";Rua Orlando Silva - 2896 - CEP: 59080-020 - Capim Macio;Natal;RN;Centro Universitário;EAD - Superior / Presencial - Superior /;Privada;Privada sem fins lucrativos;06/05/1981;5;2023;5;2018;3;2023;;;;Ativa
1119;ASSOCIACAO VITORIENSE DE EDUCACAO, CIENCIAS E CULTURA - AVEC;03.391.726/0001-90;Privada sem fins lucrativos;1697;CENTRO UNIVERSITÁRIO FACOL (UNIFACOL);UNIFACOL;(81) 3523-0103;www.facol.net;direcao.academica@unifacol.edu.br;Rua do Estudante - 85 - CEP: 55612-285 - Universitário;Vitória de Santo Antão;PE;Centro Universitário;EAD - Superior / Presencial - Superior /;Privada;Privada sem fins lucrativos;02/04/2001;4;2024;5;2018;3;2023;;;;Ativa
16975;INSTITUTO NACIONAL DE ESPECIALIZACAO, EDUCACAO E QUALIFICACAO PROFISSIONAL - INEEQ;22.948.791/0001-19;Pessoa Jurídica de Direito Privado - Sem fins lucrativos - Associação de Utilidade Pública;17608;Centro Universitário Faep;-;(11) 3564-1256;www.faculdadespaulistanas.edu.br;diretoria@ineq.com.br;Rua Cordeiro da Silva - 185 - CEP: 02883-090 - Vila Nova Parada;São Paulo;SP;Centro Universitário;EAD - Superior / Presencial - Superior /;Privada;Privada sem fins lucrativos;10/08/2015;4;2023;4;2023;3;2023;;;;Ativa
789;ASSOCIACAO EDUCACIONAL DE VITORIA;32.478.380/0001-60;Pessoa Jurídica de Direito Privado - Sem fins lucrativos - Associação de Utilidade Pública;1379;Centro Universitário FAESA;-;(27) 2122 4500;www.faesa.br;siomara@faesa.br;Rua Alsemo Serrat - 199 - CEP: 29010-200 - Monte Belo;Vitória;ES;Centro Universitário;Presencial - Superior;Privada;Privada sem fins lucrativos;02/12/1994;4;2019;4;2022;4;2023;;;;Ativa
323;ASSOCIACAO BRASILEIRA DE ENSINO UNIVERSITARIO ABEU;30.831.606/0001-30;Privada sem fins lucrativos;3294;CENTRO UNIVERSITÁRIO FAVENI (UNIFAVENI);UNIFAVENI;33 98890-9230;;diretoria@faveni.edu.br;Rua do Rosário - 313 - CEP: 07111-080 - Macedo;Guarulhos;SP;Centro Universitário;EAD - Superior / Presencial - Superior /;Privada;Privada sem fins lucrativos;16/12/2002;4;2023;5;2018;3;2023;;;;Ativa
176;FUNDACAO INSTITUTO DE ENSINO PARA OSASCO;73.063.166/0001-20;Privada sem fins lucrativos;244;CENTRO UNIVERSITÁRIO FIEO (UNIFIEO);UNIFIEO;(11) 4550-3638;www.unifieo.br;"reitoria@unifieo.br;planejamento@unifieo.br";AV FRANZ VOEGELI - 300 - CEP: 06020-190 - VILA YARA;Osasco;SP;Centro Universitário;EAD - Superior / Presencial - Superior /;Privada;Privada sem fins lucrativos;18/04/1969;4;2019;4;2022;3;2023;;;;Ativa
299;INSTITUTO FILADELFIA DE LONDRINA;78.624.202/0001-00;Pessoa Jurídica de Direito Privado - Sem fins lucrativos - Associação de Utilidade Pública;430;CENTRO UNIVERSITÁRIO FILADÉLFIA (UNIFIL);UNIFIL;(43) 3375-7500;www.unifil.br;caa@unifil.br;Avenida Juscelino Kubitscheck - 1626 - CEP: 86020-000 - Centro;Londrina;PR;Centro Universitário;EAD - Superior / Presencial - Superior /;Privada;Privada sem fins lucrativos;07/08/1972;5;2023;5;2022;3;2023;;;;Ativa
347;FUNDACAO CULTURAL DE CAMPOS;28.977.742/0001-90;Privada sem fins lucrativos;4030;CENTRO UNIVERSITÁRIO FLUMINENSE (UNIFLU);UNIFLU;(22) 2101 3350;www.uniflu.edu.br;reitoria@uniflu.edu.br;Rua Tenente-Coronel Cardoso - 349 - CEP: 28010-801 - Centro;Campos dos Goytacazes;RJ;Centro Universitário;Presencial - Superior;Privada;Privada sem fins lucrativos;25/01/1960;4;2024;-;;3;2023;;;;Ativa
162;FUNDACAO DO ABC;57.571.275/0001-00;Fundação Pública de Direito Privado Municipal;224;Centro Universitário FMABC (FMABC);FMABC;(11) 4993 5413;www.fmabc.br;reitoria@fmabc.net - Fernando Luiz Affonso Fonseca (Reitor);Avenida Príncipe de Gales - 821 - CEP: 09060-650 - Príncipe de Gales;Santo André;SP;Centro Universitário;Presencial - Superior;Privada;Privada sem fins lucrativos;07/02/1969;5;2024;4;2022;4;2023;;;;Ativa
116;CONGREGACAO DE SANTA DOROTEIA DO BRASIL;10.847.747/0001-33;Pessoa Jurídica de Direito Privado - Sem fins lucrativos - Associação de Utilidade Pública;160;Centro Universitário Frassinetti do Recife (UniFAFIRE);UniFAFIRE;(81) 2122-3500;www.fafire.br;mdasgracas@fafire.br;Avenida Conde da Boa Vista - 921 - CEP: 50060-002 - Boa Vista;Recife;PE;Centro Universitário;Presencial - Superior;Privada;Privada sem fins lucrativos;05/11/1940;5;2023;-;;3;2023;;;;Ativa
779;FUNDACAO COMUNITARIA DE ENSINO SUPERIOR DE ITABIRA;73.610.818/0001-08;Privada sem fins lucrativos;545;Centro Universitário FUNCESI (UNIFUNCESI);UNIFUNCESI;(31)3839-3797;www.funcesi.br;"flavia.pantuza@funcesi.br;ana.caldeira@funcesi.br; vivianfer@gmail.com; ely.pires@funcesi.br";RUA VENÂNCIO AUGUSTO GOMES - 50 - CEP: 35900-972 - MAJOR LAGE DE CIMA;Itabira;MG;Centro Universitário;EAD - Superior / Presencial - Superior /;Privada;Privada sem fins lucrativos;30/12/1994;4;2021;4;2022;3;2023;;;;Ativa
171;FUNDACAO DE ENSINO OCTAVIO BASTOS;59.764.555/0001-52;Privada sem fins lucrativos;1836;CENTRO UNIVERSITÁRIO FUNDAÇÃO DE ENSINO OCTÁVIO BASTOS - FEOB (UNIFEOB);UNIFEOB;19992596070;www.unifeob.edu.br;patricia.furlanetto@unifeob.edu.br;Av. Dr. Octávio da Silva Bastos - 2439 - CEP: 13874-159 - Jardim Nova São João;São João da Boa Vista;SP;Centro Universitário;EAD - Superior / Presencial - Superior /;Privada;Privada sem fins lucrativos;30/08/1966;4;2020;5;2019;4;2023;;;;Ativa
149;FUNDACAO SANTO ANDRE;57.538.696/0001-21;Fundação Pública de Direito Privado Municipal;2183;CENTRO UNIVERSITÁRIO FUNDAÇÃO SANTO ANDRÉ (CUFSA);CUFSA;"(11) 4979-3403; 4979-3309";www.fsa.br;reitoria@fsa.br;Avenida Príncipe de Gales - 821 - CEP: 09060-650 - -;Santo André;SP;Centro Universitário;EAD - Superior / Presencial - Superior /;Privada;Privada sem fins lucrativos;23/06/1962;5;2021;5;2021;3;2023;;;;Ativa
3450;FUNDACAO UNIVERSITARIA VIDA CRISTA;07.761.666/0001-01;Pessoa Jurídica de Direito Privado - Sem fins lucrativos - Fundação;2494;Centro Universitário FUNVIC (UNIFUNVIC);UNIFUNVIC;(12) 3648 8323 3648-8324;www.unifunvic.edu.br;prga@unifunvic.edu.br;ESTRADA RADIALISTA PERCY LACERDA - 1.000 - CEP: 12412-825 - PINHÃO DO BORBA;Pindamonhangaba;SP;Centro Universitário;EAD - Superior / Presencial - Superior /;Privada;Privada sem fins lucrativos;27/06/2002;5;2024;4;2018;3;2023;;;;Ativa
787;ASSOCIACAO DE CULTURA E EDUCACAO SANTA TERESA;68.701.929/0001-81;Privada sem fins lucrativos;1141;CENTRO UNIVERSITÁRIO GAMA E SOUZA;-;(21) 22905959 e 22901984;www.gamaesouza.edu.br;"gamaesouza.edu@gmail.com;educont2017@hotmail.com";Avenida Fernando Mattos - 48 - CEP: 22261-090 - Barra da Tijuca;Rio de Janeiro;RJ;Centro Universitário;EAD - Superior / Presencial - Superior /;Privada;Privada sem fins lucrativos;14/07/1998;5;2024;5;2024;3;2023;;;;Ativa
329;FUNDACAO EDUCACIONAL ROSEMAR PIMENTEL;28.577.153/0001-15;Privada sem fins lucrativos;1542;CENTRO UNIVERSITÁRIO GERALDO DI BIASE (UGB);UGB;(24) 3345.1708;www.ugb.edu.br;reitoria@ugb.edu.br;Rua Deputado Geraldo Di Biase - 81 - CEP: 27213-080 - Aterrado;Volta Redonda;RJ;Centro Universitário;EAD - Superior / Presencial - Superior /;Privada;Privada sem fins lucrativos;07/07/2000;4;2023;4;2023;3;2023;;;;Ativa
201;ORGANIZACAO HELIO ALONSO DE EDUCACAO E CULTURA OHAEC;42.159.491/0001-68;Pessoa Jurídica de Direito Privado - Sem fins lucrativos - Associação de Utilidade Pública;279;Centro Universitário Hélio Alonso (Unifacha);Unifacha;(21) 2102 3100 - (21)21023162;www.unifacha.edu.br;alessandra.canha@facha.edu.br;Rua Muniz Barreto - 51 - CEP: 22251-090 - Botafogo;Rio de Janeiro;RJ;Centro Universitário;EAD - Superior / Presencial - Superior /;Privada;Privada sem fins lucrativos;24/01/1972;5;2023;5;2021;3;2023;;;;Ativa
1765;UNIAO EDUCACIONAL, CULTURAL E TECNOLOGICA IMPACTA - UNI.IMPACTA;59.069.914/0001-51;Pessoa Jurídica de Direito Privado - Sem fins lucrativos - Associação de Utilidade Pública;5387;CENTRO UNIVERSITÁRIO IMPACTA (IMPACTA);IMPACTA;(11) 5593-5385;www.impacta.edu.br;"pedro.alves@impacta.com.br;ANDRE@IMPACTA.COM.BR";Rua Cubatão - 726 - CEP: 04013-000 - Vila Mariana;São Paulo;SP;Centro Universitário;EAD - Superior / Presencial - Superior /;Privada;Privada sem fins lucrativos;19/03/2003;5;2024;4;2019;3;2023;;;;Ativa
1390;ASSOCIACAO IGREJA ADVENTISTA MISSIONARIA - AIAMIS;03.365.403/0001-22;Pessoa Jurídica de Direito Privado - Sem fins lucrativos - Associação de Utilidade Pública;2111;CENTRO UNIVERSITÁRIO INTA (UNINTA);UNINTA;(88) 3112.3500;www.uninta.edu.br;"prodi@uninta.edu.br; diretoria@uninta.edu.br";Rua Antônio Rodrigues Magalhães - 359 - CEP: 62050-100 - Dom Expedito;Sobral;CE;Centro Universitário;EAD - Superior / Presencial - Superior /;Privada;Privada sem fins lucrativos;08/07/2003;5;2023;5;2019;3;2023;;;Unificação de Mantidas;Ativa
1590;ASSOCIACAO EDUCACIONAL DE JOAO PINHEIRO;03.289.019/0001-98;Privada sem fins lucrativos;2440;Centro Universitário Juscelino Kubitschek (UNIJK);UNIJK;(38) 3561 3900;www.fcjp.edu.br;direcao.projetos@fcjp.edu.br;Avenida Zico Dornelas - 380 - CEP: 38770-000 - Santa Cruz II;João Pinheiro;MG;Centro Universitário;EAD - Superior / Presencial - Superior /;Privada;Privada sem fins lucrativos;28/02/2002;4;2023;4;2022;3;2023;;;;Ativa
417;SOCIEDADE PORVIR CIENTIFICO;92.741.990/0001-37;Privada sem fins lucrativos;1936;CENTRO UNIVERSITÁRIO LA SALLE (UNILASALLE - LUCAS);UNILASALLE - LUCAS;(65)3549-7300;www.unilasalle.edu.br/lucas;"marcos.corbellini@lasalle.edu.br;orlandi@faculdadelasalle.edu.br";Avenida Universitária - 1000W - CEP: 78466-586 - Parque das Emas;Lucas do Rio Verde;MT;Centro Universitário;Presencial - Superior;Privada;Privada sem fins lucrativos;10/12/2001;5;2018;-;;3;2023;;;;Ativa
417;SOCIEDADE PORVIR CIENTIFICO;92.741.990/0001-37;Privada sem fins lucrativos;2676;CENTRO UNIVERSITÁRIO LA SALLE DE MANAUS (UNILASALLE/MANAUS);UNILASALLE/MANAUS;(92) 3655 1246;www.lasalle.edu.br/faculdade/manaus;mariafatima.duraes@lasalle.org.br;Avenida Dom Pedro I - 151 - CEP: 69040-040 - Dom Pedro;Manaus;AM;Centro Universitário;Presencial - Superior;Privada;Privada sem fins lucrativos;12/08/2004;4;2024;-;;3;2023;;;;Ativa
1150;ASSOCIACAO BRASILEIRA DE EDUCADORES LASSALISTAS;60.916.731/0001-03;Pessoa Jurídica de Direito Privado - Sem fins lucrativos - Associação de Utilidade Pública;1736;CENTRO UNIVERSITÁRIO LA SALLE DO RIO DE JANEIRO (UNILASALLE/RJ);UNILASALLE/RJ;(21) 2199-6600;http://www.unilasalle.edu.br/rj/;jardelino.menegat@lasalle.org.br;Rua Gastão Gonçalves - 79 - CEP: 24240-030 - Santa Rosa;Niterói;RJ;Centro Universitário;Presencial - Superior;Privada;Privada sem fins lucrativos;13/06/2001;5;2023;-;;4;2023;;;;Ativa
164;FUNDACAO LUSIADA;58.207.572/0001-26;Pessoa Jurídica de Direito Privado - Sem fins lucrativos - Fundação;226;CENTRO UNIVERSITÁRIO LUSÍADA (UNILUS);UNILUS;(13) 3202 4500;www.lusiada.br;unilus@lusiada.br;Armando de Salles Oliveira - 150 - CEP: 11050-071 - Boqueirão;Santos;SP;Centro Universitário;Presencial - Superior;Privada;Privada sem fins lucrativos;01/02/1965;4;2023;3;2015;3;2023;;;;Ativa
314;ULBRA S.A.;88.332.580/0001-65;Pessoa Jurídica de Direito Privado - Sem fins lucrativos - Sociedade;452;CENTRO UNIVERSITÁRIO LUTERANO DE MANAUS (CEULM/ULBRA);CEULM/ULBRA;(92) 3616 9800;www.ulbra.br/manaus;"reitor.manaus@ulbra.br;procinstitucional@ulbra.br;coordensino.mao@ulbra.br";AVENIDA CARLOS DRUMMOND DE ANDRADE - 1460 - CEP: 69077-730 - JAPIIM;Manaus;AM;Centro Universitário;EAD - Superior / Presencial - Superior /;Privada;Privada sem fins lucrativos;30/01/1996;4;2017;4;2023;3;2023;;;;Ativa
314;ULBRA S.A.;88.332.580/0001-65;Pessoa Jurídica de Direito Privado - Sem fins lucrativos - Sociedade;453;CENTRO UNIVERSITÁRIO LUTERANO DE PALMAS (CEULP);CEULP;(63) 3219 8018;www.ulbra-to.br;"reitoria@ceulp.edu.br;procuradorainstitucional@ceulp.edu.br; procinstitucional@ulbra.br";Avenida Siqueira Campos - 1501 - CEP: 77019-900 - Plano Diretor Sul;Palmas;TO;Centro Universitário;EAD - Superior / Presencial - Superior /;Privada;Privada sem fins lucrativos;29/01/1996;5;2023;4;2023;4;2023;;;;Ativa
314;ULBRA S.A.;88.332.580/0001-65;Pessoa Jurídica de Direito Privado - Sem fins lucrativos - Sociedade;451;CENTRO UNIVERSITÁRIO LUTERANO DE SANTARÉM (CEULS);CEULS;(93) 99126-4479;www.ulbra.br/santarem;"procinstitucional@ulbra.br;reitor.santarem@ulbra.br;ensino.stm@ulbra.br";AVENIDA SERGIO HENN - 1787 - CEP: 68025-000 - DIAMANTINO;Santarém;PA;Centro Universitário;Presencial - Superior;Privada;Privada sem fins lucrativos;30/01/1996;3;2019;-;;3;2023;;;;Ativa
964;FUNDACAO CARMELITANA MARIO PALMERIO;02.345.421/0001-80;Pessoa Jurídica de Direito Privado - Sem fins lucrativos - Associação de Utilidade Pública;1459;CENTRO UNIVERSITÁRIO MÁRIO PALMÉRIO (UNIFUCAMP);UNIFUCAMP;(34) 3842 5272;www.unifucamp.edu.br;unifucamp@unifucamp.edu.br;Avenida Brasil Oeste - 1900 - CEP: 38500-000 - Jardim Zeny;Monte Carmelo;MG;Centro Universitário;Presencial - Superior;Privada;Privada sem fins lucrativos;09/03/2000;5;2018;-;;3;2023;;;;Ativa
1290;FAPEC - FUNDACAO ALAGOANA DE PESQUISA, EDUCACAO E CULTURA;01.073.457/0001-99;Pessoa Jurídica de Direito Privado - Sem fins lucrativos - Associação de Utilidade Pública;1965;Centro Universitário Mario Pontes Jucá (UMJ);UMJ;(82) 3328 7000.32147700;www.umj.edu.br;maceju@uol.com.br;Avenida Presidente Roosevelt - 1200 - CEP: 57046-410 - Serraria;Maceió;AL;Centro Universitário;EAD - Superior / Presencial - Superior /;Privada;Privada sem fins lucrativos;24/01/2002;4;2019;4;2018;3;2023;;;;Ativa
2587;SOCIEDADE DE ENSINO SUPERIOR E DE PESQUISA DE SERGIPE LTDA - SESPS;06.787.789/0001-59;Privada com fins lucrativos;4121;CENTRO UNIVERSITÁRIO MAURICIO DE NASSAU DE ARACAJU;-;(81) 3413-4611;www.uninassau.edu.br;emec@sereducacional.com;Avenida Augusto Franco - s/n - CEP: 49075-100 - Siqueira Campos;Aracaju;SE;Centro Universitário;EAD - Superior / Presencial - Superior /;Privada;Privada sem fins lucrativos;21/05/2008;5;2019;5;2018;3;2023;;;;Ativa
2405;CENESUP - CENTRO NACIONAL DE ENSINO SUPERIOR LTDA;05.474.470/0001-00;Privada com fins lucrativos;1227;CENTRO UNIVERSITÁRIO MAURÍCIO DE NASSAU DE BARREIRAS (UNINASSAU);UNINASSAU;(81) 3413-4611;www.uninassau.br;emec@sereducacional.com;Avenida São Desidério - 2440 - CEP: 47808-180 - Ribeirão;Barreiras;BA;Centro Universitário;EAD - Superior / Presencial - Superior /;Privada;Privada sem fins lucrativos;16/03/1999;5;2024;4;2019;3;2023;;;;Ativa
2405;CENESUP - CENTRO NACIONAL DE ENSINO SUPERIOR LTDA;05.474.470/0001-00;Privada com fins lucrativos;3817;Centro Universitário Maurício de Nassau de João Pessoa;-;(81) 3413-4611;www.uninassau.edu.br;emec@sereducacional.com;Avenida Presidente Epitácio Pessoa - 67 - CEP: 58030-000 - Estados;João Pessoa;PB;Centro Universitário;EAD - Superior / Presencial - Superior /;Privada;Privada sem fins lucrativos;18/01/2007;4;2018;4;2021;4;2023;;;Unificação de Mantidas;Ativa
2587;SOCIEDADE DE ENSINO SUPERIOR E DE PESQUISA DE SERGIPE LTDA - SESPS;06.787.789/0001-59;Privada com fins lucrativos;17284;CENTRO UNIVERSITÁRIO MAURÍCIO DE NASSAU DE SÃO LUÍS (UNINASSAU);UNINASSAU;(81) 3413-4611;www.mauriciodenassau.edu.br;emec@sereducacional.com;Rua Zoé Cerveira - 120 - CEP: 65036-720 - Alemanha;São Luís;MA;Centro Universitário;EAD - Superior / Presencial - Superior /;Privada;Privada sem fins lucrativos;25/07/2011;5;2021;4;2021;2;2023;;;;Ativa
304;INSTITUTO PORTO ALEGRE DA IGREJA METODISTA;93.005.494/0001-88;Pessoa Jurídica de Direito Privado - Sem fins lucrativos - Associação de Utilidade Pública;4010;CENTRO UNIVERSITÁRIO METODISTA (IPA);IPA;(51) 33161100;http://ipametodista.edu.br/;sgeral@metodista.br;Rua Coronel Joaquim Pedro Salgado - 80 - CEP: 90420-060 - Rio Branco;Porto Alegre;RS;Centro Universitário;Presencial - Superior;Privada;Privada sem fins lucrativos;04/08/1971;3;2013;-;;3;2023;;;Adesão ao PROIES;Ativa
333;SOCIEDADE GUARULHENSE DE EDUCACAO;49.073.182/0001-10;Privada sem fins lucrativos;483;CENTRO UNIVERSITÁRIO METROPOLITANO DE SÃO PAULO (UNIMESP);UNIMESP;(11) 3544 0333 r. 202;www.fig.br;proreitoriaacademica@fig.br;Rua Doutor Solon Fernandes - 155 - CEP: 07072-080 - Vila Rosália - Guarulhos;Guarulhos;SP;Centro Universitário;EAD - Superior / Presencial - Superior /;Privada;Privada sem fins lucrativos;06/05/1968;4;2024;5;2018;2;2023;;;;Ativa
146;INSTITUICAO UNIVERSITARIA MOURA LACERDA;55.985.782/0001-57;Privada sem fins lucrativos;207;CENTRO UNIVERSITÁRIO MOURA LACERDA (CUML);CUML;(16) 2101 1167;www.mouralacerda.edu.br;planejamento@mouralacerda.edu.br;Rua Padre Euclides - 995 - CEP: 14085-420 - Campos Elísios;Ribeirão Preto;SP;Centro Universitário;EAD - Superior / Presencial - Superior /;Privada;Privada sem fins lucrativos;30/10/1997;4;2023;5;2023;4;2023;;;;Ativa
19746;ASSOCIACAO MULTIVERSA EDUCACIONAL - AME;55.554.871/0001-49;Pessoa Jurídica de Direito Privado - Sem fins lucrativos - Associação de Utilidade Pública;1350;Centro Universitário Multiversa do Jaguaribe- UNIJAGUARIBE (UNIJAGUARIBE);UNIJAGUARIBE;8834219757;www.fvj.br;antonio.antero@fvj.br;Rodovia CE-040 KM 138 - s/n - CEP: 62801-002 - Prefeito Armando Rocha;Aracati;CE;Centro Universitário;EAD - Superior / Presencial - Superior /;Privada;Privada sem fins lucrativos;29/07/1999;4;2021;4;2018;3;2023;;;Suspensão de Ingresso;Ativa
2234;CENTRO UNIVERSITARIO MUNICIPAL DE FRANCA;47.987.136/0001-09;Pessoa Jurídica de Direito Público - Municipal;60;CENTRO UNIVERSITÁRIO MUNICIPAL DE FRANCA (UNI-FACEF);UNI-FACEF;16 37134688;www.unifacef.com.br;"facef@facef.br; welton@facef.br; welton_roberto@yahoo.com.br";Av. Ismael Alonso Y Alonso - 2400 - CEP: 14403-430 - SÃO JOSÉ;Franca;SP;Centro Universitário;Presencial - Superior;Publica;Especial;28/03/1951;-;;-;;4;2023;;;;Ativa
827;ASSOCIACAO EDUCACIONAL NOSSA SENHORA APARECIDA - AENSA;74.036.161/0001-71;Pessoa Jurídica de Direito Privado - Sem fins lucrativos - Associação de Utilidade Pública;1237;CENTRO UNIVERSITÁRIO NOSSA SENHORA APARECIDA (UNIFANAP);UNIFANAP;(62) 3277 1000;www.unifanap.edu.br;unifanap@unifanap.edu.br;AV. PEDRO LUIZ RIBEIRO QD. 01, LT. 01 - 01 - CEP: 74920-760 - CONJUNTO BELA MORADA;Aparecida de Goiânia;GO;Centro Universitário;EAD - Superior / Presencial - Superior /;Privada;Privada sem fins lucrativos;17/02/1999;4;2019;5;2023;4;2023;;;;Ativa
344;FUNDACAO PADRE ALBINO;47.074.851/0001-42;Privada sem fins lucrativos;5215;CENTRO UNIVERSITÁRIO PADRE ALBINO;-;(17) 3311-3209;www.unifipa.com.br;reitoria@unifipa.com.br;Rua dos Estudantes - 225 - CEP: 15809-144 - Parque Iracema;Catanduva;SP;Centro Universitário;EAD - Superior / Presencial - Superior /;Privada;Privada sem fins lucrativos;10/06/1969;5;2023;5;2019;4;2023;;;;Ativa
64;FUNDACAO UNIVERSIDADE PARA O DESENVOLVIMENTO DO ALTO VALE DO ITAJAI - UNIDAVI -;85.784.023/0001-97;Privada sem fins lucrativos;80;CENTRO UNIVERSITÁRIO PARA O DESENVOLVIMENTO DO ALTO VALE DO ITAJAÍ (UNIDAVI);UNIDAVI;047 3531-6000;www.unidavi.edu.br;unidavi@unidavi.edu.br;Rua Dr. Guilherme Gemballa - 13 - CEP: 89160-932 - Jardim América;Rio do Sul;SC;Centro Universitário;EAD - Superior / Presencial - Superior /;Privada;Privada sem fins lucrativos;07/07/1966;4;2023;5;2018;4;2023;;;;Ativa
251;ORGANIZACAO PAULISTA DE EDUCACAO E CULTURA;43.042.837/0001-06;Pessoa Jurídica de Direito Privado - Sem fins lucrativos - Associação de Utilidade Pública;360;Centro Universitário Paulistana (UNIPAULISTANA);UNIPAULISTANA;(11)5549 3033 R-250;www.unipaulistana.edu.br;luciane.spatti@unipaulistana.edu.br;Rua Madre Cabrini - 38 - CEP: 04020-001 - Vila Mariana;São Paulo;SP;Centro Universitário;Presencial - Superior;Privada;Privada sem fins lucrativos;12/01/1972;4;2024;-;;3;2023;;;;Ativa
13938;UNIPIAGET/BRASIL;09.383.154/0001-84;Pessoa Jurídica de Direito Privado - Sem fins lucrativos - Associação de Utilidade Pública;14715;Centro Universitário Piaget (UniPiaget);UniPiaget;11 47467090;www.unipiaget.edu.br;marcusrodrigues@unipiaget.edu.br;Av. Senador Roberto Simonsen - 972 - CEP: 08674-140 - Jardim Imperador;Suzano;SP;Centro Universitário;Presencial - Superior;Privada;Privada sem fins lucrativos;25/10/2011;4;2022;-;;4;2023;;;;Ativa
221;FUNDACAO PRESIDENTE ANTONIO CARLOS;17.080.078/0001-66;Privada sem fins lucrativos;308;CENTRO UNIVERSITÁRIO PRESIDENTE ANTÔNIO CARLOS (UNIPAC);UNIPAC;(31)32473400;www.unipac.br;regulacaofupac@unipac.br;Rodovia BR-338 - s/n - CEP: 36201-143 - Colônia Rodrigo Silva;Barbacena;MG;Centro Universitário;EAD - Superior / Presencial - Superior /;Privada;Privada sem fins lucrativos;13/03/1997;5;2023;5;2019;3;2023;;;;Ativa
14143;ASSOCIACAO EDUCACIONAL DOS TRABALHADORES DE BRASILIA;00.116.962/0001-00;Pessoa Jurídica de Direito Privado - Sem fins lucrativos - Associação de Utilidade Pública;2484;Centro Universitário Processus (UNIPROCESSUS);UNIPROCESSUS;(61) 31425787;www.uniprocessus.edu.br;"claudine@uniprocessus.edu.br;gustavo@uniprocessus.edu.br";Avenida das Araucárias - 4.400 - CEP: 71936-250 - Águas Claras;Brasília;DF;Centro Universitário;EAD - Superior / Presencial - Superior /;Privada;Privada sem fins lucrativos;17/01/2006;5;2021;5;2019;3;2023;;;;Ativa
97;INSTITUTO DAS APOSTOLAS DO SAGRADO CORACAO DE JESUS;61.015.087/0001-65;Pessoa Jurídica de Direito Privado - Sem fins lucrativos - Associação de Utilidade Pública;137;CENTRO UNIVERSITÁRIO SAGRADO CORAÇÃO (UNISAGRADO);UNISAGRADO;(14) 2107-7019/ (14) 2107-7001;www.unisagrado.edu.br;"reitoria@unisagrado.edu.br; procuradoriainstitucional@unisagrado.edu.br";Rua Irmã Arminda - 10-50 - CEP: 17011-160 - Jardim Brasil;Bauru;SP;Centro Universitário;EAD - Superior / Presencial - Superior /;Privada;Privada sem fins lucrativos;02/05/1986;5;2024;5;2022;4;2023;;;;Ativa
978;INSPETORIA SAO JOAO BOSCO;33.583.592/0001-70;Pessoa Jurídica de Direito Privado - Sem fins lucrativos - Associação de Utilidade Pública;1494;Centro Universitário Salesiano (UniSales);UniSales;(27)3331 8500;http://www.unisales.br/;faculdade@salesiano.br;Avenida Vitória - 950 - CEP: 29017-950 - Forte São João;Vitória;ES;Centro Universitário;EAD - Superior / Presencial - Superior /;Privada;Privada sem fins lucrativos;05/05/2000;5;2023;5;2024;3;2023;;;;Ativa
607;LICEU CORACAO DE JESUS;60.463.072/0001-05;Pessoa Jurídica de Direito Privado - Sem fins lucrativos - Associação de Utilidade Pública;1032;CENTRO UNIVERSITÁRIO SALESIANO DE SÃO PAULO (UNISAL);UNISAL;19 3471-3100;www.unisal.edu.br;reitor.unisal@unisal.edu.br;Avenida de Cillo - 3.500 - CEP: 13467-600 - Parque Novo Mundo;Americana;SP;Centro Universitário;EAD - Superior / Presencial - Superior /;Privada;Privada sem fins lucrativos;20/02/1952;5;2024;5;2018;3;2023;;;;Ativa
20066;ASSOCIACAO EDUCACIONAL FACIC;02.240.975/0001-12;Pessoa Jurídica de Direito Privado - Sem fins lucrativos - Associação de Utilidade Pública;652;Centro Universitário Santa Cecília (Unicea);Unicea;(12) 3642-6496;www.fascpinda.com.br;fascpinda@uol.com.br;Praça Barão do Rio Branco - 59 - CEP: 12400-280 - Centro;Pindamonhangaba;SP;Centro Universitário;Presencial - Superior;Privada;Privada sem fins lucrativos;19/03/1975;4;2022;-;;4;2023;;;Unificação de Mantidas;Ativa
599;UNIAO PARANAENSE DE ENSINO E CULTURA -UNIPEC;76.753.086/0001-95;Pessoa Jurídica de Direito Privado - Sem fins lucrativos - Associação de Utilidade Pública;1872;CENTRO UNIVERSITÁRIO SANTA CRUZ DE CURITIBA (UNI SANTA CRUZ);UNI SANTA CRUZ;(41) 3052-4900;https://santacruz.br/;"reitoria@unisantacruz.edu.br; proac@unisantacruz.edu.br; normas@unisantacruz.edu.br";Rua Affife Mansur - 565 - CEP: 81050-180 - Novo Mundo;Curitiba;PR;Centro Universitário;EAD - Superior / Presencial - Superior /;Privada;Privada sem fins lucrativos;29/05/2002;5;2019;4;2017;3;2023;;;;Ativa
17410;ASSOCIACAO DE ENSINO EVEREST;31.404.878/0001-16;Pessoa Jurídica de Direito Privado - Sem fins lucrativos - Associação de Utilidade Pública;1850;Centro Universitário Santa Maria da Glória (UNISMG);UNISMG;(44) 3220-2000;www.smg.edu.br;ana.vogt@gmail.com;Rodovia PR-317 - 298 - CEP: 87065-005 - Parque Industrial;Maringá;PR;Centro Universitário;EAD - Superior / Presencial - Superior /;Privada;Privada sem fins lucrativos;20/10/1998;4;2022;5;2019;3;2023;;;;Ativa
316;INSTITUTO SANTANENSE DE ENSINO SUPERIOR;62.881.099/0001-35;Pessoa Jurídica de Direito Privado - Sem fins lucrativos - Associação de Utilidade Pública;456;CENTRO UNIVERSITÁRIO SANT´ANNA (UNISANT'ANNA);UNISANT'ANNA;(11) 97178 3642;www.unisantanna.br;"natanael.aleva@unisantanna.br;flavia.benatti@unisantanna.br;moises.alves@unisantanna";Rua Voluntários da Pátria - 257 - CEP: 02011-000 - Santana;São Paulo;SP;Centro Universitário;EAD - Superior / Presencial - Superior /;Privada;Privada sem fins lucrativos;24/03/1970;5;2023;4;2022;3;2023;;;;Ativa
772;ASSOCIACAO DE PAIS E AMIGOS DOS EXCEPCIONAIS DE S LUIZ;06.048.565/0001-25;Privada sem fins lucrativos;1115;Centro Universitário Santa Terezinha (CEST);CEST;(98) 3213 8000;www.cest.edu.br;cest@cest.edu.br;Avenida Casemiro Júnior - 12 - CEP: 65045-180 - Anil;São Luís;MA;Centro Universitário;Presencial - Superior;Privada;Privada sem fins lucrativos;05/06/1998;5;2023;-;;3;2023;;;;Ativa
497;UNIAO SOCIAL CAMILIANA;58.250.689/0001-92;Pessoa Jurídica de Direito Privado - Sem fins lucrativos - Associação de Utilidade Pública;737;CENTRO UNIVERSITÁRIO SÃO CAMILO (SAO CAMILO);SAO CAMILO;(11)34652606 (11)34652603;www.saocamilo-sp.br;"celinac@saocamilo-sp.br; bruna.gregorio@saocamilo-sp.br,";Avenida Nazaré - 1.501 - CEP: 04263-200 - Ipiranga;São Paulo;SP;Centro Universitário;EAD - Superior / Presencial - Superior /;Privada;Privada sem fins lucrativos;16/01/1976;5;2025;5;2022;4;2023;;;;Ativa
497;UNIAO SOCIAL CAMILIANA;58.250.689/0001-92;Pessoa Jurídica de Direito Privado - Sem fins lucrativos - Associação de Utilidade Pública;739;CENTRO UNIVERSITÁRIO SÃO CAMILO - ESPÍRITO SANTO (SÃO CAMILO-ES);SÃO CAMILO-ES;(28) 3526 5911 (28) 3526 5940;saocamilo-es.br;deborarubim@saocamilo-es.br;Rua São Camilo de Lellis - 01 - CEP: 29304-910 - Paraiso;Cachoeiro de Itapemirim;ES;Centro Universitário;EAD - Superior / Presencial - Superior /;Privada;Privada sem fins lucrativos;27/04/1967;4;2023;5;2021;3;2023;;;;Ativa
69;FUNDACAO EDUCACIONAL E CULTURAL SAO JOSE;29.642.709/0001-72;Privada sem fins lucrativos;5671;CENTRO UNIVERSITÁRIO SÃO JOSÉ DE ITAPERUNA;-;22 38110700;www.fsj.edu.br;unifsj@fsj.edu.br;Rua Major Porphirio Henriques - 41 - CEP: 28300-000 - Centro;Itaperuna;RJ;Centro Universitário;Presencial - Superior;Privada;Privada sem fins lucrativos;12/05/2009;3;2017;-;;3;2023;;;;Ativa
650;ASSOCIACAO DE ENSINO SUPERIOR DE SAO ROQUE;58.988.197/0001-07;Pessoa Jurídica de Direito Privado - Sem fins lucrativos - Associação de Utilidade Pública;923;CENTRO UNIVERSITÁRIO SÃO ROQUE (UNISÃO ROQUE);UNISÃO ROQUE;(11) 4719 9300;www.facsaoroque.br;fac@facsaoroque.br;Rua Padre Marçal - 30 - CEP: 18130-100 - Centro;São Roque;SP;Centro Universitário;EAD - Superior / Presencial - Superior /;Privada;Privada sem fins lucrativos;28/03/1995;5;2024;4;2022;3;2023;;;;Ativa
1879;ASSOCIACAO BENEFICENTE DA INDUSTRIA CARBONIFERA DE SANTA CATARINA (SATC);83.649.830/0001-71;Pessoa Jurídica de Direito Privado - Sem fins lucrativos - Associação de Utilidade Pública;2896;Centro Universitário SATC (UniSATC);UniSATC;(48) 3431 7568;www.satc.edu.br;kelli.silva@satc.edu.br;Rua Pascoal Meller - 73 - CEP: 88805-380 - Universitário;Criciúma;SC;Centro Universitário;Presencial - Superior;Privada;Privada sem fins lucrativos;28/11/2003;4;2020;4;2019;4;2023;;;;Ativa
543;SERVICO NACIONAL DE APRENDIZAGEM COMERCIAL SENAC;03.709.814/0001-98;Privada sem fins lucrativos;3985;CENTRO UNIVERSITÁRIO SENAC (SENACSP);SENACSP;"56827444;56827300;56827397";www.sp.senac.br;michelle.cvigueles@sp.senac.br;Av. Engenheiro Eusébio Stevaux - nº 823 - CEP: 04696-000 - Jurubatuba;São Paulo;SP;Centro Universitário;EAD - Superior / Presencial - Superior /;Privada;Privada sem fins lucrativos;22/12/1988;5;2026;5;2023;3;2023;;;;Ativa
2200;SERVICO NACIONAL DE APRENDIZAGEM COMERCIAL SENAC AR/RS;03.422.707/0001-84;Privada sem fins lucrativos;3804;Centro Universitário Senac RS (UniSenac);UniSenac;(051) 30221044;www.senacrs.com.br;gptrapp@senacrs.com.br;Rua Coronel Genuíno - 130 - CEP: 90010-150 - Centro;Porto Alegre;RS;Centro Universitário;Presencial - Superior;Privada;Privada sem fins lucrativos;22/01/2004;5;2021;4;2023;4;2023;;;Unificação de Mantidas;Ativa
3479;SENAI - SERVICO NACIONAL DE APRENDIZAGEM INDUSTRIAL;03.819.150/0001-10;Privada sem fins lucrativos;10116;Centro Universitário SENAI Mato Grosso (UniSENAI-MT);UniSENAI-MT;(65) 36121757;www.unisenaimt.com.br;"flavio.cella@unisenaimt.com.br;jose.percin@unisenaimt.com.br;marcia.scabora@unisenaimt.com.br";Avenida XV de Novembro - 303 - CEP: 78020-300 - Porto;Cuiabá;MT;Centro Universitário;Presencial - Superior;Privada;Privada sem fins lucrativos;19/09/2011;4;2024;4;2021;3;2023;;;;Ativa
12614;SERVICO NACIONAL DE APRENDIZAGEM INDUSTRIAL - SENAI;03.776.284/0001-09;Privada sem fins lucrativos;1400;Centro Universitário SENAI Paraná (UniSENAI/PR);UniSENAI/PR;(41) 3593 1200;https://www.unisenaipr.com.br/;regulacao.edu@sistemafiep.org.br;Avenida Rui Barbosa - 5881 - CEP: 83045-350 - Afonso Pena;São José dos Pinhais;PR;Centro Universitário;EAD - Superior / Presencial - Superior /;Privada;Privada sem fins lucrativos;04/10/1999;5;2024;4;2018;3;2023;;;Unificação de Mantidas;Ativa
822;SERVICO NACIONAL DE APRENDIZAGEM INDUSTRIAL;03.774.688/0001-55;Privada sem fins lucrativos;1958;Centro Universitário SENAI Santa Catarina (UNISENAI);UNISENAI;(47) 3321 9600;www.sc.senai.br;larissa.holler@sc.senai.br;Rua São Paulo - 1147 - CEP: 89012-001 - Victor Konder;Blumenau;SC;Centro Universitário;EAD - Superior / EAD - Lato-sensu / Presencial - Superior /;Privada;Privada sem fins lucrativos;18/12/2001;5;2021;4;2022;3;2023;;;Unificação de Mantidas;Ativa
796;SERVICO NACIONAL DE APRENDIZAGEM INDUSTRIAL;03.774.819/0001-02;Privada sem fins lucrativos;1526;Centro Universitário Senai São Paulo (UniSENAI SP);UniSENAI SP;(11) 3361 3787;https://faculdades.sp.senai.br/faculdade/saopaulo/;"thais.reis@sp.senai.br; wanessa.campos@sp.senai.br; bianca.mdomingos@sp.senai.br";Rua Correia de Andrade - 232 - CEP: 03008-020 - Brás;São Paulo;SP;Centro Universitário;EAD - Superior / EAD - Lato-sensu / Presencial - Superior /;Privada;Privada sem fins lucrativos;24/03/2000;5;2023;-;;3;2023;;;Unificação de Mantidas;Ativa
330;FESO FUNDACAO EDUCACIONAL SERRA DOS ORGAOS;32.190.092/0001-06;Privada sem fins lucrativos;480;CENTRO UNIVERSITÁRIO SERRA DOS ÓRGÃOS (UNIFESO);UNIFESO;(21) 2641-7072;www.unifeso.edu.br;reitoria@unifeso.edu.br;Avenida Alberto Torres - 111 - CEP: 25964-004 - Alto;Teresópolis;RJ;Centro Universitário;EAD - Superior / Presencial - Superior /;Privada;Privada sem fins lucrativos;13/04/1970;5;2023;5;2022;4;2023;;;;Ativa
323;ASSOCIACAO BRASILEIRA DE ENSINO UNIVERSITARIO ABEU;30.831.606/0001-30;Privada sem fins lucrativos;1641;CENTRO UNIVERSITÁRIO SOCIAL DA BAHIA (UNISBA);UNISBA;8000701111;www.unisba.edu.br;diretoria@faveni.edu.br;Rua Fernando Menezes de Góes - 570 - CEP: 41810-700 - Pituba;Salvador;BA;Centro Universitário;EAD - Superior / Presencial - Superior /;Privada;Privada sem fins lucrativos;20/03/2001;4;2024;4;2022;3;2023;;;;Ativa
131;ASSOCIACAO CARUARUENSE DE ENSINO SUPERIOR - ASCES;09.993.940/0001-01;Privada sem fins lucrativos;2409;CENTRO UNIVERSITÁRIO TABOSA DE ALMEIDA (ASCES-UNITA);ASCES-UNITA;(081) 2103 2000;www.asces.edu.br;asces@asces.edu.br;Avenida Portugal - 584 - CEP: 55016-901 - Universitário;Caruaru;PE;Centro Universitário;EAD - Superior / Presencial - Superior /;Privada;Privada sem fins lucrativos;16/04/1959;4;2023;5;2021;4;2023;;;;Ativa
778;INSTITUTO SANTA TERESA;51.778.645/0001-90;Pessoa Jurídica de Direito Privado - Sem fins lucrativos - Associação de Utilidade Pública;738;CENTRO UNIVERSITÁRIO TERESA D'ÁVILA (FATEA);FATEA;(12) 2124-2816 / (12) 2124-2879;https://unifatea.edu.br/;"reitoria@unifatea.edu.br; secretaria.geral@unifatea.edu.br";Avenida Doutor Peixoto de Castro - 539 - CEP: 12606-580 - Cruz;Lorena;SP;Centro Universitário;EAD - Superior / Presencial - Superior /;Privada;Privada sem fins lucrativos;15/08/1975;4;2023;4;2019;3;2023;;;;Ativa
1123;ASSOCIACAO DE ENSINO SUPERIOR DE GOIAS-AESGO;33.636.671/0001-00;Pessoa Jurídica de Direito Privado - Sem fins lucrativos - Associação de Utilidade Pública;1703;Centro Universitário UniBRAS Rio Verde (UniBRAS);UniBRAS;(11)99141-0028;faculdadeunibras.com.br/rioverde;clausemir.paula@braseducacional.com.br;Rua 12 de Outubro - 40 - CEP: 75906-577 - Centro;Rio Verde;GO;Centro Universitário;EAD - Superior / Presencial - Superior /;Privada;Privada sem fins lucrativos;12/02/2001;4;2021;4;2021;3;2023;;;;Ativa
553;ASSOCIACAO CARIOCA DE ENSINO SUPERIOR;31.886.146/0001-00;Privada sem fins lucrativos;802;CENTRO UNIVERSITÁRIO UNICARIOCA (UNICARIOCA);UNICARIOCA;(21) 25631919;www.unicarioca.edu.br;reitoria@unicarioca.edu.br;Avenida Paulo de Frontin - 568 - CEP: 20261-243 - Rio Comprido;Rio de Janeiro;RJ;Centro Universitário;EAD - Superior / Presencial - Superior /;Privada;Privada sem fins lucrativos;18/07/1989;5;2023;5;2022;4;2023;;;Adesão ao PROIES;Ativa
96;ASSOCIACAO DE EDUCACAO E CULTURA DO NORTE PAULISTA;57.713.281/0001-47;Privada sem fins lucrativos;2774;Centro Universitário UNIFAFIBE (FAFIBE);FAFIBE;(17)33447100;www.unifafibe.com.br;unifafibe@unifafibe.com.br;Rua Professor Orlando França de Carvalho - 110/325 / 326 - CEP: 14701-070 - Centro;Bebedouro;SP;Centro Universitário;EAD - Superior / Presencial - Superior /;Privada;Privada sem fins lucrativos;17/07/1970;5;2023;4;2021;4;2023;;;;Ativa
445;UNIGRAN EDUCACIONAL;03.361.110/0001-77;Pessoa Jurídica de Direito Privado - Sem fins lucrativos - Associação de Utilidade Pública;4429;CENTRO UNIVERSITÁRIO UNIGRAN CAPITAL;-;67 3389 3389;www.unigrancapital.com.br;vinicius.oliveira@unigran.br;Rua Abrão Júlio Rahe - 325 - CEP: 79010-010 - Centro;Campo Grande;MS;Centro Universitário;Presencial - Superior;Privada;Privada sem fins lucrativos;04/12/2007;5;2024;-;;4;2023;;;;Ativa
27;FUNDACAO COMUNITARIA TRICORDIANA DE EDUCACAO EM RECUPERACAO JUDICIAL;25.872.854/0001-99;Privada sem fins lucrativos;27;Centro Universitário UninCor (UninCor);UninCor;(35) 3239-1218/3239-1136;www.unincor.br;reitoria@unincor.edu.br;Avenida Castelo Branco - 82 - CEP: 37417-150 - Chacara das Rosas;Três Corações;MG;Centro Universitário;EAD - Superior / Presencial - Superior /;Privada;Privada sem fins lucrativos;20/10/1967;4;2017;3;2013;3;2023;;;;Ativa
887;SOEC SOCIEDADE OLINDENSE DE EDUCACAO E CULTURA;69.904.449/0001-80;Pessoa Jurídica de Direito Privado - Sem fins lucrativos - Associação de Utilidade Pública;1328;Centro Universitário Uninovo (UNINOVO);UNINOVO;81-34290772;www.uninovo.edu.br;"uninovo@uninovo.edu.br; academico@uninovo.edu.br";Av.Getúlio Vargas - 1360 - CEP: 53120-010 - Bairro Novo;Olinda;PE;Centro Universitário;EAD - Superior / Presencial - Superior /;Privada;Privada sem fins lucrativos;24/06/1999;4;2021;3;2021;2;2023;;;;Ativa
628;ASSOCIACAO DE EDUCACAO SANTA RITA DE CASSIA;61.405.205/0001-41;Privada sem fins lucrativos;898;Centro Universitário Unisan (UNISAN);UNISAN;(11) 999700072;http://www.santarita.br;asn.anunciato@gmail.com , storopoli@santarita.br;Avenida Jaçanã - 648 - CEP: 02273-001 - Jaçanã;São Paulo;SP;Centro Universitário;EAD - Superior / Presencial - Superior /;Privada;Privada sem fins lucrativos;01/09/1994;4;2023;4;2015;4;2023;;;;Ativa
435;ASSOCIACAO SALGADO DE OLIVEIRA DE EDUCACAO E CULTURA;28.638.393/0001-82;Pessoa Jurídica de Direito Privado - Sem fins lucrativos - Associação de Utilidade Pública;15055;CENTRO UNIVERSITARIO UNIVERSO BELO HORIZONTE;-;(21) 2138-4945;www.universo.edu.br;reitoria@nt.universo.edu.br;Rua Paru - 784 - CEP: 31140-320 - Renascença;Belo Horizonte;MG;Centro Universitário;Presencial - Superior;Privada;Privada sem fins lucrativos;03/11/2003;4;2017;-;;3;2023;;;;Ativa
435;ASSOCIACAO SALGADO DE OLIVEIRA DE EDUCACAO E CULTURA;28.638.393/0001-82;Pessoa Jurídica de Direito Privado - Sem fins lucrativos - Associação de Utilidade Pública;15053;CENTRO UNIVERSITÁRIO UNIVERSO GOIÂNIA;-;(21) 2138-4945;www.universo.edu.br;reitoria@nt.universo.edu.br;Avenida Cora Coralina - Quadra F-25 - Lote 40 - CEP: 74080-445 - Setor Sul;Goiânia;GO;Centro Universitário;Presencial - Superior;Privada;Privada sem fins lucrativos;;4;2024;-;;2;2023;;;;Ativa
435;ASSOCIACAO SALGADO DE OLIVEIRA DE EDUCACAO E CULTURA;28.638.393/0001-82;Pessoa Jurídica de Direito Privado - Sem fins lucrativos - Associação de Utilidade Pública;15057;CENTRO UNIVERSITÁRIO UNIVERSO JUIZ DE FORA;-;(21) 2138-4945;www.universo.edu.br;reitoria@nt.universo.edu.br;Avenida dos Andradas - 731 - CEP: 36036-000 - Morro da Gloria;Juiz de Fora;MG;Centro Universitário;Presencial - Superior;Privada;Privada sem fins lucrativos;;4;2024;-;;3;2023;;;;Ativa
435;ASSOCIACAO SALGADO DE OLIVEIRA DE EDUCACAO E CULTURA;28.638.393/0001-82;Pessoa Jurídica de Direito Privado - Sem fins lucrativos - Associação de Utilidade Pública;15054;CENTRO UNIVERSITÁRIO UNIVERSO RECIFE;-;(21) 2138-4945;www.universo.edu.br;reitoria@nt.universo.edu.br;Avenida Marechal Mascarenhas de Morais - 2169 - CEP: 51150-001 - Imbiribeira;Recife;PE;Centro Universitário;Presencial - Superior;Privada;Privada sem fins lucrativos;;5;2017;-;;3;2023;;;;Ativa
435;ASSOCIACAO SALGADO DE OLIVEIRA DE EDUCACAO E CULTURA;28.638.393/0001-82;Pessoa Jurídica de Direito Privado - Sem fins lucrativos - Associação de Utilidade Pública;15056;CENTRO UNIVERSITÁRIO UNIVERSO SALVADOR;-;(21) 2138-4945;www.universo.edu.br;reitoria@nt.universo.edu.br;Avenida Antônio Carlos Magalhães - 2728 - CEP: 41800-700 - Pituba;Salvador;BA;Centro Universitário;Presencial - Superior;Privada;Privada sem fins lucrativos;;5;2018;-;;3;2023;;;;Ativa
780;ACAO EDUCACIONAL CLARETIANA;44.943.835/0001-50;Pessoa Jurídica de Direito Privado - Sem fins lucrativos - Associação de Utilidade Pública;135;Claretiano - Centro Universitário (CLARETIANOBT);CLARETIANOBT;(16) 3660 1666;www.claretiano.edu.br;"proreitoracad@claretiano.edu.br;pibatatais@claretiano.edu.br";Rua Dom Bosco - 466 - CEP: 14300-172 - Castelo;Batatais;SP;Centro Universitário;EAD - Superior / Presencial - Superior /;Privada;Privada sem fins lucrativos;29/05/1970;5;2018;5;2023;3;2023;;;;Ativa
780;ACAO EDUCACIONAL CLARETIANA;44.943.835/0001-50;Pessoa Jurídica de Direito Privado - Sem fins lucrativos - Associação de Utilidade Pública;1854;CLARETIANO - CENTRO UNIVERSITÁRIO;-;(19) 2111 6000;https://claretiano.edu.br/rioclaro;"iranialgisi@claretiano.edu.br; vivianasantanna@claretiano.edu.br";Avenida Santo Antonio Maria Claret - 1724 - CEP: 13503-257 - Jardim Claret;Rio Claro;SP;Centro Universitário;Presencial - Superior;Privada;Privada sem fins lucrativos;09/07/1976;5;2024;-;;3;2023;;;;Ativa
780;ACAO EDUCACIONAL CLARETIANA;44.943.835/0001-50;Pessoa Jurídica de Direito Privado - Sem fins lucrativos - Associação de Utilidade Pública;22628;CLARETIANO - FACULDADE DE BOA VISTA (CLARETIANOBV);CLARETIANOBV;(95)3621-7200;www.claretiano.edu.br;juliocsantos@claretiano.edu.br;Rua Antônio Augusto Martins - 52 - CEP: 69305-270 - São Francisco;Boa Vista;RR;Faculdade;Presencial - Superior;Privada;Privada sem fins lucrativos;29/08/2019;5;2018;-;;2;2023;;;;Ativa
114;SOCIEDADE CIVIL CONSERVATORIO BRASILEIRO DE MUSICA;33.113.663/0001-71;Pessoa Jurídica de Direito Privado - Sem fins lucrativos - Associação de Utilidade Pública;158;CONSERVATÓRIO BRASILEIRO DE MÚSICA - CENTRO UNIVERSITÁRIO BRASILEIRO DE EDUCAÇÃO (CBM-UniCBE);CBM-UniCBE;(21) 3478 7600;cbm-unicbe.edu.br;pi@cbm-unicbe.edu.br;Praça Marquês de Herval - 04 - CEP: 23510-140 - Santa Cruz;Rio de Janeiro;RJ;Centro Universitário;EAD - Superior / Presencial - Superior /;Privada;Privada sem fins lucrativos;04/02/1936;4;2024;4;2018;3;2023;;;;Ativa
110;FUNDACAO GETULIO VARGAS;33.641.663/0001-44;Privada sem fins lucrativos;2591;EPGE Escola Brasileira de Economia e Finanças (FGV EPGE);FGV EPGE;(21) 3799 6134;www.fgv.br/epge;jose.feres@fgv.br;Praia de Botafogo - 190 - CEP: 22250-145 - Botafogo;Rio de Janeiro;RJ;Faculdade;EAD - Superior / Presencial - Superior /;Privada;Privada sem fins lucrativos;30/03/2001;5;2025;5;2021;5;2023;;;;Ativa
372;FUNDACAO BAHIANA PARA DESENVOLVIMENTO DAS CIENCIAS;13.927.934/0001-15;Privada sem fins lucrativos;534;ESCOLA BAHIANA DE MEDICINA E SAÚDE PÚBLICA (EBMSP);EBMSP;(71) 2101-1900;www.bahiana.edu.br;"geisaarlete@bahiana.edu.br;nelma@bahiana.edu.br;geisaarlete@hotmail.com";Av. D. João VI - 275 - CEP: 40290-150 - Brotas;Salvador;BA;Faculdade;EAD - Superior / Presencial - Superior /;Privada;Privada sem fins lucrativos;07/04/1953;5;2023;5;2024;4;2023;;;;Ativa
110;FUNDACAO GETULIO VARGAS;33.641.663/0001-44;Privada sem fins lucrativos;1851;ESCOLA BRASILEIRA DE ADMINISTRAÇÃO PÚBLICA E DE EMPRESAS (EBAPE);EBAPE;(21)3083-2734;www.ebape.fgv.br;regulacao.avaliacao@fgv.br;Rua Jornalista Orlando Dantas - 30 - CEP: 22231-010 - Botafogo;Rio de Janeiro;RJ;Faculdade;EAD - Superior / Presencial - Superior /;Privada;Privada sem fins lucrativos;29/03/2001;5;2023;5;2017;5;2023;;;;Ativa
15891;CENTRO INTERNACIONAL DE ESTUDOS DE FISIOTERAPIA, ACUPUNTURA E TERAPIAS ORIENTAIS;05.093.726/0001-30;Privada sem fins lucrativos;18035;Escola Brasileira de Medicina Chinesa (EBRAMEC);EBRAMEC;11 26621713;www.ebramec.edu.br;rafael@ebramec.edu.br;Rua Visconde de Parnaíba - 2737 - CEP: 03045-002 - Brás;São Paulo;SP;Faculdade;EAD - Superior / Presencial - Superior /;Privada;Privada sem fins lucrativos;19/07/2016;4;2022;4;2018;-;;;;;Ativa
1210;ASSOCIACAO ESCOLA DA CIDADE - ARQUITETURA E URBANISMO;01.843.613/0001-53;Pessoa Jurídica de Direito Privado - Sem fins lucrativos - Associação de Utilidade Pública;1828;ESCOLA DA CIDADE - FACULDADE DE ARQUITETURA E URBANISMO (ESCOLA DA CIDADE);ESCOLA DA CIDADE;1132588108;www.escoladacidade.edu.br;secretariaacademica@escoladacidade.edu.br;Rua General Jardim - 65/51 - CEP: 01223-011 - Vila Buarque;São Paulo;SP;Faculdade;EAD - Superior / Presencial - Superior /;Privada;Privada sem fins lucrativos;27/08/2001;5;2023;4;2022;4;2023;;;;Ativa
110;FUNDACAO GETULIO VARGAS;33.641.663/0001-44;Privada sem fins lucrativos;151;ESCOLA DE ADMINISTRAÇÃO DE EMPRESAS DE SÃO PAULO - FGV EAESP (FGV-EAESP);FGV-EAESP;"(11)3799 7700;(11)3799 3402";http://eaesp.fgvsp.br/;cavin@fgv.br;Avenida 9 de Julho - 2029 - CEP: 01313-902 - Bela Vista;São Paulo;SP;Faculdade;EAD - Superior / Presencial - Superior /;Privada;Privada sem fins lucrativos;17/12/1963;5;2024;5;2022;5;2023;;;;Ativa
110;FUNDACAO GETULIO VARGAS;33.641.663/0001-44;Privada sem fins lucrativos;3614;Escola de Ciências Sociais FGV CPDOC (FGV CPDOC);FGV CPDOC;(21) 3799-5700;https://cpdoc.fgv.br/;martina.spohr@fgv.br;Praia de Botafogo - 190 - CEP: 22250-900 - Botafogo;Rio de Janeiro;RJ;Faculdade;Presencial - Superior;Privada;Privada sem fins lucrativos;20/04/2005;5;2024;-;;5;2023;;;;Ativa
110;FUNDACAO GETULIO VARGAS;33.641.663/0001-44;Privada sem fins lucrativos;25424;Escola de Comunicação, Mídia e Informação da Fundação Getulio Vargas (FGV ECMI);FGV ECMI;(21)3799-6208;https://ecmi.fgv.br;fgv.comunicacao@fgv.br;Praia de Botafogo - 190 - CEP: 22250-900 - Botafogo;Rio de Janeiro;RJ;Faculdade;Presencial - Superior;Privada;Privada sem fins lucrativos;03/08/2022;5;2021;-;;-;;;;;Ativa
110;FUNDACAO GETULIO VARGAS;33.641.663/0001-44;Privada sem fins lucrativos;26529;Escola de Comunicação,Mídia e Informação de São Paulo da FGV (FGV ECMI SP);FGV ECMI SP;(21)37996208;https://portal.fgv.br/ e https://ecmisp.fgv.br/;ecmisp@fgv.br;Edifício Fundação Getúlio Vargas - 2029 - CEP: 01313-902 - Bela Vista;São Paulo;SP;Faculdade;Presencial - Superior;Privada;Privada sem fins lucrativos;02/06/2023;5;2022;-;;-;;;;;Ativa
110;FUNDACAO GETULIO VARGAS;33.641.663/0001-44;Privada sem fins lucrativos;2128;Escola de Direito de São Paulo - FGV DIREITO SP (FGV DIREITO SP);FGV DIREITO SP;(11) 3799-2206;http://www.fgv.br/direitosp;cpa.direitosp@fgv.br;Avenida Nove de Julho - 2029 - CEP: 01313-902 - Bela Vista;São Paulo;SP;Faculdade;EAD - Superior / Presencial - Superior /;Privada;Privada sem fins lucrativos;10/12/2003;5;2023;5;2021;5;2023;;;;Ativa
110;FUNDACAO GETULIO VARGAS;33.641.663/0001-44;Privada sem fins lucrativos;2126;ESCOLA DE DIREITO DO RIO DE JANEIRO (DIREITO RIO);DIREITO RIO;(21) 3799-5304;direitorio.fgv.br;pidireitorio@fgv.br;Praia de Botafogo - 190 - CEP: 22250-900 - Botafogo;Rio de Janeiro;RJ;Faculdade;EAD - Superior / Presencial - Superior /;Privada;Privada sem fins lucrativos;07/08/2003;5;2024;5;2019;5;2023;;;;Ativa
110;FUNDACAO GETULIO VARGAS;33.641.663/0001-44;Privada sem fins lucrativos;2129;ESCOLA DE ECONOMIA DE SÃO PAULO (EESP);EESP;(11) 3799-3350;www.fgv.br/eesp;lilian.furquim@fgv.br;Rua Doutor Plínio Barreto - 365 - CEP: 01313-020 - Bela Vista;São Paulo;SP;Faculdade;EAD - Superior / Presencial - Superior /;Privada;Privada sem fins lucrativos;16/04/2003;5;2024;5;2021;5;2023;;;;Ativa
241;FUNDACAO EDUCACIONAL MINAS GERAIS;17.314.261/0001-89;Privada sem fins lucrativos;345;ESCOLA DE ENGENHARIA KENNEDY (EEK);EEK;"(31)3408-2363;(31) 2103-2134";www.kennedy.br;"secretaria.geral@promove.net.br;angelica@unicesp.edu.br;diogo.goncalves@faculdadepromove.br";Rua José Dias Vieira - 46 - CEP: 31535-040 - Visconde do Rio Branco;Belo Horizonte;MG;Faculdade;Presencial - Superior;Privada;Privada sem fins lucrativos;05/11/1968;4;2023;-;;3;2023;;;;Ativa
17424;FUNDACAO INSTITUTO DE PESQUISAS ECONOMICAS FIPE;43.942.358/0001-46;Privada sem fins lucrativos;24507;Escola de Ensino Superior da Fipe (FipeEES);FipeEES;1132890813;www.fipeees.edu.br;wilson.ramos@fipe.org.br;Edifício Conde Andréa Matarazzo - 1.499 - CEP: 01311-928 - Bela Vista;São Paulo;SP;Faculdade;Presencial - Superior;Privada;Privada sem fins lucrativos;09/11/2022;5;2021;-;;-;;;;;Ativa
110;FUNDACAO GETULIO VARGAS;33.641.663/0001-44;Privada sem fins lucrativos;13695;ESCOLA DE MATEMÁTICA APLICADA (EMAp-FGV);EMAp-FGV;(21)37995917;www.fgv.br/emap;"emap@fgv.br;cesar.camacho@fgv.br";Praia de Botafogo - 190 - CEP: 22250-900 - Botafogo;Rio de Janeiro;RJ;Faculdade;Presencial - Superior;Privada;Privada sem fins lucrativos;20/07/2011;5;2024;-;;5;2019;;;;Ativa
110;FUNDACAO GETULIO VARGAS;33.641.663/0001-44;Privada sem fins lucrativos;19320;Escola de Políticas Públicas, Governo e Empresas da Fundação Getulio Vargas (FGV EPPG);FGV EPPG;(61) 3799-8198;www.fgv.br;"edson.kondo@fgv.br; maxelle.teixeira@fgv.br; regulacao.avaliacao@fgv.br";Quadra SGAN 602 - 602 - CEP: 70830-020 - Asa Norte;Brasília;DF;Faculdade;EAD - Superior / Presencial - Superior /;Privada;Privada sem fins lucrativos;09/03/2017;5;2022;5;2022;-;;;;;Ativa
19815;ASSOCIACAO BENEFICENTE SANTA CASA DE CAMPO GRANDE;03.276.524/0001-06;Pessoa Jurídica de Direito Privado - Sem fins lucrativos - Associação de Utilidade Pública;24527;Escola de Saúde da Santa Casa de Campo Grande (Escola de Saúde);Escola de Saúde;(67)3341-8033;https://www.santacasacg.com.br/;"fabio.edir@santacasacg.org.br;thais.costa@insted.edu.br";Avenida Noroeste - 5500 - CEP: 79002-010 - Centro;Campo Grande;MS;Faculdade;Presencial - Superior;Privada;Privada sem fins lucrativos;07/04/2022;4;2021;-;;-;;;;;Ativa
261;FUNDACAO ESCOLA DE SOCIOLOGIA E POLITICA DE SAO PAULO;63.056.469/0001-62;Privada sem fins lucrativos;373;ESCOLA DE SOCIOLOGIA E POLÍTICA DE SÃO PAULO (ESP);ESP;(11) 31237800 (11) 3123-7815;www.fespsp.org.br;secretaria@fespsp.org.br;Rua General Jardim - 522 - CEP: 01223-010 - Vila Buarque;São Paulo;SP;Faculdade;EAD - Superior / Presencial - Superior /;Privada;Privada sem fins lucrativos;10/09/1946;4;2023;4;2019;4;2019;;;Unificação de Mantidas;Ativa
18226;INSTITUTO DE MEDICINA INTEGRAL PROFESSOR FERNANDO FIGUEIRA - IMIP;10.988.301/0001-29;Pessoa Jurídica de Direito Privado - Sem fins lucrativos - Associação de Utilidade Pública;26492;Escola de Tecnologia em Saúde (ETS);ETS;;;eduardojorge@imip.org.br;Rua dos Coelhos - 300 - CEP: 50070-550 - Boa Vista;Recife;PE;Faculdade;EAD - Superior;Privada;Privada sem fins lucrativos;08/07/2026;-;;5;2023;-;;;;;Ativa
12420;DEPARTAMENTO INTERSINDICAL DE EST ESTS SOCIO ECONOMICOS;60.964.996/0001-87;Pessoa Jurídica de Direito Privado - Sem fins lucrativos - Associação de Utilidade Pública;13845;Escola DIEESE de Ciências do Trabalho (DIEESE);DIEESE;(11)38745366;www.dieese.org.br;contatoescola@dieese.org.br;Rua Aurora - 957 - CEP: 01209-001 - Santa Efigênia;São Paulo;SP;Faculdade;EAD - Superior / Presencial - Superior /;Privada;Privada sem fins lucrativos;09/04/2012;5;2024;4;2019;-;;;;;Ativa
19590;ASSOCIACAO PIAUIENSE DE COMBATE AO CANCER ALCENOR ALMEIDA;06.870.026/0001-77;Pessoa Jurídica de Direito Privado - Sem fins lucrativos - Associação de Utilidade Pública;30151;ESCOLA FACULDADE SÃO MARCOS;-;;;;Governador Raimundo Artur de Vasconcelos - - CEP: 64001-450 - Centro;Teresina;PI;Faculdade;Presencial - Superior;Privada;Privada sem fins lucrativos;27/02/2026;4;2025;-;;-;;;;;Ativa
229;FUNDACAO GAMMON DE ENSINO;53.640.876/0001-69;Pessoa Jurídica de Direito Privado - Sem fins lucrativos - Associação de Utilidade Pública;1221;Escola Superior de Agronomia de Paraguaçu Paulista (ESAPP);ESAPP;(18) 996581621;www.esapp.edu.br;secretaria@esapp.edu.br;Rua Jayme Monteiro - 791 - CEP: 19700-059 - Centro;Paraguaçu Paulista;SP;Faculdade;Presencial - Superior;Privada;Privada sem fins lucrativos;24/11/1998;4;2024;-;;2;2023;;;;Ativa
3080;ASSOCIACAO DE ARTE E ENSINO SUPERIOR;07.763.516/0001-37;Pessoa Jurídica de Direito Privado - Sem fins lucrativos - Associação de Utilidade Pública;4829;ESCOLA SUPERIOR DE ARTES CÉLIA HELENA;-;(11)3884-8294;www.celiahelena.com.br;ligia.cortez@celiahelena.com.br;Avenida São Gabriel - 462 - CEP: 01435-000 - Itaim Bibi;São Paulo;SP;Faculdade;EAD - Superior / Presencial - Superior /;Privada;Privada sem fins lucrativos;21/01/2008;4;2023;4;2021;SC;2011;;;;Ativa
345;IRMANDADE DA SANTA CASA DE MISERICORDIA DE VITORIA;28.141.190/0001-86;Pessoa Jurídica de Direito Privado - Sem fins lucrativos - Associação de Utilidade Pública;501;ESCOLA SUPERIOR DE CIÊNCIAS DA SANTA CASA DE MISERICÓRDIA DE VITÓRIA (EMESCAM);EMESCAM;(27)33343509;www.emescam.br;pesquisador@emescam.br;AVENIDA NOSSA SENHORA DA PENHA - 2190 - CEP: 29045-402 - SANTA LUIZA;Vitória;ES;Faculdade;EAD - Superior / Presencial - Superior /;Privada;Privada sem fins lucrativos;04/03/1968;5;2017;5;2021;4;2023;;;;Ativa
16764;INSTITUTO DE EDUCACAO SUPERIOR LATINOAMERICANO - IESLA;97.525.706/0001-09;Pessoa Jurídica de Direito Privado - Sem fins lucrativos - Associação de Utilidade Pública;22764;ESCOLA SUPERIOR DE EDUCAÇÃO (ESJUS);ESJUS;3125138800;www.iesla.com.br;reitoria@iesla.edu.br;Avenida Miguel Perrela - - - CEP: 31330-290 - Castelo;Belo Horizonte;MG;Faculdade;Presencial - Superior;Privada;Privada sem fins lucrativos;06/12/2019;2;2024;-;;-;;;;Unificação de Mantidas;Ativa
15028;ASSOCIACAO DEHONIANA BRASIL MERIDIONAL;04.730.949/0001-06;Pessoa Jurídica de Direito Privado - Sem fins lucrativos - Associação de Utilidade Pública;1714;ESCOLA SUPERIOR DE GESTÃO COMERCIAL E MARKETING (ESIC);ESIC;(41)3094-7750;www.esic.br;alessio.rosa@esic.br;Rua Padre Dehon - 814 - CEP: 81630-090 - Hauer;Curitiba;PR;Faculdade;EAD - Superior / Presencial - Superior /;Privada;Privada sem fins lucrativos;22/05/2001;4;2024;5;2021;3;2023;;;;Ativa
412;ESPM;61.825.675/0001-64;Pessoa Jurídica de Direito Privado - Sem fins lucrativos - Associação de Utilidade Pública;1327;ESCOLA SUPERIOR DE PROPAGANDA E MARKETING DE PORTO ALEGRE (ESPM - POA);ESPM - POA;(51) 3218 1300;www.espm.br;sonia@espm.br;Rua Guilherme Shell - 268 - CEP: 90640-040 - Santo Antonio;Porto Alegre;RS;Faculdade;Presencial - Superior;Privada;Privada sem fins lucrativos;24/06/1999;5;2023;-;;4;2023;;;;Ativa
57;AUTARQUIA DE ENSINO SUPERIOR DE ARCOVERDE;11.462.454/0001-09;Pessoa Jurídica de Direito Público - Municipal;4858;ESCOLA SUPERIOR DE SAÚDE DE ARCOVERDE (ESSA);ESSA;(87) 3821-3247;www.aesa-cesa.br;direcao.essa@aesa-cesa.br;Rua Gumercindo Cavalcanti - s/n - CEP: 56500-000 - São Cristóvão;Arcoverde;PE;Faculdade;Presencial - Superior;Publica;Especial;06/01/2004;-;;-;;2;2023;;;;Ativa
3337;FUNDACAO SAO LOURENCO DE BRINDISI;05.536.330/0001-10;Privada sem fins lucrativos;2287;ESCOLA SUPERIOR DE TEOLOGIA E ESPIRITUALIDADE FRANCISCANA (ESTEF);ESTEF;(51) 32174567;www.estef.edu.br;estef@estef.edu.br;Rua Tomas Edison - 212 - CEP: 90640-100 - Santo Antônio;Porto Alegre;RS;Faculdade;Presencial - Superior;Privada;Privada sem fins lucrativos;18/11/2004;4;2023;-;;3;2023;;;;Ativa
13261;SERVICO NACIONAL DE APRENDIZAGEM DO COOPERATIVISMO DO ESTADO DO RIO GRANDE DO SUL - SESCOOP/RS;10.510.590/0001-56;Pessoa Jurídica de Direito Privado - Sem fins lucrativos - Associação de Utilidade Pública;14181;ESCOLA SUPERIOR DO COOPERATIVISMO (ESCOOP);ESCOOP;(51) 33230000;https://escoop.edu.br/;jose-maximo@sescooprs.coop.br;Avenida Berlim - 409 - CEP: 90570-000 - Sao Geraldo;Porto Alegre;RS;Faculdade;Presencial - Superior;Privada;Privada sem fins lucrativos;20/07/2011;5;2025;-;;-;;;;;Ativa
13354;FUNDACAO ESCOLA SUPERIOR DO MINISTERIO PUBLICO DO DISTRITO FEDERAL E TERRITORIOS;26.989.137/0001-04;Pessoa Jurídica de Direito Privado - Sem fins lucrativos - Fundação;18800;ESCOLA SUPERIOR DO MINISTÉRIO PÚBLICO (ESCOLAMP);ESCOLAMP;61 32264643;WWW.ESCOLAMP.ORG.BR;ESCOLAMP@ESCOLAMP.ORG.BR;Quadra CRS 502 Bloco A - 55 - CEP: 70330-510 - Asa Sul;Brasília;DF;Instituição Especialmente Credenciada para oferta de cursos lato sensu;EAD - Superior / Presencial - Superior /;Privada;Privada sem fins lucrativos;01/09/2016;4;2024;5;2021;-;;;;Sub Judice;Ativa
693;FUNDACAO EDUCACIONAL VALE DO SAO FRANCISCO;00.887.172/0001-29;Privada sem fins lucrativos;989;ESCOLA SUPERIOR EM MEIO AMBIENTE (ESMA);ESMA;(37)33532222;www.fevasf.edu.br;pi@fevasf.edu.br;Rua 155 - 253 - CEP: 38910-000 - BELA VISTA;Iguatama;MG;Faculdade;Presencial - Superior;Privada;Privada sem fins lucrativos;04/11/1996;3;2019;-;;2;2023;;;;Ativa
18631;ASSOCIACAO CULTURAL E EDUCACIONAL MADRE CELESTE;50.729.278/0001-72;Pessoa Jurídica de Direito Privado - Sem fins lucrativos - Associação de Utilidade Pública;2350;ESCOLA SUPERIOR MADRE CELESTE (ESMAC);ESMAC;(91) 32731558;www.esmac.edu.br;"samia.esmac@gmail.com; regulacao@esmac.edu.br";Estrada da Providência - 10 - CEP: 67110-000 - Coqueiro;Ananindeua;PA;Faculdade;EAD - Superior / Presencial - Superior /;Privada;Privada sem fins lucrativos;18/12/2001;4;2023;4;2023;3;2023;;;;Ativa
2347;FUNDACAO ESCOLA NACIONAL DE SEGUROS FUNENSEG;42.161.687/0001-97;Privada sem fins lucrativos;3710;ESCOLA SUPERIOR NACIONAL DE SEGUROS (ESNS);ESNS;(21) 33801046;www.ens.edu.br;secretaria@ens.edu.br;Rua Senador Dantas - 74 - CEP: 20031-205 - Centro;Rio de Janeiro;RJ;Faculdade;EAD - Superior / Presencial - Superior /;Privada;Privada sem fins lucrativos;27/06/2005;4;2023;5;2023;4;2021;;;;Ativa
2347;FUNDACAO ESCOLA NACIONAL DE SEGUROS FUNENSEG;42.161.687/0001-97;Privada sem fins lucrativos;11289;ESCOLA SUPERIOR NACIONAL DE SEGUROS DE SÃO PAULO (ESNS-SP);ESNS-SP;(11)27391029;www.ens.edu.br;secretaria@ens.edu.br;Avenida Paulista - 2.421 - CEP: 01311-300 - Cerqueira Cesar;São Paulo;SP;Faculdade;Presencial - Superior;Privada;Privada sem fins lucrativos;23/12/2008;4;2023;-;;3;2023;;;Em Descredenciamento voluntário;Ativa
793;SERVICO SOCIAL EDUCACIONAL BENEFICENTE SESEBE;34.078.881/0001-85;Pessoa Jurídica de Direito Privado - Sem fins lucrativos - Associação de Utilidade Pública;1157;ESCOLA SUPERIOR SÃO FRANCISCO DE ASSIS (ESFA);ESFA;(27) 3259 3997;www.esfa.edu.br;diretoria.geral@esfa.edu.br;Rua Bernardino Monteiro - 700 - CEP: 29650-000 - Dois Pinheiros;Santa Teresa;ES;Faculdade;EAD - Superior / Presencial - Superior /;Privada;Privada sem fins lucrativos;29/07/1998;5;2024;4;2019;3;2023;;;;Ativa
16444;INSTITUTO SUPERIOR DE EDUCACAO DE ITAPIPOCA - ISEIT;21.263.001/0001-07;Pessoa Jurídica de Direito Privado - Sem fins lucrativos - Associação de Utilidade Pública;2466;FACUDADE IEDUCARE - FIED (FIED);FIED;(88) 3671-1720;http://www.fied.edu.br/;prodi@uninta.edu.br;Rua Conselheiro João Lourenço - 406 - CEP: 62320-121 - Centro;Tianguá;CE;Faculdade;EAD - Superior / Presencial - Superior /;Privada;Privada sem fins lucrativos;23/10/2007;4;2024;4;2019;4;2023;;;Em supervisão - Procedimento Sancionador sem Medida Cautelar;Ativa
1390;ASSOCIACAO IGREJA ADVENTISTA MISSIONARIA - AIAMIS;03.365.403/0001-22;Pessoa Jurídica de Direito Privado - Sem fins lucrativos - Associação de Utilidade Pública;17394;FACULDADE 05 DE JULHO (F5);F5;(88) 994499446;https://faculdadef5.com.br/;prodi@uninta.edu.br;AC Sobral - SN - CEP: 62010-970 - Centro;Sobral;CE;Faculdade;EAD - Superior / Presencial - Superior /;Privada;Privada sem fins lucrativos;10/08/2015;5;2023;4;2020;4;2023;;;;Ativa
12756;INSTITUICAO ADVENTISTA DE EDUCACAO E ASSISTENCIA SOCIAL NORTE BRASILEIRA;83.367.326/0001-89;Pessoa Jurídica de Direito Privado - Sem fins lucrativos - Associação de Utilidade Pública;13805;FACULDADE ADVENTISTA DA AMAZÔNIA (FAAMA);FAAMA;(91)3724-9500;www.faama.edu.br;faama@unb.org.br;Rodovia Augusto Meira Filho, Margem Esquerda - - CEP: 68795-000 - Mosqueiro;Benevides;PA;Faculdade;EAD - Superior / Presencial - Superior /;Privada;Privada sem fins lucrativos;07/12/2016;4;2023;4;2021;3;2023;;;;Ativa
735;INSTITUICAO ADV DE EDUC E ASSIST SOCIAL ESTE BRASILEIRA;73.686.370/0001-06;Pessoa Jurídica de Direito Privado - Sem fins lucrativos - Associação de Utilidade Pública;3754;FACULDADE ADVENTISTA DE MINAS GERAIS (FADMINAS);FADMINAS;(35) 3829-3600/(35) 3829-3900;www.fadminas.org.br;secretaria.geral@fadminas.org.br;Rua Joaquim Gomes Guerra - 590 - CEP: 37203-700 - Nossa Senhora do Líbano;Lavras;MG;Faculdade;Presencial - Superior;Privada;Privada sem fins lucrativos;15/12/2003;5;2024;-;;4;2023;;;;Ativa
1060;INSTITUICAO ADVENTISTA SUL BRASILEIRA DE EDUCACAO;76.726.884/0003-90;Pessoa Jurídica de Direito Privado - Sem fins lucrativos - Associação de Utilidade Pública;1613;FACULDADE ADVENTISTA DO PARANÁ (FAP);FAP;(44) 3236-8050;https://faculdadeadventista.edu.br/;diegoj.ferreira@adventistas.org;Gleba Paiçandu - s/n - CEP: 87130-000 - Zona Rural;Ivatuba;PR;Faculdade;EAD - Superior / Presencial - Superior /;Privada;Privada sem fins lucrativos;28/12/2000;5;2023;4;2022;4;2023;;;;Ativa
745;INSTITUICAO ITURAMENSE DE ENSINO SUPERIOR;00.099.845/0001-86;Pessoa Jurídica de Direito Privado - Sem fins lucrativos - Associação de Utilidade Pública;1068;FACULDADE ALDETE MARIA ALVES (FAMA);FAMA;(34) 3411 9700;www.facfama.edu.br;"randallstabile@hotmail.com;direcaoacademica@facfama.edu.br; dirfama@yahoo.com.br";AV. DOMINGOS TEIXEIRA - 664 - CEP: 38280-000 - RESIDENCIAL RECANTO DOS LAGOS;Iturama;MG;Faculdade;Presencial - Superior;Privada;Privada sem fins lucrativos;11/05/1998;4;2024;-;;4;2023;;;;Ativa
1032;ASSOCIACAO APARECIDENSE DE EDUCACAO;01.460.690/0001-24;Privada sem fins lucrativos;22443;Faculdade Alfredo Nasser de Casa Nova (FAN);FAN;6230949494;www.faculdadealfredonasser.edu.br;unifan@unifan.edu.br;BR 235, Km 70 - Zona Urbana - S/N - CEP: 47300-000 - Zona Urbana;Casa Nova;BA;Faculdade;Presencial - Superior;Privada;Privada sem fins lucrativos;12/12/2019;4;2018;-;;-;;;;;Ativa
1032;ASSOCIACAO APARECIDENSE DE EDUCACAO;01.460.690/0001-24;Privada sem fins lucrativos;23229;Faculdade Alfredo Nasser de Pontalina;-;6230949494;www.unifan.edu.br;unifan@unifan.edu.br;Avenida Sao Benedito - 900 - CEP: 75620-000 - Jardim Frei Walter;Pontalina;GO;Faculdade;Presencial - Superior;Privada;Privada sem fins lucrativos;23/10/2020;3;2019;-;;-;;;;;Ativa
1032;ASSOCIACAO APARECIDENSE DE EDUCACAO;01.460.690/0001-24;Privada sem fins lucrativos;11862;FACULDADE ALFREDO NASSER DE REMANSO;-;(62)3094 9494;www.unifan.edu.br;unifan@unifan.edu.br;Avenida Jesuino Oliveira de Souza - - CEP: 47200-000 - VILA SANTANA;Remanso;BA;Faculdade;Presencial - Superior;Privada;Privada sem fins lucrativos;07/12/2016;5;2025;-;;4;2023;;;;Ativa
1209;ASSOCIACAO DE ENSINO SUPERIOR DOS INCONFIDENTES - ASESI;03.647.480/0001-75;Pessoa Jurídica de Direito Privado - Sem fins lucrativos - Associação de Utilidade Pública;17348;Faculdade Alis de Itabirito;-;3199626513;;niube@triventoeducacao.com.br;Rua Matozinhos - 293 - CEP: 35452-056 - Matozinhos;Itabirito;MG;Faculdade;EAD - Superior / Presencial - Superior /;Privada;Privada sem fins lucrativos;04/03/2015;4;2022;5;2019;3;2023;;;;Ativa
17087;ASSOCIACAO EDUCACIONAL IBS AMERICAS;29.615.702/0001-61;Pessoa Jurídica de Direito Privado - Sem fins lucrativos - Associação de Utilidade Pública;23123;Faculdade Americas International College (FAMG);FAMG;;www.ibs-sp.com.br;ricardo.britto@ibs-sp.com.br;Conjunto Nacional - 2073 - CEP: 01311-940 - Bela Vista;São Paulo;SP;Faculdade;EAD - Superior /;Privada;Privada sem fins lucrativos;18/04/2022;5;2019;4;2021;-;;;;Em Descredenciamento voluntário;Ativa
18477;DH EDUCACIONAL S.A;46.715.705/0001-96;Pessoa Jurídica de Direito Privado - Sem fins lucrativos - Sociedade;28577;Faculdade Amplia (FAAMP);FAAMP;(11) 4270 0350;;diretoria@faculdadeamplia.com.br;Alameda Santos - 122 - CEP: 01418-000 - Cerqueira César;São Paulo;SP;Faculdade;EAD - Superior;Privada;Privada sem fins lucrativos;19/08/2026;-;;5;2023;-;;;;Credenciamento Prévio, Suspensão contrato FIES, Suspensão PRONATEC, Suspensão PROUNI, Vedação de criação de cursos de especialização Lato Sensu;Ativa
15496;ASSOCIACAO NACIONAL DOS SERVIDORES PUBLICOS, DA PREVIDENCIA E DA SEGURIDADE SOCIAL - ANASPS;37.160.330/0001-54;Pessoa Jurídica de Direito Privado - Sem fins lucrativos - Associação de Utilidade Pública;16628;Faculdade ANASPS (FANASPS);FANASPS;61 33211277;www.faculdadeanasps.com.br;thiagovesely@hotmail.com;Quadra SCS Quadra 3 - Loja 74/78 - CEP: 70303-000 - Asa Sul;Brasília;DF;Faculdade;EAD - Superior / Presencial - Superior /;Privada;Privada sem fins lucrativos;25/07/2016;4;2022;4;2021;3;2021;;;;Ativa
1406;ORGANIZACAO CULTURAL EDUCACIONAL FILANTROPICA;37.942.521/0001-78;Pessoa Jurídica de Direito Privado - Sem fins lucrativos - Associação de Utilidade Pública;2134;FACULDADE ASSEMBLEIANA DO BRASIL;-;(62) 3211-3077;www.fasseb.com.br;secretaria@fasseb.edu.br;Rua Florianópolis - 220 - CEP: 74553-520 - Vila Paraíso;Goiânia;GO;Faculdade;EAD - Superior / Presencial - Superior /;Privada;Privada sem fins lucrativos;28/11/2002;4;2022;4;2018;3;2023;;;;Ativa
893;FUNDACAO ASSIS GURGACZ;02.203.539/0001-73;Privada sem fins lucrativos;1612;Faculdade Assis Gurgacz (FAG TOLEDO);FAG TOLEDO;(45)32774000;www.fag.edu.br/toledo;maristela@fag.edu.br;Avenida Ministro Cirne Lima - 2.565 - CEP: 85903-590 - Jardim Coopagro;Toledo;PR;Centro Universitário;Presencial - Superior;Privada;Privada sem fins lucrativos;28/12/2000;4;2024;-;;3;2023;;;;Ativa
1161;SOCIEDADE BRASILEIRA DE ENSINO SUPERIOR;03.346.013/0001-05;Pessoa Jurídica de Direito Privado - Sem fins lucrativos - Associação de Utilidade Pública;1756;FACULDADE ASSOCIADA BRASIL (FAB);FAB;(11) 3230 1169 - whatsapp;www.faculdadebrasil.edu.br;diretoriageral@faculdadebrasil.edu.br;Rua Tiquatira - 243 - CEP: 04137-111 - Bosque da Saúde;São Paulo;SP;Faculdade;Presencial - Superior;Privada;Privada sem fins lucrativos;09/07/2001;3;2011;-;;2;2021;;;Em Supervisão - Procedimento Sancionador com Medida Cautelar, Suspensão contrato FIES, Suspensão PRONATEC, Suspensão PROUNI;Ativa
16715;ASSOCIACAO EDUCACIONAL E CULTURAL PAULISTANA;23.379.487/0001-60;Pessoa Jurídica de Direito Privado - Sem fins lucrativos - Associação de Utilidade Pública;22866;Faculdade Associada Brasil - EAD;-;(11) 3230-1169 (whatsapp);www.faculdadebrasil.edu.br;diretoriageral@faculdadebrasil.edu.br;Rua Nova dos Portugueses - 365 - CEP: 02462-080 - Chora Menino;São Paulo;SP;Faculdade;EAD - Superior /;Privada;Privada sem fins lucrativos;09/04/2021;-;;4;2020;-;;;;;Ativa
18457;ASSOCIACAO EDUCACIONAL UNIVERSIDADE ATITUDE;47.208.340/0001-76;Pessoa Jurídica de Direito Privado - Sem fins lucrativos - Associação de Utilidade Pública;27065;Faculdade Atitude (UNIATITUDE);UNIATITUDE;21 988854940;;amiltondonascimento@gmail.com;Avenida Alfredo Baltazar da Silveira - 570 - CEP: 22790-710 - Recreio dos Bandeirantes;Rio de Janeiro;RJ;Faculdade;EAD - Superior /;Privada;Privada sem fins lucrativos;24/12/2025;-;;3;2024;-;;;;;Ativa
869;CRUZADA MARANATA DE EVANGELIZACAO;74.333.097/0001-90;Pessoa Jurídica de Direito Privado - Sem fins lucrativos - Associação de Utilidade Pública;1302;FACULDADE BATISTA BRASILEIRA (FBB);FBB;(71) 3505 3478;www.fbb.br;"edna.oliveira@fbb.br; atilajr@fbb.br; andrea.kraus@fbb.br";Rua Altino Serbeto de Barros - 174 - CEP: 41830-492 - Pituba;Salvador;BA;Faculdade;EAD - Superior / Presencial - Superior /;Privada;Privada sem fins lucrativos;07/05/1999;3;2017;4;2021;3;2023;;;;Ativa
16337;SEMINARIO TEOLOGICO BATISTA DO NORTE DO BRASIL;10.975.720/0001-26;Pessoa Jurídica de Direito Privado - Sem fins lucrativos - Associação de Utilidade Pública;20106;FACULDADE BATISTA DE PERNAMBUCO (FABAPE);FABAPE;8005803597;seminariodonorte.com.br;"administração@faculdadesbatistas.com.br; regulacao@fatebe.edu.br";Rua Padre Inglês - 243 - CEP: 50050-230 - Boa Vista;Recife;PE;Faculdade;Presencial - Superior;Privada;Privada sem fins lucrativos;23/05/2017;4;2025;-;;2;2023;;;;Ativa
15035;SEMINARIO BATISTA DO CARIRI;07.577.331/0001-38;Pessoa Jurídica de Direito Privado - Sem fins lucrativos - Associação de Utilidade Pública;15562;Faculdade Batista do Cariri (FBC);FBC;(88) 35231643;http://www.faculdadebatistacariri.edu.br/;admi@faculdadebatistacariri.edu.br;Rua Aminadab Arruda Campos - 102 - CEP: 63132-024 - Muriti;Crato;CE;Faculdade;Presencial - Superior;Privada;Privada sem fins lucrativos;09/03/2015;3;2019;-;;3;2021;;;;Ativa
3560;JUNTA DE EDUCACAO E ACAO SOCIAL DA CONVENCAO BATISTA FLUMINENSE;29.107.380/0001-40;Pessoa Jurídica de Direito Privado - Sem fins lucrativos - Associação de Utilidade Pública;4066;FACULDADE BATISTA DO ESTADO DO RIO DE JANEIRO - FABERJ (FABERJ );FABERJ;(22) 21010021;www.faberj.edu.br;"secretaria@faberj.edu.br; direcao@faberj.edu.br";Avenida Alberto Torres - 249/261 - CEP: 28035-581 - Centro;Campos dos Goytacazes;RJ;Faculdade;EAD - Superior / Presencial - Superior /;Privada;Privada sem fins lucrativos;22/12/2004;4;2025;4;2021;2;2023;;;;Ativa
944;SEMINARIO TEOLOGICO BATISTA DO SUL DO BRASIL;33.909.037/0001-96;Pessoa Jurídica de Direito Privado - Sem fins lucrativos - Associação de Utilidade Pública;1429;FACULDADE BATISTA DO RIO DE JANEIRO (FBRJ);FBRJ;8005803597;www.seminariodosul.com.br;administração@faculdadesbatistas.com.br;Rua José Higino - 416 - CEP: 20510-412 - Tijuca;Rio de Janeiro;RJ;Faculdade;EAD - Superior / Presencial - Superior /;Privada;Privada sem fins lucrativos;30/12/1999;4;2019;3;2019;3;2021;;;;Ativa
1463;SEMINARIO TEOLOGICO BATISTA EQUATORIAL;04.978.193/0001-00;Pessoa Jurídica de Direito Privado - Sem fins lucrativos - Associação de Utilidade Pública;2237;FACULDADE BATISTA EQUATORIAL (FABAE);FABAE;8005803597;https://seminarioequatorial.com.br;"administração@faculdadesbatistas.com.br; regulacao.fabae@seminarioequatorial.com.br";Br 316 Km 01 - 6241 - CEP: 66645-003 - Castanheira;Belém;PA;Faculdade;Presencial - Superior;Privada;Privada sem fins lucrativos;16/12/2002;3;2015;-;;3;2023;;;;Ativa
18262;SEMINARIO BATISTA REGULAR DE SAO PAULO;43.019.942/0001-24;Pessoa Jurídica de Direito Privado - Sem fins lucrativos - Associação de Utilidade Pública;26400;Faculdade Batista Logos (FBL);FBL;(11) 999392363;www.faculdadebatistalogos.edu.br;contato@faculdadebatistalogos.edu.br;Avenida Engenheiro Armando de Arruda Pereira - 2747 - CEP: 04309-011 - Jabaquara;São Paulo;SP;Faculdade;Presencial - Superior;Privada;Privada sem fins lucrativos;06/07/2023;4;2022;4;2022;-;;;;;Ativa
3128;ASSOCIACAO EDUCACIONAL BATISTA PIONEIRA;07.787.332/0001-07;Pessoa Jurídica de Direito Privado - Sem fins lucrativos - Associação de Utilidade Pública;4902;FACULDADE BATISTA PIONEIRA;-;55 3332-2205;www.batistapioneira.edu.br;faculdade@batistapioneira.edu.br;Rua Dr. Pestana - 1021 - CEP: 98700-000 - Centro;Ijuí;RS;Faculdade;EAD - Superior / Presencial - Superior /;Privada;Privada sem fins lucrativos;05/12/2008;4;2023;4;2021;4;2021;;;;Ativa
15964;CENTRO DE EXTENSAO UNIVERSITARIA;03.488.576/0001-38;Privada sem fins lucrativos;25455;Faculdade Belavista;-;;;glaucia.noguera@ise.org.br;Rua Martiniano de Carvalho - 573 - CEP: 01321-001 - Bela Vista;São Paulo;SP;Faculdade;Presencial - Superior;Privada;Privada sem fins lucrativos;24/10/2022;5;2021;-;;-;;;;;Ativa
3034;ACEB ASSOCIACAO CULTURAL E EDUCACIONAL DE BERTIOGA;07.672.154/0001-79;Privada sem fins lucrativos;1432;FACULDADE BERTIOGA (FABE);FABE;(13) 3317 3444;www.faculdadebertioga.com.br;fabe@faculdadebertioga.com.br;Avenida Manoel da Nóbrega - 966 - CEP: 11250-288 - Jardim Lido;Bertioga;SP;Faculdade;Presencial - Superior;Privada;Privada sem fins lucrativos;30/12/1999;4;2017;-;;3;2023;;;;Ativa
17466;INSTITUTO BIBLICO DA ASSEMBLEIA DE DEUS NO AMAZONAS;04.006.474/0001-00;Pessoa Jurídica de Direito Privado - Sem fins lucrativos - Associação de Utilidade Pública;3397;FACULDADE BOAS NOVAS DE CIÊNCIAS TEOLÓGICAS, SOCIAIS E BIOTECNOLÓGICAS (FBNCTSB);FBNCTSB;(92) 32372214;www.fbnovas.edu.br;"mariajose@faculdadeboasnovas.edu.br;gildasio@lupa-rj.com.br";Avenida General Rodrigo Octávio Jordão Ramos - 1.655 - CEP: 69077-000 - Japiim;Manaus;AM;Faculdade;EAD - Superior / Presencial - Superior /;Privada;Privada sem fins lucrativos;12/01/2005;4;2023;5;2019;3;2023;;;;Ativa
1256;CENTRO DE ENSINO SUPERIOR FABRA;03.580.192/0001-40;Pessoa Jurídica de Direito Privado - Sem fins lucrativos - Associação de Utilidade Pública;1908;FACULDADE BRASILEIRA CRISTÃ (FBC);FBC;(27) 3241 9093;https://faculdadebrasileiracrista.edu.br/sitefbc/;direcao@faculdadebrasileiracrista.edu.br;Rua Pouso Alegre - 49 - CEP: 29166-160 - Barcelona;Serra;ES;Faculdade;EAD - Superior / Presencial - Superior /;Privada;Privada sem fins lucrativos;17/12/2001;4;2024;4;2017;3;2023;;;;Ativa
20002;INSTITUTO DE ESTUDOS E PESQUISAS ESTRATEGICAS (IEPE);03.542.056/0001-66;Pessoa Jurídica de Direito Privado - Sem fins lucrativos - Associação de Utilidade Pública;17200;Faculdade Brasileira de Tributação (FBT);FBT;51997644204;www.fbtedu.com.br;luizfilho@fbtedu.com.br;Rua Mostardeiro - 392 - CEP: 90430-000 - Moinho dos Ventos;Porto Alegre;RS;Faculdade;EAD - Superior /;Privada;Privada sem fins lucrativos;31/01/2014;3;2020;4;2019;4;2021;;;;Ativa
15215;ASSOCIACAO EDUCACIONAL LATINO AMERICANA;12.295.018/0001-47;Pessoa Jurídica de Direito Privado - Sem fins lucrativos - Associação de Utilidade Pública;25148;FACULDADE BRIDGE - THE WORLD SCHOOL (BRIDGE);BRIDGE;(14)982272827;www.esn.edu.br;valdir@isped.com.br;Rua Pernambuco - 1025 - CEP: 17515-120 - Banzato;Marília;SP;Faculdade;EAD - Superior /;Privada;Privada sem fins lucrativos;07/04/2022;-;;4;2021;-;;;;;Ativa
13433;INSTITUTO CAL DE ARTE E CULTURA;08.396.902/0001-09;Pessoa Jurídica de Direito Privado - Sem fins lucrativos - Sociedade;11584;FACULDADE CAL DE ARTES CÊNICAS (Faculdade Cal);Faculdade Cal;(21)22257676;www.cal.com.br;coordenacao@cal.com.br;Rua Santo Amaro - 44 - CEP: 22211-230 - Glória;Rio de Janeiro;RJ;Faculdade;Presencial - Superior;Privada;Privada sem fins lucrativos;09/04/2012;4;2023;4;2021;-;;;;;Ativa
315;FUNDACAO DE ENSINO SUPERIOR DA REGIAO CENTRO SUL;87.476.933/0001-38;Privada sem fins lucrativos;454;FACULDADE CAMAQÜENSE DE CIÊNCIAS CONTÁBEIS E ADMINISTRATIVAS (FACCCA);FACCCA;(51) 3671 1855;www.fundasul.br;secretaria@fundasul.br;Av. Cônego Luiz Walter Hanquet - 151 - CEP: 96180-000 - Centro;Camaquã;RS;Faculdade;Presencial - Superior;Privada;Privada sem fins lucrativos;05/09/1974;3;2016;-;;3;2023;;;Suspensão PROUNI;Ativa
12553;FUNDACAO JOAO PAULO II;50.016.039/0001-75;Privada sem fins lucrativos;13527;FACULDADE CANÇÃO NOVA (FCN);FCN;(12) 31862441;www.fcn.edu.br;diretoria@fcn.edu.br;Rua Carlos Pinto Filho - - CEP: 12630-000 - Vila Cacarro;Cachoeira Paulista;SP;Faculdade;Presencial - Superior;Privada;Privada sem fins lucrativos;19/05/2011;4;2023;-;;SC;2023;;;;Ativa
141;FUNDACAO CASPER LIBERO;61.277.273/0001-72;Privada sem fins lucrativos;200;FACULDADE CÁSPER LÍBERO (FCL);FCL;(11) 3170 5883;www.casperlibero.edu.br;diretoria@casperlibero.edu.br;Avenida Paulista - 900 - CEP: 01310-940 - Bela Vista;São Paulo;SP;Faculdade;EAD - Superior / Presencial - Superior /;Privada;Privada sem fins lucrativos;23/05/1947;4;2019;4;2023;3;2023;;;;Ativa
15505;SOCIEDADE EDUCACIONAL CATOLICA DO OESTE DO PARA;08.799.102/0001-20;Pessoa Jurídica de Direito Privado - Sem fins lucrativos - Sociedade;17438;Faculdade Católica Cavanis do Sudoeste do Pará (FCCSPA);FCCSPA;93981112703;cavanis.edu.br;fac.catolica.cavanis@gmail.com;Rua Boa Vista, esquina com a rua Edelberto Henrique Oderdenge - S/n - CEP: 68193-000 - Jardim Santarem;Novo Progresso;PA;Faculdade;Presencial - Superior;Privada;Privada sem fins lucrativos;11/10/2016;4;2022;-;;2;2023;;;;Ativa
751;FUNDACAO DE ENSINO SUPERIOR DE CAJAZEIRAS;08.798.779/0001-44;Privada sem fins lucrativos;1076;FACULDADE CATÓLICA DA PARAÍBA;-;(83) 3531 3500;https://catolicapb.com.br;catolica@faculdadecatolicadaparaiba.edu.br;Rua Padre Ibiapina - s/n - CEP: 58900-000 - Centro;Cajazeiras;PB;Faculdade;Presencial - Superior;Privada;Privada sem fins lucrativos;23/04/1970;4;2023;-;;3;2023;;;;Ativa
664;FUNDACAO SAO MIGUEL ARCANJO;00.772.442/0001-56;Privada sem fins lucrativos;939;FACULDADE CATÓLICA DE ANÁPOLIS (CATÓLICA DE ANÁPOLIS);CATÓLICA DE ANÁPOLIS;6233288900;www.catolicadeanapolis.edu.br;anevair.silva@catolicadeanapolis.edu.br;Rua B-10, Qd. 10, lts. 13, 14, 15 e 16 - 580 - CEP: 75080-730 - Cidade Jardim;Anápolis;GO;Faculdade;Presencial - Superior;Privada;Privada sem fins lucrativos;26/07/1995;3;2023;4;2023;2;2023;;;;Ativa
12052;INSTITUTO DOM VICENTE ZICO - INVIZI;09.211.658/0001-17;Pessoa Jurídica de Direito Privado - Sem fins lucrativos - Sociedade;17875;Faculdade Católica de Belém (FACBEL);FACBEL;91-32552324;www.catolicadebelem.com.br;"administracao@catolicadebelem.com.br; regulacaoeducacional@gmail.com";CLI TIM Norte - s/n - CEP: 67030-970 - Centro;Ananindeua;PA;Faculdade;Presencial - Superior;Privada;Privada sem fins lucrativos;22/06/2016;4;2022;-;;3;2023;;;;Ativa
14981;ASSOCIACAO DOM AQUINO CORREA - ADAC;11.243.109/0001-76;Pessoa Jurídica de Direito Privado - Sem fins lucrativos - Associação de Utilidade Pública;1941;FACULDADE CATÓLICA DE CUIABÁ (FACC-CBA);FACC-CBA;(65) 3052-8120;https://unifacc.com.br;pi@unifacc.com.br;Rua Pimenta Bueno - 534 - CEP: 78015-190 - Dom Aquino;Cuiabá;MT;Faculdade;Presencial - Superior;Privada;Privada sem fins lucrativos;07/02/2002;4;2024;-;;2;2023;;;Unificação de Mantidas;Ativa
15569;ARQUIDIOCESE DE FEIRA DE SANTANA;16.260.762/0001-67;Pessoa Jurídica de Direito Privado - Sem fins lucrativos - Associação de Utilidade Pública;16918;FACULDADE CATÓLICA DE FEIRA DE SANTANA;-;(75) 3022-8008;catolicadefeira.com.br;"diretoracademico@catolicadefeira.com.br;pesquisadorinstitucional@catolicadefeira.com.br";Avenida Dom Jackson Berenguer Prado - S/N - CEP: 44059-850 - Papagaio;Feira de Santana;BA;Faculdade;Presencial - Superior;Privada;Privada sem fins lucrativos;30/04/2015;4;2024;-;;3;2023;;;;Ativa
17821;ASSOCIACAO EDUCACIONAL E CULTURAL CATOLICA DE FORTALEZA - AECAF;34.711.483/0001-54;Pessoa Jurídica de Direito Privado - Sem fins lucrativos - Associação de Utilidade Pública;2485;FACULDADE CATÓLICA DE FORTALEZA (FCF);FCF;(85) 34532150;www.catolicadefortaleza.edu.br;faleconosco@catolicadefortaleza.edu.br;Avenida Dom Manuel - 03 - CEP: 60060-090 - Centro;Fortaleza;CE;Faculdade;EAD - Superior / Presencial - Superior /;Privada;Privada sem fins lucrativos;25/02/2002;4;2023;4;2021;3;2023;;;;Ativa
14981;ASSOCIACAO DOM AQUINO CORREA - ADAC;11.243.109/0001-76;Pessoa Jurídica de Direito Privado - Sem fins lucrativos - Associação de Utilidade Pública;15433;FACULDADE CATÓLICA DE MATO GROSSO (FACC-MT);FACC-MT;(65) 3052-8120;https://unifacc.com.br;pi@unifacc.com.br;Rua do Seminário - 105 - CEP: 78118-356 - Cristo Rei;Várzea Grande;MT;Faculdade;Presencial - Superior;Privada;Privada sem fins lucrativos;09/04/2012;4;2024;-;;2;2023;;;Unificação de Mantidas;Ativa
508;CONFRARIA N. S. DA PIEDADE DA PAROQUIA DE N. S. DA PIEDADE DE PARA DE MINAS;20.923.264/0001-24;Pessoa Jurídica de Direito Privado - Sem fins lucrativos - Associação de Utilidade Pública;752;FACULDADE CATÓLICA DE PARÁ DE MINAS (FAPAM);FAPAM;(37) 3237-2000;www.fapam.edu.br;secretaria@fapam.edu.br;Rua Ricardo Marinho - 110 - CEP: 35660-398 - São Geraldo;Pará de Minas;MG;Faculdade;EAD - Superior / Presencial - Superior /;Privada;Privada sem fins lucrativos;09/03/1976;4;2023;4;2019;3;2023;;;;Ativa
2228;FUNDACAO EDUCACIONAL DOM JOSE D'ANGELO NETO;05.579.079/0001-70;Privada sem fins lucrativos;3522;FACULDADE CATÓLICA DE POUSO ALEGRE (FACAPA);FACAPA;(35) 34211820;www.facapa.edu.br;secretaria@facapa.edu.br;Av Avenida Mauro Tomasini - 75 - CEP: 37557-007 - São Carlos;Pouso Alegre;MG;Faculdade;Presencial - Superior;Privada;Privada sem fins lucrativos;16/11/2005;4;2025;-;;3;2023;;;;Ativa
12365;ASSOCIACAO DE ASSISTENCIA A CULTURA NA AMAZONIA MOACYR GRECHI - AASCAM;09.529.939/0001-12;Pessoa Jurídica de Direito Privado - Sem fins lucrativos - Associação de Utilidade Pública;4594;FACULDADE CATÓLICA DE RONDONIA (FCR);FCR;(69) 992160337;www.fcr.edu.br;reitor@fcr.edu.br;Rua Gonçalves Dias - 290 - CEP: 76801-132 - Centro;Porto Velho;RO;Faculdade;EAD - Superior / Presencial - Superior /;Privada;Privada sem fins lucrativos;15/02/2007;5;2025;4;2019;3;2023;;;;Ativa
2121;FUNDACAO DOM JAIME DE BARROS CAMARA;82.898.891/0001-00;Privada sem fins lucrativos;14288;FACULDADE CATÓLICA DE SANTA CATARINA (FACASC);FACASC;4.832.340.400;http://www.facasc.edu.br/;pi@facasc.edu.br;Rua Deputado Antônio Edu Vieira - 1524 - CEP: 88040-001 - Pantanal;Florianópolis;SC;Faculdade;Presencial - Superior;Privada;Privada sem fins lucrativos;02/01/2012;4;2023;-;;4;2023;;;;Ativa
13090;ASSOCIACAO AMAZONICA PARA A PESQUISA E EDUCACAO CRISTA;07.864.772/0001-10;Pessoa Jurídica de Direito Privado - Sem fins lucrativos - Associação de Utilidade Pública;26702;FACULDADE CATÓLICA DO AMAZONAS;-;(92) 36427297;https://catolicadoamazonas.edu.br/;diretoriageral@catolicadoamazonas.edu.br;Rua Maromba - 79 - CEP: 69050-150 - Chapada;Manaus;AM;Faculdade;Presencial - Superior;Privada;Privada sem fins lucrativos;29/12/2023;4;2023;-;;-;;;;;Ativa
1346;SOCIEDADE MARANHENSE DE CULTURA SUPERIOR;06.349.146/0001-23;Pessoa Jurídica de Direito Privado - Sem fins lucrativos - Associação de Utilidade Pública;2049;FACULDADE CATÓLICA DO MARANHÃO (FACMA);FACMA;(98) 3334-6458;www.facmaedu.com.br;iran@facmaedu.com.br;Rua do Rancho - 110 - CEP: 65010-010 - Centro;São Luís;MA;Faculdade;Presencial - Superior;Privada;Privada sem fins lucrativos;22/05/2002;3;2015;-;;3;2023;;;;Ativa
906;FUNDACAO EDUCACIONAL DOM ORIONE;02.355.891/0001-24;Pessoa Jurídica de Direito Privado - Sem fins lucrativos - Associação de Utilidade Pública;2741;FACULDADE CATÓLICA DOM ORIONE (FACDO);FACDO;(63) 2104 1439;www.catolicaorione.edu.br;presidencia@gedo.org.br;Rua Santa Cruz - 557 - CEP: 77804-090 - Centro;Araguaína;TO;Faculdade;Presencial - Superior;Privada;Privada sem fins lucrativos;28/01/2005;4;2019;-;;3;2023;;;;Ativa
278;UNIAO BRASILEIRA DE EDUCACAO CATOLICA;00.331.801/0001-30;Pessoa Jurídica de Direito Privado - Sem fins lucrativos - Associação de Utilidade Pública;2723;FACULDADE CATÓLICA IMACULADA CONCEIÇÃO DO RECIFE (CATÓLICA);CATÓLICA;(81) 21270500;https://ficr.catolica.edu.br/portal/;polyana.souza@ficr.edu.br;Avenida Caxangá - 3839 - CEP: 50670-902 - Iputinga;Recife;PE;Faculdade;Presencial - Superior;Privada;Privada sem fins lucrativos;31/12/2002;4;2023;-;;3;2023;;;;Ativa
15215;ASSOCIACAO EDUCACIONAL LATINO AMERICANA;12.295.018/0001-47;Pessoa Jurídica de Direito Privado - Sem fins lucrativos - Associação de Utilidade Pública;15859;Faculdade Católica Paulista (FACAP);FACAP;(14) 3422-1815;www.uca.edu.br;"valdir@uca.edu.br; academico@uca.edu.br";Avenida Cristo Rei - 270-305 - CEP: 17515-200 - Banzato;Marília;SP;Faculdade;EAD - Superior / Presencial - Superior /;Privada;Privada sem fins lucrativos;12/08/2013;4;2024;4;2023;3;2023;;;;Ativa
910;FUNDACAO ARCO IRIS DE ARAPUTANGA;37.500.808/0001-48;Privada sem fins lucrativos;1375;FACULDADE CATÓLICA RAINHA DA PAZ DE ARAPUTANGA (FCARP);FCARP;(65) 3261 1314;www.fcarp.edu.br;"fcarp@fcarp.edu.br; diretoriageral@fcarp.edu.br;izafcarp@gmail.com";AVENIDA 23 DE MAIO - S/N - CEP: 78260-000 - CENTRO;Araputanga;MT;Faculdade;Presencial - Superior;Privada;Privada sem fins lucrativos;20/10/1999;4;2025;-;;3;2023;;;;Ativa
1107;INSTITUTO N S DA GLORIA;29.694.775/0001-96;Pessoa Jurídica de Direito Privado - Sem fins lucrativos - Associação de Utilidade Pública;1682;Faculdade Católica Salesiana de Macaé (FCSMA);FCSMA;(22) 27918900;www.salesiana.edu.br;vicedirecao@salesianamacae.edu.br;Avenida Santos Moreira - 445 - CEP: 27943-200 - Miramar;Macaé;RJ;Faculdade;Presencial - Superior;Privada;Privada sem fins lucrativos;09/04/2001;4;2017;-;;3;2023;;;Em Descredenciamento voluntário, Suspensão PROUNI;Ativa
3064;CAMARA DE DIRIGENTES LOJISTAS DE FORTALEZA;07.293.038/0001-49;Pessoa Jurídica de Direito Privado - Sem fins lucrativos - Associação de Utilidade Pública;4784;FACULDADE CDL;-;(85) 37710750;www.faculdadecdl.edu.br;"secretariaacademica@faculdadecdl.edu.br;damata@faculdadecdl.edu.br";Rua 25 de Março - 882 - CEP: 60060-120 - Centro;Fortaleza;CE;Faculdade;EAD - Superior / Presencial - Superior;Privada;Privada sem fins lucrativos;18/03/2008;4;2026;4;2024;3;2023;;;;Ativa
407;CAMPANHA NACIONAL DE ESCOLAS DA COMUNIDADE;33.621.384/0001-19;Privada sem fins lucrativos;625;FACULDADE CENECISTA DE CAPIVARI (FACECAP);FACECAP;(19) 2146-2446;https://educacaosuperior.cnec.br/capivari;"ceduc.es@cnec.br; 0587.direcao@cnec.br";Rua Barão do Rio Branco - 374 - CEP: 13360-000 - Centro;Capivari;SP;Faculdade;Presencial - Superior;Privada;Privada sem fins lucrativos;07/02/1972;4;2023;-;;3;2021;;;;Ativa
2891;FUNDACAO EDUCACIONAL CLAUDINO FRANCIO;01.392.802/0001-57;Privada sem fins lucrativos;4567;FACULDADE CENTRO MATO-GROSSENSE;-;(66)3544-0649;www.facem.com.br;diretor.facem@fundacaoclaudinofrancio.com.br;Rua Rui Barbosa - 380 - CEP: 78890-000 - Centro;Sorriso;MT;Faculdade;Presencial - Superior;Privada;Privada sem fins lucrativos;09/11/2007;3;2018;-;;3;2023;;;;Ativa
16845;CESAR CENTRO DE ESTUDOS E SISTEMAS AVANCADOS DO RECIFE;01.203.327/0001-23;Pessoa Jurídica de Direito Privado - Sem fins lucrativos - Associação de Utilidade Pública;19327;Faculdade Cesar (FCE);FCE;81 34196700;www.cesar.school;contato@cesar.school;Rua do Brum - 77 - CEP: 50030-260 - Recife;Recife;PE;Faculdade;EAD - Superior / Presencial - Superior /;Privada;Privada sem fins lucrativos;21/07/2016;5;2022;5;2021;5;2023;;;;Ativa
15800;FUNDACAO CESGRANRIO;42.270.181/0001-16;Privada sem fins lucrativos;17738;Faculdade Cesgranrio (FACESGRANRIO);FACESGRANRIO;21 21039600;http://faculdade.cesgranrio.org.br;"presidencia@cesgranrio.org.br; pagomes@cesgranrio.org.br";Rua Santa Alexandrina - 1011 - CEP: 20261-235 - Rio Comprido;Rio de Janeiro;RJ;Faculdade;EAD - Superior / Presencial - Superior /;Privada;Privada sem fins lucrativos;19/07/2016;4;2022;5;2022;5;2023;;;;Ativa
404;FUNDACAO EDUCACIONAL JAYME DE ALTAVILA-FEJAL;12.207.742/0001-71;Privada sem fins lucrativos;17226;Faculdade Cesmac do Agreste (CESMAC Agreste);CESMAC Agreste;(82)3530.0155;acesso.cesmac.edu.br/agreste/graduacao;emec@cesmac.edu.br;Rua Professor Domingos Correia - 1207 - CEP: 57301-100 - Ouro Preto;Arapiraca;AL;Faculdade;Presencial - Superior;Privada;Privada sem fins lucrativos;07/04/2011;5;2023;-;;3;2023;;;;Ativa
404;FUNDACAO EDUCACIONAL JAYME DE ALTAVILA-FEJAL;12.207.742/0001-71;Privada sem fins lucrativos;17224;Faculdade Cesmac do Sertão (CESMAC Sertão);CESMAC Sertão;(82)3421.3680;www.cesmac.edu.br;emec@cesmac.edu.br;Rua Bráulio Montenegro - - CEP: 57607-520 - Vila Maria;Palmeira dos Índios;AL;Faculdade;Presencial - Superior;Privada;Privada sem fins lucrativos;;4;2023;-;;3;2023;;;;Ativa
1052;ASSOCIACAO EDUCACIONAL DE COROMANDEL - AEC;03.327.571/0001-23;Privada sem fins lucrativos;1601;FACULDADE CIDADE DE COROMANDEL (FCC);FCC;(34) 3841 3405;www.fcc.edu.br;projetos@fcc.edu.br;Avenida Adolfo Timóteo da Silva - 433 - CEP: 38550-000 - Brasil Novo;Coromandel;MG;Faculdade;Presencial - Superior;Privada;Privada sem fins lucrativos;26/12/2000;4;2021;-;;3;2023;;;;Ativa
17580;IGREJA EVANGELICA ASSEMBLEIA DE DEUS;01.898.685/0001-06;Pessoa Jurídica de Direito Privado - Sem fins lucrativos - Associação de Utilidade Pública;25334;Faculdade Cidade Teológica Pentecostal (FCTP);FCTP;;;direcao@fcidadeteologica.edu.br;Avenida Conselheiro Gomes de Freitas - 3188A - CEP: 60833-104 - Sapiranga;Fortaleza;CE;Faculdade;Presencial - Superior;Privada;Privada sem fins lucrativos;11/08/2022;4;2022;-;;-;;;;;Ativa
780;ACAO EDUCACIONAL CLARETIANA;44.943.835/0001-50;Pessoa Jurídica de Direito Privado - Sem fins lucrativos - Associação de Utilidade Pública;4938;FACULDADE CLARETIANA DE TEOLOGIA;-;(41) 33077729;www.claretiano.edu.br/curitiba;"iranialgisi@claretiano.edu.br;secretariacrt@claretiano.edu.br";Avenida Presidente Getúlio Vargas - 1193 - CEP: 80250-180 - Rebouças;Curitiba;PR;Faculdade;Presencial - Superior;Privada;Privada sem fins lucrativos;17/05/2010;4;2023;-;;4;2023;;;;Ativa
407;CAMPANHA NACIONAL DE ESCOLAS DA COMUNIDADE;33.621.384/0001-19;Privada sem fins lucrativos;1156;Faculdade CNEC Alberto Torres;-;(21) 2635 3512 / 2645-3924 / (21) 99625-2277;https://educacaosuperior.cnec.br/itaborai;ceduc.es@cnec.br;Rua Presidente Costa e Silva - 212 - CEP: 24800-000 - Centro;Itaboraí;RJ;Faculdade;Presencial - Superior;Privada;Privada sem fins lucrativos;29/07/1998;4;2023;-;;3;2023;;;;Ativa
407;CAMPANHA NACIONAL DE ESCOLAS DA COMUNIDADE;33.621.384/0001-19;Privada sem fins lucrativos;1417;FACULDADE CNEC CAMPO LARGO;-;(41)3116-3300;https://educacaosuperior.cnec.br/campolargo;"0049.direcao@cnec.br; ceduc.es@cnec.br";Rua Rui Barbosa - 541 - CEP: 83601-140 - Centro;Campo Largo;PR;Faculdade;Presencial - Superior;Privada;Privada sem fins lucrativos;07/12/1999;3;2025;-;;3;2023;;;;Ativa
407;CAMPANHA NACIONAL DE ESCOLAS DA COMUNIDADE;33.621.384/0001-19;Privada sem fins lucrativos;1928;Faculdade CNEC Capitão Lemos Cunha;-;(21)39756807 / (21) 99625-2277;https://educacaosuperior.cnec.br/lemoscunha;ceduc.es@cnec.br;Estrada do Galeão - s/n - CEP: 21931-000 - Jardim Guanabara - Ilha do Governador;Rio de Janeiro;RJ;Faculdade;Presencial - Superior;Privada;Privada sem fins lucrativos;10/12/2001;3;2023;-;;SC;2023;;;;Ativa
407;CAMPANHA NACIONAL DE ESCOLAS DA COMUNIDADE;33.621.384/0001-19;Privada sem fins lucrativos;631;FACULDADE CNEC FARROUPILHA;-;(54) 3268 2288;https://educacaosuperior.cnec.br/farroupilha;ceduc.es@cnec.br;Av Avenida Paulo Broilo - 342 - CEP: 95170-540 - Centro;Farroupilha;RS;Faculdade;Presencial - Superior;Privada;Privada sem fins lucrativos;31/12/1994;3;2017;-;;3;2023;;;;Ativa
407;CAMPANHA NACIONAL DE ESCOLAS DA COMUNIDADE;33.621.384/0001-19;Privada sem fins lucrativos;2184;FACULDADE CNEC GRAVATAÍ;-;(51) 3488 1991;https://educacaosuperior.cnec.br/gravatai;ceduc.es@cnec.br;Avenida Dr. José Loureiro da Silva - 1991 - CEP: 94010-001 - Centro;Gravataí;RS;Faculdade;Presencial - Superior;Privada;Privada sem fins lucrativos;26/04/2002;4;2019;-;;3;2023;;;;Ativa
407;CAMPANHA NACIONAL DE ESCOLAS DA COMUNIDADE;33.621.384/0001-19;Privada sem fins lucrativos;1506;Faculdade CNEC Itajaí;-;(47)3248 2421;http://faculdadeitajai.cnec.br;ceduc.es@cnec.br;Rua Alfredo Trompowski - 153 - CEP: 88303-140 - Centro;Itajaí;SC;Faculdade;Presencial - Superior;Privada;Privada sem fins lucrativos;26/05/2000;4;2023;-;;3;2023;;;;Ativa
407;CAMPANHA NACIONAL DE ESCOLAS DA COMUNIDADE;33.621.384/0001-19;Privada sem fins lucrativos;1530;Faculdade CNEC Joinville;-;(47) 3431 0900 R. 930;https://educacaosuperior.cnec.br/joinville;ceduc.es@cnec.br;Rua Coronel Francisco Gomes - 1290 - CEP: 89202-250 - Anita Garibaldi;Joinville;SC;Faculdade;Presencial - Superior;Privada;Privada sem fins lucrativos;26/06/2000;4;2024;-;;3;2021;;;;Ativa
407;CAMPANHA NACIONAL DE ESCOLAS DA COMUNIDADE;33.621.384/0001-19;Privada sem fins lucrativos;2334;FACULDADE CNEC RIO DAS OSTRAS;-;(61) 3799-4910 / (21) 99625-2277 / (22) 2764-7107;https://educacaosuperior.cnec.br/riodasostras;ceduc.es@cnec.br;Rua Renascer da Terceira Idade - s/n - CEP: 28890-386 - Jardim Campomar;Rio das Ostras;RJ;Faculdade;Presencial - Superior;Privada;Privada sem fins lucrativos;28/08/2003;3;2020;-;;3;2023;;;;Ativa
407;CAMPANHA NACIONAL DE ESCOLAS DA COMUNIDADE;33.621.384/0001-19;Privada sem fins lucrativos;1231;FACULDADE CNEC SANTO ÂNGELO;-;(55) 3313 1922;https://educacaosuperior.cnec.br/santoangelo;ceduc.es@cnec.br;Rua Professor Doutor João Augusto Rodrigues - 471 - CEP: 98801-015 - Harmonia;Santo Ângelo;RS;Faculdade;Presencial - Superior;Privada;Privada sem fins lucrativos;30/12/1998;4;2023;-;;3;2023;;;;Ativa
407;CAMPANHA NACIONAL DE ESCOLAS DA COMUNIDADE;33.621.384/0001-19;Privada sem fins lucrativos;1070;FACULDADE CNEC UNAÍ;-;(38) 3677 4747;https://educacaosuperior.cnec.br/unai;ceduc.es@cnec.br;Rua Celina Lisboa Frederico - até 659/660 - 142 - CEP: 38610-041 - Centro;Unaí;MG;Faculdade;Presencial - Superior;Privada;Privada sem fins lucrativos;16/12/1998;4;2023;-;;2;2023;;;;Ativa
407;CAMPANHA NACIONAL DE ESCOLAS DA COMUNIDADE;33.621.384/0001-19;Privada sem fins lucrativos;627;FACULDADE CNEC VARGINHA;-;(35) 3690 8900;www.faceca.br;ceduc.es@cnec.br;Rua Professor Felipe Tiago Gomes - 173 - CEP: 37006-020 - Vila Bueno;Varginha;MG;Faculdade;Presencial - Superior;Privada;Privada sem fins lucrativos;04/01/1971;4;2018;-;;3;2023;;;;Ativa
16517;INESP- INSTITUTO NACIONAL DE ENSINO, SOCIEDADE E PESQUISA;22.664.347/0001-71;Pessoa Jurídica de Direito Privado - Sem fins lucrativos - Associação de Utilidade Pública;20975;FACULDADE CONECTAR (FCN);FCN;81 9707-5411;;emec@anovaeducacao.com;Rua Eurico Valois - 61 A - CEP: 55604-013 - Centro;Vitória de Santo Antão;PE;Faculdade;Presencial - Superior;Privada;Privada sem fins lucrativos;07/02/2018;3;2022;-;;-;;;;;Ativa
17282;IGREJA BATISTA DA CIDADE DE SAO JOSE DOS CAMPOS;17.317.186/0001-00;Privada sem fins lucrativos;24066;Faculdade Cristã da Cidade (FCC);FCC;(12)991729681;https://www.fccidade.com.br/;academico@fccidade.com.br;Rodovia Presidente Dutra - - CEP: 12220-611 - Vila Tatetuba;São José dos Campos;SP;Faculdade;Presencial - Superior;Privada;Privada sem fins lucrativos;28/12/2021;4;2021;-;;-;;;;;Ativa
2542;ASSOC EDUC DA IGREJA EV ASSEMBLEIA DE DEUS EM CURITIBA;84.835.941/0001-35;Pessoa Jurídica de Direito Privado - Sem fins lucrativos - Associação de Utilidade Pública;12754;FACULDADE CRISTÃ DE CURITIBA (FCC);FCC;(41)32323711;www.faculdadecristadecuritiba.com.br;edsonmartins9@gmail.com;Rua Mercedes Seiler Rocha - 593 - CEP: 82520-740 - Bacacheri;Curitiba;PR;Faculdade;EAD - Superior / Presencial - Superior /;Privada;Privada sem fins lucrativos;24/12/2009;4;2025;4;2015;3;2023;;;;Ativa
17839;INSTITUTO COOPERAR DE ESTUDOS, PROJETOS E PESQUISAS EM SEGURANCA, SAUDE, DIGNIDADE, CIDADANIA E EMPREGO;06.179.103/0001-47;Pessoa Jurídica de Direito Privado - Sem fins lucrativos - Associação de Utilidade Pública;25348;FACULDADE CRISTÃ DE EDUCAÇÃO SUPERIOR (FACES);FACES;(21) 972223008;https://facesbr.com;contato@facesbr.com;Avenida Vinte e Dois de Maio - 5300 - CEP: 24800-065 - Centro;Itaboraí;RJ;Faculdade;Presencial - Superior;Privada;Privada sem fins lucrativos;28/12/2021;4;2021;-;;-;;;;;Ativa
15557;ASSOCIACAO CULTURA INGLESA - SAO PAULO;61.793.907/0001-40;Pessoa Jurídica de Direito Privado - Sem fins lucrativos - Associação de Utilidade Pública;16864;Faculdade Cultura Inglesa (FCI);FCI;011- 2391-1326;www.faculdadeculturainglesa.com.br;cassia.venezuela@faculdadeculturainglesa.edu.br;Avenida Higienópolis - 449 - CEP: 01238-001 - Higienópolis;São Paulo;SP;Faculdade;EAD - Superior / Presencial - Superior /;Privada;Privada sem fins lucrativos;12/08/2013;4;2024;4;2022;4;2023;;;;Ativa
1228;ASSOCIACAO BRASILIENSE DE EDUCACAO;00.045.690/0001-03;Pessoa Jurídica de Direito Privado - Sem fins lucrativos - Associação de Utilidade Pública;1864;FACULDADE DA ASSOCIAÇÃO BRASILIENSE DE EDUCAÇÃO (FABE);FABE;(54) 3342 8301;www.fabemarau.edu.br;"fabemarau@fabemarau.edu.br ; cassiano.pertile@fabemarau.edu.br";Rua José Posser - 275 - CEP: 99150-000 - Pelegrino;Marau;RS;Faculdade;Presencial - Superior;Privada;Privada sem fins lucrativos;08/11/2001;4;2025;3;2019;3;2023;;;;Ativa
17295;ASSOCIACAO PAULISTA DE MEDICINA;60.993.482/0001-50;Pessoa Jurídica de Direito Privado - Sem fins lucrativos - Associação de Utilidade Pública;24046;Faculdade da Associação Médica Paulista (APM);APM;"(11) 3188-4202; (11) 3188-4210";www.associacaopaulistamedicina.org.br;presidencia@apmcorp.org.br;Edifício Associação Paulista Medicina - 278 - CEP: 01318-901 - Bela Vista;São Paulo;SP;Faculdade;EAD - Superior / Presencial - Superior /;Privada;Privada sem fins lucrativos;08/07/2021;3;2020;5;2020;-;;;;;Ativa
15925;ASSOCIACAO PROJETO NACIONAL DE ENSINO - PRONACE;16.383.423/0001-78;Privada sem fins lucrativos;18019;Faculdade da Educação (FEDUC);FEDUC;11 5093 3557;www.feduc.edu.br;rose@feduc.edu.br;Avenida Jabaquara - 1870 - CEP: 04046-300 - Mirandópolis;São Paulo;SP;Faculdade;EAD - Superior / Presencial - Superior /;Privada;Privada sem fins lucrativos;30/11/2015;4;2022;4;2021;4;2023;;;;Ativa
17870;REAL HOSPITAL PORTUGUES DE BENEFICENCIA EM PERNAMBUCO;10.892.164/0001-24;Pessoa Jurídica de Direito Privado - Sem fins lucrativos - Associação de Utilidade Pública;3631;FACULDADE DAMAS DA INSTRUÇÃO CRISTÃ (FADIC);FADIC;(81)3426-5026;www.faculdadedamas.edu.br;ir.alcilene@faculdadedamas.edu.br;Avenida Rui Barbosa - 1426 - CEP: 52050-000 - Bairro das Graças;Recife;PE;Faculdade;EAD - Superior / Presencial - Superior /;Privada;Privada sem fins lucrativos;01/04/2005;4;2018;4;2021;4;2023;;;;Ativa
61;FUNDACAO EDUCACIONAL DA REGIAO DOS LAGOS;28.906.873/0001-87;Privada sem fins lucrativos;77;FACULDADE DA REGIÃO DOS LAGOS (FERLAGOS);FERLAGOS;(22)26456100;www.ferlagos.br;cardoso@faculdadeunilagos.edu.br;Avenida Professora Júlia Kubitschek - 80 - CEP: 28905-000 - JARDIM FLAMBOYANT;Cabo Frio;RJ;Faculdade;Presencial - Superior;Privada;Privada sem fins lucrativos;27/03/1974;3;2019;-;;4;2023;;;;Ativa
18563;ASSOCIACAO DOS ARTISTAS AMIGOS DA PRACA;11.416.041/0001-80;Pessoa Jurídica de Direito Privado - Sem fins lucrativos - Associação de Utilidade Pública;29276;Faculdade das Artes do Palco;-;1137758600;www.spescoladeteatro.org.br;elenlondero@spescoladeteatro.org.br;Avenida Rangel Pestana - 2401 - CEP: 03001-000 - Brás;São Paulo;SP;Faculdade;Presencial - Superior;Privada;Privada sem fins lucrativos;26/01/2026;4;2024;-;;-;;;;;Ativa
1220;CEMES CENTRO MINEIRO DO ENSINO SUPERIOR;03.683.973/0001-60;Privada sem fins lucrativos;1843;FACULDADE DE ADMINISTRAÇÃO DE CAMPO BELO (FACAMP);FACAMP;(35) 3832 7855;www.cemes.edu.br;"pi@cemes.edu.br; secretaria@cemes.edu.br;sinhana.bh@terra.com.br";Rua Professora Lady Alvarenga Neves - 30 - CEP: 37270-000 - Jardim Europa;Campo Belo;MG;Faculdade;Presencial - Superior;Privada;Privada sem fins lucrativos;03/10/2001;3;2017;-;;3;2023;;;Suspensão PROUNI;Ativa
644;ASSOCIACAO EDUCACIONAL NOVE DE JULHO;33.121.674/0001-01;Pessoa Jurídica de Direito Privado - Sem fins lucrativos - Associação de Utilidade Pública;915;FACULDADE DE ADMINISTRAÇÃO DE FÁTIMA DO SUL (FAFS);FAFS;"(67) 9 8151-3008; (67) 9 9940-8101";;lauroandrey1969@gmail.com;RUA ANTONIO BARBOSA DE SOUZA - 1.010 - CEP: 79700-000 - JARDIM UNIVERSITÁRIO;Fátima do Sul;MS;Faculdade;Presencial - Superior;Privada;Privada sem fins lucrativos;23/03/1995;3;2011;-;;2;2023;;;;Ativa
406;ORGANIZACAO APARECIDO PIMENTEL DE EDUCACAO E CULTURA - OAPEC;56.816.648/0001-95;Privada sem fins lucrativos;1497;FACULDADE DE ADMINISTRAÇÃO DE SANTA CRUZ DO RIO PARDO (FASC);FASC;(14) 3372 8026;www.fasc.com.br;secretaria@fasc.com.br;Praça Dr. Pedro César Sampaio - 31 - CEP: 18900-000 - Centro;Santa Cruz do Rio Pardo;SP;Faculdade;Presencial - Superior;Privada;Privada sem fins lucrativos;05/03/2000;4;2017;-;;2;2023;;;;Ativa
1216;CENTRO DE ENSINO SUPERIOR DE AGUDOS;03.251.369/0001-65;Pessoa Jurídica de Direito Privado - Sem fins lucrativos - Associação de Utilidade Pública;1834;FACULDADE DE AGUDOS (FAAG);FAAG;(14) 32629400;http://www.faag.com.br;faag@faag.com.br;Avenida Marginal Vereador Delfino Tendolo - D 1200 - CEP: 17123-220 - Distrito Industrial Hatsuta;Agudos;SP;Faculdade;EAD - Superior / Presencial - Superior /;Privada;Privada sem fins lucrativos;03/09/2001;4;2018;3;2019;3;2023;;;Credenciamento EaD Provisório;Ativa
683;UNIFLOR-UNIAO DAS FACULDADES DE ALTA FLORESTA;01.330.273/0001-67;Privada sem fins lucrativos;1162;FACULDADE DE ALTA FLORESTA (FAF);FAF;(66) 3512-3300;www.faflor.com.br;"fac.altafloresta@gmail.com;";Avenida Leandro Adorno - s/n - CEP: 78580-000 - Alta Floresta;Alta Floresta;MT;Faculdade;EAD - Superior / Presencial - Superior /;Privada;Privada sem fins lucrativos;24/11/1997;4;2024;4;2019;3;2023;;;;Ativa
872;ASSOCIACAO EDUCACIONAL AMERICANENSE;96.509.583/0001-50;Pessoa Jurídica de Direito Privado - Sem fins lucrativos - Associação de Utilidade Pública;1310;FACULDADE DE AMERICANA (FAM);FAM;(19) 34658100;www.fam.br;dac@fam.br;Rua Joaquim Boer - 733 - CEP: 13477-360 - Jardim Luciene;Americana;SP;Faculdade;EAD - Superior / Presencial - Superior /;Privada;Privada sem fins lucrativos;18/05/1999;4;2023;4;2023;3;2023;;;;Ativa
885;CESUAP CENTRO DE ENSINO SUPERIOR DE APUCARANA;73.243.164/0001-13;Pessoa Jurídica de Direito Privado - Sem fins lucrativos - Associação de Utilidade Pública;1325;FACULDADE DE APUCARANA (FAP);FAP;(43) 3033 8900;http://www.fap.com.br;"fap@fap.com.br;viviane.novelli@gmail.com";Rua Osvaldo de Oliveira - 600 - CEP: 86811-500 - Jardim Flamingos;Apucarana;PR;Faculdade;EAD - Superior / Presencial - Superior /;Privada;Privada sem fins lucrativos;24/06/1999;4;2023;4;2022;3;2023;;;;Ativa
470;FUNDACAO BRASILEIRA DE TEATRO;33.701.392/0001-75;Privada sem fins lucrativos;706;FACULDADE DE ARTES DULCINA DE MORAES (FADM);FADM;;www.dulcina.art.br;direcao@dulcina.art.br;Sds Bl C - 30/64 - CEP: 70392-902 - ASA SUL;Brasília;DF;Faculdade;Presencial - Superior;Privada;Privada sem fins lucrativos;18/09/1980;3;2021;-;;3;2011;;;;Ativa
82;FUNDACAO EDUCACIONAL DE ANDRADINA;48.420.889/0001-92;Privada sem fins lucrativos;1623;FACULDADE DE CIÊNCIAS AGRÁRIAS DE ANDRADINA (FCAA);FCAA;(18) 3702 3702;www.fea.br;fisma@fea.br,viam@fea.br;Rua Amazonas - 571 - CEP: 16901-160 - Sttela Maris;Andradina;SP;Faculdade;Presencial - Superior;Privada;Privada sem fins lucrativos;26/12/2000;3;2023;-;;3;2023;;;;Ativa
468;AUTARQUIA EDUCACIONAL DO ARARIPE;11.469.541/0001-80;Pessoa Jurídica de Direito Público - Municipal;704;FACULDADE DE CIÊNCIAS AGRÁRIAS DE ARARIPINA (FACIAGRA);FACIAGRA;(87) 3873 0440;www.aeda.edu.br;presidencia@aeda.edu.br;Avenida Florentino Alves Batista - S/N - CEP: 56280-000 - CENTRO;Araripina;PE;Faculdade;Presencial - Superior;Publica;Especial;02/02/1986;-;;-;;3;2023;;;;Ativa
455;FACULDADE DE CIENCIAS DA ADMINISTRACAO DO LIMOEIRO;11.166.741/0001-63;Pessoa Jurídica de Direito Público - Municipal;686;FACULDADE DE CIÊNCIAS APLICADAS DE LIMOEIRO (FACAL);FACAL;81 36281714;www.facal.edu.br;facal@facal.edu.br;Avenida Jerônimo Heraclio - 81 - CEP: 55700-000 - CENTRO;Limoeiro;PE;Faculdade;Presencial - Superior;Publica;Especial;13/12/1973;-;;-;;3;2023;;;;Ativa
829;ASS. DE ENSINO INTEGRADO E ORGANIZADO UNIVERSITARIO;39.780.473/0001-94;Pessoa Jurídica de Direito Privado - Sem fins lucrativos - Associação de Utilidade Pública;2442;FACULDADE DE CIÊNCIAS BIOMÉDICAS DO ESPÍRITO SANTO (PIO XII - BIO);PIO XII - BIO;(27) 34212563;www.pioxii-es.com.br;faculdade@pioxii-es.com;Rua Bolívar de Abreu - 48 - CEP: 29146-330 - Campo Grande;Cariacica;ES;Faculdade;Presencial - Superior;Privada;Privada sem fins lucrativos;26/03/2004;3;2013;-;;3;2023;;;;Ativa
111;FUNDACAO VISCONDE DE CAIRU;15.239.981/0001-00;Privada sem fins lucrativos;152;FACULDADE DE CIÊNCIAS CONTÁBEIS (FACIC);FACIC;(71) 2108 8585;www.cairu.br;contabeis@cairu.br;Rua Salete - 50 - CEP: 40070-200 - Barris;Salvador;BA;Faculdade;Presencial - Superior;Privada;Privada sem fins lucrativos;22/04/1969;4;2023;-;;3;2023;;;;Ativa
644;ASSOCIACAO EDUCACIONAL NOVE DE JULHO;33.121.674/0001-01;Pessoa Jurídica de Direito Privado - Sem fins lucrativos - Associação de Utilidade Pública;1247;FACULDADE DE CIÊNCIAS CONTÁBEIS DE NOVA ANDRADINA - FACINAN (FACINAN);FACINAN;(67) 9 8151-3008;;lauroandrey1969@gmail.com;Avenida Antônio Joaquim de Moura Andrade - 910 - CEP: 79750-000 - Centro;Nova Andradina;MS;Faculdade;Presencial - Superior;Privada;Privada sem fins lucrativos;24/12/1998;4;2023;-;;2;2023;;;;Ativa
395;FUNDACAO EDUCACIONAL VALE DO ITAPEMIRIM - FEVIT.;03.715.369/0001-79;Privada sem fins lucrativos;607;FACULDADE DE CIÊNCIAS CONTÁBEIS E ADMINISTRATIVAS DE CACHOEIRO DO ITAPEMIRIM (FACCACI);FACCACI;(28) 2102-6600;www.faccaci.edu.br;secretaria@faccacionline.com;Rodovia Eng. Fabiano Vivacqua - Br 482 - Km 05 - CEP: 29313-210 - Morro Grande;Cachoeiro de Itapemirim;ES;Faculdade;Presencial - Superior;Privada;Privada sem fins lucrativos;01/09/1970;3;2023;-;;2;2023;;;;Ativa
401;FUNDACAO EDUCACIONAL DE ALEM PARAIBA;17.708.520/0001-56;Pessoa Jurídica de Direito Privado - Sem fins lucrativos - Associação de Utilidade Pública;3516;FACULDADE DE CIÊNCIAS DA SAÚDE ARCHIMEDES THEODORO (FAC - SAUDE ARTHE);FAC - SAUDE ARTHE;(32) 2010-5236;www.feap.edu.br;;PRAÇA LAROCA - 29 - CEP: 36660-000 - VILA LAROCA;Além Paraíba;MG;Faculdade;Presencial - Superior;Privada;Privada sem fins lucrativos;22/10/2002;3;2016;-;;2;2023;;;;Ativa
430;AUTARQUIA EDUCACIONAL DE SERRA TALHADA AESET;11.115.011/0001-33;Pessoa Jurídica de Direito Público - Municipal;17775;Faculdade de Ciências da Saúde de Serra Talhada (FACISST);FACISST;(87)3831-2311;;facisst@gmail.com;Avenida Afonso Magalhães - SN - CEP: 56912-380 - São Cristóvão;Serra Talhada;PE;Faculdade;Presencial - Superior;Publica;Especial;;-;;-;;2;2023;;;;Ativa
16252;ASSOCIACAO HOSPITALAR MOINHOS DE VENTO;92.685.833/0001-51;Pessoa Jurídica de Direito Privado - Sem fins lucrativos - Associação de Utilidade Pública;19670;Faculdade de Ciências da Saúde Moinhos de Vento (FACSMV);FACSMV;51 33143695;faculdademoinhos.com.br;regulatorio@hmv.org.br;Avenida Cristóvão Colombo - 545 - CEP: 90560-004 - Floresta;Porto Alegre;RS;Faculdade;EAD - Superior / Presencial - Superior /;Privada;Privada sem fins lucrativos;06/02/2017;5;2022;4;2021;4;2023;;;;Ativa
16600;SOCIEDADE BENEFICENTE DE SENHORAS - HOSPITAL SIRIO LIBANES;61.590.410/0001-24;Pessoa Jurídica de Direito Privado - Sem fins lucrativos - Associação de Utilidade Pública;26543;Faculdade de Ciências da Saúde Sírio-Libanês (SÍRIO-LIBANÊS);SÍRIO-LIBANÊS;11-3394-0200;www.hsl.org.br;diretoria.senhoras@hsl.org.br;Rua Martiniano de Carvalho - 851 - CEP: 01232-030 - Bela Vista;São Paulo;SP;Faculdade;EAD - Superior / Presencial - Superior /;Privada;Privada sem fins lucrativos;18/05/2023;5;2022;5;2023;-;;;;Unificação de Mantidas;Ativa
718;ASSOCIACAO DE ENSINO SUPERIOR SANTA TEREZINHA;70.223.060/0001-59;Pessoa Jurídica de Direito Privado - Sem fins lucrativos - Associação de Utilidade Pública;1021;FACULDADE DE CIÊNCIAS DE TIMBAÚBA (FACET);FACET;(81) 3631 0752;www.faculdadedetimbauba.edu.br;emec@anovaeducacao.com, luciatavaressousa@outlook.com;Av Antonio Xavier de Morais - 3 - CEP: 55870-000 - SAPUCAIA;Timbaúba;PE;Faculdade;Presencial - Superior;Privada;Privada sem fins lucrativos;26/09/1997;4;2023;-;;3;2023;;;Unificação de Mantidas;Ativa
12312;ASSOCIACAO EDUCATIVA DE JANAUBA - SOEDUCAR;05.842.305/0001-64;Privada sem fins lucrativos;18956;Faculdade de Ciências e Tecnologia de Janaúba (FACITEC);FACITEC;038 991190057;www.soeducar.com.br;soeducar@hotmail.com.br;Rua Cirilo Barbosa - 18 - CEP: 39442-014 - Centro;Janaúba;MG;Faculdade;Presencial - Superior;Privada;Privada sem fins lucrativos;03/02/2017;4;2022;-;;3;2023;;;;Ativa
716;ASSOCIACAO DE ENSINO E PESQUISA DE UNAI AEPU;00.150.991/0001-99;Privada sem fins lucrativos;1019;FACULDADE DE CIÊNCIAS E TECNOLOGIA DE UNAÍ - FACTU (FACTU);FACTU;(38) 3676 6222;www.factu.br;factu@factu.br;Rua Rua Eduardo Rodrigues Barbosa - 180 - CEP: 38610-061 - Centro;Unaí;MG;Faculdade;Presencial - Superior;Privada;Privada sem fins lucrativos;26/09/1997;3;2017;-;;3;2023;;;;Ativa
467;AUTARQUIA MUNICIPAL DO ENSINO SUPERIOR DE GOIANA;11.408.812/0001-97;Pessoa Jurídica de Direito Público - Municipal;702;FACULDADE DE CIÊNCIAS E TECNOLOGIA PROFESSOR DIRSON MACIEL DE BARROS (FADIMAB);FADIMAB;(81) 3626 0740;www.fadimab.edu.br;ribeiromarcos@hotmail.com;Rua Poço do Rei - S/N - CEP: 55900-000 - CENTRO;Goiana;PE;Faculdade;Presencial - Superior;Publica;Especial;13/09/1972;-;;-;;3;2023;;;Suspensão contrato FIES, Suspensão PROUNI;Ativa
401;FUNDACAO EDUCACIONAL DE ALEM PARAIBA;17.708.520/0001-56;Pessoa Jurídica de Direito Privado - Sem fins lucrativos - Associação de Utilidade Pública;3514;FACULDADE DE CIÊNCIAS GERENCIAIS ALVES FORTES (FACE - ALFOR);FACE - ALFOR;(32) 3462-2149;www.feap.edu.br;direcao.facealfor@feap.edu.br;BR 116 - Km 820 - 305 - CEP: 36660-000 - São Luiz;Além Paraíba;MG;Faculdade;Presencial - Superior;Privada;Privada sem fins lucrativos;17/05/2002;4;2025;4;2019;2;2023;;;;Ativa
788;INSTITUTO MAIRIPORA DE ENSINO SUPERIOR;01.428.095/0001-01;Pessoa Jurídica de Direito Privado - Sem fins lucrativos - Associação de Utilidade Pública;1144;FACULDADE DE CIÊNCIAS HUMANAS (IMENSU);IMENSU;;;;AV. THOMAZ RODRIGUES DA CRUZ - 1113 - CEP: 07600-000 - BARREIRO;Mairiporã;SP;Faculdade;Presencial - Superior;Privada;Privada sem fins lucrativos;21/11/1997;3;2011;-;;SC;2023;;;;Ativa
104;ASSOCIACAO INSTRUTORA MISSIONARIA;10.579.324/0001-80;Privada sem fins lucrativos;144;FACULDADE DE CIÊNCIAS HUMANAS DE OLINDA (FACHO);FACHO;(81) 3429 4100;www.facho.br;facho@facho.br;Rodovia PE 15, KM 3.6 - S/N - CEP: 53330-740 - Ouro Preto;Olinda;PE;Faculdade;Presencial - Superior;Privada;Privada sem fins lucrativos;17/01/1973;4;2024;-;;3;2023;;;;Ativa
20066;ASSOCIACAO EDUCACIONAL FACIC;02.240.975/0001-12;Pessoa Jurídica de Direito Privado - Sem fins lucrativos - Associação de Utilidade Pública;4724;FACULDADE DE CIÊNCIAS HUMANAS DO ESTADO DE SÃO PAULO (FACIC);FACIC;(12) 3143-3866;www.faciccruzeiro.com.br;faciccruzeiro@uol.com.br;Rua dos Andradas - 1039 - CEP: 12703-030 - Vila Brasil;Cruzeiro;SP;Faculdade;EAD - Superior / Presencial - Superior /;Privada;Privada sem fins lucrativos;18/09/2006;5;2023;4;2019;3;2023;;;Unificação de Mantidas;Ativa
509;AUTARQUIA EDUCACIONAL DE SALGUEIRO;11.351.343/0001-17;Pessoa Jurídica de Direito Público - Municipal;753;FACULDADE DE CIÊNCIAS HUMANAS DO SERTÃO CENTRAL (FACHUSC);FACHUSC;8738710217;www.fachusc.com.br;fachuscpe@gmail.com;RUA ANTÔNIO FILGUEIRA SAMPAIO - 134 - CEP: 56000-000 - AUGUSTO SAMPAIO;Salgueiro;PE;Faculdade;Presencial - Superior;Publica;Especial;30/08/1984;-;;-;;2;2023;;;;Ativa
468;AUTARQUIA EDUCACIONAL DO ARARIPE;11.469.541/0001-80;Pessoa Jurídica de Direito Público - Municipal;5664;FACULDADE DE CIÊNCIAS HUMANAS E SOCIAIS DE ARARIPINA - FACISA (FACISA);FACISA;8738731001;;sac.facisa@aeda.edu.br;Rodovia Araripina/Lagoa de Dentro Km2 - s/n - CEP: 56280-000 - Vila Santa Maria;Araripina;PE;Faculdade;Presencial - Superior;Publica;Especial;02/05/2006;-;;-;;2;2023;;;;Ativa
430;AUTARQUIA EDUCACIONAL DE SERRA TALHADA AESET;11.115.011/0001-33;Pessoa Jurídica de Direito Público - Municipal;15410;Faculdade de Ciencias Humanas e Sociais de Serra Talhada (FACHUSST);FACHUSST;8738312311;;magna.mourato@hotmail.com;Avenida Afonso Magalhães, s/n FAFOPST-Faculdade de Formação de Professores de Serra Talhada - s/n - CEP: 56912-902 - Várzea;Serra Talhada;PE;Faculdade;Presencial - Superior;Publica;Especial;19/02/2008;-;;-;;4;2023;;;;Ativa
12011;SOCIEDADE PARA DESENVOLVIMENTO DA EDUCACAO CIENCIA E CULTURA DO XINGU E AMAZONIA;06.255.254/0001-37;Pessoa Jurídica de Direito Privado - Sem fins lucrativos - Associação de Utilidade Pública;12735;FACULDADE DE CIÊNCIAS HUMANAS E SOCIAIS DO XINGU E AMAZÔNIA (FACX);FACX;(93) 99172-3001;https://facx.edu.br/;pinho@facx.edu.br;Avenida João Pessoa - 1290 - CEP: 68371-040 - Catedral;Altamira;PA;Faculdade;Presencial - Superior;Privada;Privada sem fins lucrativos;30/06/2014;3;2019;-;;3;2023;;;;Ativa
284;ASSOCIACAO RECIFENSE DE EDUCACAO E CULTURA;10.473.817/0001-30;Pessoa Jurídica de Direito Privado - Sem fins lucrativos - Associação de Utilidade Pública;410;FACULDADE DE CIÊNCIAS HUMANAS ESUDA (FCHE);FCHE;(81) 3412 4242;www.esuda.edu.br;direpe@esuda.edu.br;Rua Almeida Cunha - 100 - CEP: 50050-480 - Santo Amaro;Recife;PE;Faculdade;Presencial - Superior;Privada;Privada sem fins lucrativos;08/05/1974;3;2018;-;;3;2023;;;;Ativa
288;FUNDACAO ARNALDO VIEIRA DE CARVALHO;62.327.663/0001-72;Privada sem fins lucrativos;415;FACULDADE DE CIÊNCIAS MÉDICAS DA SANTA CASA SÃO PAULO (FCMSCSP);FCMSCSP;(11)33677833 (11)33677830;www.fcmsantacasasp.edu.br;diretor@fcmsantacasasp.edu.br;RUA DOUTOR CESÁRIO MOTA JÚNIOR - 61 - CEP: 01221-020 - VILA BUARQUE;São Paulo;SP;Faculdade;EAD - Superior / Presencial - Superior /;Privada;Privada sem fins lucrativos;16/05/1963;5;2024;5;2018;5;2023;;;;Ativa
100;FUNDACAO EDUCACIONAL SEVERINO SOMBRA;32.410.037/0001-84;Privada sem fins lucrativos;22917;FACULDADE DE CIÊNCIAS MÉDICAS DE MARICÁ (FACMAR);FACMAR;;;sec.presidencia@universidadedevassouras.edu.br;Avenida Roberto da Silveira - 2082 - CEP: 24903-815 - Flamengo;Maricá;RJ;Faculdade;Presencial - Superior;Privada;Privada sem fins lucrativos;11/11/2019;5;2024;-;;3;2023;;;;Ativa
244;FUNDACAO EDUCACIONAL LUCAS MACHADO FELUMA;17.178.203/0001-75;Privada sem fins lucrativos;351;FACULDADE DE CIÊNCIAS MÉDICAS DE MINAS GERAIS (FCMMG);FCMMG;(31) 3248.7130;www.cmmg.edu.br;"fcmmg@cienciasmedicasmg.edu.br;pi.fcmmg@feluma.org.br";Alameda Ezequiel Dias - 275 - CEP: 30130-110 - Centro;Belo Horizonte;MG;Faculdade;EAD - Superior / Presencial - Superior /;Privada;Privada sem fins lucrativos;12/04/1951;5;2023;5;2022;4;2023;;;;Ativa
1477;SOCIEDADE UNIFICADA DE EDUCACAO DE EXTREMA;03.769.327/0001-10;Pessoa Jurídica de Direito Privado - Sem fins lucrativos - Associação de Utilidade Pública;2270;FACULDADE DE CIÊNCIAS SOCIAIS APLICADAS DE EXTREMA (FAEX);FAEX;(35) 3435 3988;www.faex.edu.br;diretoriageral@faex.edu.br;Estrada Municipal Pedro Rosa da Silva - s/n - CEP: 37640-000 - Vila Rica;Extrema;MG;Faculdade;EAD - Superior / Presencial - Superior /;Privada;Privada sem fins lucrativos;03/06/2002;4;2017;5;2019;3;2023;;;;Ativa
350;CENTRO REGIONAL DE CULTURA;17.860.164/0001-91;Privada sem fins lucrativos;508;FACULDADE DE CIÊNCIAS SOCIAIS APLICADAS DO SUL DE MINAS - FACESM (FACESM);FACESM;(35) 3629 5700;facesm.br;cirineu2005@yahoo.com.br;Avenida Presidente Tancredo de Almeida Neves - 45 - CEP: 37504-066 - São Judas Tadeu;Itajubá;MG;Faculdade;Presencial - Superior;Privada;Privada sem fins lucrativos;29/12/1966;4;2023;-;;3;2023;;;;Ativa
56;AUTARQUIA EDUCACIONAL DA MATA SUL;08.653.818/0001-15;Pessoa Jurídica de Direito Público - Municipal;4356;FACULDADE DE CIÊNCIAS SOCIAIS DOS PALMARES (FACIP);FACIP;(81) 3299-7329;www.aemasul.edu.br;facipdocumentos@hotmail.com;Br 101 K 186 Sul - s/n - CEP: 55540-000 - Engenho São Manoel;Palmares;PE;Faculdade;Presencial - Superior;Publica;Especial;31/08/2004;-;;-;;2;2023;;;;Ativa
10196;CENTRO DE DESENV DE TECNOLOGIA E RECURSO HUMANOS;60.200.979/0001-73;Pessoa Jurídica de Direito Privado - Sem fins lucrativos - Sociedade;3008;FACULDADE DE DESENVOLVIMENTO TECNOLÓGICO DO VALE DO PARAÍBA (FACULDADE TECH VALE);FACULDADE TECH VALE;(12) 98839-5591;http://www.faculdadetechvale.com.br/;atendimento@faculdadetechvale.com.br;Avenida Paulista - 333 - CEP: 12242-470 - Jardim Esplanada;São José dos Campos;SP;Faculdade;Presencial - Superior;Privada;Privada sem fins lucrativos;12/08/2004;1;2023;-;;3;2023;;;;Ativa
2229;FUNDACAO ESCOLA SUPERIOR DO MINISTERIO PUBLICO;90.090.762/0001-19;Privada sem fins lucrativos;3523;FACULDADE DE DIREITO DA FUNDAÇÃO ESCOLA SUPERIOR DO MINISTÉRIO PÚBLICO;-;(51) 3027 6550;www.fmp.com.br;registro.academico@fmp.com.br;Rua Coronel Genuíno - 421 - CEP: 90010-350 - Centro;Porto Alegre;RS;Faculdade;EAD - Superior / Presencial - Superior /;Privada;Privada sem fins lucrativos;20/10/2005;5;2019;5;2023;5;2023;;;;Ativa
2403;IENOMAT-INSTITUTO EDUCACIONAL DO NORTE DE MATO GROSSO;26.511.022/0001-00;Pessoa Jurídica de Direito Privado - Sem fins lucrativos - Associação de Utilidade Pública;3815;FACULDADE DE DIREITO DE ALTA FLORESTA;-;66 3512 3300;www.fadaf.com.br;"sagginmarcelo@hotmail.com;pi@faflor.com;fac.altafloresta@gmail.com";Avenida Leandro Adorno - s/n - CEP: 78580-000 - Centro;Alta Floresta;MT;Faculdade;Presencial - Superior;Privada;Privada sem fins lucrativos;09/07/2007;3;2024;-;;3;2023;;;;Ativa
395;FUNDACAO EDUCACIONAL VALE DO ITAPEMIRIM - FEVIT.;03.715.369/0001-79;Privada sem fins lucrativos;606;FACULDADE DE DIREITO DE CACHOEIRO DO ITAPEMIRIM (FDCI);FDCI;(28) 2101 0311;www.fdci.br;"ticianoperim@hotmail.com; ednea@gmail.com; flavia@fdci.edu.br";Es, 482-Cachoeiroxalegre - KM 05 - CEP: 29313-210 - -;Cachoeiro de Itapemirim;ES;Faculdade;Presencial - Superior;Privada;Privada sem fins lucrativos;01/09/1965;5;2025;-;;4;2023;;;;Ativa
77;FUNDACAO EDUCACIONAL DE CONSELHEIRO LAFAIETE - FECON;19.722.313/0001-81;Privada sem fins lucrativos;99;FACULDADE DE DIREITO DE CONSELHEIRO LAFAIETE (FDCL);FDCL;(31) 3769-1919 (31)98684-1063;www.fdcl.edu.br;fecon@fecon.edu.br;Rua Rua Lopes Franco - 473/474 ao fim - 1001 - CEP: 36406-119 - Carijós;Conselheiro Lafaiete;MG;Faculdade;Presencial - Superior;Privada;Privada sem fins lucrativos;18/03/1970;3;2011;-;;3;2023;;;;Ativa
17532;FACULDADE DE DIREITO DE SAO BERNARDO DO CAMPO;59.108.100/0001-89;Pessoa Jurídica de Direito Público - Municipal;58;FACULDADE DE DIREITO DE SÃO BERNARDO DO CAMPO (FDSBC);FDSBC;39270222;www.direitosbc.br;secretaria@direitosbc.br;Rua Java - 425 - CEP: 09750-650 - JARDIM DO MAR;São Bernardo do Campo;SP;Faculdade;Presencial - Superior;Publica;Especial;23/02/1965;-;;-;;4;2023;;;;Ativa
198;FUNDACAO EDUCACIONAL SOROCABANA FAC DIREITO DE SOROCABA;71.484.646/0001-30;Privada sem fins lucrativos;276;FACULDADE DE DIREITO DE SOROCABA (FADI);FADI;(15) 21051234;http://www.fadi.br;janaina.camargo@fadi.br;Rua Doutora Ursulina Lopes Torres - 123 - CEP: 18030-103 - Vergueiro;Sorocaba;SP;Faculdade;Presencial - Superior;Privada;Privada sem fins lucrativos;30/04/1957;4;2023;-;;3;2023;;;;Ativa
101;FUNDACAO EDUCACIONAL DE VARGINHA;25.866.138/0001-07;Pessoa Jurídica de Direito Privado - Sem fins lucrativos - Associação de Utilidade Pública;141;FACULDADE DE DIREITO DE VARGINHA - FADIVA (FADIVA);FADIVA;(35) 3221-1900;www.fadiva.edu.br;procuradora@fadiva.edu.br;Rua José Gonçalves Pereira - 112 - CEP: 37010-500 - VILA PINTO;Varginha;MG;Faculdade;EAD - Superior / Presencial - Superior;Privada;Privada sem fins lucrativos;14/03/1966;4;2023;5;2023;2;2023;;;;Ativa
126;FUNDACAO SUL MINEIRA DE ENSINO;23.955.214/0001-17;Privada sem fins lucrativos;171;FACULDADE DE DIREITO DO SUL DE MINAS (FDSM);FDSM;(35)3449 8104;www.fdsm.edu.br;"coordenacao@fdsm.edu.br;leonardo@grsimoesadvogados.com.br; lorezende@uol.com.br";Avenida Doutor João Beraldo - 1075 - CEP: 37550-000 - Centro;Pouso Alegre;MG;Faculdade;Presencial - Superior;Privada;Privada sem fins lucrativos;21/08/1959;5;2019;-;;4;2023;;;;Ativa
207;SOCIEDADE SIMPLES CULTURA E EDUCACAO;20.620.449/0001-60;Privada sem fins lucrativos;288;FACULDADE DE DIREITO DO VALE DO RIO DOCE (FADIVALE);FADIVALE;"(33) 3271 2004; 33 98427-7909";www.fadivale.edu.br;"halissonlopes@gmail.com; lucascunhafadivale@gmail.com";Rua Artur Bernardes - 533 - CEP: 35010-090 - Centro;Governador Valadares;MG;Faculdade;Presencial - Superior;Privada;Privada sem fins lucrativos;25/07/1969;3;2017;4;2019;3;2023;;;;Ativa
557;SOCIEDADE EDUCACIONAL BREDER LOPES;20.844.494/0001-06;Privada sem fins lucrativos;809;FACULDADE DE DIREITO E CIÊNCIAS SOCIAIS DO LESTE DE MINAS - FADILESTE (FADILESTE);FADILESTE;(33) 3378 4000;http://www.fadileste.edu.br;"secretaria@fadileste.edu.br; correiodoemilio@gmail.com";Avenida Marcionília Breder Sathler - 1 - CEP: 36920-000 - Centro;Reduto;MG;Faculdade;Presencial - Superior;Privada;Privada sem fins lucrativos;06/07/1989;3;2023;-;;2;2023;;;;Ativa
3084;INSTITUTO DE PESQUISA, ENSINO E DE ESTUDOS DAS CULTURAS AMAZ;03.397.208/0001-84;Privada sem fins lucrativos;4836;FACULDADE DE EDUCAÇÃO ACRIANA EUCLIDES DA CUNHA (INEC);INEC;(68) 3223-5088;;"najilalanda@gmail.com;gildasio@lupa-rj.com.br";Estrada do Aviário - 204 - CEP: 69900-854 - Aviário;Rio Branco;AC;Faculdade;Presencial - Superior;Privada;Privada sem fins lucrativos;14/01/2009;3;2017;3;2018;2;2023;;;Suspensão contrato FIES, Suspensão PROUNI;Ativa
157;ASSOCIACAO DE ENSINO DOM BOSCO DE MONTE APRAZIVEL;45.145.034/0001-02;Pessoa Jurídica de Direito Privado - Sem fins lucrativos - Associação de Utilidade Pública;219;FACULDADE DE EDUCAÇÃO CIÊNCIAS E ARTES DOM BOSCO DE MONTE APRAZÍVEL (FAECA DOM BOSCO);FAECA DOM BOSCO;(17) 3275 9660;www.faeca.com.br;"faeca@faeca.com.br; jasegantin@gmail.com";Rua Augusto Chiesa - 679 - CEP: 15150-000 - Centro;Monte Aprazível;SP;Faculdade;Presencial - Superior;Privada;Privada sem fins lucrativos;03/01/1973;3;2023;-;;3;2023;;;Em supervisão - Procedimento Sancionador;Ativa
1080;FUNDACAO EDUCACIONAL DE PARAISO DO TOCANTINS FEPAR;26.753.855/0001-87;Privada sem fins lucrativos;1646;FACULDADE DE EDUCAÇÃO CIÊNCIAS E LETRAS DE PARAÍSO (FECIPAR);FECIPAR;63 98129 -7157;www.fecipar.edu.br;luapviegas16@gmail.com;Rua L-20 - S/N - CEP: 77600-000 - Interlagos;Paraíso do Tocantins;TO;Faculdade;Presencial - Superior;Privada;Privada sem fins lucrativos;06/10/1995;3;2017;-;;2;2021;;;;Ativa
16768;ASSOCIACAO EDUCACIONAL, CULTURAL E SOCIAL DA IBIAPABA (AECSI);23.946.142/0001-41;Pessoa Jurídica de Direito Privado - Sem fins lucrativos - Associação de Utilidade Pública;24391;Faculdade de Educação da Ibiapaba (FAEDI);FAEDI;88981885629;www.faedi.edu.br;"joice.faedi@hotmail.com;carlosmoreira63@hotmail.com;";CE 187, KM 231 - S/N - CEP: 62250-000 - Mina;Ipu;CE;Faculdade;Presencial - Superior;Privada;Privada sem fins lucrativos;11/08/2021;4;2020;-;;-;;;;Unificação de Mantidas;Ativa
221;FUNDACAO PRESIDENTE ANTONIO CARLOS;17.080.078/0001-66;Privada sem fins lucrativos;14157;Faculdade de Educação e Estudos Sociais de Uberlândia (FEESU);FEESU;(34)3210-8227;www.unipaciefom.com.br;regulacaofupac@unipac.br;Avenida João Pessoa - 719 - CEP: 38400-338 - Martins;Uberlândia;MG;Faculdade;Presencial - Superior;Privada;Privada sem fins lucrativos;27/03/2002;3;2018;-;;3;2023;;;;Ativa
10939;HOSPITAL ALEMAO OSWALDO CRUZ;60.726.502/0001-26;Pessoa Jurídica de Direito Privado - Sem fins lucrativos - Associação de Utilidade Pública;17355;Faculdade de Educação em Ciências da Saúde (FECS);FECS;(11) 3549-0654;www.fecs.org.br;"bmanoel@haoc.com.br;eito@haoc.com.br";Rua João Julião - 331 - CEP: 01323-020 - Bela Vista;São Paulo;SP;Faculdade;EAD - Superior / Presencial - Superior /;Privada;Privada sem fins lucrativos;12/09/2014;4;2022;5;2019;3;2023;;;;Ativa
15522;INSTITUTO DE CIENCIA, EDUCACAO E CULTURA DA AMAZONIA - ICECA;13.411.966/0001-63;Pessoa Jurídica de Direito Privado - Sem fins lucrativos - Associação de Utilidade Pública;16725;Faculdade de Educacao e Tecnologia do Para (FAETE);FAETE;0800 323 2020;https://faete.net;jesaniascalderaro@gmail.com;Rua Haroldo Araújo - 1821 - CEP: 68440-000 - Aviação;Abaetetuba;PA;Faculdade;EAD - Superior / Presencial - Superior /;Privada;Privada sem fins lucrativos;07/06/2018;3;2023;4;2022;-;;;;;Ativa
18369;ASSOCIACAO CICEP CURSOS;29.177.053/0001-64;Pessoa Jurídica de Direito Privado - Sem fins lucrativos - Associação de Utilidade Pública;1295;FACULDADE DE EDUCAÇÃO E TECNOLOGIA IRACEMA (FAETI);FAETI;(11) 947989758;www.faeti.com.br;diretoria@faeti.com.br;Rua Cordeiro da Silva - 165 - CEP: 02883-090 - Vila Nova Parada;São Paulo;SP;Faculdade;Presencial - Superior;Privada;Privada sem fins lucrativos;14/04/1999;3;2017;-;;2;2023;;;;Ativa
257;ASSOCIACAO CRISTA DE MOCOS DE SOROCABA;71.488.928/0001-05;Privada sem fins lucrativos;368;FACULDADE DE EDUCAÇÃO FÍSICA DA ASSOCIAÇÃO CRISTÃ DE MOÇOS DE SOROCABA (FEFISO);FEFISO;"15 32329115; 15 32349110";www.fefiso.edu.br;massari@fefiso.com;Rua da Penha - 680 - CEP: 18010-002 - Centro;Sorocaba;SP;Faculdade;EAD - Superior / Presencial - Superior /;Privada;Privada sem fins lucrativos;26/07/1971;4;2023;5;2020;4;2023;;;;Ativa
1018;COLEGIO SAO FRANCISCO;06.043.988/0001-52;Pessoa Jurídica de Direito Privado - Sem fins lucrativos - Associação de Utilidade Pública;1546;FACULDADE DE EDUCAÇÃO SÃO FRANCISCO (FAESF);FAESF;(99) 36265400;www.faesf.com.br;faesf@faesf.com.br;Rua Abilio Monteiro - 1736 - CEP: 65725-000 - Engenho;Pedreiras;MA;Faculdade;EAD - Superior / Presencial - Superior /;Privada;Privada sem fins lucrativos;30/08/2000;4;2023;4;2023;3;2023;;;;Ativa
358;ASSOCIACAO JABOTICABALENSE DE EDUCACAO E CULTURA;45.337.425/0001-29;Pessoa Jurídica de Direito Privado - Sem fins lucrativos - Associação de Utilidade Pública;517;FACULDADE DE EDUCAÇÃO SÃO LUÍS (FESL);FESL;(16) 3209 1800;www.saoluis.br;luciavasques@saoluis.br;Rua Floriano Peixoto - 839/873 - CEP: 14870-370 - Centro;Jaboticabal;SP;Faculdade;EAD - Superior / Presencial - Superior /;Privada;Privada sem fins lucrativos;31/08/1972;4;2023;4;2022;3;2023;;;Adesão ao PROIES;Ativa
138;FUNDACAO DE ESTUDOS SOCIAIS DO PARANA;76.602.895/0001-04;Privada sem fins lucrativos;197;FACULDADE DE EDUCAÇÃO SUPERIOR DO PARANÁ (FESPPR);FESPPR;(41) 3028 6500;www.fesppr.br;lilianl@fesppr.edu.br;Rua General Carneiro - 216 - CEP: 80060-150 - Centro;Curitiba;PR;Faculdade;EAD - Superior / Presencial - Superior /;Privada;Privada sem fins lucrativos;29/09/1945;4;2023;4;2022;3;2023;;;;Ativa
16764;INSTITUTO DE EDUCACAO SUPERIOR LATINOAMERICANO - IESLA;97.525.706/0001-09;Pessoa Jurídica de Direito Privado - Sem fins lucrativos - Associação de Utilidade Pública;23280;FACULDADE DE EDUCAÇÃO SUPERIOR IESLA (IESLA);IESLA;3125138800;www.iesla.com.br;reitoria@iesla.edu.br;Avenida Presidente Tancredo Neves - 5145 - CEP: 31330-430 - Castelo;Belo Horizonte;MG;Faculdade;EAD - Superior /;Privada;Privada sem fins lucrativos;15/09/2021;-;;5;2019;-;;;;;Ativa
17478;SERVICO NACIONAL DE APRENDIZAGEM INDUSTRIAL;03.784.680/0001-70;Privada sem fins lucrativos;24675;Faculdade de Energias Renováveis e Tecnologias Industriais (FAETI);FAETI;3204-8053;;rodrigomello@isi-er.com.br;Avenida Capitão-Mor Gouveia - 1480 - CEP: 59063-400 - Lagoa Nova;Natal;RN;Faculdade;Presencial - Superior;Privada;Privada sem fins lucrativos;18/08/2023;4;2022;-;;-;;;;;Ativa
16358;UNIAO EDUCACIONAL E CULTURAL CANDELARIA - UNICANDELARIA;52.699.857/0001-45;Pessoa Jurídica de Direito Privado - Sem fins lucrativos - Associação de Utilidade Pública;21654;Faculdade de Engenharia e Agrimensura de São Paulo (FEASP);FEASP;11 29550296;http//www.feasp.edu.br;direcao@escolapaulistaagrimensura.org.br;Rua Araritaguaba - 804 - CEP: 02122-010 - Vila Maria Alta;São Paulo;SP;Faculdade;Presencial - Superior;Privada;Privada sem fins lucrativos;29/03/2018;2;2023;3;2021;-;;;;;Ativa
14981;ASSOCIACAO DOM AQUINO CORREA - ADAC;11.243.109/0001-76;Pessoa Jurídica de Direito Privado - Sem fins lucrativos - Associação de Utilidade Pública;21215;Faculdade de Ensino de Pesquisa do Cooperativismo (FEPCOOP);FEPCOOP;(65)996056341;www.icoop.edu.br;susete.rech@sescoopmt.coop.br;Rua Dois - 03 - CEP: 78049-050 - Centro Político Administrativo;Cuiabá;MT;Faculdade;EAD - Superior / Presencial - Superior /;Privada;Privada sem fins lucrativos;22/11/2017;4;2022;3;2022;-;;;;Unificação de Mantidas;Ativa
16571;IEP - INSTITUTO DE EDUCACAO PORTAL;09.557.713/0001-25;Privada sem fins lucrativos;21463;FACULDADE DE ENSINO PORTAL (FEP);FEP;;www.fep.edu.br;mariana_amaral45@hotmail.com;Rodovia BR 116 - Km. 54 - s/n - CEP: 62870-000 - Zona Rural;Pacajus;CE;Faculdade;Presencial - Superior;Privada;Privada sem fins lucrativos;26/12/2017;3;2017;4;2023;3;2023;;;Suspensão PROUNI;Ativa
1677;UB - UCP EDUCACIONAL S.A.;73.206.468/0001-00;Privada com fins lucrativos;2582;FACULDADE DE ENSINO SUPERIOR DO CENTRO DO PARANÁ (UCP);UCP;42 3646 5555;www.ucpparana.edu.br;direcao@ucpparana.edu.br;Avenida Universitária - s/n - CEP: 85200-000 - Cantu;Pitanga;PR;Faculdade;EAD - Superior / Presencial - Superior /;Privada;Privada sem fins lucrativos;10/06/2002;4;2020;4;2021;4;2023;;;;Ativa
19794;ASSOCIACAO UP EDUCACIONAL SOCIAL DO BRASIL;57.353.009/0001-01;Pessoa Jurídica de Direito Privado - Sem fins lucrativos - Associação de Utilidade Pública;19635;Faculdade de Ensino Superior Pelegrino Cipriani (FASPEC);FASPEC;4007-2070;www.faspec.edu.br;kleber.pinto@faspec.edu.br;Avenida Europa - 63 - CEP: 78065-130 - Jardim Tropical;Cuiabá;MT;Faculdade;EAD - Superior / Presencial - Superior /;Privada;Privada sem fins lucrativos;02/02/2018;4;2022;5;2019;-;;;;;Ativa
2491;ASSOCIACAO DE ENSINO JULIAN CARVALHO - AEJC;06.228.414/0001-59;Pessoa Jurídica de Direito Privado - Sem fins lucrativos - Associação de Utilidade Pública;3940;FACULDADE DE ENSINO SUPERIOR SANTA BARBARA (FAESB);FAESB;(15) 3251-0077;www.faesb.edu.br;"aejc@uol.com.br;marlylopo@gmail.com";Rua XI de Agosto - 2.900 - CEP: 18277-000 - Valinho;Tatuí;SP;Faculdade;Presencial - Superior;Privada;Privada sem fins lucrativos;18/09/2006;3;2023;4;2021;3;2023;;;;Ativa
829;ASS. DE ENSINO INTEGRADO E ORGANIZADO UNIVERSITARIO;39.780.473/0001-94;Pessoa Jurídica de Direito Privado - Sem fins lucrativos - Associação de Utilidade Pública;1240;FACULDADE DE ESTUDOS SOCIAIS DO ESPÍRITO SANTO (PIO XII);PIO XII;(27) 34212563;www.pioxii-es.com;faculdade@pioxii-es.com;Rua Bolivar de Abreu - 48 - CEP: 29146-330 - Campo Grande;Cariacica;ES;Faculdade;Presencial - Superior;Privada;Privada sem fins lucrativos;24/12/1998;2;2024;-;;3;2023;;;;Ativa
53;FUNDACAO EDUCACIONAL DE PENAPOLIS;53.893.582/0001-49;Fundação Pública de Direito Privado Municipal;68;FACULDADE DE FILOSOFIA CIÊNCIAS E LETRAS DE PENÁPOLIS (FAFIPE);FAFIPE;18 3654 7690;www.funepe.edu.br;secretaria@funepe.edu.br;AV SÃO JOSÉ - 400 - CEP: 16300-000 - VILA MARTINS;Penápolis;SP;Faculdade;Presencial - Superior;Privada;Privada sem fins lucrativos;27/05/1966;5;2023;-;;3;2023;;;;Ativa
488;OBRAS SOCIAIS E EDUCACIONAIS DE LUZ;18.301.267/0001-84;Pessoa Jurídica de Direito Privado - Sem fins lucrativos - Associação de Utilidade Pública;727;FACULDADE DE FILOSOFIA, CIÊNCIAS E LETRAS DO ALTO SÃO FRANCISCO (FASF);FASF;(37) 3421 9006;http//www.fasf.edu.br;institucional@fasf.edu.br;Rua Nossa Senhora de Fátima - 307 - CEP: 35595-000 - Centro;Luz;MG;Faculdade;Presencial - Superior;Privada;Privada sem fins lucrativos;12/11/1985;5;2018;-;;3;2023;;;;Ativa
1557;ASSOCIACAO CULTURAL PAULO VI;02.222.512/0001-28;Pessoa Jurídica de Direito Privado - Sem fins lucrativos - Associação de Utilidade Pública;2389;FACULDADE DE FILOSOFIA E TEOLOGIA PAULO VI (FFTP);FFTP;(11) 47905660;www.paulovi.edu.br;secretaria@faculdadepaulovi.com.br;Avenida Francisco Rodrigues Filho - 248 - CEP: 08773-380 - Vila Mogilar;Mogi das Cruzes;SP;Faculdade;Presencial - Superior;Privada;Privada sem fins lucrativos;18/03/2004;4;2024;-;;4;2023;;;;Ativa
56;AUTARQUIA EDUCACIONAL DA MATA SUL;08.653.818/0001-15;Pessoa Jurídica de Direito Público - Municipal;72;FACULDADE DE FORMAÇÃO DE PROFESSORES DA MATA SUL (FAMASUL);FAMASUL;3299 - 7329;www.aemasul.edu.br;famasuldocumentos@gmail.com;Br 101 Km 186 Sul - S/N - CEP: 55540-000 - ENGENHO SAO MANOEL;Palmares;PE;Faculdade;Presencial - Superior;Publica;Especial;14/06/1972;-;;-;;2;2023;;;;Ativa
468;AUTARQUIA EDUCACIONAL DO ARARIPE;11.469.541/0001-80;Pessoa Jurídica de Direito Público - Municipal;703;FACULDADE DE FORMAÇÃO DE PROFESSORES DE ARARIPINA (FAFOPA);FAFOPA;(87) 3873.1001;portalaeda.edu.br;fafopa@hotmail.com;Avenida Florentino Alves Batista - S/N - CEP: 56280-000 - Centro;Araripina;PE;Faculdade;Presencial - Superior;Publica;Especial;21/05/1979;-;;-;;2;2019;;;;Ativa
430;AUTARQUIA EDUCACIONAL DE SERRA TALHADA AESET;11.115.011/0001-33;Pessoa Jurídica de Direito Público - Municipal;657;FACULDADE DE FORMAÇÃO DE PROFESSORES DE SERRA TALHADA (FAFOPST);FAFOPST;87999079070;aeset.edu.br;re.mmedeiros@hotmail.com;Avenida Afonso Magalhães - S/N - CEP: 56900-000 - NSª DA CONCEIÇÃO;Serra Talhada;PE;Faculdade;Presencial - Superior;Publica;Especial;19/07/1983;-;;-;;3;2023;;;;Ativa
15028;ASSOCIACAO DEHONIANA BRASIL MERIDIONAL;04.730.949/0001-06;Pessoa Jurídica de Direito Privado - Sem fins lucrativos - Associação de Utilidade Pública;1857;FACULDADE DEHONIANA (DEHONIANA);DEHONIANA;(12) 3625-8080;http://www.dehoniana.edu.br;dehoniana@uol.com.br;Avenida Francisco Barreto Leme - 550 - CEP: 12062-000 - Vila São Geraldo;Taubaté;SP;Faculdade;Presencial - Superior;Privada;Privada sem fins lucrativos;06/11/2001;4;2024;-;;4;2023;;;;Ativa
1491;ESCOLAS UNIDAS DE OURO PRETO DO OESTE - UNEOURO;04.892.637/0001-90;Pessoa Jurídica de Direito Privado - Sem fins lucrativos - Associação de Utilidade Pública;2779;FACULDADE DE INFORMÁTICA DE OURO PRETO DO OESTE (FIOURO);FIOURO;(69) 3461 4278;www.uneouro.edu.br;uneouro@uneouro.edu.br;Rua Marechal Castelo Branco - 184 - CEP: 76920-970 - Incra;Ouro Preto do Oeste;RO;Faculdade;Presencial - Superior;Privada;Privada sem fins lucrativos;27/09/2005;3;2017;-;;2;2023;;;;Ativa
220;FUNDACAO JOSE BONIFACIO LAFAYETTE DE ANDRADA;19.559.012/0001-89;Privada sem fins lucrativos;307;FACULDADE DE MEDICINA DE BARBACENA (FAME);FAME;(32)3339-2950;www.funjob.edu.br;apoioacademico@funjob.edu.br;Praça Presidente Antônio Carlos - 08 - CEP: 36202-336 - São Sebastião;Barbacena;MG;Faculdade;Presencial - Superior;Privada;Privada sem fins lucrativos;27/04/1971;5;2022;-;;3;2023;;;;Ativa
348;FUNDACAO BENEDITO PEREIRA NUNES;28.964.252/0001-50;Privada sem fins lucrativos;506;FACULDADE DE MEDICINA DE CAMPOS (FMC);FMC;(22) 2101-2929;www.fmc.br;"diretor@fbpn-campos.com.br; therezinhastange@gmail.com";Avenida Alberto Torres - 217 - CEP: 28035-581 - Centro;Campos dos Goytacazes;RJ;Faculdade;Presencial - Superior;Privada;Privada sem fins lucrativos;21/09/1967;4;2019;-;;3;2023;;;;Ativa
100;FUNDACAO EDUCACIONAL SEVERINO SOMBRA;32.410.037/0001-84;Privada sem fins lucrativos;22116;Faculdade de Miguel Pereira (FAMIPE);FAMIPE;24-24718376;https://famipe.edu.br/;diretoria@famipe.com.br;Rua Alvarenga Peixoto - 101 - CEP: 26900-000 - Boa Vista;Miguel Pereira;RJ;Faculdade;Presencial - Superior;Privada;Privada sem fins lucrativos;23/05/2018;4;2024;-;;4;2023;;;;Ativa
3564;ASSOCIACAO DE ENSINO SUPERIOR DE MUSICA;09.126.883/0001-55;Privada sem fins lucrativos;12611;FACULDADE DE MÚSICA SOUZA LIMA (FMSL);FMSL;(11)30500330;www.souzalima.com.br;faculdade@souzalima.com.br;Rua José Maria Lisboa - 745 - CEP: 01423-001 - Jardins;São Paulo;SP;Faculdade;Presencial - Superior;Privada;Privada sem fins lucrativos;06/10/2010;4;2024;-;;-;;;;;Ativa
1276;FUNDACAO EDUCACIONAL FAUSTO PINTO DA FONSECA;04.149.536/0001-24;Privada sem fins lucrativos;1940;FACULDADE DE NOVA SERRANA (FANS);FANS;(37) 3226-8200;www.fans.edu.br;coordproex@fans.edu.br;Rua Lígia Rodrigues - 600 - CEP: 35519-000 - Fausto Pinto da Fonseca;Nova Serrana;MG;Faculdade;Presencial - Superior;Privada;Privada sem fins lucrativos;18/12/2001;3;2023;-;;3;2023;;;;Ativa
2009;FUNDACAO ODONTOLOGICA PRESIDENTE CASTELLO BRANCO;11.526.498/0001-47;Pessoa Jurídica de Direito Privado - Sem fins lucrativos - Associação de Utilidade Pública;3146;FACULDADE DE ODONTOLOGIA DO RECIFE (FOR);FOR;(81) 3221 3325 e 3423 7553;www.for.edu.br;secretaria@for.edu.br;Rua Artur Coutinho - 143 - CEP: 50100-280 - Santo Amaro;Recife;PE;Faculdade;Presencial - Superior;Privada;Privada sem fins lucrativos;23/08/2002;4;2023;-;;3;2023;;;;Ativa
834;ASSOCIACAO NOVANDRADINENSE DE EDUCACAO E CULTURA;24.630.907/0001-00;Pessoa Jurídica de Direito Privado - Sem fins lucrativos - Associação de Utilidade Pública;1248;FACULDADE DE PEDAGOGIA (ANAEC);ANAEC;(67) 3441 1379;www.anaec.com.br;"anaec@anaec.com.br;mailsonfigueredo@hotmail.com";Avenida Eurico Soares Andrade - 730 - CEP: 79750-000 - Centro;Nova Andradina;MS;Faculdade;Presencial - Superior;Privada;Privada sem fins lucrativos;24/12/1998;3;2017;-;;2;2016;;;Suspensão PROUNI;Ativa
460;AUTARQUIA EDUCACIONAL DO VALE DO SAO FRANCISCO;11.157.971/0001-66;Pessoa Jurídica de Direito Público - Municipal;692;FACULDADE DE PETROLINA (FACAPE);FACAPE;8738663208;www.facape.br;moises.almeida@facape.br;Campus Universitário - S/N - CEP: 56328-903 - VILA EDUARDO;Petrolina;PE;Faculdade;Presencial - Superior;Publica;Especial;24/10/1978;-;;3;2021;3;2023;;;;Ativa
3443;INSTITUTO JOAO NEORICO;08.155.411/0001-68;Privada sem fins lucrativos;788;FACULDADE DE RONDÔNIA (FARO);FARO;(69) 999955044;www.faro.edu.br;secretaria@faro.edu.br;Br 364 - Km 6,5 - S/N - CEP: 76815-800 - Zona Rural;Porto Velho;RO;Faculdade;EAD - Superior / Presencial - Superior /;Privada;Privada sem fins lucrativos;25/08/1988;3;2023;4;2019;3;2022;;;;Ativa
762;SOCIEDADE EDUCACIONAL E CULTURAL DE SABARA;02.182.338/0001-37;Privada sem fins lucrativos;1174;FACULDADE DE SABARÁ (SOECS);SOECS;(31) 3241 2891;www.faculdadedesabara.edu.br;soecs@faculdadedesabara.edu.br;Av. Expedicionário Romeu J.Dantas - 1084 - CEP: 34555-000 - Caieira;Sabará;MG;Faculdade;EAD - Superior / Presencial - Superior /;Privada;Privada sem fins lucrativos;14/08/1998;5;2024;4;2022;3;2023;;;;Ativa
16331;INSTITUTO EDUCACIONAL E CULTURAL XV DE NOVEMBRO;06.967.273/0001-96;Pessoa Jurídica de Direito Privado - Sem fins lucrativos - Associação de Utilidade Pública;19861;Faculdade de Santana de Parnaíba (FASP);FASP;(11) 4154-5504;www.estudenafasp.com.br;diretoria@grupounimozarteum.com.br;Rua Nelson Piccinini Miguel - 10 - CEP: 06502-156 - Jardim Frediani;Santana de Parnaíba;SP;Faculdade;Presencial - Superior;Privada;Privada sem fins lucrativos;06/02/2017;4;2023;-;;3;2023;;;;Ativa
1265;MOSTEIRO DE SAO BENTO DE SAO PAULO;61.018.750/0001-85;Pessoa Jurídica de Direito Privado - Sem fins lucrativos - Associação de Utilidade Pública;1921;FACULDADE DE SÃO BENTO (FSB);FSB;(11)3328 8790;www.faculdadedesaobento.com.br;diretoracademico@faculdadedesaobento.com.br;Largo de São Bento - S/N - CEP: 01029-010 - Centro;São Paulo;SP;Faculdade;Presencial - Superior;Privada;Privada sem fins lucrativos;10/12/2001;4;2023;-;;3;2023;;;;Ativa
167;FUNDACAO EDUCACIONAL JOAO RAMALHO;59.170.084/0001-54;Privada sem fins lucrativos;231;FACULDADE DE SÃO BERNARDO DO CAMPO (FASB);FASB;(11) 4335 3277;www.fasb.com.br;fasb@fasb.com.br;Rua Américo Brasiliense - 449 - CEP: 09715-020 - Centro;São Bernardo do Campo;SP;Faculdade;Presencial - Superior;Privada;Privada sem fins lucrativos;10/03/1971;4;2024;-;;3;2023;;;;Ativa
16327;SANTA CASA DE MISERICORDIA DE BELO HORIZONTE;17.209.891/0001-93;Pessoa Jurídica de Direito Privado - Sem fins lucrativos - Associação de Utilidade Pública;22103;Faculdade de Saúde Santa Casa BH;-;(31) 3238 - 8289;faculdadesantacasabh.org.br/;graduacao@faculdadesantacasabh.edu.br;Avenida dos Andradas - 2688 - CEP: 30260-070 - Santa Efigênia;Belo Horizonte;MG;Faculdade;Presencial - Superior;Privada;Privada sem fins lucrativos;28/02/2019;4;2024;-;;4;2023;;;;Ativa
18503;FUNDACAO AMAZONICA DE AMPARO A PESQUISA E DESENVOLVIMENTO TECNOLOGICO DESEMBARGADOR PAULO DOS ANJOS FEITOZA;02.844.344/0001-02;Privada sem fins lucrativos;28544;FACULDADE DESEMBARGADOR PAULO FEITOZA (EIS FPFTECH);EIS FPFTECH;;FPFTECH.COM;NIOMAR.PIMENTA@FPF.BR;Avenida Governador Danilo Areosa - 1270 - CEP: 69075-351 - Distrito Industrial I;Manaus;AM;Faculdade;Presencial - Superior;Privada;Privada sem fins lucrativos;08/09/2025;5;2024;-;;-;;;;;Ativa
3521;FUNDACAO EDUCACIONAL ALTO MEDIO SAO FRANCISCO;20.533.295/0001-79;Pessoa Jurídica de Direito Privado - Sem fins lucrativos - Fundação;11428;FACULDADE DE TECNOLOGIA ALTO MÉDIO SÃO FRANCISCO (FAC FUNAM);FAC FUNAM;(38)37439393;www.funam.com.br;"diretoria@funam.com.br;thalita.pimentel@funorte.edu.br";AV. JEFFERSON GITIRANA - 1422 - CEP: 39270-000 - Cícero Passos;Pirapora;MG;Faculdade;Presencial - Superior;Privada;Privada sem fins lucrativos;15/12/2009;4;2023;-;;4;2023;;;;Ativa
2927;ASSOCIACAO EDUCACIONAL E TECNOLOGICA DE SANTA CATARINA;07.196.820/0001-40;Privada sem fins lucrativos;4610;FACULDADE DE TECNOLOGIA ASSESSORITEC;-;(47)3451-0423;www.assessoritec.com.br;mateus@assessoritec.com.br;Rua Marques do Pombal - 287 - CEP: 89227-110 - Iririú;Joinville;SC;Faculdade;EAD - Superior / Presencial - Superior /;Privada;Privada sem fins lucrativos;06/12/2007;3;2018;5;2021;4;2021;;;;Ativa
2413;INSTITUTO CENTRO DE ENSINO TECNOLOGICO;03.021.597/0001-49;Pessoa Jurídica de Direito Privado - Sem fins lucrativos - Associação de Utilidade Pública;4791;FACULDADE DE TECNOLOGIA CENTEC - CARIRI (CENTEC);CENTEC;88 35664052;www.centec.org.br;vanessa@centec.org.br;Avenida Amália Xavier de Oliveira - s/n - CEP: 63040-000 - Triângulo;Juazeiro do Norte;CE;Faculdade;Presencial - Superior;Privada;Privada sem fins lucrativos;10/02/2006;4;2026;-;;3;2013;;;;Ativa
2413;INSTITUTO CENTRO DE ENSINO TECNOLOGICO;03.021.597/0001-49;Pessoa Jurídica de Direito Privado - Sem fins lucrativos - Associação de Utilidade Pública;4992;FACULDADE DE TECNOLOGIA CENTEC - SERTÃO CENTRAL (FTC SERTÃO CENTRAL);FTC SERTÃO CENTRAL;88 34411320;www.centec.org.br;fatec_sertaocentral@centec.org.br;Avenida Geraldo Bizarria - s/n - CEP: 63800-000 - Distrito Industrial;Quixeramobim;CE;Faculdade;Presencial - Superior;Privada;Privada sem fins lucrativos;18/03/2008;4;2023;-;;3;2023;;;;Ativa
15700;INSTITUTO CNA;10.846.584/0001-74;Pessoa Jurídica de Direito Privado - Sem fins lucrativos - Associação de Utilidade Pública;17401;Faculdade de Tecnologia CNA (FATECNA);FATECNA;(061)38789500;http://www.faculdadecna.com.br/;alberto.santos@faculdadecna.edu.br;Quadra SGAN 601 Módulo K - S/N - CEP: 70830-021 - Asa Norte;Brasília;DF;Faculdade;EAD - Superior / Presencial - Superior /;Privada;Privada sem fins lucrativos;19/12/2013;4;2020;4;2018;3;2023;;;;Ativa
718;ASSOCIACAO DE ENSINO SUPERIOR SANTA TEREZINHA;70.223.060/0001-59;Pessoa Jurídica de Direito Privado - Sem fins lucrativos - Associação de Utilidade Pública;17116;FACULDADE DE TECNOLOGIA E INOVAÇÃO DE PERNAMBUCO (FATIP);FATIP;81 3626 0355;;emec@anovaeducacao.com, luciatavaressousa@outlook.com;Travessa da Rua Nova - 67 - CEP: 55900-000 - Centro;Goiana;PE;Faculdade;Presencial - Superior;Privada;Privada sem fins lucrativos;11/10/2016;4;2023;-;;3;2021;;;;Ativa
3022;SENAC - SERVICO NACIONAL DE APRENDIZAGEM COMERCIAL - ADMINIS;03.296.968/0001-03;Privada sem fins lucrativos;4732;Faculdade de Tecnologia e Inovação Senac DF;-;(61) 37739657;https://www.df.senac.br/faculdade/;pesquisador@df.senac.br;Quadra SEPS 713/913 - sn - CEP: 70390-135 - Asa Sul;Brasília;DF;Faculdade;Presencial - Superior;Privada;Privada sem fins lucrativos;28/02/2007;3;2018;-;;3;2023;;;;Ativa
11347;INSTITUTO ADMINISTRACAO HOSPITALAR E CIENCIAS DA SAUDE;87.750.527/0001-11;Pessoa Jurídica de Direito Privado - Sem fins lucrativos - Associação de Utilidade Pública;14961;FACULDADE DE TECNOLOGIA EM SAÚDE - IAHCS (FATESA);FATESA;5132341100;www.fasaude.com.br;andre@fasaude.com.br;Rua Coronel Corte Real - 75 - CEP: 90630-080 - Petrópolis;Porto Alegre;RS;Faculdade;Presencial - Superior;Privada;Privada sem fins lucrativos;13/06/2013;3;2018;-;;4;2023;;;;Ativa
766;INSTITUTO PAULISTA DE ENSINO E PESQUISA-IPEP;67.996.488/0001-20;Privada sem fins lucrativos;3692;FACULDADE DE TECNOLOGIA IPEP DE CAMPINAS (FATEC CAMPINAS);FATEC CAMPINAS;19 3737 3270;www.ipep.edu.br;"assessor.dg@ipep.edu.br; diretoriageral@ipep.edu.br";Rua José de Alencar - 470 - CEP: 13013-040 - Centro;Campinas;SP;Faculdade;Presencial - Superior;Privada;Privada sem fins lucrativos;04/12/2003;3;2018;-;;2;2021;;;Suspensão PROUNI;Ativa
2090;ASSOCIACAO PRO-UNIVERSIDADE CANOENSE - APUC;90.093.436/0001-65;Pessoa Jurídica de Direito Privado - Sem fins lucrativos - Associação de Utilidade Pública;3306;FACULDADE DE TECNOLOGIA IPUC (FATIPUC);FATIPUC;(51) 21033000;www.ipuc.edu.br;ipuc@ipuc.edu.br;Av Avenida Guilherme Schell - 5000 - CEP: 92310-022 - Centro;Canoas;RS;Faculdade;Presencial - Superior;Privada;Privada sem fins lucrativos;20/12/2002;3;2015;-;;2;2023;;;;Ativa
417;SOCIEDADE PORVIR CIENTIFICO;92.741.990/0001-37;Privada sem fins lucrativos;12338;FACULDADE DE TECNOLOGIA LA SALLE - ESTRELA (FACSALLE);FACSALLE;51 37202792;;flavio.azevedo@lasalle.org.br;Rua Tiradentes - 401 - CEP: 95880-000 - Centro;Estrela;RS;Faculdade;Presencial - Superior;Privada;Privada sem fins lucrativos;16/10/2009;3;2023;-;;3;2023;;;Em Descredenciamento voluntário;Ativa
14376;SERVICO NACIONAL DE APRENDIZAGEM COMERCIAL;03.965.450/0001-07;Privada sem fins lucrativos;15135;FACULDADE DE TECNOLOGIA SENAC AMAZONAS;-;(92) 3199-9956;www.am.senac.br/faculdade;nailson.andrade@am.senac.br;RUA 10 DE JULHO - 11 - CEP: 69010-060 - Centro;Manaus;AM;Faculdade;Presencial - Superior;Privada;Privada sem fins lucrativos;06/04/2016;4;2025;-;;3;2023;;;;Ativa
15974;SERVICO NACIONAL DE APRENDIZAGEM COMERCIAL;03.541.088/0001-47;Privada sem fins lucrativos;24862;Faculdade de Tecnologia Senac Cascavel;-;41 992358530;www.pr.senac.br/faculdade;"paula.costa@pr.senac.br; erika@pr.senac.br;";Rua Recife - 2283 - CEP: 85810-031 - Centro;Cascavel;PR;Faculdade;Presencial - Superior;Privada;Privada sem fins lucrativos;11/03/2022;4;2021;-;;-;;;;;Ativa
15974;SERVICO NACIONAL DE APRENDIZAGEM COMERCIAL;03.541.088/0001-47;Privada sem fins lucrativos;21995;Faculdade de Tecnologia Senac Curitiba;-;41 99235-8530;www.pr.senac.br/faculdade;"paula.costa@pr.senac.br; erika@pr.senac.br";Rua André de Barros - 750 - CEP: 80010-080 - Centro;Curitiba;PR;Faculdade;Presencial - Superior;Privada;Privada sem fins lucrativos;20/12/2018;4;2023;-;;2;2023;;;;Ativa
15974;SERVICO NACIONAL DE APRENDIZAGEM COMERCIAL;03.541.088/0001-47;Privada sem fins lucrativos;22102;Faculdade de Tecnologia Senac Curitiba Portão;-;41 992358530;www.pr.senac.br;"paula.costa@pr.senac.br; erika@pr.senac.br";Rua Calixto Razolini - 215 - CEP: 81070-060 - Portão;Curitiba;PR;Faculdade;Presencial - Superior;Privada;Privada sem fins lucrativos;15/01/2019;5;2024;-;;-;;;;;Ativa
15974;SERVICO NACIONAL DE APRENDIZAGEM COMERCIAL;03.541.088/0001-47;Privada sem fins lucrativos;24982;Faculdade de Tecnologia Senac Londrina Centro;-;44 991632860;;"paula.costa@pr.senac.br; erika@pr.senac.br";Rua Raposo Tavares - 894 - CEP: 86010-580 - Vila Larsen 1;Londrina;PR;Faculdade;Presencial - Superior;Privada;Privada sem fins lucrativos;26/01/2026;5;2025;-;;-;;;;;Ativa
15974;SERVICO NACIONAL DE APRENDIZAGEM COMERCIAL;03.541.088/0001-47;Privada sem fins lucrativos;21821;Faculdade de Tecnologia Senac Maringá;-;41 99235-8530;www.pr.senac.br/faculdade;"paula.costa@pr.senac.br; erika@pr.senac.br";Avenida Colombo - 6225 - CEP: 87020-000 - Jardim Universitário;Maringá;PR;Faculdade;Presencial - Superior;Privada;Privada sem fins lucrativos;05/11/2018;4;2023;-;;4;2023;;;;Ativa
15974;SERVICO NACIONAL DE APRENDIZAGEM COMERCIAL;03.541.088/0001-47;Privada sem fins lucrativos;24980;Faculdade de Tecnologia Senac Ponta Grossa;-;0800 643 6 346;www.pr.senac.br/faculdade;"paula.costa@pr.senac.br; erika@pr.senac.br";Avenida João Manoel dos Santos Ribas - 313 - CEP: 84051-410 - Nova Rússia;Ponta Grossa;PR;Faculdade;Presencial - Superior;Privada;Privada sem fins lucrativos;30/12/2021;5;2021;-;;-;;;;;Ativa
2085;SERVICO NACIONAL DE APRENDIZAGEM COMERCIAL - SENAC ARRJ;03.672.347/0001-79;Privada sem fins lucrativos;3332;FACULDADE DE TECNOLOGIA SENAC RIO (FATEC);FATEC;(21) 2018-9029;https://www.rj.senac.br/faculdade-senac/;"faculdade@rj.senac.br;claudia.leite@rj.senac.br";Rua Santa Luzia - 735 - CEP: 20030-041 - Centro;Rio de Janeiro;RJ;Faculdade;Presencial - Superior;Privada;Privada sem fins lucrativos;09/12/2002;4;2023;3;2015;3;2023;;;;Ativa
15974;SERVICO NACIONAL DE APRENDIZAGEM COMERCIAL;03.541.088/0001-47;Privada sem fins lucrativos;24981;Faculdade de Tecnologia Senac São José dos Pinhais;-;44 991632860;;"paula.costa@pr.senac.br; erika@pr.senac.br";Avenida Rocha Pombo - 3028 - CEP: 83010-620 - Águas Belas;São José dos Pinhais;PR;Faculdade;Presencial - Superior;Privada;Privada sem fins lucrativos;17/07/2023;4;2021;-;;-;;;;;Ativa
796;SERVICO NACIONAL DE APRENDIZAGEM INDUSTRIAL;03.774.819/0001-02;Privada sem fins lucrativos;4820;FACULDADE DE TECNOLOGIA SENAI ANTÔNIO ADOLPHO LOBBE;-;(16)21068700;www.sp.senai.br;"thais.reis@sp.senai.br; bianca.mdomingos@sp.senai.br; wanessa.campos@sp.senai.br";Rua Cândido Padim - 25 - CEP: 13574-320 - Vila Prado;São Carlos;SP;Faculdade;Presencial - Superior;Privada;Privada sem fins lucrativos;12/05/2008;5;2023;-;;4;2013;;;;Ativa
2865;SENAI-SERVICO NACIONAL DE APRENDIZAGEM INDUSTRIAL;03.772.576/0001-65;Privada sem fins lucrativos;4532;FACULDADE DE TECNOLOGIA SENAI CAMPO GRANDE;-;67 3312-9400;www.fatec.ms.senai.br;jlucietto@ms.senai.br;Avenida Afonso Pena - 1114 - CEP: 79005-903 - Amambaí;Campo Grande;MS;Faculdade;Presencial - Superior;Privada;Privada sem fins lucrativos;05/12/2008;3;2023;4;2013;SC;2023;;;;Ativa
2476;SERVICO NACIONAL DE APRENDIZAGEM INDUSTRIAL SENAI;03.783.850/0001-00;Privada sem fins lucrativos;4101;FACULDADE DE TECNOLOGIA SENAI DE DESENVOLVIMENTO GERENCIAL (FATESG);FATESG;(62) 32691200;www.senaigo.com.br/faculdade-fatesg;"robertotk.senai@fieg.com.br;weysller.senai@fieg.com.br,";Rua 227-A - 95 - CEP: 74610-060 - Setor Leste Universitário;Goiânia;GO;Faculdade;EAD - Superior / Presencial - Superior /;Privada;Privada sem fins lucrativos;26/01/2005;4;2024;5;2021;3;2023;;;;Ativa
2865;SENAI-SERVICO NACIONAL DE APRENDIZAGEM INDUSTRIAL;03.772.576/0001-65;Privada sem fins lucrativos;19324;Faculdade de Tecnologia SENAI Dourados (FATEC Dourados);FATEC Dourados;(67) 3411-2600;http://www.fiems.com.br/senai;rmangialardo@ms.senai.br;Rua 20 de Dezembro - 2445 - CEP: 79813-280 - Jardim Rasslem;Dourados;MS;Faculdade;Presencial - Superior;Privada;Privada sem fins lucrativos;18/08/2017;4;2022;-;;-;;;;;Ativa
796;SERVICO NACIONAL DE APRENDIZAGEM INDUSTRIAL;03.774.819/0001-02;Privada sem fins lucrativos;4814;FACULDADE DE TECNOLOGIA SENAI FELIX GUISARD;-;(12)36095713;www.sp.senai.br;"thais.reis@sp.senai.br; bianca.mdomingos@sp.senai.br; wanessa.campos@sp.senai.br";Avenida Independência - 846 - CEP: 12031-001 - Independência;Taubaté;SP;Faculdade;Presencial - Superior;Privada;Privada sem fins lucrativos;11/04/2008;4;2023;-;;4;2013;;;;Ativa
2476;SERVICO NACIONAL DE APRENDIZAGEM INDUSTRIAL SENAI;03.783.850/0001-00;Privada sem fins lucrativos;4100;FACULDADE DE TECNOLOGIA SENAI ÍTALO BOLOGNA (FATECIB);FATECIB;(62) 3226 4500;www.senaigo.com.br;"flaviasimonassi@fieg.com.br;dario@fieg.com.br";Armogaste J. Silveira - 612 - CEP: 74560-020 - Setor Centro Oeste;Goiânia;GO;Faculdade;Presencial - Superior;Privada;Privada sem fins lucrativos;26/01/2005;5;2024;-;;3;2016;;;;Ativa
796;SERVICO NACIONAL DE APRENDIZAGEM INDUSTRIAL;03.774.819/0001-02;Privada sem fins lucrativos;4815;FACULDADE DE TECNOLOGIA SENAI NADIR DIAS DE FIGUEIREDO;-;(11)3685-7951 / (11)3685-7962;www.sp.senai.br;"thais.reis@sp.senai.br; bianca.mdomingos@sp.senai.br; wanessa.campos@sp.senai.br";Rua Ari Barroso - 305 - CEP: 06216-901 - Presidente Altino;Osasco;SP;Faculdade;Presencial - Superior;Privada;Privada sem fins lucrativos;07/10/2008;5;2023;-;;-;;;;;Ativa
13506;SERVICO NACIONAL DE APRENDIZAGEM INDUSTRIAL;03.789.272/0001-00;Privada sem fins lucrativos;14412;FACULDADE DE TECNOLOGIA SENAI PERNAMBUCO;-;81 32025132;;tatyana.gugelmin@sistemafiepe.org.br;Avenida Norte Miguel Arraes de Alencar - 539 - CEP: 50100-000 - Santo Amaro;Recife;PE;Faculdade;Presencial - Superior;Privada;Privada sem fins lucrativos;28/02/2013;3;2017;-;;-;;;;Em Descredenciamento voluntário;Ativa
2579;SERVICO NACIONAL DE APRENDIZAGEM INDUSTRIAL-SENAI;03.775.069/0001-85;Privada sem fins lucrativos;4107;FACULDADE DE TECNOLOGIA SENAI PORTO ALEGRE (FATEC SENAI);FATEC SENAI;(51)3904-2600;www.senairs.org.br/fatec;gidiao.monteiro@senairs.org.br;Avenida Assis Brasil - 8450 - CEP: 91140-000 - Sarandi;Porto Alegre;RS;Faculdade;EAD - Superior / Presencial - Superior /;Privada;Privada sem fins lucrativos;06/11/2006;5;2023;5;2019;4;2023;;;;Ativa
2476;SERVICO NACIONAL DE APRENDIZAGEM INDUSTRIAL SENAI;03.783.850/0001-00;Privada sem fins lucrativos;3920;FACULDADE DE TECNOLOGIA SENAI ROBERTO MANGE (FATEC SENAI RM);FATEC SENAI RM;62 39026200;www.senaigo.com.br;"almiro.senai@fieg.com.br;raynerlima@fieg.com.br;luciane.senai@fieg.com.br";Avenida Engenheiro Roberto Mange - 239 - CEP: 75113-630 - Jundiaí;Anápolis;GO;Faculdade;Presencial - Superior;Privada;Privada sem fins lucrativos;20/05/2004;5;2023;-;;3;2013;;;;Ativa
12227;ASSOCIACAO DE ESTUDOS SUPERIORES SANTO TOMAS DE AQUINO - AESTA;09.220.749/0001-19;Pessoa Jurídica de Direito Privado - Sem fins lucrativos - Associação de Utilidade Pública;13014;FACULDADE DE TEOLOGIA DA ARQUIDIOCESE DE BRASÍLIA (FATEO);FATEO;(61)32456491 / 33450397;www.fateo.edu.br;pifateo@fateo.edu.br;SGAS Quadra 914, Conjunto B - - CEP: 70390-140 - Asa Sul;Brasília;DF;Faculdade;Presencial - Superior;Privada;Privada sem fins lucrativos;24/10/2012;4;2017;-;;3;2023;;;;Ativa
3223;FUNDACAO EDUARDO CARLOS PEREIRA;43.718.824/0001-04;Privada sem fins lucrativos;5048;FACULDADE DE TEOLOGIA DE SÃO PAULO DA IGREJA PRESBITERIANA INDEPENDENTE DO BRASIL;-;(11) 3111-7300;www.fatipi.edu.br;diretoria@fatipi.edu.br;Rua Genebra - 180 - CEP: 01316-010 - Bela Vista;São Paulo;SP;Faculdade;EAD - Superior / Presencial - Superior /;Privada;Privada sem fins lucrativos;14/01/2009;4;2025;4;2018;3;2023;;;;Ativa
1361;ASSEMBLEIA DE DEUS - IGREJA DO AVIVAMENTO;04.191.375/0001-37;Pessoa Jurídica de Direito Privado - Sem fins lucrativos - Associação de Utilidade Pública;2069;FACULDADE DE TEOLOGIA E CIÊNCIAS HUMANAS (FATECH);FATECH;(96) 32239239;faculdadefatech.com.br;abgailbruno@gmail.com;Avenida Professora Cora de Carvalho - 1648 - CEP: 68900-040 - Central;Macapá;AP;Faculdade;EAD - Superior / Presencial - Superior /;Privada;Privada sem fins lucrativos;20/09/2002;3;2016;4;2017;3;2017;;;;Ativa
2757;INSTITUTO DE TEOLOGIA E PASTORAL;07.131.442/0001-16;Pessoa Jurídica de Direito Privado - Sem fins lucrativos - Associação de Utilidade Pública;10071;FACULDADE DE TEOLOGIA E CIÊNCIAS HUMANAS (ITEPAFACULDADES);ITEPAFACULDADES;(54)30456272;www.itepa.com.br;itepa@itepa.com.br;Rua Senador Pinheiro - 350 - CEP: 99070-220 - Vila Rodrigues;Passo Fundo;RS;Faculdade;Presencial - Superior;Privada;Privada sem fins lucrativos;23/12/2008;4;2023;-;;SC;2023;;;;Ativa
2132;ASSOCIACAO CULTURAL TEOLOGICA DO NORDESTE;04.528.095/0001-71;Pessoa Jurídica de Direito Privado - Sem fins lucrativos - Associação de Utilidade Pública;3376;FACULDADE DE TEOLOGIA INTEGRADA (FATIN);FATIN;(81)98791 8647 (81)3543 3259;www.fatin.com.br;"hilgerly@hotmail.com; secretaria.igarassu@fatin.com.br";BR 101 Km 42,5 - s/n - CEP: 53610-970 - Centro;Igarassu;PE;Faculdade;EAD - Superior / Presencial - Superior /;Privada;Privada sem fins lucrativos;16/05/2005;4;2020;4;2018;2;2023;;;;Ativa
16389;CESAP - CENTRO DE ESTUDOS AVANCADOS EIRELI - ME;07.520.898/0001-78;Privada com fins lucrativos;1652;FACULDADE DE VITÓRIA;-;(27) 32221608;www.faculdadedevitoria.com.br;"cesap@faculdadedevitoria.edu.br;adm@cesap.edu.br;anna@faculdadedevitoria.edu.br";Rua Sagrado Coração de Maria - 315 - CEP: 29055-770 - Praia do Canto;Vitória;ES;Faculdade;EAD - Superior /;Privada;Privada sem fins lucrativos;20/03/2001;3;2017;4;2019;3;2011;;;;Ativa
2273;OBRAS SOCIAIS DA DIOCESE DE RIO BRANCO;00.529.443/0001-74;Pessoa Jurídica de Direito Privado - Sem fins lucrativos - Associação de Utilidade Pública;3587;FACULDADE DIOCESANA SÃO JOSÉ (FADISI);FADISI;(68) 992389961;www.fadisi.com.br;secretaria@fadisi.com.br;Estrada São do Francisco - 1576 - CEP: 69901-815 - Vitória;Rio Branco;AC;Faculdade;Presencial - Superior;Privada;Privada sem fins lucrativos;22/04/2005;3;2017;-;;4;2021;;;;Ativa
1491;ESCOLAS UNIDAS DE OURO PRETO DO OESTE - UNEOURO;04.892.637/0001-90;Pessoa Jurídica de Direito Privado - Sem fins lucrativos - Associação de Utilidade Pública;23984;Faculdade do Amazonas (FAM);FAM;(92)99174-7946;www.fam-edu.com.br;fam@fam-edu.com.br;Avenida Cosme Ferreira - 816 - CEP: 69082-230 - Coroado;Manaus;AM;Faculdade;Presencial - Superior;Privada;Privada sem fins lucrativos;17/07/2023;3;2020;-;;-;;;;Unificação de Mantidas;Ativa
454;AUTARQUIA EDUCACIONAL DO MUNICIPIO DO BELO JARDIM;11.464.153/0001-06;Pessoa Jurídica de Direito Público - Municipal;685;FACULDADE DO BELO JARDIM (FBJ);FBJ;8137268100;www.aeb.edu.br;lindhiane.farias@prof.aeb.edu.br;Sítio Inhumas - s/n - CEP: 55150-000 - Zona Rural;Belo Jardim;PE;Faculdade;Presencial - Superior;Publica;Especial;19/08/1976;-;;-;;2;2023;;;;Ativa
175;CLUBE NAUTICO MOGIANO;52.577.244/0001-35;Pessoa Jurídica de Direito Privado - Sem fins lucrativos - Associação de Utilidade Pública;243;FACULDADE DO CLUBE NÁUTICO MOGIANO (FCNM);FCNM;11 93703-0446;www.nautico.edu.br;"nautico@nautico.edu.br; fcnm.sp@gmail.com;fariaslucienefarias@gmail.com; thiagofrancofisio@gmail.com";Rua Cabo Diogo Oliver - 758 - CEP: 08773-000 - Mogilar;Mogi das Cruzes;SP;Faculdade;Presencial - Superior;Privada;Privada sem fins lucrativos;27/01/1972;3;2012;-;;3;2023;;;;Ativa
218;INSTITUTO ENSINAR BRASIL;19.322.494/0001-59;Pessoa Jurídica de Direito Privado - Sem fins lucrativos - Associação de Utilidade Pública;24208;FACULDADE DOCTUM DE ALMENARA (DOCTUM);DOCTUM;;www.doctum.edu.br;"diretoria@doctum.edu.br; morgana@doctum.edu.br";Rua Aleixo Paraguassu - 93 - CEP: 39900-000 - Centro;Almenara;MG;Faculdade;Presencial - Superior;Privada;Privada sem fins lucrativos;07/04/2022;4;2019;-;;-;;;;;Ativa
218;INSTITUTO ENSINAR BRASIL;19.322.494/0001-59;Pessoa Jurídica de Direito Privado - Sem fins lucrativos - Associação de Utilidade Pública;5276;Faculdade Doctum de Carangola (DOCTUM);DOCTUM;33 3322 6321 / 33 3322 6329;www.doctum.edu.br;"morgana@doctum.edu.br; diretoria@doctum.edu.br";Rua Thomas Gonzaga - 95 - CEP: 36800-000 - Santa Emilia;Carangola;MG;Faculdade;Presencial - Superior;Privada;Privada sem fins lucrativos;29/05/2007;4;2023;-;;2;2023;;;;Ativa
218;INSTITUTO ENSINAR BRASIL;19.322.494/0001-59;Pessoa Jurídica de Direito Privado - Sem fins lucrativos - Associação de Utilidade Pública;1558;Faculdade Doctum de João Monlevade (DOCTUM);DOCTUM;33 3322- 6321 / 3322 6329;www.doctum.edu.br;"diretoria@doctum.edu.br; morgana@doctum.edu.br";Rua 16 - 24 - CEP: 35930-408 - VILA TANQUE;João Monlevade;MG;Faculdade;Presencial - Superior;Privada;Privada sem fins lucrativos;22/06/1972;4;2023;-;;3;2023;;;;Ativa
218;INSTITUTO ENSINAR BRASIL;19.322.494/0001-59;Pessoa Jurídica de Direito Privado - Sem fins lucrativos - Associação de Utilidade Pública;2220;Faculdade Doctum de Juiz de Fora (DOCTUM);DOCTUM;33 3322 6321 / 33 3322 6329;www.doctum.edu.br;"diretoria@doctum.edu.br; morgana@doctum.edu.br";Estrada Dom Orione - s/n - CEP: 36025-660 - Dom Bosco;Juiz de Fora;MG;Faculdade;Presencial - Superior;Privada;Privada sem fins lucrativos;04/11/2003;4;2023;-;;3;2023;;;;Ativa
218;INSTITUTO ENSINAR BRASIL;19.322.494/0001-59;Pessoa Jurídica de Direito Privado - Sem fins lucrativos - Associação de Utilidade Pública;2096;FACULDADE DOCTUM DE MANHUAÇU - DOCTUM (FCM);FCM;(33) 3322 6321 / 33 3322 6329;www.doctum.edu.br;"diretoria@doctum.edu.br; morgana@doctum.edu.br";Avenida Getúlio Vargas - 700 - CEP: 36900-000 - Bairro Coqueiro;Manhuaçu;MG;Faculdade;Presencial - Superior;Privada;Privada sem fins lucrativos;27/12/2002;4;2018;-;;3;2023;;;;Ativa
218;INSTITUTO ENSINAR BRASIL;19.322.494/0001-59;Pessoa Jurídica de Direito Privado - Sem fins lucrativos - Associação de Utilidade Pública;1243;Faculdade Doctum de Serra (DOCTUM);DOCTUM;33 3322 6321 / 33 3322 6329;www.doctum.edu.br;"diretoria@doctum.edu.br; morgana@doctum.edu.br";Avenida Eldes Scherrer Souza - 108 - CEP: 29165-680 - Parque Residencial Laranjeiras;Serra;ES;Faculdade;Presencial - Superior;Privada;Privada sem fins lucrativos;31/12/1998;4;2019;-;;3;2023;;;;Ativa
218;INSTITUTO ENSINAR BRASIL;19.322.494/0001-59;Pessoa Jurídica de Direito Privado - Sem fins lucrativos - Associação de Utilidade Pública;1063;Faculdade Doctum de Vila Velha (DOCTUM);DOCTUM;33 3322 6321 / 33 3322 6329;www.doctum.edu.br;"diretoria@doctum.edu.br; morgana@doctum.edu.br";Rua Lúcio Bacelar - 490 - CEP: 29101-030 - Praia da Costa;Vila Velha;ES;Faculdade;Presencial - Superior;Privada;Privada sem fins lucrativos;07/05/1999;3;2023;-;;3;2023;;;;Ativa
218;INSTITUTO ENSINAR BRASIL;19.322.494/0001-59;Pessoa Jurídica de Direito Privado - Sem fins lucrativos - Associação de Utilidade Pública;1064;Faculdade Doctum de Vitória (DOCTUM);DOCTUM;33 3322 6321 / 33 3322 6329;www.doctum.edu.br;"diretoria@doctum.edu.br; morgana@doctum.edu.br";Avenida Vitória - 2703 - CEP: 29045-160 - Horto;Vitória;ES;Faculdade;Presencial - Superior;Privada;Privada sem fins lucrativos;16/02/1998;3;2024;-;;3;2023;;;;Ativa
218;INSTITUTO ENSINAR BRASIL;19.322.494/0001-59;Pessoa Jurídica de Direito Privado - Sem fins lucrativos - Associação de Utilidade Pública;21929;Faculdade Doctum Presidente Itamar Franco (Doctum);Doctum;33 3322 6321;www.doctum.edu.br;diretoria@doctum.edu.br;Rua Onofre Oliveira Salles - 16 - CEP: 36085-155 - Santa Maria;Juiz de Fora;MG;Faculdade;Presencial - Superior;Privada;Privada sem fins lucrativos;22/10/2019;5;2025;-;;-;;;;;Ativa
18226;INSTITUTO DE MEDICINA INTEGRAL PROFESSOR FERNANDO FIGUEIRA - IMIP;10.988.301/0001-29;Pessoa Jurídica de Direito Privado - Sem fins lucrativos - Associação de Utilidade Pública;30382;Faculdade do Inst. de Medicina Int. Prof. Fernando Figueira (FACIMIP);FACIMIP;;https://imip.org.br/;eduardojorge@imip.org.br;Rua Coelhos 300 - - CEP: 50070-902 - Coelhos;Recife;PE;Faculdade;Presencial - Superior;Privada;Privada sem fins lucrativos;08/09/2025;5;2025;-;;-;;;;;Ativa
840;CENTRO DE ENSINO SUPERIOR DE CASCAVEL LTDA;02.096.765/0001-00;Privada com fins lucrativos;1256;FACULDADE DOM BOSCO (DOM BOSCO);DOM BOSCO;(45) 3321 3900;www.dombosco.fag.edu.br;afonso@fag.edu.br;Avenida das Torres - 500 - CEP: 85806-095 - Loteamento FAG;Cascavel;PR;Faculdade;Presencial - Superior;Privada;Privada sem fins lucrativos;17/02/1999;4;2019;-;;4;2023;;;;Ativa
1391;INSPETORIA SALESIANA SAO PIO X;92.822.741/0001-76;Pessoa Jurídica de Direito Privado - Sem fins lucrativos - Associação de Utilidade Pública;2113;FACULDADE DOM BOSCO DE PORTO ALEGRE (FDB);FDB;(51)3361-6700;www.faculdade.dombosco.net;"secretaria.faculdade@dombosco.net; beta2410@hotmail.com";Rua Marechal José Inácio da Silva - 355 - CEP: 90520-280 - Passo D'Areia;Porto Alegre;RS;Faculdade;EAD - Superior / Presencial - Superior /;Privada;Privada sem fins lucrativos;28/11/2002;4;2023;4;2019;3;2023;;;;Ativa
1615;FUNDACAO MARIANENSE DE EDUCACAO;22.390.686/0001-07;Privada sem fins lucrativos;2475;FACULDADE DOM LUCIANO MENDES (FDLM);FDLM;(31) 3558-1439;www.faculdadedomluciano.com.br;secretaria@faculdadedomluciano.com.br;Avenida Geraldo Gonçalves da Cunha - 21 - CEP: 35426-094 - São José;Mariana;MG;Faculdade;Presencial - Superior;Privada;Privada sem fins lucrativos;15/09/2003;4;2023;-;;4;2023;;;;Ativa
17322;ASSOCIACAO DE ENSINO, PESQUISA E EXTENSAO BIOPARK;30.694.272/0001-08;Pessoa Jurídica de Direito Privado - Sem fins lucrativos - Associação de Utilidade Pública;25452;Faculdade Donaduzzi (FDZ);FDZ;(45) 20363607;https://bioparkeducacao.com/;"marlise.napoli@bpkedu.com.br; dayane.pereira@bpkedu.com.br";PR 182 KM 320/321 BIOPARK - S/N - CEP: 85919-899 - Área Rural de Toledo;Toledo;PR;Faculdade;Presencial - Superior;Privada;Privada sem fins lucrativos;07/02/2022;5;2021;-;;-;;;;Unificação de Mantidas;Ativa
1224;CESA - CENTRO DE ESTUDO SUPERIOR DE APUCARANA;03.347.235/0001-42;Privada sem fins lucrativos;1856;FACULDADE DO NORTE NOVO DE APUCARANA (FACNOPAR);FACNOPAR;(43) 33547273;www.facnopar.com.br;emec@anovaeducacao.com;Avenida Zilda Seixas Amaral - 4350 - CEP: 86806-380 - Parque Industrial Norte;Apucarana;PR;Faculdade;EAD - Superior / Presencial - Superior /;Privada;Privada sem fins lucrativos;19/10/2001;4;2023;4;2022;3;2023;;;;Ativa
709;AUTARQUIA EDUCACIONAL DE AFOGADOS DA INGAZEIRA-AEDAI;11.479.037/0001-60;Pessoa Jurídica de Direito Público - Municipal;1012;FACULDADE DO SERTÃO DO PAJEÚ (FASP);FASP;(87) 3838 1579/(87) 99652-2229;www.aedaifasp.com.br;aedaifasp2016@gmail.com;Rua Doutor Osvaldo Gouveia - S/N - CEP: 56800-000 - CENTRO;Afogados da Ingazeira;PE;Faculdade;Presencial - Superior;Publica;Especial;14/01/1986;-;;-;;3;2023;;;;Ativa
1132;FUNDACAO FRANCISCO DE ASSIS;03.760.257/0001-30;Privada sem fins lucrativos;1790;FACULDADE DO SUL DA BAHIA (FASB);FASB;(73) 30117119;www.ffassis.edu.br;ffassis@ffassis.edu.br;Rua Sagrada Família - 120 - CEP: 45990-283 - Bela Vista;Teixeira de Freitas;BA;Faculdade;Presencial - Superior;Privada;Privada sem fins lucrativos;06/08/2001;4;2023;4;2022;3;2023;;;;Ativa
306;FUNDACAO EDUCACIONAL DE ITUVERAVA;45.332.194/0001-60;Privada sem fins lucrativos;439;FACULDADE DOUTOR FRANCISCO MAEDA (FAFRAM);FAFRAM;(16) 3729-9060;www.fafram.com.br;"lidiane@feituverava.com.br; pamella@feituverava.com.br";Rodovia Jerônimo Nunes Macêdo Km 01 - s/n - CEP: 14500-000 - Aeroporto;Ituverava;SP;Faculdade;EAD - Superior / Presencial - Superior /;Privada;Privada sem fins lucrativos;09/04/1987;5;2025;-;;3;2023;;;Unificação de Mantidas;Ativa
17500;S. O. S. DAS COMUNIDADES DE ITAGUAI;07.674.236/0001-52;Privada sem fins lucrativos;24703;Faculdade Educabrasil Noel de Mello;-;;;mantidafenm@gmail.com;Rua Raul Rangel - 135 - CEP: 23810-750 - Centro;Itaguaí;RJ;Faculdade;Presencial - Superior;Privada;Privada sem fins lucrativos;07/12/2022;3;2021;-;;-;;;;;Ativa
2126;FUNDACAO EDUCACIONAL DE OLIVEIRA;03.446.931/0001-06;Privada sem fins lucrativos;3954;FACULDADE EDUCACIONAL JURÍDICA E GERENCIAL DE OLIVEIRA (FEJUGO);FEJUGO;(37) 3331-4075;www.feol.com.br;presidente@feol.com.br;Rua Benjamim Guimarães - 27 - CEP: 35540-000 - Centro;Oliveira;MG;Faculdade;Presencial - Superior;Privada;Privada sem fins lucrativos;05/05/2004;4;2023;-;;3;2023;;;;Ativa
18443;ASSOCIACAO ESCOLA FAMILIA AGRICOLA DE NATALANDIA;07.395.381/0001-02;Pessoa Jurídica de Direito Privado - Sem fins lucrativos - Associação de Utilidade Pública;27052;Faculdade EFAN (EFAN);EFAN;(38) 3562-3644;www.efan.com.br;educacionaldirecao@gmail.com;P.A Saco do Rio Preto - Lote 10 - CEP: 38658-000 - Natalândia;Natalândia;MG;Faculdade;Presencial - Superior;Privada;Privada sem fins lucrativos;19/09/2024;5;2023;-;;-;;;;;Ativa
2092;FUNDACAO SALVADOR ARENA;59.107.300/0001-17;Privada sem fins lucrativos;3308;FACULDADE ENGENHEIRO SALVADOR ARENA (FESA);FESA;(11)43596565/43596572;www.faculdadesalvadorarena.org.br;faculdade@cefsa.edu.br;Estrada dos Alvarengas - 4001 - CEP: 09850-550 - Alvarenga;São Bernardo do Campo;SP;Faculdade;Presencial - Superior;Privada;Privada sem fins lucrativos;20/12/2002;5;2023;-;;4;2023;;;;Ativa
18670;INSTITUTO ENSINE DE PESQUISA E EDUCACAO;42.530.374/0001-69;Pessoa Jurídica de Direito Privado - Sem fins lucrativos - Associação de Utilidade Pública;22441;FACULDADE Ensin.E (ENSIN.E);ENSIN.E;32 99100-0211;www.ensin-e.edu.br;diretor@ensin-e.edu.br;Avenida Barão do Rio Branco - 3480 - CEP: 36025-020 - Passos;Juiz de Fora;MG;Faculdade;EAD - Superior / Presencial - Superior /;Privada;Privada sem fins lucrativos;29/08/2019;4;2025;3;2019;-;;;;;Ativa
18058;ASSOCIACAO PARANAENSE DOS JUIZES FEDERAIS DO PARANA -APAJUFE;02.471.677/0001-33;Pessoa Jurídica de Direito Privado - Sem fins lucrativos - Associação de Utilidade Pública;24689;Faculdade ESMAFE (FESMAFE);FESMAFE;4130786600;https://www.esmafe.com;faculdade@esmafe.com;Eurípedes Garcez do Nascimento - 1667 - CEP: 80540-280 - Ahú;Curitiba;PR;Faculdade;EAD - Superior /;Privada;Privada sem fins lucrativos;07/04/2022;-;;4;2020;-;;;;;Ativa
1171;UNIAO CAPIXABA DE ENSINO;32.479.115/0001-05;Privada sem fins lucrativos;1766;FACULDADE ESPÍRITO SANTENSE (UNICAPE);UNICAPE;(27) 2122-0700;www.faesa.br;siomara@faesa.br;Rua São Jorge - 2 - CEP: 29151-120 - Alto Laje;Cariacica;ES;Faculdade;Presencial - Superior;Privada;Privada sem fins lucrativos;16/07/2001;4;2021;-;;4;2023;;;;Ativa
829;ASS. DE ENSINO INTEGRADO E ORGANIZADO UNIVERSITARIO;39.780.473/0001-94;Pessoa Jurídica de Direito Privado - Sem fins lucrativos - Associação de Utilidade Pública;2351;FACULDADE ESPÍRITO SANTENSE DE CIÊNCIAS JURÍDICAS (PIO XII - DIR);PIO XII - DIR;27 34212563;www.pioxii-es.com.br;faculdade@pioxii-es.com;Rua Bolívar de Abreu - 48 - CEP: 29146-330 - Campo Grande;Cariacica;ES;Faculdade;Presencial - Superior;Privada;Privada sem fins lucrativos;23/07/2004;3;2024;2;2021;3;2023;;;;Ativa
412;ESPM;61.825.675/0001-64;Pessoa Jurídica de Direito Privado - Sem fins lucrativos - Associação de Utilidade Pública;636;Faculdade ESPM de São Paulo (ESPM SP);ESPM SP;(11) 5085 4530;www.espm.br;sonia@espm.br;Rua Doutor Álvaro Alvim - 123 - CEP: 04018-010 - Vila Mariana;São Paulo;SP;Faculdade;Presencial - Superior;Privada;Privada sem fins lucrativos;27/05/1975;5;2019;-;;3;2023;;;;Ativa
412;ESPM;61.825.675/0001-64;Pessoa Jurídica de Direito Privado - Sem fins lucrativos - Associação de Utilidade Pública;944;Faculdade ESPM do Rio de Janeiro (ESPM Rio);ESPM Rio;(21)22162000;www.espm.br;sonia@espm.br;Ladeira da Glória - 26 - CEP: 22211-120 - Glória;Rio de Janeiro;RJ;Faculdade;EAD - Superior / Presencial - Superior /;Privada;Privada sem fins lucrativos;14/09/1995;5;2023;4;2022;4;2023;;;;Ativa
799;SOCIEDADE EDUCACIONAL DO RIO GRANDE DO SUL LTDA.;93.316.057/0001-85;Pessoa Jurídica de Direito Privado - Sem fins lucrativos - Associação de Utilidade Pública;1175;FACULDADE ESTÁCIO DO RIO GRANDE DO SUL - ESTÁCIO FARGS (ESTÁCIO FARGS);ESTÁCIO FARGS;;www.fargs.br;"cgfargs@gmail.com;regulatorio.nacional@estacio.br";RUA MAL. FLORIANO PEIXOTO - 626 - CEP: 90020-060 - CENTRO;Porto Alegre;RS;Faculdade;Presencial - Superior;Privada;Privada sem fins lucrativos;29/03/1993;4;2023;-;;3;2023;;;;Ativa
1827;IGREJA EVANGELICA ASSEMBLEIA DE DEUS EM SAO PAULO;62.769.500/0001-40;Privada sem fins lucrativos;2806;FACULDADE EVANGÉLICA DE SÃO PAULO;-;"(11)27969122; (11)4380-0741";www.faesp.org;"pi@faculdadefaesp.edu.br; diretorexecutivo@faculdadefaesp.edu.br";Avenida Celso Garcia - 2.210 - CEP: 03014-000 - Belenzinho;São Paulo;SP;Faculdade;Presencial - Superior;Privada;Privada sem fins lucrativos;12/01/2007;3;2024;-;;2;2023;;;;Ativa
2231;FUNDACAO EVANGELICA DE COMUNICACAO FUNEC;26.444.828/0001-22;Privada sem fins lucrativos;3525;FACULDADE EVANGÉLICA DE TECNOLOGIA, CIÊNCIAS E BIOTECNOLOGIA DA CGADB (FAECAD);FAECAD;(21) 3015 1000;www.faecad.com.br;secretariafaecad@gmail.com;Avenida Vicente de Carvalho - 1.083 - CEP: 21210-002 - Vicente de Carvalho;Rio de Janeiro;RJ;Faculdade;Presencial - Superior;Privada;Privada sem fins lucrativos;04/07/2005;3;2017;4;2021;3;2023;;;Em Descredenciamento voluntário;Ativa
22;INSTITUTO PRESBITERIANO MACKENZIE;60.967.551/0001-50;Pessoa Jurídica de Direito Privado - Sem fins lucrativos - Associação de Utilidade Pública;353;FACULDADE EVANGÉLICA MACKENZIE DO PARANÁ (FEMPAR);FEMPAR;(41)32405500;https://www.mackenzie.br/faculdades/curitiba/home;"diretoria@fempar.edu.br;carmen.ribas@fempar.edu.br";Rua Padre Anchieta - 2770 - CEP: 80730-000 - Bigorrilho;Curitiba;PR;Faculdade;Presencial - Superior;Privada;Privada sem fins lucrativos;15/01/1969;5;2023;-;;4;2023;;;;Ativa
267;ASSOCIACAO EDUCATIVA EVANGELICA;01.060.102/0001-65;Pessoa Jurídica de Direito Privado - Sem fins lucrativos - Associação de Utilidade Pública;3389;FACULDADE EVANGÉLICA RAÍZES (RAÍZES);RAÍZES;(62)3099-5094;www.faculdaderaizes.edu.br;maxilene.correa@faculdaderaizes.edu.br;Rua Floriano Peixoto - 900 - CEP: 75024-030 - Setor Central;Anápolis;GO;Faculdade;Presencial - Superior;Privada;Privada sem fins lucrativos;16/03/2004;4;2023;-;;3;2023;;;;Ativa
13108;ASSOCIACAO EDUCACIONAL CEARENSE - AEC;07.039.016/0001-57;Pessoa Jurídica de Direito Privado - Sem fins lucrativos - Associação de Utilidade Pública;1425;Faculdade Evoluir (FAEV);FAEV;85989254270;www.faculdadeevolutivo.com;terezinha@iaebrasil.com.br;Avenida Oliveira Paiva - 800 - CEP: 60822-131 - Cidade dos Funcionários;Fortaleza;CE;Faculdade;Presencial - Superior;Privada;Privada sem fins lucrativos;17/12/1999;3;2023;-;;2;2011;;;;Ativa
14967;INSTITUTO BIBLICO DAS ASSEMBLEIAS DE DEUS;45.224.912/0001-85;Pessoa Jurídica de Direito Privado - Sem fins lucrativos - Associação de Utilidade Pública;15922;Faculdade FABAD (FABAD);FABAD;12 36445172;www.fabad.edu.br;direcaogeral@fabad.edu.br;Rua São João Bosco - 1114 - CEP: 12403-010 - Santana;Pindamonhangaba;SP;Faculdade;EAD - Superior / Presencial - Superior /;Privada;Privada sem fins lucrativos;06/05/2016;3;2023;3;2019;2;2023;;;Em supervisão - Procedimento Sancionador;Ativa
19977;IRMANDADE DA SANTA CASA DE MISERICORDIA DE FERNANDOPOLIS EM RECUPERACAO JUDICIAL;47.844.287/0001-08;Pessoa Jurídica de Direito Privado - Sem fins lucrativos - Associação de Utilidade Pública;22452;FACULDADE FANVANCE (FANVANCE);FANVANCE;(17) 3465-6122;;faculdadefanvance@gmail.com;RUA : MARIA MININEL - 14 - CEP: 15600-000 - T.PAINEIRAS;Fernandópolis;SP;Faculdade;Presencial - Superior;Privada;Privada sem fins lucrativos;10/02/2020;4;2019;4;2019;-;;;;;Ativa
3144;INSTITUTO OPTOMETRICO DE PERNAMBUCO;05.783.107/0001-77;Pessoa Jurídica de Direito Privado - Sem fins lucrativos - Associação de Utilidade Pública;10613;FACULDADE FASUP (FASUP);FASUP;81 98788.9597;www.fasup.com;darla@fasup.com;Avenida Doutor Cláudio José Gueiros Leite - 3580 - CEP: 53437-000 - Janga;Paulista;PE;Faculdade;EAD - Superior / Presencial - Superior /;Privada;Privada sem fins lucrativos;20/01/2011;4;2024;4;2022;2;2023;;;;Ativa
18297;FUNDACAO FELICE ROSSO;17.214.149/0001-76;Privada sem fins lucrativos;28957;Faculdade Felício Rocho de Ciências da Saúde (FFR);FFR;31-3514-7626;;luciana.pedroso@feliciorocho.org.br;Av. dos Andradas - 302 - CEP: 30120-010 - Centro;Belo Horizonte;MG;Faculdade;Presencial - Superior;Privada;Privada sem fins lucrativos;27/02/2026;4;2025;-;;-;;;;;Ativa
2689;FUNDACAO INSTITUTO DE ADMINISTRACAO;44.315.919/0001-40;Privada sem fins lucrativos;1520;FACULDADE FIA DE ADMINISTRAÇÃO E NEGÓCIOS (FFIA);FFIA;(11)3732-3515;www.fia.com.br;"diretoriafaculdade@fia.com.br; claudettegalati@fia.com.br";Avenida Doutora Ruth Cardoso - 7221 - CEP: 05425-902 - Pinheiros;São Paulo;SP;Faculdade;EAD - Superior / Presencial - Superior /;Privada;Privada sem fins lucrativos;30/05/2000;5;2023;5;2018;5;2023;;;;Ativa
2689;FUNDACAO INSTITUTO DE ADMINISTRACAO;44.315.919/0001-40;Privada sem fins lucrativos;2793;Faculdade FIA de Gestão e Tecnologia (FFGT);FFGT;3253-0133;www.fia.com.br;mauricioj@fia.com.br;Avenida Doutora Ruth Cardoso 7221 - 7221 - CEP: 05425-902 - Pinheiros;São Paulo;SP;Faculdade;EAD - Superior /;Privada;Privada sem fins lucrativos;05/11/2003;3;2016;5;2023;3;2021;;;Em supervisão - Procedimento Sancionador;Ativa
1498;FUNDACAO EDUCACIONAL MENONITA;77.501.286/0001-13;Privada sem fins lucrativos;2301;FACULDADE FIDELIS (FF);FF;(41) 3376-4566;www.fidelis.edu.br;"secretariageral@fidelis.edu.br;direcao@fidelis.edu.br";Rua Pastor David Koop - 189 - CEP: 81670-340 - Boqueirão;Curitiba;PR;Faculdade;EAD - Superior / Presencial - Superior /;Privada;Privada sem fins lucrativos;23/12/2004;4;2023;4;2021;4;2023;;;;Ativa
3558;FUNDACAO INSTITUTO DE PESQUISAS CONTABEIS, ATUARIAIS E FINANCEIRAS - FIPECAFI;46.359.865/0001-40;Pessoa Jurídica de Direito Privado - Sem fins lucrativos - Associação de Utilidade Pública;15401;Faculdade FIPECAFI (FIPECAFI);FIPECAFI;(11) 2184-2039;www.fipecafi.org;regina.matos@fipecafi.org;Rua Maestro Cardim - 1170 - CEP: 01323-001 - Liberdade;São Paulo;SP;Faculdade;EAD - Superior / Presencial - Superior /;Privada;Privada sem fins lucrativos;25/10/2011;5;2024;4;2023;4;2023;;;;Ativa
15806;FUNDACAO DOM CABRAL;19.268.267/0001-92;Pessoa Jurídica de Direito Privado - Sem fins lucrativos - Fundação;29193;Faculdade Fundação Dom Cabral (FDC);FDC;;www.fdc.org.br;marina.portela@fdc.org.br;Bernardo Guimarães - 3071 - CEP: 30140-083 - Barro Preto;Belo Horizonte;MG;Faculdade;Presencial - Superior;Privada;Privada sem fins lucrativos;17/04/2025;5;2024;-;;-;;;;;Ativa
323;ASSOCIACAO BRASILEIRA DE ENSINO UNIVERSITARIO ABEU;30.831.606/0001-30;Privada sem fins lucrativos;4597;FACULDADE FUTURA;-;(17) 3405 1212;www.faculdadefutura.com.br;anapaula.faculdadefutura@gmail.com.br;Avenida Vale do Sol - 4876 - CEP: 15500-269 - Vale do Sol;Votuporanga;SP;Faculdade;EAD - Superior / Presencial - Superior /;Privada;Privada sem fins lucrativos;03/03/2006;4;2023;4;2019;3;2023;;;;Ativa
19663;INSTITUTO SUMARE;11.924.397/0001-24;Pessoa Jurídica de Direito Privado - Sem fins lucrativos - Associação de Utilidade Pública;30012;Faculdade Goianira (FG);FG;;;cidopimentel@gmail.com;Avenida Juruena - - CEP: 75360-291 - Parque Solimões;Goianira;GO;Faculdade;Presencial - Superior;Privada;Privada sem fins lucrativos;05/05/2026;4;2024;-;;-;;;;;Ativa
208;ASSOCIACAO CATARINENSE DE ENSINO;84.711.092/0001-08;Pessoa Jurídica de Direito Privado - Sem fins lucrativos - Associação de Utilidade Pública;5318;FACULDADE GUILHERME GUIMBALA (FGG);FGG;(47)30264000;www.fgg.edu.br;"deborah.jocham@fgg.edu.br;deborahjocham@gmail.com";RUA SAO JOSÉ - 490 - CEP: 89202-010 - Anita Garibaldi;Joinville;SC;Faculdade;Presencial - Superior;Privada;Privada sem fins lucrativos;01/06/1973;4;2023;-;;3;2023;;;;Ativa
15567;ASSOCIACAO NORTE PARANAENSE DE COMBATE AO CANCER;04.169.712/0001-90;Pessoa Jurídica de Direito Privado - Sem fins lucrativos - Associação de Utilidade Pública;22267;Faculdade HONPAR;-;4332750360;faculdadehonpar.edu.br;contato@faculdadehonpar.edu.br;Rua Gaturamo - 1600 - CEP: 86702-670 - Jardim Primavera;Arapongas;PR;Faculdade;Presencial - Superior;Privada;Privada sem fins lucrativos;03/06/2019;4;2025;-;;-;;;;;Ativa
915;INSTITUICAO SINODAL DE ASSISTENCIA EDUCACAO E CULTURA;96.746.441/0001-06;Privada sem fins lucrativos;1780;FACULDADE HORIZONTINA (FAHOR);FAHOR;(55) 3537 7750;www.fahor.com.br;fahor@fahor.com.br;Avenida dos Ipês - 565 - CEP: 98920-000 - Esq. Eldorado;Horizontina;RS;Faculdade;Presencial - Superior;Privada;Privada sem fins lucrativos;25/07/2001;5;2023;-;;3;2023;;;;Ativa
17943;INSTITUTO BIBLICO EBENEZER;42.250.969/0001-60;Pessoa Jurídica de Direito Privado - Sem fins lucrativos - Associação de Utilidade Pública;25577;Faculdade IBE (FIBE);FIBE;(22)99920-9711;;"anahelenasoares@gmail.com;financeiro.seminarioibe@gmail.com";Rua Carvalho de Souza - 30 - CEP: 21350-180 - Madureira;Rio de Janeiro;RJ;Faculdade;EAD - Superior /;Privada;Privada sem fins lucrativos;29/10/2024;-;;4;2022;-;;;;;Ativa
16056;INSTITUTO MINEIRO DE EDUCACAO SUPERIOR;07.543.471/0001-95;Privada sem fins lucrativos;18637;Faculdade IMES (IMES);IMES;33 32123418;www.imes.org.br;imesgvr@imes.org.br;Rua Peçanha - 662 - 10º Andar - CEP: 35010-161 - Centro;Governador Valadares;MG;Faculdade;EAD - Superior / Presencial - Superior /;Privada;Privada sem fins lucrativos;19/07/2016;3;2015;5;2019;2;2021;;;;Ativa
17375;INSTITUTO EDUCA MAIS (IE+);28.714.760/0001-80;Pessoa Jurídica de Direito Privado - Sem fins lucrativos - Associação de Utilidade Pública;18711;FACULDADE INOVA MAIS DE SÃO PAULO (FIMSP);FIMSP;"(11) 2174-2300; (11)94852-0015";www.faculdadeinovamais.com.br;silvcampos@terra.com.br;Rua Conde do Pinhal - 78 - CEP: 01501-060 - Centro;São Paulo;SP;Faculdade;EAD - Superior / Presencial - Superior /;Privada;Privada sem fins lucrativos;02/08/2017;4;2022;4;2021;-;;;;;Ativa
18097;INSTITUTO PAR EDUCACAO;21.227.433/0001-54;Pessoa Jurídica de Direito Privado - Sem fins lucrativos - Associação de Utilidade Pública;29269;FACULDADE INSTITUTO PAR;-;;www.paradigmaac.org;roberta@paradigmaac.org;;;;Instituição Especialmente Credenciada para oferta de cursos lato sensu;;Privada;Privada sem fins lucrativos;;-;;-;;-;;;;;Ativa
17254;ASSOCIACAO PENHENSE DE ENSINO SUPERIOR;31.569.043/0001-16;Pessoa Jurídica de Direito Privado - Sem fins lucrativos - Associação de Utilidade Pública;1745;Faculdade Interativa de São Paulo (FAISP);FAISP;(11) 27918464;www.faisp.edu.br;paulo@faisp.edu.br;Rua Heloísa Penteado - 327 - CEP: 03649-010 - Vila Esperança;São Paulo;SP;Faculdade;Presencial - Superior;Privada;Privada sem fins lucrativos;29/06/2001;4;2022;-;;2;2023;;;;Ativa
16551;FUNDACAO CIDADE VIVA;09.491.298/0001-54;Privada sem fins lucrativos;21224;FACULDADE INTERNACIONAL CIDADE VIVA (FICV);FICV;(83) 3246-7471;www.ficv.edu.br;thiagodutra@cidadeviva.org;Rua Luzia Simões Bertolini - 1º andar - 50 - CEP: 58036-630 - Aeroclube;João Pessoa;PB;Faculdade;EAD - Superior / Presencial - Superior /;Privada;Privada sem fins lucrativos;19/01/2018;4;2023;4;2019;3;2023;;;;Ativa
15741;INSTITUTO SUPERIOR DE ADMINISTR E ECONOMIA DO MERCOSUL;00.929.003/0001-04;Pessoa Jurídica de Direito Privado - Sem fins lucrativos - Associação de Utilidade Pública;17590;Faculdade ISAE BRASIL (ISAE);ISAE;(041) 33887800;https://isaebrasil.com.br/;ies@isaebrasil.com.br;Avenida Sete de Setembro - 2775 - CEP: 80230-010 - Rebouças;Curitiba;PR;Faculdade;EAD - Superior / Presencial - Superior /;Privada;Privada sem fins lucrativos;30/04/2015;4;2022;4;2019;SC;2023;;;;Ativa
542;SOCIEDADE BENEF ISRAELITABRAS HOSPITAL ALBERT EINSTEIN;60.765.823/0001-30;Privada sem fins lucrativos;790;Faculdade Israelita de Ciências da Saúde Albert Einstein (FICSAE);FICSAE;(11) 2151 1001;www.einstein.br;facenf@einstein.br;Rua Comendador Elias Jafet - 755 - CEP: 05653-000 - Jardim Leonor;São Paulo;SP;Faculdade;EAD - Superior / Presencial - Superior /;Privada;Privada sem fins lucrativos;30/11/1988;5;2017;5;2022;5;2023;;;;Ativa
15995;INSTITUTO DE EDUCACAO PROFISSIONAL E SUPERIOR DO SERTAO CENTRAL - IDESSC;13.965.452/0001-50;Privada sem fins lucrativos;18799;Faculdade Itataia (FACIT);FACIT;(88) 3628.0617 / 3628 0236;www.faculdadeitataia.com.br;contato@faculdadeitataia.com.br;Rua Professor Otávio Terceiro de Farias - 147 - CEP: 62280-000 - Afonso Walter;Santa Quitéria;CE;Faculdade;Presencial - Superior;Privada;Privada sem fins lucrativos;29/05/2017;2;2022;-;;-;;;;Suspensão contrato FIES, Suspensão PROUNI;Ativa
700;INSTITUICAO TOLEDO DE ENSINO;45.024.551/0001-23;Privada sem fins lucrativos;2328;FACULDADE ITEANA DE BOTUCATU (FITB);FITB;(14) 3813 5200;www.ite.edu.br;"roberval@ite.edu.br;flavio@ite.edu.br";Avenida Alcides Cagliari - 2.601 - CEP: 18606-855 - Jardim Evelyn;Botucatu;SP;Faculdade;Presencial - Superior;Privada;Privada sem fins lucrativos;27/09/2004;4;2023;-;;3;2023;;;Adesão ao PROIES;Ativa
589;ASSOCIACAO JESUITA DE EDUCACAO E ASSISTENCIA SOCIAL (AJEAS);17.211.202/0001-85;Pessoa Jurídica de Direito Privado - Sem fins lucrativos - Associação de Utilidade Pública;849;FACULDADE JESUÍTA DE FILOSOFIA E TEOLOGIA (FAJE);FAJE;(31) 3115 7000 e 3115 7004;www.faculdadejesuita.edu.br;faje@faje.asav.org.br;Avenida Dr. Cristiano Guimarães - 2.127 - CEP: 31720-300 - Planalto;Belo Horizonte;MG;Faculdade;EAD - Superior / Presencial - Superior /;Privada;Privada sem fins lucrativos;03/02/1992;5;2019;5;2021;5;2023;;;;Ativa
18186;INSTITUTO J&F;10.619.284/0001-52;Pessoa Jurídica de Direito Privado - Sem fins lucrativos - Associação de Utilidade Pública;26339;Faculdade J&F (FAC J&F);FAC J&F;(11) 3623-6000;https://faculdadejef.edu.br/;luiz.filho@institutojef.org.br;Rua Irineu José Bordon - 335 - CEP: 05120-060 - Parque Anhangüera;São Paulo;SP;Faculdade;EAD - Superior /;Privada;Privada sem fins lucrativos;11/04/2024;-;;4;2023;-;;;;;Ativa
19569;INSTITUTO DE PESQUISA E EDUCACAO DO CAMPO;07.724.783/0001-03;Pessoa Jurídica de Direito Privado - Sem fins lucrativos - Associação de Utilidade Pública;29362;Faculdade Josué de Castro (FJC);FJC;51 98205-8225;;secretaria@fjc.edu.br;RS ? 040 KM 20, S/N? Águas Claras - - CEP: 94760-000 - Bela Vista;Viamão;RS;Faculdade;Presencial - Superior;Privada;Privada sem fins lucrativos;26/01/2026;4;2025;-;;-;;;;;Ativa
15953;JOVENS DA VERDADE ASSOCIACAO CIVIL;53.083.077/0001-39;Privada sem fins lucrativos;18288;Faculdade Latino-americana (FLAM);FLAM;11 4651-4180;www.flam.org.br;"pr.ito.fabio@gmail.com; ines@flam.org.br";Estrada dos Fernandes - 2680 - CEP: 07404-165 - Mirante do Arujá;Arujá;SP;Faculdade;EAD - Superior / Presencial - Superior /;Privada;Privada sem fins lucrativos;29/04/2015;3;2023;3;2019;4;2023;;;;Ativa
19831;FACULDADE LATINOAMERICANA DE CIENCIAS SOCIAIS;27.819.903/0001-55;Não disponível;30647;Faculdade Latino-Americana de Ciências Sociais (FLACSO);FLACSO;(61) 20203330;;flacsobr@flacso.org.br;Área Especial SPO Área Especial Conjunto 2 - - CEP: 70610-206 - Setor Policial Sul;Brasília;DF;Instituição Especialmente Credenciada para oferta de cursos lato sensu;EAD - Lato-sensu /;Privada;Privada sem fins lucrativos;;-;;-;;-;;;;;Ativa
16131;IGREJA EVANGELICA ASSEMBLEIA DE DEUS MINISTERIO RENOVE-SE-I.E.A.D.R.;36.863.546/0001-13;Privada sem fins lucrativos;17651;FACULDADE LIFE (FACLIFE);FACLIFE;62 991418182;www.faculdadelife.edu.br;contato@faculdadelife.edu.br;Rua São Francisco - SN - CEP: 73700-000 - Setor Divinópolis;Padre Bernardo;GO;Faculdade;Presencial - Superior;Privada;Privada sem fins lucrativos;08/01/2018;3;2015;-;;-;;;;;Ativa
230;ASSOCIACAO DE ENSINO SUPERIOR DE NOVA IGUACU;30.834.196/0001-80;Privada sem fins lucrativos;24996;Faculdade Life Unic Education (LI);LI;;;"marcelorosa@unig.br;fbarbosa@unig.br;claudia.antoniazzi@hotmail.com";Rua Senador Felipe Schmidt - 159 - CEP: 89201-440 - Centro;Joinville;SC;Faculdade;Presencial - Superior;Privada;Privada sem fins lucrativos;05/08/2022;4;2021;-;;-;;;;;Ativa
1206;FUNDACAO EDUCACIONAL DE GOIAS;01.405.794/0001-36;Privada sem fins lucrativos;1821;FACULDADE LIONS (FAC-LIONS);FAC-LIONS;(62) 39285400;www.faclions.org;secretaria@faclions.org;Alameda dos Bambus - - CEP: 74681-210 - Sítio de Recreio Mansões Bernardo Sayão;Goiânia;GO;Faculdade;EAD - Superior / Presencial - Superior /;Privada;Privada sem fins lucrativos;24/08/2001;4;2019;4;2019;2;2023;;;Em Supervisão - Procedimento Sancionador com Medida Cautelar, Suspensão contrato FIES, Suspensão de autonomia para EAD, Suspensão de Ingresso, Suspensão de ingresso nos cursos de especialização Lato Sensu , Suspensão PRONATEC, Suspensão PROUNI;Ativa
2434;CENTRO SOCIAL CLODOVEU ARRUDA;09.533.217/0001-31;Privada sem fins lucrativos;3862;FACULDADE LUCIANO FEIJÃO (FLF);FLF;(88) 3112-1001;www.flucianofeijao.com.br;flf@lucianofeijao.com.br;Rua José Lopes Ponte - 400 - CEP: 62050-215 - Dom Expedito;Sobral;CE;Faculdade;EAD - Superior / Presencial - Superior /;Privada;Privada sem fins lucrativos;16/11/2005;5;2024;5;2021;4;2023;;;;Ativa
1154;ORGANIZACAO PERNAMBUCANA DE EDUCACAO CIENCIA E CULTURA;04.224.338/0001-88;Pessoa Jurídica de Direito Privado - Sem fins lucrativos - Associação de Utilidade Pública;19838;Faculdade Lusitana de Pernambuco (FALUP);FALUP;81989402545/32995636;;faculdadefalub2@gmail.com, zeliammelo@hotmail.com;Avenida Congresso Eucarístico Internacional - 01 - CEP: 55811-000 - Santa Cruz;Carpina;PE;Faculdade;Presencial - Superior;Privada;Privada sem fins lucrativos;03/06/2019;3;2018;-;;2;2023;;;;Ativa
1154;ORGANIZACAO PERNAMBUCANA DE EDUCACAO CIENCIA E CULTURA;04.224.338/0001-88;Pessoa Jurídica de Direito Privado - Sem fins lucrativos - Associação de Utilidade Pública;1749;FACULDADE LUSO-BRASILEIRA (FALUB);FALUB;(81) 32995636;www.falub.edu.br;faculdadefalub2@gmail.com;Avenida Congresso Eucarístico Internacional - 01 - CEP: 55811-000 - Santa Cruz;Carpina;PE;Faculdade;Presencial - Superior;Privada;Privada sem fins lucrativos;06/07/2001;3;2017;-;;3;2023;;;;Ativa
18385;IGREJA EVANGELICA LUTERANA DO BRASIL;92.990.092/0001-12;Privada sem fins lucrativos;26833;Faculdade Luterana Concórdia;-;51-30378000;https://faculdadeluteranaconcordia.com.br/;secretaria@faculdadeluteranaconcordia.com.br;Avenida Getulio Vargas - 4388 - CEP: 93022-422 - Centro;São Leopoldo;RS;Faculdade;Presencial - Superior;Privada;Privada sem fins lucrativos;27/06/2024;4;2023;-;;-;;;;;Ativa
3296;UNIAO CRISTA - ASSOCIACAO SOCIAL E EDUCACIONAL;73.794.810/0001-30;Pessoa Jurídica de Direito Privado - Sem fins lucrativos - Associação de Utilidade Pública;1827;FACULDADE LUTERANA DE TEOLOGIA (FLT);FLT;(47) 32034663;www.flt.edu.br;flt@flt.edu.br;Wally Malschitzki, Enfermeira - r- M Preto - 164 - CEP: 89285-295 - Mato Preto;São Bento do Sul;SC;Faculdade;Presencial - Superior;Privada;Privada sem fins lucrativos;24/08/2001;4;2024;-;;4;2023;;;;Ativa
15932;ASSOCIACAO EDUCACIONAL MODOTTE;17.466.646/0001-61;Privada sem fins lucrativos;18062;Faculdade Marechal Rondon;-;(69) 33223386;www.faron.edu.br;direcao@faron.edu.br;Avenida Primeiro de Maio - 9998 - CEP: 76980-000 - Setor Industrial;Vilhena;RO;Faculdade;Presencial - Superior;Privada;Privada sem fins lucrativos;06/04/2016;5;2025;-;;3;2023;;;;Ativa
222;ASSOCIACAO EDUCACIONAL NOVE DE JULHO;43.374.768/0001-38;Pessoa Jurídica de Direito Privado - Sem fins lucrativos - Associação de Utilidade Pública;1624;FACULDADE MARECHAL RONDON (FMR);FMR;(14) 3842 2000;www.fmr.edu.br;fmr@fmr.edu.br;Viscinal Nilo Lisboa Chavasco - 5000 - CEP: 18650-000 - Chacara Saltinho;São Manuel;SP;Faculdade;EAD - Superior / Presencial - Superior /;Privada;Privada sem fins lucrativos;27/12/2000;4;2023;5;2018;3;2023;;;;Ativa
222;ASSOCIACAO EDUCACIONAL NOVE DE JULHO;43.374.768/0001-38;Pessoa Jurídica de Direito Privado - Sem fins lucrativos - Associação de Utilidade Pública;24366;FACULDADE MARECHAL RONDON DE BAURU (FMR-BAURU);FMR-BAURU;;;avaliacao.superior@uninove.br;Rua Júlio de Mesquita Filho - 10-31 - CEP: 17011-137 - Jardim Panorama;Bauru;SP;Faculdade;Presencial - Superior;Privada;Privada sem fins lucrativos;19/10/2022;5;2021;4;2024;-;;;;;Ativa
222;ASSOCIACAO EDUCACIONAL NOVE DE JULHO;43.374.768/0001-38;Pessoa Jurídica de Direito Privado - Sem fins lucrativos - Associação de Utilidade Pública;24368;FACULDADE MARECHAL RONDON DE GUARULHOS (FMR-GUARULHOS);FMR-GUARULHOS;;;avalicao.superior@uninove.br;Av. Salgado Filho - 539 - CEP: 07110-150 - Vila Progresso;Guarulhos;SP;Faculdade;Presencial - Superior;Privada;Privada sem fins lucrativos;09/11/2022;4;2022;-;;-;;;;;Ativa
222;ASSOCIACAO EDUCACIONAL NOVE DE JULHO;43.374.768/0001-38;Pessoa Jurídica de Direito Privado - Sem fins lucrativos - Associação de Utilidade Pública;24369;FACULDADE MARECHAL RONDON DE MAUÁ (FMR-MAUÁ);FMR-MAUÁ;;;avaliacao.superior@uninove.br;Rua Rio Branco - 85 - CEP: 09310-110 - Vila Augusto;Mauá;SP;Faculdade;Presencial - Superior;Privada;Privada sem fins lucrativos;05/08/2022;4;2021;-;;-;;;;;Ativa
754;CENTRO DE ENSINO SUPERIOR DO PARANA - CESPAR;01.201.203/0001-09;Privada sem fins lucrativos;1079;FACULDADE MARINGÁ (CESPAR);CESPAR;(44) 3027 1100;www.faculdadesmaringa.br;"iara@faculdadesmaringa.br;iaramariasi@gmail.com";Avenida Prudente de Moraes - 815 - CEP: 87010-020 - ZONA 07;Maringá;PR;Faculdade;EAD - Superior / Presencial - Superior /;Privada;Privada sem fins lucrativos;16/02/1998;4;2023;4;2018;3;2023;;;;Ativa
16431;INSTITUTO PROFESSOR AMARO DE ARAUJO LIMA SOBRINHO;10.890.764/0001-53;Pessoa Jurídica de Direito Privado - Sem fins lucrativos - Associação de Utilidade Pública;20530;Faculdade Marquês de Olinda (FMO);FMO;13-3383-1940;www.cmdo.com.br;secretaria@cmdo.com.br;Avenida Adhemar de Barros - 987/974 - CEP: 11430-001 - Vila Santo Antônio;Guarujá;SP;Faculdade;Presencial - Superior;Privada;Privada sem fins lucrativos;06/09/2017;4;2026;-;;4;2023;;;;Ativa
17038;INSTITUTO EDUCACIONAL MCPHERSON;24.128.164/0001-67;Pessoa Jurídica de Direito Privado - Sem fins lucrativos - Associação de Utilidade Pública;26581;Faculdade McPherson de Araras (FMA);FMA;;;688.942.016-00;Rua Padre Manoel da Nóbrega - 108 - CEP: 13601-190 - Jardim Belvedere;Araras;SP;Faculdade;Presencial - Superior;Privada;Privada sem fins lucrativos;17/07/2023;4;2022;-;;-;;;;;Ativa
3021;FUNDACAO MOKITI OKADA;63.031.868/0001-79;Privada sem fins lucrativos;4731;FACULDADE MESSIANICA;-;(11) 5087-5134;www.faculdademessianica.edu.br;secretaria@faculdademessianica.edu.br;Rua Humberto I - 612 - CEP: 04015-050 - Vila Mariana;São Paulo;SP;Faculdade;EAD - Superior /;Privada;Privada sem fins lucrativos;05/08/2008;3;2012;4;2022;3;2023;;;Em Descredenciamento voluntário;Ativa
755;INSTITUTO METODISTA CENTENARIO;88.371.877/0001-30;Pessoa Jurídica de Direito Privado - Sem fins lucrativos - Associação de Utilidade Pública;1085;FACULDADE METODISTA CENTENÁRIO (FMC);FMC;(55) 30287043;;sgeral@metodista.br;RUA DOUTOR TURI - 2003 - CEP: 97050-180 - CENTRO;Santa Maria;RS;Faculdade;Presencial - Superior;Privada;Privada sem fins lucrativos;10/03/1998;4;2019;-;;3;2023;;;;Ativa
13198;UNIAO CULTURAL EDUCACIONAL METODISTA CONEXIONAL DA AMERICA LATINA - UCEME;07.460.071/0001-16;Pessoa Jurídica de Direito Privado - Sem fins lucrativos - Associação de Utilidade Pública;10251;FACULDADE METODISTA CONEXIONAL (FACO);FACO;65 99336-9923;www.facofaculdade.com.br;contato@facofaculdade.com.br;RUA AMAZONAS, QUADRA 5 - S/N - CEP: 78520-000 - JARDIM ARAGUAIA;Guarantã do Norte;MT;Faculdade;Presencial - Superior;Privada;Privada sem fins lucrativos;10/08/2015;3;2022;-;;2;2023;;;;Ativa
838;INSTITUTO METODISTA GRANBERY;21.576.590/0001-75;Pessoa Jurídica de Direito Privado - Sem fins lucrativos - Associação de Utilidade Pública;1253;FACULDADE METODISTA GRANBERY (FMG);FMG;(11) 43665803;www.granbery.edu.br;sgeral@metodista.br;Rua Batista de Oliveira - 1.145 - CEP: 36010-530 - Granbery;Juiz de Fora;MG;Faculdade;Presencial - Superior;Privada;Privada sem fins lucrativos;24/12/1998;4;2024;-;;3;2023;;;;Ativa
1100;UNIAO DAS ESCOLAS SUPERIORES DE JABOATAO-UNESJ;02.662.317/0001-19;Pessoa Jurídica de Direito Privado - Sem fins lucrativos - Fundação;1675;FACULDADE METROPOLITANA DA GRANDE RECIFE (UNESJ);UNESJ;(81) 2128 0500;www.metropolitana.edu.br;metropolitana@metropolitana.edu.br;Avenida Barreto de Menezes - 809 - CEP: 54410-100 - Piedade;Jaboatão dos Guararapes;PE;Faculdade;Presencial - Superior;Privada;Privada sem fins lucrativos;23/03/2001;4;2019;4;2019;2;2023;;;;Ativa
19572;ASSOCIACAO MOGIANA DE EDUCACAO E CULTURA - AMEC;52.031.940/0001-41;Pessoa Jurídica de Direito Privado - Sem fins lucrativos - Associação de Utilidade Pública;12522;FACULDADE MOGIANA DO ESTADO DE SÃO PAULO (FMG);FMG;(19) 38313079;www.faculdademogiana.edu.br;"secretariageral@unimogi.edu.br; atendimentofmg3@hotmail.com; cursosead@faculdademogiana.edu.br";Avenida Padre Jaime - 2600 - CEP: 13845-436 - Centro;Mogi Guaçu;SP;Faculdade;EAD - Superior / Presencial - Superior /;Privada;Privada sem fins lucrativos;23/12/2008;3;2021;-;;3;2023;;;;Ativa
3344;ASSOCIACAO PARA O DESENVOLVIMENTO SOCIO-CULTURAL DA COMUNIDADE DA BOCA DO RIO;07.808.396/0001-47;Pessoa Jurídica de Direito Privado - Sem fins lucrativos - Associação de Utilidade Pública;3377;FACULDADE MONTESSORIANO DE SALVADOR (FAMA);FAMA;71999069637;;faculdademontessoriano@gmail.com;Rua Abelardo Andrade de Carvalho - 05 - CEP: 41706-110 - Boca do Rio;Salvador;BA;Faculdade;Presencial - Superior;Privada;Privada sem fins lucrativos;16/05/2005;3;2017;3;2022;SC;2023;;;Em supervisão - Procedimento Sancionador, Suspensão contrato FIES, Suspensão PROUNI;Ativa
253;SOCIEDADE DE ENSINO SUPERIOR MOZARTEUM;43.926.567/0001-04;Pessoa Jurídica de Direito Privado - Sem fins lucrativos - Associação de Utilidade Pública;363;FACULDADE MOZARTEUM DE SÃO PAULO (FAMOSP);FAMOSP;(11) 3230-1169 (whatsapp);www.famosp.edu.br;diretoria@grupounimozarteum.com.br;Rua Nova dos Portugueses - 365 - CEP: 02462-080 - Santa Terezinha;São Paulo;SP;Faculdade;EAD - Superior / Presencial - Superior /;Privada;Privada sem fins lucrativos;24/09/1973;4;2023;4;2022;3;2023;;;Em supervisão - Procedimento Sancionador sem Medida Cautelar;Ativa
1843;ASSOCIACAO CULTURAL E CIENTIFICA VIRVI RAMOS;88.665.914/0001-12;Privada sem fins lucrativos;2826;FACULDADE NOSSA SENHORA DE FÁTIMA (FACULDADE FÁTIMA);FACULDADE FÁTIMA;(54) 3535.7300;www.fatimaeducacao.com.br;"cleciane.simsen@virviramos.com.br;direcao@fatimaeducacao.com.br;isidoro.ciconet@fatimaeducacao.com.b";Rua Alexandre Fleming - 454 - CEP: 95041-520 - Madureira;Caxias do Sul;RS;Faculdade;Presencial - Superior;Privada;Privada sem fins lucrativos;25/11/2003;4;2025;4;2019;4;2023;;;;Ativa
222;ASSOCIACAO EDUCACIONAL NOVE DE JULHO;43.374.768/0001-38;Pessoa Jurídica de Direito Privado - Sem fins lucrativos - Associação de Utilidade Pública;22313;FACULDADE NOVE DE JULHO DE BAURU (NOVE-BAURU);NOVE-BAURU;;https://fnjbauru.edu.br/;nove-bauru@uninove.br;Rua Nicolau Assis - Quadra 7 - CEP: 17011-102 - Jardim Panorama;Bauru;SP;Faculdade;EAD - Superior / Presencial - Superior /;Privada;Privada sem fins lucrativos;02/04/2019;4;2024;4;2020;-;;;;;Ativa
222;ASSOCIACAO EDUCACIONAL NOVE DE JULHO;43.374.768/0001-38;Pessoa Jurídica de Direito Privado - Sem fins lucrativos - Associação de Utilidade Pública;25207;FACULDADE NOVE DE JULHO DE BOTUCATU (NOVE-BOTUCATU);NOVE-BOTUCATU;;;"nove-botucatu@uninove.br; avaliacao.superior@uninove.br";Avenida Deputado Dante Delmanto - 2006 - CEP: 18608-393 - Vila Paulista;Botucatu;SP;Faculdade;Presencial - Superior;Privada;Privada sem fins lucrativos;15/12/2022;4;2022;-;;-;;;;;Ativa
222;ASSOCIACAO EDUCACIONAL NOVE DE JULHO;43.374.768/0001-38;Pessoa Jurídica de Direito Privado - Sem fins lucrativos - Associação de Utilidade Pública;22312;FACULDADE NOVE DE JULHO DE OSASCO (NOVE-OSASCO);NOVE-OSASCO;;https://fnjosasco.edu.br/;nove-osasco@uninove.br;Rua Dante Battiston - 107 - CEP: 06013-030 - Centro;Osasco;SP;Faculdade;EAD - Superior / Presencial - Superior /;Privada;Privada sem fins lucrativos;29/11/2018;5;2018;5;2019;3;2023;;;Unificação de Mantidas;Ativa
222;ASSOCIACAO EDUCACIONAL NOVE DE JULHO;43.374.768/0001-38;Pessoa Jurídica de Direito Privado - Sem fins lucrativos - Associação de Utilidade Pública;22311;FACULDADE NOVE DE JULHO DE SÃO BERNARDO DO CAMPO (NOVE-SBC);NOVE-SBC;"11 41092016; 11 33859193; 11 33859299";https://fnjsbc.edu.br/;nove-sbc@uninove.br;Avenida Dom Jaime de Barros Câmara - 90 - CEP: 09895-400 - Planalto;São Bernardo do Campo;SP;Faculdade;EAD - Superior / Presencial - Superior /;Privada;Privada sem fins lucrativos;25/03/2019;4;2018;5;2019;-;;;;Em Descredenciamento voluntário;Ativa
222;ASSOCIACAO EDUCACIONAL NOVE DE JULHO;43.374.768/0001-38;Pessoa Jurídica de Direito Privado - Sem fins lucrativos - Associação de Utilidade Pública;22314;FACULDADE NOVE DE JULHO GUARULHOS (NOVE-GUARULHOS);NOVE-GUARULHOS;;https://fnjguarulhos.edu.br/;nove-guarulhos@uninove.br;Rua Harry Simonsen - 21 - CEP: 07013-110 - Vila das Palmeiras;Guarulhos;SP;Faculdade;EAD - Superior / Presencial - Superior /;Privada;Privada sem fins lucrativos;16/07/2019;5;2024;4;2019;-;;;;;Ativa
222;ASSOCIACAO EDUCACIONAL NOVE DE JULHO;43.374.768/0001-38;Pessoa Jurídica de Direito Privado - Sem fins lucrativos - Associação de Utilidade Pública;22316;FACULDADE NOVE DE JULHO MAUÁ (NOVE_MAUÁ);NOVE_MAUÁ;;https://fnjmaua.edu.br/;nove-maua@uninove.br;Rua Álvares Machado - 48 - CEP: 09310-020 - Vila Bocaina;Mauá;SP;Faculdade;EAD - Superior / Presencial - Superior /;Privada;Privada sem fins lucrativos;20/12/2018;4;2024;4;2019;3;2023;;;;Ativa
2246;INSTITUICAO EVANGELICA DE NOVO HAMBURGO;91.680.363/0001-70;Privada sem fins lucrativos;3543;FACULDADE NOVO HAMBURGO (FACULDADE IENH);FACULDADE IENH;(51) 3594 3022;www.ienh.com.br;faculdade@ienh.com.br;Rua Frederico Mentz - 526 - CEP: 93525-360 - Hamburgo Velho;Novo Hamburgo;RS;Faculdade;Presencial - Superior;Privada;Privada sem fins lucrativos;26/02/2007;5;2018;-;;3;2023;;;;Ativa
19660;INSTITUTO NACIONAL DE ENSINO, SOCIEDADE E PESQUISA - INESP;53.300.805/0001-17;Pessoa Jurídica de Direito Privado - Sem fins lucrativos - Associação de Utilidade Pública;1383;FACULDADE NOVO HORIZONTE DE IPOJUCA (FNH);FNH;8135511221;www.fnh.edu.br;emec@anovaeducacao.com, fnh@fnh.edu.br;Avenida Francisco Alves de Souza - 500 - CEP: 55590-000 - Centro;Ipojuca;PE;Faculdade;Presencial - Superior;Privada;Privada sem fins lucrativos;03/11/1999;3;2018;-;;3;2023;;;;Ativa
16122;ENTIDADE PALOTINA DE EDUCACAO E CULTURA;17.597.895/0001-96;Pessoa Jurídica de Direito Privado - Sem fins lucrativos - Associação de Utilidade Pública;1932;FACULDADE PALOTINA (FAPAS);FAPAS;(55) 3220 4575;www.fapas.edu.br;fapas@fapas.edu.br;Rua Padre Alziro Roggia - 115 - CEP: 97020-590 - Patronato;Santa Maria;RS;Faculdade;EAD - Superior / Presencial - Superior /;Privada;Privada sem fins lucrativos;10/12/2001;4;2023;4;2019;4;2023;;;;Ativa
16122;ENTIDADE PALOTINA DE EDUCACAO E CULTURA;17.597.895/0001-96;Pessoa Jurídica de Direito Privado - Sem fins lucrativos - Associação de Utilidade Pública;30450;Faculdade Palotina Campus II (FAPAS);FAPAS;;;direcao@fapas.edu.br;Guaíra - - CEP: 85811-380 - Claudete;Cascavel;PR;Faculdade;Presencial - Superior;Privada;Privada sem fins lucrativos;02/04/2026;3;2025;-;;-;;;;;Ativa
16760;INSTITUTO PANAMERICANO DE ENSINO E TREINAMENTO TELEPRESENCIAL;07.294.664/0001-50;Pessoa Jurídica de Direito Privado - Sem fins lucrativos - Associação de Utilidade Pública;21998;Faculdade Pan-Americana de Administração e Direito (FAPAD);FAPAD;4135017455;https://www.fapad.edu.br/;secretaria@fapad.edu.br;Avenida Marechal Floriano Peixoto - 886 - CEP: 80010-130 - Centro;Curitiba;PR;Faculdade;EAD - Superior / Presencial - Superior /;Privada;Privada sem fins lucrativos;15/04/2021;5;2020;4;2021;-;;;;;Ativa
301;ASSOCIACAO ROLANDENSE DE ENSINO E CULTURA;75.344.895/0001-80;Pessoa Jurídica de Direito Privado - Sem fins lucrativos - Associação de Utilidade Pública;432;FACULDADE PARANAENSE (FACCAR);FACCAR;(43)32558500;www.faccar.com.br;solange@faccar.com.br;Rua Dom Pedro II - 400 - CEP: 86604-160 - Vila Operária;Rolândia;PR;Faculdade;Presencial - Superior;Privada;Privada sem fins lucrativos;21/06/1974;4;2024;-;;2;2023;;;;Ativa
2838;ASSOCIACAO EDUCACIONAL PASCHOAL DANTAS;05.731.858/0001-40;Privada sem fins lucrativos;4492;FACULDADE PASCHOAL DANTAS (FPD);FPD;(11)2741 5100;www.faculdadepaschoaldantas.com.br;secretaria@faculdadepaschoaldantas.com.br;Avenida Afonso de Sampaio e Sousa - 495 - CEP: 08270-000 - Parque do Carmo;São Paulo;SP;Faculdade;Presencial - Superior;Privada;Privada sem fins lucrativos;21/01/2008;3;2023;3;2014;2;2023;;;;Ativa
806;IBDE INSTITUTO BRASILEIRO DE DESENV.EMPRESARIAL;71.587.463/0001-40;Pessoa Jurídica de Direito Privado - Sem fins lucrativos - Associação de Utilidade Pública;370;FACULDADE PAULISTA DE ARTES (FPA);FPA;(11) 3287 4455;www.fpa.art.br;vera.fpa@terra.com.br;Avenida Brigadeiro Luís Antônio - 1200 - CEP: 01318-001 - Bela Vista;São Paulo;SP;Faculdade;Presencial - Superior;Privada;Privada sem fins lucrativos;18/10/1974;4;2026;4;2019;2;2023;;;;Ativa
15008;SPDM - ASSOCIACAO PAULISTA PARA O DESENVOLVIMENTO DA MEDICINA;61.699.567/0001-92;Pessoa Jurídica de Direito Privado - Sem fins lucrativos - Associação de Utilidade Pública;20340;FACULDADE PAULISTA DE CIÊNCIAS DA SAÚDE (FPCS);FPCS;"(11) 50832797 ; (11) 50832739";WWW.FPCS.EDU.BR;presidente@spdm.org.br;Avenida Brigadeiro Luís Antônio - 3751 - CEP: 01401-001 - Jardim Paulista;São Paulo;SP;Faculdade;EAD - Superior / Presencial - Superior /;Privada;Privada sem fins lucrativos;13/03/2017;4;2022;4;2021;SC;2023;;;;Ativa
18294;ESCOLA PAULISTA DE EDUCACAO, FILOSOFIA E POLITICA - ESEF PAULISTA;19.721.657/0001-76;Pessoa Jurídica de Direito Privado - Sem fins lucrativos - Associação de Utilidade Pública;3896;Faculdade Paulista de Comunicação (FEPAC);FEPAC;11 3266-5944;https://fpac.com.br;senger@cs.edu.br, fabio.moraes@cs.edu.br;Avenida Paulista - 2.200 - CEP: 01310-300 - Cerqueira César;São Paulo;SP;Faculdade;EAD - Superior / Presencial - Superior /;Privada;Privada sem fins lucrativos;14/01/2009;4;2020;4;2021;3;2023;;;;Ativa
15738;AESP - ASSOCIACAO EDUCACIONAL DE SAO PAULO;14.275.683/0001-02;Pessoa Jurídica de Direito Privado - Sem fins lucrativos - Associação de Utilidade Pública;361;Faculdade Paulista de Serviço Social de São Caetano do Sul (FAPSS);FAPSS;11950751204;www.fapss.org;diretora@fapss.org, nalva.evolucao@gmail.com;Avenida Paraíso - 600 - CEP: 09571-200 - Vila Gerti;São Caetano do Sul;SP;Faculdade;Presencial - Superior;Privada;Privada sem fins lucrativos;12/12/1972;3;2013;-;;4;2023;;;;Ativa
1832;PIA SOCIEDADE DE SAO PAULO;61.287.546/0001-60;Privada sem fins lucrativos;2811;FACULDADE PAULUS DE TECNOLOGIA E COMUNICAÇÃO (FAPCOM);FAPCOM;(11) 2139-8501;www.fapcom.com.br;diretor@fapcom.edu.br;Rua Major Maragliano - 191 - CEP: 04017-030 - Vila Mariana;São Paulo;SP;Faculdade;Presencial - Superior;Privada;Privada sem fins lucrativos;20/06/2005;4;2023;5;2023;4;2023;;;;Ativa
16577;INSTITUTO DE PESQUISAS E EDUCACAO CONTINUADA EM ECONOMIA E GESTAO DE EMPRESAS;19.412.795/0001-73;Pessoa Jurídica de Direito Privado - Sem fins lucrativos - Associação de Utilidade Pública;21638;Faculdade PECEGE (PECEGE);PECEGE;(19) 3377-0940;www.faculdade.pecege.com;dysonoda@pecege.com;Rua Alexandre Herculano - 120 - CEP: 13418-445 - Vila Monteiro;Piracicaba;SP;Faculdade;EAD - Superior / Presencial - Superior /;Privada;Privada sem fins lucrativos;15/12/2017;4;2023;5;2022;4;2023;;;;Ativa
450;FUNDACAO CULTURAL DR PEDRO LEOPOLDO;23.455.561/0001-80;Privada sem fins lucrativos;4218;FACULDADE PEDRO LEOPOLDO (FPL);FPL;(31) 3686-1461;www.fpl.edu.br;secretaria@fpl.edu.br;Avenida Lincoln Diogo Viana - 830 - CEP: 33600-000 - Doutor Lund;Pedro Leopoldo;MG;Faculdade;Presencial - Superior;Privada;Privada sem fins lucrativos;18/12/2003;4;2023;-;;4;2023;;;;Ativa
2291;ASSOCIACAO EDUCACIONAL DE CIENCIAS DA SAUDE - AECISA;05.834.842/0001-62;Pessoa Jurídica de Direito Privado - Sem fins lucrativos - Associação de Utilidade Pública;3615;FACULDADE PERNAMBUCANA DE SAÚDE (FPS);FPS;8130357777;www.fps.edu.br;carla.figueiroa@fps.edu.br;Avenida Marechal Mascarenhas de Morais - 4861 - CEP: 51150-000 - Imbiribeira;Recife;PE;Faculdade;EAD - Superior / Presencial - Superior /;Privada;Privada sem fins lucrativos;01/09/2005;5;2024;5;2022;3;2023;;;;Ativa
18565;ASSOCIACAO DE EDUCACAO E NOVAS TECNOLOGIAS PHORTE;42.098.615/0001-42;Pessoa Jurídica de Direito Privado - Sem fins lucrativos - Associação de Utilidade Pública;21940;Faculdade Phorte de Educação e Tecnologia;-;1127145681;www.faculdadephorte.edu.br;regulatorio@faculdadephorte.edu.br;Rua Treze de Maio - 681 - CEP: 01327-000 - Bela Vista;São Paulo;SP;Faculdade;EAD - Superior / Presencial - Superior /;Privada;Privada sem fins lucrativos;07/05/2018;4;2023;5;2019;3;2023;;;;Ativa
16537;INSTITUTO TEOLOGICO PADRE GIULIANO - ITEPAGI;18.569.264/0001-26;Pessoa Jurídica de Direito Privado - Sem fins lucrativos - Associação de Utilidade Pública;21593;Faculdade Plus (PLUS);PLUS;;;cleisonrabelo@hotmail.com;Avenida Bezerra de Menezes - 100 - CEP: 60325-000 - Farias Brito;Fortaleza;CE;Faculdade;Presencial - Superior;Privada;Privada sem fins lucrativos;25/08/2017;4;2022;-;;2;2023;;;;Ativa
569;INSTITUTO PRESBITERIANO GAMMON;22.070.643/0001-44;Privada sem fins lucrativos;825;FACULDADE PRESBITERIANA GAMMON (FAGAMMON);FAGAMMON;(35) 3694 2150;www.fagammon.edu.br;maria.costa@fagammon.edu.br;Praça Praça Doutor Augusto Silva - 616 - CEP: 37200-154 - Centro;Lavras;MG;Faculdade;EAD - Superior / Presencial - Superior /;Privada;Privada sem fins lucrativos;06/03/1990;4;2023;4;2022;3;2023;;;;Ativa
22;INSTITUTO PRESBITERIANO MACKENZIE;60.967.551/0001-50;Pessoa Jurídica de Direito Privado - Sem fins lucrativos - Associação de Utilidade Pública;19229;FACULDADE PRESBITERIANA MACKENZIE BRASILIA (FPMB);FPMB;6135219300;http://www.mackenzie.br/;"abilio.coelho@mackenzie.br;secretaria.bsb@mackenzie.br";Quadra SGAS 902 - - CEP: 70390-020 - Asa Sul;Brasília;DF;Faculdade;Presencial - Superior;Privada;Privada sem fins lucrativos;18/11/2016;5;2022;-;;-;;;;;Ativa
22;INSTITUTO PRESBITERIANO MACKENZIE;60.967.551/0001-50;Pessoa Jurídica de Direito Privado - Sem fins lucrativos - Associação de Utilidade Pública;195;FACULDADE PRESBITERIANA MACKENZIE RIO;-;(21) 21145200;www.mackenie.br/faculdades/rio/;"wladymir.brito@mackenzie.br;abilio.coelho@mackenzie.br";Rua Marquês de Olinda - 51 e 70 - CEP: 22251-040 - Botafogo;Rio de Janeiro;RJ;Faculdade;Presencial - Superior;Privada;Privada sem fins lucrativos;13/10/1965;5;2023;-;;4;2023;;;;Ativa
221;FUNDACAO PRESIDENTE ANTONIO CARLOS;17.080.078/0001-66;Privada sem fins lucrativos;14101;Faculdade Presidente Antônio Carlos de Baependi (FAPAC BAEPENDI);FAPAC BAEPENDI;(35)3343-3161;;regulacaofupac@unipac.br;Rua Alvaro Pena Arja - 78 - CEP: 37443-000 - Centro;Baependi;MG;Faculdade;Presencial - Superior;Privada;Privada sem fins lucrativos;27/03/2002;4;2023;-;;3;2023;;;;Ativa
221;FUNDACAO PRESIDENTE ANTONIO CARLOS;17.080.078/0001-66;Privada sem fins lucrativos;15453;Faculdade Presidente Antônio Carlos de Conselheiro Lafaiete;-;3137694038;www.unipaclafaiete.edu.br;regulacaofupac@unipac.br;Rodovia BR-482 - s/n - CEP: 36402-115 - Gigante;Conselheiro Lafaiete;MG;Faculdade;Presencial - Superior;Privada;Privada sem fins lucrativos;08/08/2001;5;2023;-;;3;2023;;;;Ativa
221;FUNDACAO PRESIDENTE ANTONIO CARLOS;17.080.078/0001-66;Privada sem fins lucrativos;14162;Faculdade Presidente Antônio Carlos de Governador Valadares (FAPAC - GV );FAPAC - GV;(33)3212-6700;www.unipacgv.com.br;regulacaofupac@unipac.br;Rua Jair Rodrigues Coelho - 211 - CEP: 35032-620 - Vila Bretãs;Governador Valadares;MG;Faculdade;Presencial - Superior;Privada;Privada sem fins lucrativos;27/03/2002;4;2023;-;;3;2023;;;;Ativa
221;FUNDACAO PRESIDENTE ANTONIO CARLOS;17.080.078/0001-66;Privada sem fins lucrativos;14243;Faculdade Presidente Antônio Carlos de Itabirito;-;(31) 98652-1876;WWW.ITABIRITO.UNIPAC.BR;regulacaofupac@unipac.br;Rua Cecilia de Almeida Rocha - 291 - CEP: 35450-000 - Novo Itabirito;Itabirito;MG;Faculdade;Presencial - Superior;Privada;Privada sem fins lucrativos;14/02/2008;4;2023;-;;3;2023;;;;Ativa
221;FUNDACAO PRESIDENTE ANTONIO CARLOS;17.080.078/0001-66;Privada sem fins lucrativos;15468;Faculdade Presidente Antônio Carlos de Leopoldina;-;(32) 3339-3996;;regulacaofupac@unipac.br;Rua Carmita Monteiro - s/n - CEP: 36700-000 - Chácara Dona Euzébia;Leopoldina;MG;Faculdade;Presencial - Superior;Privada;Privada sem fins lucrativos;13/03/1997;4;2024;-;;4;2023;;;;Ativa
221;FUNDACAO PRESIDENTE ANTONIO CARLOS;17.080.078/0001-66;Privada sem fins lucrativos;14148;Faculdade Presidente Antônio Carlos de Mariana (FAPAM);FAPAM;(31)3557-2933;unipacedu.com.br;regulacaofupac@unipac.br;Rua Antônio Alves - 78 - CEP: 35420-000 - São Cristovão;Mariana;MG;Faculdade;Presencial - Superior;Privada;Privada sem fins lucrativos;07/08/2007;4;2023;-;;4;2023;;;;Ativa
221;FUNDACAO PRESIDENTE ANTONIO CARLOS;17.080.078/0001-66;Privada sem fins lucrativos;14151;Faculdade Presidente Antônio Carlos de Nova Lima;-;(31)3658-9199;www.novalima.com.br;regulacaofupac@unipac.br;Rua da Paisagem - 240 - CEP: 34000-000 - Vale do Sereno;Nova Lima;MG;Faculdade;Presencial - Superior;Privada;Privada sem fins lucrativos;16/12/2005;4;2024;-;;2;2023;;;;Ativa
221;FUNDACAO PRESIDENTE ANTONIO CARLOS;17.080.078/0001-66;Privada sem fins lucrativos;14115;Faculdade Presidente Antônio Carlos de Ponte Nova;-;(31) 3817-1712;www.fupacpontenova.com.br;regulacaofupac@unipac.br;Avenida Francisco Vieira Martins - 480 - CEP: 35430-225 - Palmeiras;Ponte Nova;MG;Faculdade;Presencial - Superior;Privada;Privada sem fins lucrativos;27/03/2002;4;2023;-;;3;2023;;;;Ativa
221;FUNDACAO PRESIDENTE ANTONIO CARLOS;17.080.078/0001-66;Privada sem fins lucrativos;15357;Faculdade Presidente Antônio Carlos de Ubá;-;3134219186;www.unipac.br;regulacaofupac@unipac.br;Rua Rua Lincoln Rodrigues Costa - 165 - CEP: 36501-010 - Boa Vista;Ubá;MG;Faculdade;Presencial - Superior;Privada;Privada sem fins lucrativos;31/12/1998;4;2025;-;;4;2023;;;;Ativa
221;FUNDACAO PRESIDENTE ANTONIO CARLOS;17.080.078/0001-66;Privada sem fins lucrativos;14246;Faculdade Presidente Antônio Carlos de Uberaba;-;(34) 33125473;www.unipacuberaba.edu.br;regulacaofupac@unipac.br;Avenida Leopoldino de Oliveira - 4245 - CEP: 38060-000 - Mercês;Uberaba;MG;Faculdade;Presencial - Superior;Privada;Privada sem fins lucrativos;19/06/2007;4;2023;-;;3;2023;;;;Ativa
221;FUNDACAO PRESIDENTE ANTONIO CARLOS;17.080.078/0001-66;Privada sem fins lucrativos;14248;Faculdade Presidente Antônio Carlos de Uberlândia;-;(34) 3291-2100;https://unipacuberlandia.com.br/;regulacaofupac@unipac.br;Avenida João Pessoa - 719 - CEP: 38400-338 - Bairro Martins;Uberlândia;MG;Faculdade;Presencial - Superior;Privada;Privada sem fins lucrativos;14/02/2008;4;2023;-;;3;2023;;;;Ativa
221;FUNDACAO PRESIDENTE ANTONIO CARLOS;17.080.078/0001-66;Privada sem fins lucrativos;15467;Faculdade Presidente Antônio Carlos de Visconde do Rio Branco;-;32 3551 1630;;regulacaofupac@unipac.br;Avenida Doutor Carlos Soares - 237 - CEP: 36520-000 - Centro;Visconde do Rio Branco;MG;Faculdade;Presencial - Superior;Privada;Privada sem fins lucrativos;13/03/1997;4;2023;-;;2;2023;;;;Ativa
71;FUNDACAO EDUCACIONAL DO BAIXO SAO FRANCISCO DR. RAIMUNDO MARINHO;12.432.605/0001-30;Pessoa Jurídica de Direito Privado - Sem fins lucrativos - Associação de Utilidade Pública;5228;FACULDADE RAIMUNDO MARINHO (FRM);FRM;82 3435-5440;www.frm.edu.br;"pi_frm@frm.edu.br;";Avenida Doutor Durval de Góes Monteiro - 9757 - CEP: 57061-000 - Tabuleiro do Martins;Maceió;AL;Faculdade;Presencial - Superior;Privada;Privada sem fins lucrativos;02/08/2006;3;2023;-;;2;2023;;;;Ativa
71;FUNDACAO EDUCACIONAL DO BAIXO SAO FRANCISCO DR. RAIMUNDO MARINHO;12.432.605/0001-30;Pessoa Jurídica de Direito Privado - Sem fins lucrativos - Associação de Utilidade Pública;18874;FACULDADE RAIMUNDO MARINHO DE PENEDO;-;(82)3551/2694;;pi_frm@frm.edu.br;Rua 15 de Novembro - s/n - CEP: 57200-000 - Centro;Penedo;AL;Faculdade;Presencial - Superior;Privada;Privada sem fins lucrativos;17/11/2010;4;2023;-;;2;2023;;;;Ativa
13202;ASSOCIACAO CENTRO EVANGELICO DE EDUCACAO, CULTURA E ASSISTENCIA SOCIAL - CEEDUC;83.096.958/0001-55;Pessoa Jurídica de Direito Privado - Sem fins lucrativos - Associação de Utilidade Pública;14097;FACULDADE REFIDIM (Refidim);Refidim;47 34660058;https://portal.faculdaderefidim.edu.br/;diretoria@ceeduc.edu.br;Rua Cerro Azul - 888 - CEP: 89213-480 - Nova Brasilia;Joinville;SC;Faculdade;EAD - Superior /;Privada;Privada sem fins lucrativos;26/05/2011;3;2016;4;2026;4;2023;;;Acervo Acadêmico;Ativa
649;CENTRO DE ENSINO SUPERIOR DE DRACENA;57.319.741/0001-57;Pessoa Jurídica de Direito Privado - Sem fins lucrativos - Associação de Utilidade Pública;922;FACULDADE REGES DE DRACENA;-;(18) 3821-9099;http://reges.com.br/dracena;"secretaria.dracena@reges.com.br;gonzaga@reges.com.br";Avenida Rui Barbosa - 735 - CEP: 17900-000 - Jardim Alvorada;Dracena;SP;Faculdade;Presencial - Superior;Privada;Privada sem fins lucrativos;28/03/1995;4;2020;-;;4;2023;;;;Ativa
2088;UNIAO DAS INSTITUICOES EDUCACIONAIS DA ALTA PAULISTA;04.219.013/0001-07;Pessoa Jurídica de Direito Privado - Sem fins lucrativos - Associação de Utilidade Pública;3302;Faculdade REGES de Junqueirópolis;-;(18) 3842 1701;http://junqueiropolis.reges.com.br;"cassio@reges.com.br;gonzaga@reges.com.br";Rua Piauí - 801 - CEP: 17890-000 - Distrito Comercial e Industrial;Junqueirópolis;SP;Faculdade;Presencial - Superior;Privada;Privada sem fins lucrativos;17/12/2002;3;2023;-;;3;2023;;;Em Descredenciamento voluntário;Ativa
776;ASSOCIACAO DE ENSINO SUPERIOR DE OSVALDO CRUZ;53.312.898/0001-08;Pessoa Jurídica de Direito Privado - Sem fins lucrativos - Associação de Utilidade Pública;1122;FACULDADE REGES DE OSVALDO CRUZ;-;(18) 3528-4706;reges.com.br/osvaldocruz;"osvaldocruz@reges.com.br;gonzaga@reges.com.br";Rua Chile - 501 - CEP: 17700-000 - Jardim das Bandeiras;Osvaldo Cruz;SP;Faculdade;Presencial - Superior;Privada;Privada sem fins lucrativos;11/05/1998;4;2023;-;;4;2023;;;;Ativa
1194;CENTRO DE ENSINO SUPERIOR DE REALEZA ( CESREAL );02.577.023/0001-99;Pessoa Jurídica de Direito Privado - Sem fins lucrativos - Associação de Utilidade Pública;1800;Faculdade REGES de Realeza;-;(46) 3543-4444;reges.com.br/realeza;"secretaria_cesreal@yahoo.com.br;gonzaga@reges.com.br";Rodovia Pr - 281 - CEP: 85770-000 - Rodovia;Realeza;PR;Faculdade;Presencial - Superior;Privada;Privada sem fins lucrativos;06/08/2001;4;2023;-;;3;2021;;;;Ativa
2454;REDE GONZAGA DE ENSINO SUPERIOR - REGES;08.667.147/0001-41;Pessoa Jurídica de Direito Privado - Sem fins lucrativos - Associação de Utilidade Pública;4596;FACULDADE REGES DE RIBEIRÃO PRETO;-;(16) 3516 5907;http://reges.com.br/ribeiraopreto;"diretoriareges@gmail.com;gonzaga@reges.com.br";Rua Doutor Benjamim Anderson Stauffer - 801 - CEP: 14021-617 - Jardim Botânico;Ribeirão Preto;SP;Faculdade;Presencial - Superior;Privada;Privada sem fins lucrativos;03/11/2006;4;2018;-;;3;2023;;;;Ativa
1449;CENTRO DE ENSINO SUPERIOR DE TUPI PAULISTA (CESTUPI);04.235.527/0001-56;Pessoa Jurídica de Direito Privado - Sem fins lucrativos - Associação de Utilidade Pública;2205;Faculdade REGES de Tupi Paulista;-;(18) 3851 1310;http://tupipaulista.reges.com.br/;"cassio@reges.com.br;gonzaga@reges.com.br";Rua Arcebispo Lemieux - 250 - CEP: 17930-000 - Centro;Tupi Paulista;SP;Faculdade;Presencial - Superior;Privada;Privada sem fins lucrativos;27/06/2002;4;2019;-;;3;2023;;;Em Descredenciamento voluntário;Ativa
179;FUNDACAO PINHALENSE DE ENSINO;54.228.416/0001-90;Privada sem fins lucrativos;1230;FACULDADE REGIONAL DE ESPÍRITO SANTO DO PINHAL (UNIPINHAL);UNIPINHAL;"19-3651-9600;3651-9647";www.unipinhal.edu.br;;Avenida Hélio Vergueiro Leite - s/n - CEP: 13990-000 - Jardim Universitário;Espírito Santo do Pinhal;SP;Faculdade;EAD - Superior / Presencial - Superior /;Privada;Privada sem fins lucrativos;27/10/1966;3;2017;3;2019;3;2023;;;;Ativa
220;FUNDACAO JOSE BONIFACIO LAFAYETTE DE ANDRADA;19.559.012/0001-89;Privada sem fins lucrativos;21812;Faculdade Regional de Leopoldina;-;;;regulacaofupac@unipac.br;Rua Carmita Monteiro - S/N - CEP: 36700-000 - Chácara Dona Euzébia;Leopoldina;MG;Faculdade;Presencial - Superior;Privada;Privada sem fins lucrativos;22/06/2018;4;2022;-;;-;;;;Em Descredenciamento voluntário;Ativa
220;FUNDACAO JOSE BONIFACIO LAFAYETTE DE ANDRADA;19.559.012/0001-89;Privada sem fins lucrativos;26524;FACULDADE REGIONAL DE UBERABA;-;;;regulacaofupac@unipac.br;Avenida Leopoldino de Oliveira - 4.245 - CEP: 38060-000 - Mercês;Uberaba;MG;Faculdade;Presencial - Superior;Privada;Privada sem fins lucrativos;24/06/2025;3;2022;-;;-;;;;;Ativa
1491;ESCOLAS UNIDAS DE OURO PRETO DO OESTE - UNEOURO;04.892.637/0001-90;Pessoa Jurídica de Direito Privado - Sem fins lucrativos - Associação de Utilidade Pública;21819;FACULDADE REGIONAL DO AMAZONAS (FAM);FAM;9230244717;www.fam-edu.com.br;fam@fam-edu.com.br;Av. Cosme Ferreira - 631 - CEP: 69000-083 - Aleixo;Manaus;AM;Faculdade;Presencial - Superior;Privada;Privada sem fins lucrativos;07/05/2018;3;2017;-;;-;;;;Em Descredenciamento voluntário, Unificação de Mantidas;Ativa
16537;INSTITUTO TEOLOGICO PADRE GIULIANO - ITEPAGI;18.569.264/0001-26;Pessoa Jurídica de Direito Privado - Sem fins lucrativos - Associação de Utilidade Pública;21262;FACULDADE REGIONAL JAGUARIBANA (FRJ);FRJ;;;;Rua 31 de março - S/N - CEP: 62970-000 - Centro;Alto Santo;CE;Faculdade;Presencial - Superior;Privada;Privada sem fins lucrativos;14/07/2017;4;2022;-;;2;2023;;;;Ativa
16322;FUNDACAO REPUBLICANA BRASILEIRA;08.840.064/0001-02;Pessoa Jurídica de Direito Privado - Sem fins lucrativos - Associação de Utilidade Pública;19727;Faculdade Republicana;-;3321-1112;http://fundacaorepublicana.org.br;se@fundacaorepublicana.org.br;Quadra SEPS 713/913 - 713/913 - CEP: 70390-135 - Asa Sul;Brasília;DF;Faculdade;EAD - Superior / Presencial - Superior /;Privada;Privada sem fins lucrativos;17/08/2018;3;2022;4;2021;-;;;;;Ativa
20111;INSTITUTO DO CANCER DO CEARA;07.265.515/0001-62;Pessoa Jurídica de Direito Privado - Sem fins lucrativos - Associação de Utilidade Pública;21088;FACULDADE RODOLFO TEÓFILO (FRT);FRT;(85)30221650;www.frt.edu.br;diretoria@frt.edu.br;Avenida Imperador - 1360 - CEP: 60015-052 - Farias Brito;Fortaleza;CE;Faculdade;Presencial - Superior;Privada;Privada sem fins lucrativos;26/12/2017;5;2022;-;;4;2023;;;;Ativa
16660;ASSOCIACAO PEDAGOGICA RUDOLF STEINER;60.665.528/0001-01;Pessoa Jurídica de Direito Privado - Sem fins lucrativos - Associação de Utilidade Pública;21643;Faculdade Rudolf Steiner (FRS);FRS;11-56869863;http://frs.edu.br/;maria.abi-samara@frs.edu.br;Rua Irineu Marinho - 124 - CEP: 04739-040 - Santo Amaro;São Paulo;SP;Faculdade;Presencial - Superior;Privada;Privada sem fins lucrativos;22/11/2017;4;2022;-;;3;2023;;;;Ativa
1981;ASSOCIACAO FAMILIA DE MARIA;76.578.244/0001-18;Privada sem fins lucrativos;13832;FACULDADE SAGRADA FAMÍLIA (FASF);FASF;(42) 3027-8027;www.faculdadesagradafamilia.com.br;rose.knebel@redesagradafamilia.com.br;Avenida Visconde de Taunay - 101 - CEP: 84010-760 - Centro;Ponta Grossa;PR;Faculdade;EAD - Superior / Presencial - Superior /;Privada;Privada sem fins lucrativos;25/03/2011;4;2023;4;2023;3;2023;;;;Ativa
270;MISSAO SALESIANA DE MATO GROSSO;03.226.149/0001-81;Pessoa Jurídica de Direito Privado - Sem fins lucrativos - Associação de Utilidade Pública;1155;FACULDADE SALESIANA DE SANTA TERESA (FSST);FSST;(67) 3234 2600;www.fsst.com.br;secretaria.executiva@steresa.org.br;Rua Dom Aquino - 1.119 - CEP: 79301-970 - Centro;Corumbá;MS;Faculdade;Presencial - Superior;Privada;Privada sem fins lucrativos;29/07/1998;2;2023;-;;3;2023;;;;Ativa
1433;INSPETORIA SALESIANA MISSIONARIA DA AMAZONIA;04.373.163/0001-70;Pessoa Jurídica de Direito Privado - Sem fins lucrativos - Associação de Utilidade Pública;2186;FACULDADE SALESIANA DOM BOSCO (FSDB);FSDB;(92) 31314100;http://www.fsdb.edu.br;frankbrito@hotmail.com;AVENIDA COSME FERREIRA - 5122 - CEP: 69083-000 - ZUMBI DOS PALMARES;Manaus;AM;Faculdade;Presencial - Superior;Privada;Privada sem fins lucrativos;18/04/2002;4;2017;-;;3;2023;;;;Ativa
17367;SANTA CASA DE MISERICORDIA DA BAHIA;15.153.745/0001-68;Pessoa Jurídica de Direito Privado - Sem fins lucrativos - Associação de Utilidade Pública;22763;FACULDADE SANTA CASA (FSC);FSC;(71) 2203-9850;www.faculdadesantacasa.edu.br;"clarissa.souza@santacasaba.org.br; caioandrade.prestador@santacasaba.org.br";Avenida Joana Angélica - 79 - CEP: 40050-001 - Nazaré;Salvador;BA;Faculdade;Presencial - Superior;Privada;Privada sem fins lucrativos;17/01/2020;4;2022;-;;-;;;;;Ativa
18469;IRMANDADE DA SANTA CASA DE MISERICORDIA DE PASSOS;23.278.898/0001-60;Privada sem fins lucrativos;27101;FACULDADE SANTA CASA DE PASSOS (FSCP);FSCP;(35)3529.1457;;ensino@scmp.org.br;Rua Santa Casa - 164 - CEP: 37904-020 - Santa Casa;Passos;MG;Faculdade;Presencial - Superior;Privada;Privada sem fins lucrativos;19/09/2024;5;2023;-;;-;;;;;Ativa
11944;IRMANDADE NOSSA SENHORA DAS MERCES DE MONTES CLAROS;22.669.931/0001-10;Privada sem fins lucrativos;29707;Faculdade Santa Casa Montes Claros (FASCMC);FASCMC;3832292420;;provedoria@santacasamontesclaros.com.br;Avenida Nice - 99 - CEP: 39400-612 - Ibituruna;Montes Claros;MG;Faculdade;Presencial - Superior;Privada;Privada sem fins lucrativos;08/09/2025;4;2025;-;;-;;;;;Ativa
19613;ASSOCIACAO OBRAS SOCIAIS IRMA DULCE;15.178.551/0001-17;Pessoa Jurídica de Direito Privado - Sem fins lucrativos - Associação de Utilidade Pública;29925;Faculdade Santa Dulce (FSD);FSD;;;superintendencia@irmadulce.org.br;Tamburugy - - CEP: 41680-430 - Patamares;Salvador;BA;Faculdade;Presencial - Superior;Privada;Privada sem fins lucrativos;14/08/2025;5;2024;-;;-;;;;;Ativa
917;ASSOCIACAO SECULO XXI DE EDUCACAO CIENCIA E CULTURA;02.417.543/0001-34;Privada sem fins lucrativos;1384;FACULDADE SANTA HELENA (FSH);FSH;(81) 37976060;www.fsh.edu.br;marcelo.pimentel@fsh.edu.br;Avenida Caxangá - 990 - CEP: 50711-000 - Madalena;Recife;PE;Faculdade;Presencial - Superior;Privada;Privada sem fins lucrativos;04/10/1999;4;2024;-;;3;2023;;;Suspensão contrato FIES, Suspensão PROUNI;Ativa
639;ASSOCIACAO EDUCACIONAL E ASSISTENCIAL SANTA LUCIA;60.717.261/0001-59;Pessoa Jurídica de Direito Privado - Sem fins lucrativos - Associação de Utilidade Pública;910;FACULDADE SANTA LÚCIA (FCACSL);FCACSL;(19) 3806 3996;www.santalucia.br;"marcos@santalucia.br;zanellapinto@icloud.com";Rua Doutor Ulhoa Cintra - 351 - CEP: 13800-061 - Centro;Moji Mirim;SP;Faculdade;Presencial - Superior;Privada;Privada sem fins lucrativos;31/12/1994;4;2023;4;2019;4;2023;;Roberto Raphael Carrozzo Scardua;;Ativa
303;ASSOCIACAO SANTA MARCELINA;60.742.855/0001-10;Pessoa Jurídica de Direito Privado - Sem fins lucrativos - Associação de Utilidade Pública;434;FACULDADE SANTA MARCELINA (FASM);FASM;(11) 38245800;https://www.santamarcelina.org.br/educacao/fasm_un;"tatiani.visnadi@santamarcelina.edu.br; diracademica.fasmita@santamarcelina.edu.br";Rua Doutor Emílio Ribas - 89 - CEP: 05006-020 - Perdizes;São Paulo;SP;Faculdade;EAD - Superior / Presencial - Superior /;Privada;Privada sem fins lucrativos;02/09/1981;5;2024;5;2018;3;2023;;;;Ativa
303;ASSOCIACAO SANTA MARCELINA;60.742.855/0001-10;Pessoa Jurídica de Direito Privado - Sem fins lucrativos - Associação de Utilidade Pública;435;FACULDADE SANTA MARCELINA MURIAÉ - FASM (FASM);FASM;(32)3561-2369;https://www.santamarcelina.edu.br/faculdade/muriae;"fasmmuriae@santamarcelina.edu.br;leandra.paiva@santamarcelina.edu.br";Praça Praça Annina Bisegna - 40 - CEP: 36880-083 - Centro;Muriaé;MG;Faculdade;Presencial - Superior;Privada;Privada sem fins lucrativos;26/05/1961;4;2023;-;;2;2023;;;;Ativa
1420;ASSOCIACAO MISSIONARIA DE BENEFICENCIA DAS IRMAS SERVAS DO ESPIRITO SANTO;80.234.826/0001-54;Pessoa Jurídica de Direito Privado - Sem fins lucrativos - Associação de Utilidade Pública;2160;FACULDADE SANT ANA (IESSA);IESSA;(42)3224 0301;www.iessa.edu.br;secretaria@iessa.edu.br;Rua Senador Pinheiro Machado - 189 - CEP: 84010-310 - Centro;Ponta Grossa;PR;Faculdade;Presencial - Superior;Privada;Privada sem fins lucrativos;01/03/2005;4;2021;-;;3;2023;;;;Ativa
15903;CENTRO DE ENSINO SUPERIOR SANTA RITA LTDA - ME;17.561.071/0001-66;Privada com fins lucrativos;11604;FACULDADE SANTA RITA DE CHAPECÓ;-;4991786805;https://faculdadesantarita.com.br/;jefersonferreira660@yahoo.com.br;Avenida Nereu Ramos - 1191 - CEP: 89812-111 - Palmital;Chapecó;SC;Faculdade;Presencial - Superior;Privada;Privada sem fins lucrativos;25/03/2010;4;2025;-;;3;2023;;;;Ativa
967;ASSOCIACAO EDUCATIVA E CULTURAL MARIA EMILIA;34.146.282/0001-51;Pessoa Jurídica de Direito Privado - Sem fins lucrativos - Associação de Utilidade Pública;1455;FACULDADE SANTÍSSIMO SACRAMENTO (FSSS);FSSS;(75)31823182;www.fsssacramento.br;fabriciofaro@hotmail.com.br;Rua Marechal Deodoro - 118 - CEP: 48005-020 - Centro;Alagoinhas;BA;Faculdade;Presencial - Superior;Privada;Privada sem fins lucrativos;24/02/2000;4;2023;-;;3;2023;;;;Ativa
686;FUNDACAO EDUCACIONAL SAO JOSE;00.684.397/0001-88;Pessoa Jurídica de Direito Privado - Sem fins lucrativos - Associação de Utilidade Pública;1867;FACULDADE SANTOS DUMONT (FSD);FSD;(32) 32513817;www.fsd.edu.br;fsd@fsd.edu.br;Avenida Getúlio Vargas - 547 - CEP: 36240-000 - Centro;Santos Dumont;MG;Faculdade;Presencial - Superior;Privada;Privada sem fins lucrativos;12/01/2001;3;2023;-;;3;2023;;;;Ativa
12541;ASSOCIACAO DE SAO BASILIO MAGNO;80.637.226/0001-37;Privada sem fins lucrativos;13476;FACULDADE SÃO BASÍLIO MAGNO (FASBAM);FASBAM;(41) 3243-9800;fasbam.edu.br/;"sandro.emec@outlook.com;haniczteo@gmail.com;irineule@gmail.com;secretaria@fasbam.edu.br";Rua Carmelo Rangel - 1200 - CEP: 80440-050 - Seminário;Curitiba;PR;Faculdade;Presencial - Superior;Privada;Privada sem fins lucrativos;07/04/2011;5;2023;4;2022;3;2023;;;;Ativa
1699;MOSTEIRO DE SAO BENTO DO RIO DE JANEIRO;33.439.092/0001-60;Pessoa Jurídica de Direito Privado - Sem fins lucrativos - Associação de Utilidade Pública;2617;FACULDADE SÃO BENTO DO RIO DE JANEIRO (FSB/RJ);FSB/RJ;(21) 22068321;www.faculdadesaobento.org.br;d.anselmo@corporativo.msbrj.org.br;Rua Dom Gerardo - 68 - CEP: 20090-030 - Centro;Rio de Janeiro;RJ;Faculdade;Presencial - Superior;Privada;Privada sem fins lucrativos;20/08/2004;4;2025;-;;3;2023;;;;Ativa
158;ASSOCIACAO DE ENSINO SUPERIOR SAO JUDAS TADEU;42.317.149/0001-49;Privada sem fins lucrativos;220;FACULDADE SÃO JUDAS TADEU (FSJT);FSJT;(21)3296-5000;www.faculdadesjt.com.br;diretoria@sjt.com.br;Rua Clarimundo de Melo - 79 - CEP: 20740-321 - Encantado;Rio de Janeiro;RJ;Faculdade;EAD - Superior / EAD - Lato-sensu / Presencial - Superior /;Privada;Privada sem fins lucrativos;24/01/1974;3;2023;4;2024;3;2023;;;;Ativa
15028;ASSOCIACAO DEHONIANA BRASIL MERIDIONAL;04.730.949/0001-06;Pessoa Jurídica de Direito Privado - Sem fins lucrativos - Associação de Utilidade Pública;2462;FACULDADE SÃO LUIZ (FSL);FSL;(47) 3396-7919;www.saoluiz.edu.br;contato@saoluiz.edu.br;Avenida das Comunidades - 233 - CEP: 88350-360 - Centro;Brusque;SC;Faculdade;Presencial - Superior;Privada;Privada sem fins lucrativos;19/11/2004;4;2018;-;;4;2023;;;;Ativa
1715;SOC EDUCACIONAL E ASSISTENCIAL DA PAR DE PAO DE ACUCAR;12.514.949/0001-99;Privada sem fins lucrativos;2642;FACULDADE SÃO VICENTE (FASVIPA);FASVIPA;+55 82 9920-7701;www.fasvipa.com.br;direcao@fasvipa.com.br;Rua Padre Soares Pinto - 314 - CEP: 57400-000 - Centro;Pão de Açúcar;AL;Faculdade;Presencial - Superior;Privada;Privada sem fins lucrativos;03/11/2006;3;2017;-;;1;2023;;;;Ativa
422;FUND EDUC PARA O DESENVOLVIMENTO DAS CIENCIAS AGRARIAS;18.599.472/0001-78;Privada sem fins lucrativos;648;FACULDADES ASSOCIADAS DE UBERABA - FAZU (FAZU);FAZU;(34) 3318 4188;www.fazu.br;fazu@fazu.br;AV. DO TUTUNA - 720 - CEP: 38061-500 - TUTUNAS;Uberaba;MG;Faculdade;EAD - Superior / Presencial - Superior /;Privada;Privada sem fins lucrativos;01/07/1975;5;2023;3;2013;3;2023;;;;Ativa
1411;CONSELHO EDUCACIONAL DA CONVENCAO BATISTA PARANAENSE;76.706.936/0001-02;Privada sem fins lucrativos;2141;FACULDADES BATISTA DO PARANÁ (FABAPAR);FABAPAR;(41) 3024 8142;www.fabapar.com.br;regulacao@fabapar.com.br;Av. Silva Jardim - 1859 - CEP: 80250-200 - Água Verde;Curitiba;PR;Faculdade;EAD - Superior / Presencial - Superior /;Privada;Privada sem fins lucrativos;03/06/2002;5;2022;3;2015;3;2023;;;;Ativa
343;FUNDACAO DRACENENSE DE EDUCACAO E CULTURA;49.845.878/0001-17;Fundação Pública de Direito Privado Municipal;1420;FACULDADES DE DRACENA;-;(18) 38219008;www.fundec.edu.br/unifadra/;secretaria@fundec.edu.br;AV. ALCIDES CHACON COUTO - 395 - CEP: 17900-000 - METROPOLE;Dracena;SP;Faculdade;Presencial - Superior;Privada;Privada sem fins lucrativos;31/07/1969;-;;-;;3;2023;;;;Ativa
18573;CENTRO DE ENSINO SUPERIOR DE MANACAPURU;49.037.297/0001-59;Pessoa Jurídica de Direito Privado - Sem fins lucrativos - Associação de Utilidade Pública;29051;FACULDADES DE MANACAPURU (FMC);FMC;;;nclins@niltonlins.br;Pedro Rattes - - CEP: 69400-282 - Centro;Manacapuru;AM;Faculdade;Presencial - Superior;Privada;Privada sem fins lucrativos;27/02/2026;5;2024;-;;-;;;;;Ativa
218;INSTITUTO ENSINAR BRASIL;19.322.494/0001-59;Pessoa Jurídica de Direito Privado - Sem fins lucrativos - Associação de Utilidade Pública;1568;FACULDADES DOCTUM DE CARATINGA (DOCTUM );DOCTUM;(33)3322 6321 / 3322 6329;www.doctum.edu.br;"diretoria@doctum.edu.br; morgana@doctum.edu.br";Rua João Pinheiro - 147 - CEP: 35300-037 - Centro;Caratinga;MG;Faculdade;Presencial - Superior;Privada;Privada sem fins lucrativos;10/11/1972;5;2019;-;;3;2023;;;;Ativa
218;INSTITUTO ENSINAR BRASIL;19.322.494/0001-59;Pessoa Jurídica de Direito Privado - Sem fins lucrativos - Associação de Utilidade Pública;5314;Faculdades Doctum de Guarapari (DOCTUM);DOCTUM;33 3322 6321 / 33 3322 6329;www.doctum.edu.br;"diretoria@doctum.edu.br; morgana@doctum.edu.br";Rodovia Jones dos Santos Neves - 3535 - CEP: 29215-002 - Muquiçaba;Guarapari;ES;Faculdade;Presencial - Superior;Privada;Privada sem fins lucrativos;10/10/2003;4;2024;-;;3;2023;;;;Ativa
16702;SERVICO DE APOIO AS MICRO E PEQ EMPRESAS DE SAO PAULO;43.728.245/0001-42;Privada sem fins lucrativos;21826;Faculdade Sebrae;-;(11) 3224-1260;http://www.faculdadesebrae.com.br;"paulomtr@sebraesp.com.br; alexandrebc@sebraesp.com.br";Alameda Nothmann - 598 - CEP: 01216-000 - Campos Elíseos;São Paulo;SP;Faculdade;EAD - Superior / Presencial - Superior /;Privada;Privada sem fins lucrativos;04/01/2018;4;2024;5;2020;5;2023;;;;Ativa
2084;SERVICO NACIONAL DE APRENDIZAGEM COMERCIAL - SENAC;03.603.739/0001-86;Privada sem fins lucrativos;3948;FACULDADE SENAC BLUMENAU (SENAC);SENAC;(47) 3035 9999 / (47) 3035 9990;www.sc.senac.br;alex@sc.senac.br;Avenida Brasil - 610 - CEP: 89010-971 - Ponta Aguda;Blumenau;SC;Faculdade;Presencial - Superior;Privada;Privada sem fins lucrativos;20/05/2004;4;2023;-;;3;2023;;;;Ativa
2084;SERVICO NACIONAL DE APRENDIZAGEM COMERCIAL - SENAC;03.603.739/0001-86;Privada sem fins lucrativos;5131;FACULDADE SENAC CAÇADOR (SENAC);SENAC;49 35630000;www.sc.senac.br;liz.borghetti@sc.senac.br;Av Avenida Sete de Setembro - 169 - CEP: 89500-133 - Centro;Caçador;SC;Faculdade;Presencial - Superior;Privada;Privada sem fins lucrativos;14/01/2009;5;2023;-;;3;2023;;;;Ativa
17301;SERVICO NACIONAL DE APRENDIZAGEM COMERCIAL - SENAC;03.648.344/0001-08;Privada sem fins lucrativos;23842;FACULDADE SENAC CEARA (SENACCE);SENACCE;85-32705401;www.faculdadesenacce.com.br;luiscunha@ce.senac.br;Avenida Desembargador Moreira - 1301 - CEP: 60170-001 - Aldeota;Fortaleza;CE;Faculdade;Presencial - Superior;Privada;Privada sem fins lucrativos;19/07/2021;5;2019;-;;-;;;;;Ativa
2084;SERVICO NACIONAL DE APRENDIZAGEM COMERCIAL - SENAC;03.603.739/0001-86;Privada sem fins lucrativos;3947;FACULDADE SENAC CHAPECÓ (SENAC);SENAC;(49) 3361 5000;www.sc.senac.br;silvanamarcon@sc.senac.br;Rua Castro Alves - 298 - CEP: 89803-110 - São Cristóvão;Chapecó;SC;Faculdade;Presencial - Superior;Privada;Privada sem fins lucrativos;20/05/2004;5;2021;-;;2;2021;;;;Ativa
2084;SERVICO NACIONAL DE APRENDIZAGEM COMERCIAL - SENAC;03.603.739/0001-86;Privada sem fins lucrativos;17777;FACULDADE SENAC CONCÓRDIA;-;(49) 3442-2993;www.sc.senac.br;rubens@sc.senac.br;R Rua João Zanardi - 330 - CEP: 89700-396 - Nossa Senhora da Salete;Concórdia;SC;Faculdade;Presencial - Superior;Privada;Privada sem fins lucrativos;18/11/2016;4;2023;-;;3;2023;;;;Ativa
2084;SERVICO NACIONAL DE APRENDIZAGEM COMERCIAL - SENAC;03.603.739/0001-86;Privada sem fins lucrativos;17277;Faculdade SENAC Criciúma (Senac Criciúma);Senac Criciúma;(48) 3437-9801;www.sc.senac.br;paulow@sc.senac.br;Rua Henrique Lage - 560 - CEP: 88801-010 - Centro;Criciúma;SC;Faculdade;Presencial - Superior;Privada;Privada sem fins lucrativos;20/09/2011;4;2023;-;;3;2023;;;;Ativa
1756;SERVICO NACIONAL DE APRENDIZAGEM COMERCIAL - SENAC MINAS;03.447.242/0001-16;Privada sem fins lucrativos;12772;Faculdade Senac em Minas - Belo Horizonte (FACSENAC-MG/BH);FACSENAC-MG/BH;(31) 981182574;www.mg.senac.br/faculdade;"thaymon.soares@mg.senac.br; emilia.alcantara@mg.senac.br";Rua dos Goitacazes - 1157 - CEP: 30190-052 - Barro Preto;Belo Horizonte;MG;Faculdade;Presencial - Superior;Privada;Privada sem fins lucrativos;09/04/2012;4;2023;-;;3;2023;;;;Ativa
1756;SERVICO NACIONAL DE APRENDIZAGEM COMERCIAL - SENAC MINAS;03.447.242/0001-16;Privada sem fins lucrativos;12848;Faculdade Senac em Minas - Campus Barbacena (FACSENACMG/BARBACENA);FACSENACMG/BARBACENA;(31) 98338-2523/ (31) 98118-2574/ (31) 3048-9229;www.mg.senac.br/faculdade;"thaymon.soares@mg.senac.br; emilia.alcantara@mg.senac.br";Rua Mucurí - 201 - CEP: 36205-420 - Caiçaras;Barbacena;MG;Faculdade;Presencial - Superior;Privada;Privada sem fins lucrativos;02/01/2012;4;2017;-;;-;;;;Em Descredenciamento voluntário;Ativa
1756;SERVICO NACIONAL DE APRENDIZAGEM COMERCIAL - SENAC MINAS;03.447.242/0001-16;Privada sem fins lucrativos;2703;Faculdade Senac em Minas Contagem (FACSENAC-MG/CONTAGEM);FACSENAC-MG/CONTAGEM;(31) 3048-1486 / (31) 3048-9712 /(31) 3048-9700;www.mg.senac.br/faculdade;"thaymon.soares@mg.senac.br; emilia.alcantara@mg.senac.br";Rua das Paineiras - 1300 - CEP: 32310-400 - Jardim Eldorado;Contagem;MG;Faculdade;Presencial - Superior;Privada;Privada sem fins lucrativos;05/09/2003;4;2023;-;;3;2023;;;;Ativa
2084;SERVICO NACIONAL DE APRENDIZAGEM COMERCIAL - SENAC;03.603.739/0001-86;Privada sem fins lucrativos;3295;FACULDADE SENAC FLORIANÓPOLIS (SENAC FLORIANÓPOLIS);SENAC FLORIANÓPOLIS;(48) 3229 3200;www.sc.senac.br;jvieira@sc.senac.br;Rua Silva Jardim - 360 - CEP: 88020-200 - Prainha;Florianópolis;SC;Faculdade;Presencial - Superior;Privada;Privada sem fins lucrativos;16/12/2002;5;2023;5;2012;3;2023;;;Em Descredenciamento voluntário;Ativa
2612;SERVICO NACIONAL DE APRENDIZAGEM COMERCIAL - SENAC;03.608.475/0001-53;Privada sem fins lucrativos;4162;Faculdade SENAC Goiás (FacSenacGO);FacSenacGO;(62)3219-5109;https://faculdadesenac.go.senac.br/;faculdade@go.senac.br;Avenida Caiapó - 41/43/45/47/49 - CEP: 74672-400 - Santa Genoveva;Goiânia;GO;Faculdade;Presencial - Superior;Privada;Privada sem fins lucrativos;25/01/2007;4;2024;-;;3;2023;;;;Ativa
2084;SERVICO NACIONAL DE APRENDIZAGEM COMERCIAL - SENAC;03.603.739/0001-86;Privada sem fins lucrativos;4294;FACULDADE SENAC JARAGUÁ DO SUL;-;(47)3275-8400;www.sc.senac.br;mauricio@sc.senac.br;Rua dos Imigrantes - 410 - CEP: 89254-430 - Vila Rau;Jaraguá do Sul;SC;Faculdade;Presencial - Superior;Privada;Privada sem fins lucrativos;25/03/2008;4;2023;-;;3;2023;;;;Ativa
2084;SERVICO NACIONAL DE APRENDIZAGEM COMERCIAL - SENAC;03.603.739/0001-86;Privada sem fins lucrativos;24378;FACULDADE SENAC JOINVILLE (SENAC);SENAC;;www.sc.senac.br;melissa@sc.senac.br;Rua Visconde de Taunay - 730 - CEP: 89203-062 - Atiradores;Joinville;SC;Faculdade;Presencial - Superior;Privada;Privada sem fins lucrativos;27/06/2024;5;2023;-;;-;;;;;Ativa
16853;SERVICO NACIONAL DE APRENDIZAGEM COMERCIAL;03.644.843/0001-19;Privada sem fins lucrativos;27097;Faculdade Senac Mato Grosso do Sul (Faculdade Senac MS);Faculdade Senac MS;6733126260;https://ww3.ms.senac.br/cursos/graduacao;roberta@ms.senac.br;Rua Francisco Cândido Xavier - 75 - CEP: 79002-052 - Centro;Campo Grande;MS;Faculdade;Presencial - Superior;Privada;Privada sem fins lucrativos;27/06/2024;5;2023;-;;-;;;;;Ativa
2084;SERVICO NACIONAL DE APRENDIZAGEM COMERCIAL - SENAC;03.603.739/0001-86;Privada sem fins lucrativos;18201;FACULDADE SENAC PALHOÇA (SENAC Palhoça);SENAC Palhoça;;www.sc.senac.br;renatas@sc.senac.br;Rua João Pereira dos Santos - 303 - CEP: 88130-475 - Ponte do Imaruim;Palhoça;SC;Faculdade;Presencial - Superior;Privada;Privada sem fins lucrativos;19/07/2016;3;2019;-;;3;2021;;;;Ativa
2517;SERVICO NACIONAL DE APRENDIZAGEM COMERCIAL SENAC;03.485.324/0001-55;Pessoa Jurídica de Direito Privado - Sem fins lucrativos - Fundação;3996;FACULDADE SENAC PERNAMBUCO (SENACPE);SENACPE;(81)34136799;https://faculdadesenacpe.edu.br/faculdade/;faculdade@pe.senac.br;Rua Marquês do Pombal - 57 - CEP: 50100-170 - Santo Amaro;Recife;PE;Faculdade;Presencial - Superior;Privada;Privada sem fins lucrativos;30/05/2006;3;2017;-;;3;2023;;;;Ativa
18560;SERVICO NACIONAL DE APRENDIZAGEM COMERCIAL - SENAC - AR/RN;03.640.285/0001-13;Privada sem fins lucrativos;28922;Faculdade Senac RN (Fasern);Fasern;(84) 4005 1000;rn.senac.br;faculdadesenac@rn.senac.br;Rua São Tomé - 444 - CEP: 59025-030 - Cidade Alta;Natal;RN;Faculdade;Presencial - Superior;Privada;Privada sem fins lucrativos;03/07/2025;5;2024;-;;-;;;;;Ativa
2084;SERVICO NACIONAL DE APRENDIZAGEM COMERCIAL - SENAC;03.603.739/0001-86;Privada sem fins lucrativos;5133;FACULDADE SENAC SÃO MIGUEL DO OESTE;-;(49)8401-5958;www.sc.senac.br;glauce.pereira@sc.senac.br;Rua Sete de Setembro - 1.415 - CEP: 89900-000 - Centro;São Miguel do Oeste;SC;Faculdade;Presencial - Superior;Privada;Privada sem fins lucrativos;01/12/2008;4;2023;-;;4;2023;;;;Ativa
2084;SERVICO NACIONAL DE APRENDIZAGEM COMERCIAL - SENAC;03.603.739/0001-86;Privada sem fins lucrativos;3946;FACULDADE SENAC TUBARÃO;-;(48)36322428;;aislan@sc.senac.br;Rua Amarildo José da Rosa - 1600 - CEP: 88704-650 - Revoredo;Tubarão;SC;Faculdade;Presencial - Superior;Privada;Privada sem fins lucrativos;20/05/2004;4;2024;-;;3;2023;;;;Ativa
695;SERVICO NACIONAL DE APRENDIZAGEM INDUSTRIAL SENAI;33.564.543/0001-90;Privada sem fins lucrativos;991;FACULDADE SENAI-CETIQT (SENAI-CETIQT);SENAI-CETIQT;(21)2582 1025;www.cetiqt.senai.br;DG@cetiqt.senai.br;Avenida Luís Carlos Prestes - 230 - CEP: 22775-055 - Barra da Tijuca;Rio de Janeiro;RJ;Faculdade;EAD - Superior / Presencial - Superior /;Privada;Privada sem fins lucrativos;31/07/1997;5;2023;5;2019;3;2019;;;;Ativa
15813;SERVICO NACIONAL DE APRENDIZAGEM INDUSTRIAL SENAI;03.775.588/0001-43;Privada sem fins lucrativos;17763;Faculdade SENAI da Paraíba;-;83 30446603;faculdadesenaipb.com.br;facsenaipb@fiepb.org.br;Av. das Indústrias - s/n - CEP: 58083-050 - Distrito Industrial;João Pessoa;PB;Faculdade;Presencial - Superior;Privada;Privada sem fins lucrativos;05/06/2015;3;2022;-;;-;;;;;Ativa
2865;SENAI-SERVICO NACIONAL DE APRENDIZAGEM INDUSTRIAL;03.772.576/0001-65;Privada sem fins lucrativos;22992;Faculdade SENAI de Construção;-;(67) 3357-2007;http://www.ms.senai.br/;plinio.gratao@ms.senai.br;Rua Rachid Neder - 1939 - CEP: 79010-170 - Monte Castelo;Campo Grande;MS;Faculdade;Presencial - Superior;Privada;Privada sem fins lucrativos;12/11/2019;4;2024;-;;-;;;;;Ativa
2495;SERVICO NACIONAL DE APRENDIZAGEM INDUSTRIAL - SENAI;03.773.700/0001-07;Privada sem fins lucrativos;28502;Faculdade SENAI de Minas Gerais (SENAI/MG);SENAI/MG;(31) 3263-4318;https://faculdadesenaimg.com.br;ensinosuperior@fiemg.com.br;Rua Doutor José Américo Cançado Bahia - 75 - CEP: 32210-130 - Cidade Industrial;Contagem;MG;Faculdade;EAD - Superior /;Privada;Privada sem fins lucrativos;26/11/2024;-;;4;2023;-;;;;;Ativa
15582;SERVICO NACIONAL DE APRENDIZAGEM INDUSTRIAL SENAI;03.848.688/0001-52;Pessoa Jurídica de Direito Privado - Sem fins lucrativos - Sociedade;16967;FACULDADE SENAI RIO;-;21 25871200;www.faculdadesenairio.edu.br;lsgomes@firjan.com.br;Rua Mariz e Barros - 678 - CEP: 20270-002 - Tijuca;Rio de Janeiro;RJ;Faculdade;Presencial - Superior;Privada;Privada sem fins lucrativos;04/11/2013;4;2019;-;;-;;;;Suspensão PROUNI;Ativa
12551;ASSOCIACAO SEQUENCIAL DE ENSINO SUPERIOR;09.302.588/0001-02;Pessoa Jurídica de Direito Privado - Sem fins lucrativos - Associação de Utilidade Pública;13488;FACULDADE SEQÜENCIAL;-;(11) 5511-4593;;"rudaina@gruposequencial.com.br;andressa.arruda@gruposequencial.com.br";Rua Engenheiro Aluísio Marques - 00 - CEP: 05854-110 - Parque Maria Helena;São Paulo;SP;Faculdade;Presencial - Superior;Privada;Privada sem fins lucrativos;20/07/2011;4;2024;3;2018;2;2023;;;;Ativa
15799;SERVICO SOCIAL DA INDUSTRIA - SESI;03.779.133/0001-04;Privada sem fins lucrativos;17731;FACULDADE SESI-SP DE EDUCAÇÃO (FASESP);FASESP;(11)38331075/(11) 3833-1069/1054;faculdadesesi.edu.br;"faculdadesesisp@sesisp.org.br; brenda.vaz@sesisp.org.br; daniele.nascimento@sesisp.org.br";Rua Carlos Weber - 835 - CEP: 05303-000 - Vila Leopoldina;São Paulo;SP;Faculdade;EAD - Superior / Presencial - Superior /;Privada;Privada sem fins lucrativos;15/07/2015;4;2024;4;2021;4;2023;;;;Ativa
15799;SERVICO SOCIAL DA INDUSTRIA - SESI;03.779.133/0001-04;Privada sem fins lucrativos;30002;Faculdade SESI-SP de Educação de Araraquara (FASESP ARAQU);FASESP ARAQU;;;;Avenida Octaviano de Arruda Campos 686 - - CEP: 14810-901 - Jardim Paulistano (Vila Xavier);Araraquara;SP;Faculdade;Presencial - Superior;Privada;Privada sem fins lucrativos;26/01/2026;4;2025;-;;-;;;;;Ativa
15799;SERVICO SOCIAL DA INDUSTRIA - SESI;03.779.133/0001-04;Privada sem fins lucrativos;30001;Faculdade SESI-SP de Educação de Birigui (FASESP Birigui);FASESP Birigui;;;;José Agostinho Rossi - - CEP: 16203-059 - Jardim Pinheiros;Birigui;SP;Faculdade;Presencial - Superior;Privada;Privada sem fins lucrativos;08/07/2026;4;2025;-;;-;;;;;Ativa
15799;SERVICO SOCIAL DA INDUSTRIA - SESI;03.779.133/0001-04;Privada sem fins lucrativos;29998;Faculdade SESI-SP de Educação de Jundiaí (FASESP Jundiai);FASESP Jundiai;;;;Antônio Segre - - CEP: 13201-843 - Jardim Brasil;Jundiaí;SP;Faculdade;Presencial - Superior;Privada;Privada sem fins lucrativos;08/09/2025;5;2025;-;;-;;;;;Ativa
15799;SERVICO SOCIAL DA INDUSTRIA - SESI;03.779.133/0001-04;Privada sem fins lucrativos;29999;Faculdade SESI-SP de Educação de Osasco (FASESP Osasco);FASESP Osasco;;;;Calixto Barbieri - - CEP: 06233-210 - I.A.P.I.;Osasco;SP;Faculdade;Presencial - Superior;Privada;Privada sem fins lucrativos;26/01/2026;5;2025;-;;-;;;;;Ativa
15799;SERVICO SOCIAL DA INDUSTRIA - SESI;03.779.133/0001-04;Privada sem fins lucrativos;30000;Faculdade SESI-SP de Educação de Ribeirão Preto (FASESP RP);FASESP RP;;;;Dom Luiz do Amaral Mousinho - - CEP: 14090-280 - Jardim Paulistano;Ribeirão Preto;SP;Faculdade;Presencial - Superior;Privada;Privada sem fins lucrativos;27/02/2026;5;2025;-;;-;;;;;Ativa
915;INSTITUICAO SINODAL DE ASSISTENCIA EDUCACAO E CULTURA;96.746.441/0001-06;Privada sem fins lucrativos;1382;Faculdades EST (EST);EST;(51)21111400;https://est.edu.br/;est@est.edu.br;Rua Amadeo Rossi - 467 - CEP: 93030-220 - Morro do Espelho;São Leopoldo;RS;Faculdade;EAD - Superior / Presencial - Superior /;Privada;Privada sem fins lucrativos;04/10/1999;4;2023;4;2022;5;2023;;;;Ativa
3664;FUNDACAO CANTARES DE SALOMAO;04.014.026/0001-40;Privada sem fins lucrativos;13643;FACULDADES EVANGÉLICAS INTEGRADAS CANTARES DE SALOMÃO (FEICS);FEICS;(65) 99908-3918 (65) 99659-0085;www.feics.com.br;"diretorgeral@feics.com.br;mauromarcio400@hotmail.com;pi@feics.com.br";Av Historiador Rubens de Mendonça - 3500 - CEP: 70050-000 - Paiaguás;Cuiabá;MT;Faculdade;EAD - Superior / Presencial - Superior /;Privada;Privada sem fins lucrativos;16/05/2011;3;2018;4;2016;3;2021;;;;Ativa
150;FUNDACAO EDUCACIONAL UNIFICADA CAMPOGRANDENSE;42.257.543/0001-39;Privada sem fins lucrativos;4502;FACULDADES INTEGRADAS CAMPO-GRANDENSES (FIC);FIC;(21) 3408-8485;www.feuc.br;heliorosa@feuc.br;Estrada da Caroba - 685 - CEP: 23085-590 - Campo Grande;Rio de Janeiro;RJ;Faculdade;EAD - Superior / Presencial - Superior /;Privada;Privada sem fins lucrativos;19/10/1960;3;2011;4;2015;2;2023;;;;Ativa
186;ASSOCIACAO EDUCATIVA CAMPOS SALLES;62.622.857/0001-09;Privada sem fins lucrativos;263;FACULDADES INTEGRADAS CAMPOS SALLES (FICS);FICS;(11) 3649 7000;www.cs.edu.br;senger@cs.edu.br, fabio.moraes@cs.edu.br;Rua Nossa Senhora da Lapa - 284 - CEP: 05072-000 - Lapa;São Paulo;SP;Faculdade;Presencial - Superior;Privada;Privada sem fins lucrativos;23/04/1971;3;2018;3;2018;3;2023;;;;Ativa
279;UNIAO PIONEIRA DE INTEGRACAO SOCIAL;00.319.889/0001-74;Privada sem fins lucrativos;404;FACULDADES INTEGRADAS DA UPIS (UPIS);UPIS;(61) 3445-6700;www.upis.br;rodolpho@upis.br;SEPS EQ 712/912 - S/N - CEP: 70390-125 - ASA SUL;Brasília;DF;Faculdade;Presencial - Superior;Privada;Privada sem fins lucrativos;01/03/1973;5;2020;4;2022;3;2023;;;;Ativa
550;FUNDACAO SAO JOAO BATISTA;27.450.709/0001-45;Privada sem fins lucrativos;798;FACULDADES INTEGRADAS DE ARACRUZ (FAACZ);FAACZ;(27) 33028030;http://www.fsjb.edu.br/fsjb;marisa@fsjb.edu.br;Rua Professor Berilo Basílio dos Santos - 180 - CEP: 29194-910 - Centro;Aracruz;ES;Faculdade;EAD - Superior / Presencial - Superior /;Privada;Privada sem fins lucrativos;23/05/1989;5;2023;4;2019;3;2023;;;;Ativa
87;ASSOCIACAO ESCOLA DE AGRIMENSURA DE ARARAQUARA;43.968.940/0001-81;Pessoa Jurídica de Direito Privado - Sem fins lucrativos - Associação de Utilidade Pública;1569;FACULDADES INTEGRADAS DE ARARAQUARA (FIAR);FIAR;(16) 3301 2410;www.logatti.edu.br;secretaria1@logatti.edu.br;Avenida Brasil - 782 - CEP: 14801-050 - Centro;Araraquara;SP;Faculdade;Presencial - Superior;Privada;Privada sem fins lucrativos;18/07/1966;3;2016;-;;3;2023;;;;Ativa
479;UNIFAC ASSOCIACAO DE ENSINO DE BOTUCATU;50.357.029/0001-01;Privada sem fins lucrativos;716;FACULDADES INTEGRADAS DE BOTUCATU;-;(14) 3815 - 2500;http://www.unifac.com.br;secretaria@unifac.com.br;Avenida Leonardo Villas Boas - 351 - CEP: 18608-901 - Vila Nova Botucatu;Botucatu;SP;Faculdade;Presencial - Superior;Privada;Privada sem fins lucrativos;04/10/2000;4;2023;-;;3;2023;;;;Ativa
402;ASSOCIACAO EDUCACIONAL PRESIDENTE KENNEDY;49.091.341/0001-09;Pessoa Jurídica de Direito Privado - Sem fins lucrativos - Associação de Utilidade Pública;3432;FACULDADES INTEGRADAS DE CIÊNCIAS HUMANAS, SAÚDE E EDUCAÇÃO DE GUARULHOS (FG);FG;(11) 2409 3533;www.fg.edu.br;documenta@fg.edu.br;Avenida Monteiro Lobato - 237 - CEP: 07112-000 - Centro;Guarulhos;SP;Faculdade;Presencial - Superior;Privada;Privada sem fins lucrativos;27/08/1971;4;2023;-;;3;2023;;;;Ativa
547;INSTITUICAO DIAMANTINENSE DE EDUCACAO E CULTURA;01.374.628/0001-10;Privada sem fins lucrativos;795;FACULDADES INTEGRADAS DE DIAMANTINO (FID);FID;(65) 3336 1133;diretoriageral@fidedu.com.br;diretoriageral@fidedu.com.br;RUA ALMIRANTE BATISTA DAS NEVES - 1112 - CEP: 78400-000 - CENTRO;Diamantino;MT;Faculdade;EAD - Superior / Presencial - Superior /;Privada;Privada sem fins lucrativos;21/04/1989;3;2015;4;2019;2;2023;;;Credenciamento EaD Provisório;Ativa
466;AUTARQUIA DO ENSINO SUPERIOR DE GARANHUNS AESGA;11.224.920/0001-00;Pessoa Jurídica de Direito Público - Municipal;701;FACULDADES INTEGRADAS DE GARANHUNS (FACIGA);FACIGA;(87) 99161-6910;www.aesga.edu.br;"dga@aesga.edu.br; tesouraria@aesga.edu.br; procuradoriainstitucional.mec@aesga.edu.br";AVENIDA CARUARU - 508 - CEP: 55290-000 - SÃO JOSÉ;Garanhuns;PE;Faculdade;Presencial - Superior;Publica;Especial;10/01/1977;-;;-;;3;2023;;;;Ativa
371;FUNDACAO KARNIG BAZARIAN;50.790.823/0001-36;Privada sem fins lucrativos;533;FACULDADES INTEGRADAS DE ITAPETININGA (FII);FII;(015) 3376 9300;www.fkb.br;secretaria@fkb.br;Rodovia Raposo Tavares KM 162 - S/N - CEP: 18203-340 - Nova Itapetininga;Itapetininga;SP;Faculdade;Presencial - Superior;Privada;Privada sem fins lucrativos;18/04/1969;3;2009;-;;3;2023;;;;Ativa
271;FUNDACAO EDUCACIONAL DR RAUL BAUAB-JAHU;50.761.121/0001-24;Privada sem fins lucrativos;1355;FACULDADES INTEGRADAS DE JAHU (FIJ);FIJ;14-21043404;www.fundacaojau.edu.br;pi@fundacaojau.edu.br;Rua Tenente Navarro - 642 - CEP: 17207-310 - CHACARA MIRAGLIA;Jaú;SP;Faculdade;EAD - Superior / Presencial - Superior /;Privada;Privada sem fins lucrativos;14/02/2003;3;2016;4;2021;3;2023;;;;Ativa
459;FUNDACAO EDUCACIONAL ENCOSTA INFERIOR DO NORDESTE;97.763.593/0001-80;Pessoa Jurídica de Direito Privado - Sem fins lucrativos - Associação de Utilidade Pública;5285;FACULDADES INTEGRADAS DE TAQUARA (FACCAT);FACCAT;(51)3541-6600;www.faccat.br;delmarhbackes@faccat.br, legislacao@faccat.br;Avenida Oscar Martins Rangel - 4500 - CEP: 95612-150 - Fogão Gaúcho;Taquara;RS;Faculdade;Presencial - Superior;Privada;Privada sem fins lucrativos;15/12/1988;5;2023;-;;4;2023;;;;Ativa
625;ASSOCIACAO DE ENSINO E CULTURA DE MATO GROSSO DO SUL;01.923.317/0001-62;Pessoa Jurídica de Direito Privado - Sem fins lucrativos - Associação de Utilidade Pública;1038;FACULDADES INTEGRADAS DE TRÊS LAGOAS (AEMS);AEMS;(67) 2105.6071;www.aems.edu.br;aems@aems.edu.br;Rua Júlio Ferreira Xavier - 2750 - CEP: 79610-320 - Distrito Industrial;Três Lagoas;MS;Faculdade;Presencial - Superior;Privada;Privada sem fins lucrativos;28/12/1994;4;2024;-;;4;2023;;;;Ativa
688;INSTITUICAO CULTURAL E EDUCACIONAL DE IVAIPORA;78.600.012/0001-44;Pessoa Jurídica de Direito Privado - Sem fins lucrativos - Associação de Utilidade Pública;3688;FACULDADES INTEGRADAS DO VALE DO IVAÍ;-;(43) 3472 1414;www.univale.com.br;diretoria@univale.com.br;Avenida Minas Gerais - 651 - CEP: 86870-000 - Centro;Ivaiporã;PR;Faculdade;Presencial - Superior;Privada;Privada sem fins lucrativos;14/07/1987;4;2024;4;2021;4;2023;;;;Ativa
766;INSTITUTO PAULISTA DE ENSINO E PESQUISA-IPEP;67.996.488/0001-20;Privada sem fins lucrativos;1385;FACULDADES INTEGRADAS IPEP (FIPEP);FIPEP;(11) 3293 3559 - 31131313;www.ipep.edu.br;"diretoriadeensino@ipep.edu.br; assessor.dg@ipep.edu.br; adminead@ipep.edu.br";Rua Pirapitingui - 186 - CEP: 01508-020 - Liberdade;São Paulo;SP;Faculdade;Presencial - Superior;Privada;Privada sem fins lucrativos;03/11/1999;3;2018;-;;2;2023;;;Suspensão PROUNI;Ativa
296;FUNDACAO EDUCACIONAL MACHADO DE ASSIS;95.817.615/0001-11;Privada sem fins lucrativos;1842;FACULDADES INTEGRADAS MACHADO DE ASSIS (FEMA);FEMA;5535119100;www.fema.com.br;regina@fema.com.br,faculdades@fema.com.br;Rua Rua Santos Dumont - 820 - CEP: 98780-109 - Centro;Santa Rosa;RS;Faculdade;EAD - Superior / Presencial - Superior /;Privada;Privada sem fins lucrativos;30/04/2001;4;2023;5;2021;3;2023;;;;Ativa
494;INSTITUTO MARIA IMACULADA;51.913.697/0001-22;Privada sem fins lucrativos;734;FACULDADES INTEGRADAS MARIA IMACULADA (FIMI);FIMI;(19) 38614066;http://www.mariaimaculada.br;secretaria@mariaimaculada.br;Rua Paula Bueno - 240 - CEP: 13840-040 - Centro;Mogi Guaçu;SP;Faculdade;Presencial - Superior;Privada;Privada sem fins lucrativos;10/05/1991;4;2017;-;;4;2023;;;;Ativa
18033;ASSOCIACAO POTENCIAL DE ENSINO;39.440.380/0001-10;Pessoa Jurídica de Direito Privado - Sem fins lucrativos - Associação de Utilidade Pública;21502;FACULDADES INTEGRADAS POTENCIAL (FIP);FIP;(11) 46141340;https://fipcotia.edu.br/;direcaoacademica@fipcotia.edu.br;Rua José Augusto Pedroso - 44 - CEP: 06717-126 - Vila São Francisco de Assis;Cotia;SP;Faculdade;EAD - Superior / Presencial - Superior /;Privada;Privada sem fins lucrativos;08/01/2018;5;2023;5;2021;3;2023;;;;Ativa
1218;FUNDACAO DE ROTARIANOS DE SAO PAULO;61.370.094/0001-85;Privada sem fins lucrativos;13481;FACULDADES INTEGRADAS RIO BRANCO GRANJA VIANNA (FRB-GV);FRB-GV;(11) 4613-8732;www.riobrancofac.edu.br;wagner.tadeu@riobrancofac.edu.br, jose.souza@riobrancofac.edu.br, diretoria@frsp.org;Rodovia Raposo Tavares - 7200 - CEP: 06707-000 - Granja Viana;Cotia;SP;Faculdade;EAD - Superior / Presencial - Superior /;Privada;Privada sem fins lucrativos;01/04/2011;4;2023;3;2022;3;2023;;;;Ativa
94;ASSOCIACAO CULTURAL E EDUCACIONAL DE BARRETOS - ACEB;45.286.234/0001-85;Privada sem fins lucrativos;2575;FACULDADES INTEGRADAS SOARES DE OLIVEIRA (FISO);FISO;(17)3612-6584;www.fiso.edu.br;secretaria.fiso@gmail.com;Avenida Vinte e Nove - 783 - CEP: 14780-070 - Centro;Barretos;SP;Faculdade;Presencial - Superior;Privada;Privada sem fins lucrativos;16/05/2002;3;2016;-;;2;2016;;;;Ativa
82;FUNDACAO EDUCACIONAL DE ANDRADINA;48.420.889/0001-92;Privada sem fins lucrativos;1844;FACULDADES INTEGRADAS STELLA MARIS DE ANDRADINA (FISMA);FISMA;(18) 3702 3702;www.fea.br;fisma@fea.br;Rua Amazonas - 571 - CEP: 16901-160 - Stella Maris;Andradina;SP;Faculdade;Presencial - Superior;Privada;Privada sem fins lucrativos;03/01/1973;3;2023;-;;3;2023;;;;Ativa
18367;FUNDACAO PARA O DESENVOLVIMENTO DAS ARTES E DA COMUNICACAO;03.349.489/0001-08;Privada sem fins lucrativos;25745;Faculdades Integradas Univoltaire;-;11999617101;https://fundaec.online;fabio.c.moraes@alumni.usp.br;Rua Teixeira Mendes - 40 - CEP: 01517-010 - Liberdade;São Paulo;SP;Faculdade;EAD - Superior /;Privada;Privada sem fins lucrativos;23/03/2022;-;;4;2021;-;;;;;Ativa
178;ASSOCIACAO DE ENSINO E CULTURA URUBUPUNGA AECU;44.446.391/0001-48;Privada sem fins lucrativos;1266;FACULDADES INTEGRADAS URUBUPUNGÁ (FIU);FIU;(18) 3704 4242;www.edufiu.com.br;fiu@fiu.com.br;Avenida Coronel Jonas Alves de Mello - 1.660 - CEP: 15370-000 - Centro;Pereira Barreto;SP;Faculdade;EAD - Superior / Presencial - Superior /;Privada;Privada sem fins lucrativos;25/01/1973;3;2019;3;2019;3;2023;;;;Ativa
12120;ASSOCIACAO EDUCACIONAL JOAO PAULO II;09.152.925/0001-22;Pessoa Jurídica de Direito Privado - Sem fins lucrativos - Associação de Utilidade Pública;12869;FACULDADES JOÃO PAULO II (FJP);FJP;54-30460914;www.fjp.edu.br;mantenedorafjp@gmail.com;Rua Tiradentes - 42 - CEP: 99010-260 - Centro;Passo Fundo;RS;Faculdade;Presencial - Superior;Privada;Privada sem fins lucrativos;25/10/2011;3;2022;-;;2;2023;;;;Ativa
12120;ASSOCIACAO EDUCACIONAL JOAO PAULO II;09.152.925/0001-22;Pessoa Jurídica de Direito Privado - Sem fins lucrativos - Associação de Utilidade Pública;19542;FACULDADES JOÃO PAULO II - Campus Porto Alegre (FJP);FJP;;www.fjp.edu.br;joaopaulofac.poa@gmail.com;Avenida Independência - 343 - CEP: 90035-074 - Independência;Porto Alegre;RS;Faculdade;Presencial - Superior;Privada;Privada sem fins lucrativos;11/01/2017;4;2025;-;;-;;;;;Ativa
12120;ASSOCIACAO EDUCACIONAL JOAO PAULO II;09.152.925/0001-22;Pessoa Jurídica de Direito Privado - Sem fins lucrativos - Associação de Utilidade Pública;19587;FACULDADES JOÃO PAULO II - PELOTAS (FJP -PELOTAS);FJP -PELOTAS;;www.fjp.edu.br;mantenedorafjp@gmail.com;Rua Marechal Floriano - 107 - CEP: 96015-440 - Centro;Pelotas;RS;Faculdade;Presencial - Superior;Privada;Privada sem fins lucrativos;21/12/2016;2;2022;-;;-;;;;;Ativa
15808;ASSOCIACAO DE ENSINO SUPERIOR PONTAPORANENSE-AESP;01.998.483/0001-28;Pessoa Jurídica de Direito Privado - Sem fins lucrativos - Associação de Utilidade Pública;940;Faculdades Magsul (FAMAG);FAMAG;(67) 34373838;www.magsul.edu.br;direcao@magsul-ms.com.br;Avenida Presidente Vargas - 725 - CEP: 79904-616 - Centro;Ponta Porã;MS;Faculdade;EAD - Superior / Presencial - Superior /;Privada;Privada sem fins lucrativos;14/08/1986;5;2024;4;2019;3;2023;;;Unificação de Mantidas;Ativa
678;SOCIEDADE NACIONAL DE AGRICULTURA;33.761.644/0001-51;Privada sem fins lucrativos;954;Faculdade SNA Digital (SNA Digital);SNA Digital;(21) 32316350;www.snadigital.com.br;secretaria@snadigital.com.br;Avenida Brasil - 9727 - CEP: 21012-351 - PENHA;Rio de Janeiro;RJ;Faculdade;EAD - Superior / EAD - Lato-sensu /;Privada;Privada sem fins lucrativos;27/12/1994;1;2023;4;2019;2;2009;;;Em Descredenciamento voluntário;Ativa
135;FUNDACAO TECNICO EDUCACIONAL SOUZA MARQUES;33.775.164/0001-40;Pessoa Jurídica de Direito Privado - Sem fins lucrativos - Associação de Utilidade Pública;192;FACULDADE SOUZA MARQUES (FSM);FSM;(21) 2128-4923;souzamarques.br;direcaodegraduacao@souzamarques.br;AVENIDA ERNANI CARDOSO - 335/345 - CEP: 21310-310 - Cascadura;Rio de Janeiro;RJ;Faculdade;EAD - Superior / Presencial - Superior /;Privada;Privada sem fins lucrativos;18/03/1968;4;2024;4;2019;3;2023;;;Unificação de Mantidas;Ativa
1812;ASSOCIACAO HOSPITALAR DE PROT INFANCIA DR RAUL CARNEIRO;76.591.569/0001-30;Privada sem fins lucrativos;2787;FACULDADES PEQUENO PRÍNCIPE (FPP);FPP;(41) 3310 1500;www.fpp.edu.br;adrianne.rauli@fpp.edu.br;Avenida Iguaçu - 333 - CEP: 80230-020 - Rebouças;Curitiba;PR;Faculdade;EAD - Superior / Presencial - Superior /;Privada;Privada sem fins lucrativos;10/12/2003;5;2023;4;2022;4;2023;;;;Ativa
1891;ASSOCIACAO EDUCACIONAL DE PATOS DE MINAS - AEPM;03.238.898/0001-29;Privada sem fins lucrativos;19910;Faculdades Planalto Central (FPC);FPC;061 3233-6109;http://fpc.edu.br;direcao.projetos@fpc.edu.br;Trecho SIA Trecho 8 - S/N - CEP: 71205-080 - Zona Industrial (Guará);Brasília;DF;Faculdade;Presencial - Superior;Privada;Privada sem fins lucrativos;18/05/2017;4;2022;-;;2;2023;;;;Ativa
448;ASSOCIACAO DE SOLIDARIEDADE A CRIANCA EXCEPCIONAL ASCE;33.861.865/0001-00;Privada sem fins lucrativos;677;Faculdades Reunidas da ASCE (FRASCE);FRASCE;"(21) 2209-9400;(21)3866-0124";www.frasce.edu.br;amiltondonascimento@gmail.com;Rua Uarumã - 80 - CEP: 21050-660 - Higienópolis;Rio de Janeiro;RJ;Faculdade;Presencial - Superior;Privada;Privada sem fins lucrativos;19/01/1977;4;2023;-;;3;2023;;;;Ativa
1139;CENTRO DE ENSINO SUPERIOR STRONG;03.986.941/0001-34;Pessoa Jurídica de Direito Privado - Sem fins lucrativos - Associação de Utilidade Pública;1723;Faculdade Strong Business School;-;(11) 44336161;www.strong.com.br;esags@esags.edu.br;Avenida Industrial - 1455 - CEP: 09080-510 - Jardim;Santo André;SP;Faculdade;EAD - Superior / Presencial - Superior /;Privada;Privada sem fins lucrativos;22/05/2001;4;2024;4;2019;3;2023;;;;Ativa
16060;INSTITUTO NACIONAL;18.716.009/0001-69;Privada sem fins lucrativos;2041;FACULDADE SUDAMÉRICA (SUDAMÉRICA);SUDAMÉRICA;(32) 3422 7879;www.sudamerica.edu.br;sudamerica@sudamerica.edu.br;Rua Ofélia Resende - 101 - CEP: 36773-082 - Menezes;Cataguases;MG;Faculdade;EAD - Superior / Presencial - Superior /;Privada;Privada sem fins lucrativos;20/09/2002;4;2017;4;2019;3;2023;;;;Ativa
19663;INSTITUTO SUMARE;11.924.397/0001-24;Pessoa Jurídica de Direito Privado - Sem fins lucrativos - Associação de Utilidade Pública;30011;Faculdade Sumaré (FS);FS;;;cidopimentel@gmail.com;Colégio Serafim, QD 25, Conj. A, Lote 3, Setor 03 - - CEP: 72910-253 - Setor 03;Águas Lindas de Goiás;GO;Faculdade;Presencial - Superior;Privada;Privada sem fins lucrativos;08/09/2025;3;2024;-;;-;;;;Suspensão PROUNI;Ativa
19589;ASSOCIACAO EDUCACIONAL PARA O DESENVOLVIMENTO DO ENSINO SUPERIOR E PROFISSIONAL DO SUL - AEDESP-SUL;52.229.355/0001-50;Pessoa Jurídica de Direito Privado - Sem fins lucrativos - Associação de Utilidade Pública;29711;FACULDADES UNIDAS DE IMBITUBA;-;;;aedespsul@gmail.com;Rua Santana - Vila Nova - 931 - CEP: 88782-000 - Vila Nova;Imbituba;SC;Faculdade;Presencial - Superior;Privada;Privada sem fins lucrativos;23/06/2026;4;2025;-;;-;;;;;Ativa
218;INSTITUTO ENSINAR BRASIL;19.322.494/0001-59;Pessoa Jurídica de Direito Privado - Sem fins lucrativos - Associação de Utilidade Pública;5313;Faculdades Unificadas de Cataguases (FUC);FUC;33 3322 6321 / 33 3322 6329;www.doctum.edu.br;"diretoria@doctum.edu.br; morgana@doctum.edu.br";Avenida Coronel Antônio Augusto de Souza - 442 - CEP: 36772-000 - Vila Tereza;Cataguases;MG;Faculdade;Presencial - Superior;Privada;Privada sem fins lucrativos;18/03/2004;4;2023;-;;3;2023;;;;Ativa
218;INSTITUTO ENSINAR BRASIL;19.322.494/0001-59;Pessoa Jurídica de Direito Privado - Sem fins lucrativos - Associação de Utilidade Pública;5315;Faculdades Unificadas de Iúna (FUI);FUI;33 3322 6321 / 33 3322 6329;www.doctum.edu.br;"diretoria@doctum.edu.br; morgana@doctum.edu.br";Rua Professora Terpina Lacerda - s/n - CEP: 29390-000 - Quilombo;Iúna;ES;Faculdade;Presencial - Superior;Privada;Privada sem fins lucrativos;14/07/2003;4;2018;-;;3;2023;;;Em Descredenciamento voluntário;Ativa
218;INSTITUTO ENSINAR BRASIL;19.322.494/0001-59;Pessoa Jurídica de Direito Privado - Sem fins lucrativos - Associação de Utilidade Pública;5316;Faculdades Unificadas de Leopoldina (FUL);FUL;(33)3321 6321 / 3322 6329;www.doctum.edu.br;"diretoria@doctum.com.br; morgana@doctum.edu.br";Avenida Getúlio Vargas - 635 - CEP: 36700-216 - Centro;Leopoldina;MG;Faculdade;Presencial - Superior;Privada;Privada sem fins lucrativos;;4;2023;-;;3;2023;;;;Ativa
19922;INSTITUTO DE INOVACAO, TECNOLOGIA E DESENVOLVIMENTO EDUCACIONAL - INOVATIVA;44.362.171/0001-36;Pessoa Jurídica de Direito Privado - Sem fins lucrativos - Associação de Utilidade Pública;24437;FACULDADE SYNTESE (FASYNTE);FASYNTE;(67) 99827-5748;;erikakbcosta@gmail.com;Rua Guilherme Hans - 43 - CEP: 78065-170 - Jardim Tropical;Cuiabá;MT;Faculdade;EAD - Superior /;Privada;Privada sem fins lucrativos;19/01/2024;-;;4;2019;-;;;;;Ativa
887;SOEC SOCIEDADE OLINDENSE DE EDUCACAO E CULTURA;69.904.449/0001-80;Pessoa Jurídica de Direito Privado - Sem fins lucrativos - Associação de Utilidade Pública;19565;Faculdade Tecnológica de Pernambuco (FATEPE);FATEPE;81 988330066;www.fatepe.edu.br;secfatepe@gmail.com;Avenida Doutor José Augusto Moreira - 990 - CEP: 53130-410 - Casa Caiada;Olinda;PE;Faculdade;Presencial - Superior;Privada;Privada sem fins lucrativos;06/12/2017;4;2024;-;;3;2023;;;;Ativa
13291;ASSOCIACAO DE ENSINO JOSE WELLINGTON BEZERRA DA COSTA;08.407.930/0001-76;Pessoa Jurídica de Direito Privado - Sem fins lucrativos - Associação de Utilidade Pública;14194;FACULDADE TECNOLÓGICA DE SÃO PAULO (FATESP);FATESP;(17)34215653;www.fatecvotu.com.br;reitoria@fatecc.com.br;Rua José Sanches Peres - 3040 - CEP: 15501-210 - São João;Votuporanga;SP;Faculdade;Presencial - Superior;Privada;Privada sem fins lucrativos;29/12/2014;4;2025;4;2018;-;;;;;Ativa
2261;FACULDADE TEOLOGICA BATISTA DE BRASILIA;00.505.172/0001-17;Pessoa Jurídica de Direito Privado - Sem fins lucrativos - Associação de Utilidade Pública;3573;FACULDADE TEOLÓGICA BATISTA DE BRASÍLIA (FTBB);FTBB;(61) 3272 1136;www.ftbb.edu.br;secretaria@ftbb.edu.br;Quadra SGAN 611 Módulo B - s/n - CEP: 70830-502 - Asa Norte;Brasília;DF;Faculdade;Presencial - Superior;Privada;Privada sem fins lucrativos;01/09/2005;3;2023;-;;2;2023;;;;Ativa
18105;REDE BATISTA DE EDUCACAO DA CONVENCAO BATISTA DO ESTADO DE SAO PAULO;60.974.680/0001-76;Pessoa Jurídica de Direito Privado - Sem fins lucrativos - Associação de Utilidade Pública;3770;FACULDADE TEOLÓGICA BATISTA DE SÃO PAULO (FTBSP);FTBSP;(11) 3879 3600;www.teologica.br;"diretoriageral@batistabrasileiro.com.br; regulacao@batistabrasileiro.com.br";Rua João Ramalho - 466 - CEP: 05008-001 - Perdizes;São Paulo;SP;Faculdade;EAD - Superior / Presencial - Superior /;Privada;Privada sem fins lucrativos;20/05/2005;4;2024;4;2024;3;2023;;;;Ativa
15669;MISSAO EVANGELICA BETANIA;18.208.207/0001-11;Pessoa Jurídica de Direito Privado - Sem fins lucrativos - Associação de Utilidade Pública;17288;Faculdade Teológica Betânia (FATEBE);FATEBE;(41) 30148376;www.faculdadebetania.com.br;"rogeriofatebe@gmail.com; lidianebetania@gmail.com";Avenida Iguaçu - 1700 - CEP: 80250-190 - Água Verde;Curitiba;PR;Faculdade;Presencial - Superior;Privada;Privada sem fins lucrativos;07/05/2014;4;2024;4;2022;4;2023;;;;Ativa
1673;ASSOCIACAO CRISTA EVANGELICA SUL AMERICANA;86.873.668/0001-69;Pessoa Jurídica de Direito Privado - Sem fins lucrativos - Associação de Utilidade Pública;2573;FACULDADE TEOLÓGICA SUL AMERICANA (FTSA);FTSA;43-3371-0200;www.ftsa.edu.br;jorge@ftsa.edu.br;Rua Martinho Lutero - 277 - CEP: 86055-670 - Gleba Palhano;Londrina;PR;Faculdade;EAD - Superior / Presencial - Superior /;Privada;Privada sem fins lucrativos;13/05/2002;4;2023;5;2019;4;2023;;;;Ativa
17309;FUNDACAO AGRICOLA TEUTONIA;89.780.027/0001-58;Privada sem fins lucrativos;23952;Faculdade Teutônia (FACT);FACT;(51) 3762 - 4040;;faculdadeteutonia@colegioteutonia.com.br;Rua Asido Dreyer - 1285 - CEP: 95890-000 - Teutônia;Teutônia;RS;Faculdade;Presencial - Superior;Privada;Privada sem fins lucrativos;19/01/2024;4;2023;-;;-;;;;;Ativa
209;SOCIEDADE EDUCACIONAL TRES DE MAIO;98.039.852/0001-97;Privada sem fins lucrativos;294;FACULDADE TRÊS DE MAIO (SETREM);SETREM;(55) 3535 4600;www.setrem.edu.br;faculdade@setrem.com.br;Avenda Santa Rosa - 2.405 - CEP: 98910-000 - Centro;Três de Maio;RS;Faculdade;EAD - Superior / Presencial - Superior /;Privada;Privada sem fins lucrativos;17/12/1999;4;2023;5;2022;3;2023;;;;Ativa
2124;FUNDACAO DE ENSINO E PESQUISA DO SUL DE MINAS;21.420.856/0001-96;Pessoa Jurídica de Direito Privado - Sem fins lucrativos - Fundação;14165;FACULDADE TRÊS PONTAS (FATEP);FATEP;35 3266 2020;www.unis.edu.br;"p.institucional@unis.edu.br;dimitri.barbosa@unis.edu.br;juarez.rezende@unis.edu.br";Praça D'Aparecida - 57 - CEP: 37190-000 - Centro;Três Pontas;MG;Faculdade;Presencial - Superior;Privada;Privada sem fins lucrativos;04/01/2002;5;2024;-;;3;2023;;;;Ativa
19578;INSTITUICAO EDUCACIONAL TREZE DE MAIO;52.154.084/0001-11;Pessoa Jurídica de Direito Privado - Sem fins lucrativos - Associação de Utilidade Pública;29986;Faculdade Treze de Maio (FTM);FTM;;;;Rua Verava, Bloco B - 97 - CEP: 04730-010 - Várzea de Baixo;São Paulo;SP;Faculdade;Presencial - Superior;Privada;Privada sem fins lucrativos;26/01/2026;4;2025;-;;-;;;;;Ativa
16308;ASSOCIACAO KEPPE E PACHECO;02.620.253/0001-93;Pessoa Jurídica de Direito Privado - Sem fins lucrativos - Associação de Utilidade Pública;20636;Faculdade Trilógica Nossa Senhora de Todos os Povos (FATRI );FATRI;3532513800;www.fatri.edu.br;claudiapacheco@keppepacheco.edu.br;Avenida Nossa Senhora Aparecida - 59 - CEP: 37420-000 - Centro;Cambuquira;MG;Faculdade;Presencial - Superior;Privada;Privada sem fins lucrativos;21/09/2017;5;2022;-;;3;2023;;;;Ativa
15602;INSTITUTO PATER DE EDUCACAO E CULTURA;21.289.889/0001-49;Pessoa Jurídica de Direito Privado - Sem fins lucrativos - Associação de Utilidade Pública;3430;Faculdade Uberlandense de Núcleos Integrados de Ensino, Serviço Social e Aprendizagem (FAESSA);FAESSA;"(34) 3254 1213; 34999772616";www.uniessa.com.br;procurador.institucional@uniessa.com.br;Rua Bocaiúva - 82 - CEP: 38411-126 - Morada da Colina;Uberlândia;MG;Faculdade;EAD - Superior / Presencial - Superior /;Privada;Privada sem fins lucrativos;08/12/2004;4;2019;4;2018;3;2023;;;;Ativa
1181;INSTITUTO TECNOLOGICO DO SUDOESTE PAULISTA SYLVESTRE FERRAZ EGREJA;03.370.504/0001-91;Pessoa Jurídica de Direito Privado - Sem fins lucrativos - Associação de Utilidade Pública;1781;FACULDADE UNIÃO LATINO AMERICANA;-;(14) 3344 1157;unilatam.com.br;procuradoria@paivaeducacional.com.br;Rua Deoclides da Silva Guidio - 469 - CEP: 18950-000 - Centro;Ipaussu;SP;Faculdade;Presencial - Superior;Privada;Privada sem fins lucrativos;25/07/2001;3;2024;-;;2;2019;;;;Ativa
3484;ASSOCIACAO EDUCACIONAL DR. ODILON FERNANDES;19.062.231/0001-58;Pessoa Jurídica de Direito Privado - Sem fins lucrativos - Associação de Utilidade Pública;4166;FACULDADE UNIBRASÍLIA DE MINAS GERAIS (BRASÍLIA);BRASÍLIA;11991410028;faculdadeunibrasilia.com.br/uberaba;clausemir.paula@braseducacional.com.br;Avenida Tonico dos Santos - 333 - CEP: 38040-000 - Jardim Induberaba;Uberaba;MG;Faculdade;Presencial - Superior;Privada;Privada sem fins lucrativos;20/01/2001;3;2017;-;;3;2023;;;;Ativa
1724;CEE-CENTRO DE ESTUDOS ESPECIALIZADOS;03.962.607/0001-40;Pessoa Jurídica de Direito Privado - Sem fins lucrativos - Associação de Utilidade Pública;2652;FACULDADE UNIDA DE VITÓRIA (FACULDADE UNIDA);FACULDADE UNIDA;(27) 3325 2071;www.fuv.edu.br;wanderley@fuv.edu.br;Rua Engenheiro Fábio Ruschi - 161 - CEP: 29050-670 - Bento Ferreira;Vitória;ES;Faculdade;EAD - Superior / Presencial - Superior /;Privada;Privada sem fins lucrativos;16/11/2005;5;2025;4;2022;5;2023;;;;Ativa
19586;INSTITUTO DUARTE COELHO;14.822.448/0001-03;Pessoa Jurídica de Direito Privado - Sem fins lucrativos - Associação de Utilidade Pública;1136;FACULDADE UNIFACIG (FACIG);FACIG;(81) 3543 1636/(81) 3543 1205 / (81) 988620463;www.facig-pe.edu.br;regulacaomec@facig-pe.edu.br;RODOVIA BR 101-NORTE, KM 25 - S/N - CEP: 53610-595 - Centro;Igarassu;PE;Faculdade;Presencial - Superior;Privada;Privada sem fins lucrativos;29/06/1998;3;2011;-;;3;2023;;;;Ativa
16360;FUNDACAO UNIMED;00.636.771/0001-70;Privada sem fins lucrativos;20053;FACULDADE UNIMED;-;(31)21212900;www.faculdadeunimed.edu.br;nataliachaves@faculdadeunimed.edu.br;Rua Grão Pará - 379 - CEP: 30150-340 - Santa Efigênia;Belo Horizonte;MG;Faculdade;EAD - Superior / Presencial - Superior /;Privada;Privada sem fins lucrativos;18/08/2016;4;2022;5;2018;3;2023;;;;Ativa
16444;INSTITUTO SUPERIOR DE EDUCACAO DE ITAPIPOCA - ISEIT;21.263.001/0001-07;Pessoa Jurídica de Direito Privado - Sem fins lucrativos - Associação de Utilidade Pública;3680;FACULDADE UNINTA FORTALEZA - Gestão e Negócios;-;(85)3535-1555 /;https://unintagestaoenegocios.com.br;prodi@uninta.edu.br;Avenida Engenheiro Santana Júnior - S/N - CEP: 60192-200 - Cocó;Fortaleza;CE;Faculdade;Presencial - Superior;Privada;Privada sem fins lucrativos;14/11/2003;4;2024;-;;4;2021;;;;Ativa
2124;FUNDACAO DE ENSINO E PESQUISA DO SUL DE MINAS;21.420.856/0001-96;Pessoa Jurídica de Direito Privado - Sem fins lucrativos - Fundação;20591;FACULDADE UNIS POUSO ALEGRE;-;35999552112;unis.edu.br;"p.institucional@unis.edu.br;dimitri.barbosa@unis.edu.br;daniel.faria@unis.edu.br";Avenida Vicente Simões - 171 - CEP: 37550-000 - Centro;Pouso Alegre;MG;Faculdade;Presencial - Superior;Privada;Privada sem fins lucrativos;29/03/2018;4;2023;-;;3;2023;;;Em Descredenciamento voluntário;Ativa
2124;FUNDACAO DE ENSINO E PESQUISA DO SUL DE MINAS;21.420.856/0001-96;Pessoa Jurídica de Direito Privado - Sem fins lucrativos - Fundação;2229;FACULDADE UNIS SÃO LOURENÇO;-;(35)33394400;unis.edu.br;"p.institucional@unis.edu.br;dimitri.barbosa@unis.edu.br;roger.rodrigues@unis.edu.br";Rua Dr. Olavo Gomes Pinto - 290 - CEP: 37470-000 - Centro;São Lourenço;MG;Faculdade;Presencial - Superior;Privada;Privada sem fins lucrativos;26/07/2005;4;2023;-;;3;2023;;;;Ativa
17363;INSTITUTO ROSE-CROIX DE ENSINO, PESQUISA E EXTENSAO;05.834.175/0001-18;Pessoa Jurídica de Direito Privado - Sem fins lucrativos - Associação de Utilidade Pública;24286;Faculdade URCI (FURCI);FURCI;4133513014;www.urci.org.br;secretaria@urci.org.br;Rua Nicarágua - 2453 - CEP: 82515-260 - Bacacheri;Curitiba;PR;Faculdade;EAD - Superior /;Privada;Privada sem fins lucrativos;17/07/2023;-;;4;2020;-;;;;Em Descredenciamento voluntário;Ativa
323;ASSOCIACAO BRASILEIRA DE ENSINO UNIVERSITARIO ABEU;30.831.606/0001-30;Privada sem fins lucrativos;2538;FACULDADE VENDA NOVA DO IMIGRANTE (FAVENI);FAVENI;(028)3546-3349;www.faveni.edu.br;secretaria@faveni.edu.br;Avenida Evandi Américo Comarela - S/N - CEP: 29375-000 - Centro;Venda Nova do Imigrante;ES;Faculdade;EAD - Superior / Presencial - Superior /;Privada;Privada sem fins lucrativos;26/08/2002;5;2025;5;2019;4;2023;;;;Ativa
17140;INSTITUTO AUDY AZEVEDO;05.754.032/0001-04;Pessoa Jurídica de Direito Privado - Sem fins lucrativos - Associação de Utilidade Pública;19597;Faculdade ViaSapiens (FVS);FVS;88993296773;www.faculdadeviasapiens.com.br;regulacao@faculdadeviasapiens.com.br;Avenida Prefeito Jacques Nunes - 1739 - CEP: 62320-069 - Centro;Tianguá;CE;Faculdade;EAD - Superior / Presencial - Superior /;Privada;Privada sem fins lucrativos;21/12/2016;4;2022;4;2021;3;2023;;;;Ativa
2218;CONGREGACAO DA MISSAO PROVINCIA DO SUL;76.535.665/0001-61;Privada sem fins lucrativos;3509;FACULDADE VICENTINA - FAVI (FAVI);FAVI;(41) 3222 7716;www.faculdadevicentina.com.br;pe.ilsoncm@hotmail.com;Rua Jaime Reis - 531 - CEP: 80510-020 - Alto São Francisco;Curitiba;PR;Faculdade;Presencial - Superior;Privada;Privada sem fins lucrativos;03/11/2006;4;2024;-;;4;2023;;;;Ativa
111;FUNDACAO VISCONDE DE CAIRU;15.239.981/0001-00;Privada sem fins lucrativos;1363;FACULDADE VISCONDE DE CAIRÚ (FAVIC);FAVIC;(71) 2108 8503;www.cairu.br;presidencia@cairu.br;RUA DO SALETE - 50 - CEP: 40070-200 - BARRIS;Salvador;BA;Faculdade;EAD - Superior / Presencial - Superior /;Privada;Privada sem fins lucrativos;06/09/1999;5;2023;4;2017;3;2023;;;;Ativa
17356;FACULDADE VITORIA EM CRISTO - FVC;32.492.049/0001-03;Pessoa Jurídica de Direito Privado - Sem fins lucrativos - Associação de Utilidade Pública;24463;Faculdade Vitória em Cristo (FVC);FVC;;www.faculdadevitoriaemcristo.edu.br;coord.teologia@faculdadevitoriaemcristo.edu.br;Rua André Rocha - 890 - CEP: 22730-522 - Taquara;Rio de Janeiro;RJ;Faculdade;EAD - Superior /;Privada;Privada sem fins lucrativos;02/12/2021;-;;4;2021;-;;;;;Ativa
18352;INSTITUTO VIVA ESPIRITO SANTO;33.989.110/0001-87;Pessoa Jurídica de Direito Privado - Sem fins lucrativos - Associação de Utilidade Pública;1443;FACULDADE VIVA VITÓRIA (FAVIVA);FAVIVA;(27) 999280910;www.faviva.com.br;direcao@faviva.com.br;Rua Italina Pereira Motta - 500 - CEP: 29090-370 - Jardim Camburi;Vitória;ES;Faculdade;Presencial - Superior;Privada;Privada sem fins lucrativos;29/12/1999;4;2023;-;;2;2021;;;Suspensão contrato FIES, Suspensão PROUNI;Ativa
17181;INSTITUTO VOLPE MIELE - IVM;18.312.485/0001-14;Pessoa Jurídica de Direito Privado - Sem fins lucrativos - Associação de Utilidade Pública;23723;FACULDADE VOLPE MIELE (FVM);FVM;16 30435638;;tania@ipebj.com.br;Avenida Senador César Vergueiro - 505 - CEP: 14020-500 - Jardim Irajá;Ribeirão Preto;SP;Faculdade;EAD - Superior /;Privada;Privada sem fins lucrativos;14/05/2021;4;2020;4;2019;-;;;;;Ativa
352;ASSOCIACAO DE EDUCACAO, SAUDE E CULTURA - AESC;21.033.980/0001-07;Privada sem fins lucrativos;510;FACULDADE WENCESLAU BRAZ;-;(35) 3622 0930;http://www.fwb.edu.br;fwb@fwb.edu.br;Avenida Cesário Alvim - 566 - CEP: 37501-059 - Centro;Itajubá;MG;Faculdade;Presencial - Superior;Privada;Privada sem fins lucrativos;29/10/1954;4;2018;-;;4;2023;;;;Ativa
1875;INSTITUTO AFROBRASILEIRO DE ENSINO SUPERIOR;05.234.052/0001-46;Privada sem fins lucrativos;2886;FACULDADE ZUMBI DOS PALMARES (FAZP);FAZP;(11)3325 1000;www.zumbidospalmares.edu.br;"secretaria.geral@zumbidospalmares.edu.br; zumbi.institucional@gmail.com;lincoln.villasboas@gmail.com";Avenida Santos Dumont - 843 - CEP: 01101-000 - Ponte Pequena;São Paulo;SP;Faculdade;Presencial - Superior;Privada;Privada sem fins lucrativos;17/12/2002;4;2016;-;;3;2023;;;;Ativa
478;ASSOCIACAO FRANCISCANA DE ENSINO SENHOR BOM JESUS;76.497.338/0001-62;Privada sem fins lucrativos;715;FAE CENTRO UNIVERSITÁRIO;-;(41) 2112-8122;www.fae.edu;nleg@fae.edu;Rua 24 de Maio - 135 - CEP: 80230-080 - Centro;Curitiba;PR;Centro Universitário;EAD - Superior / Presencial - Superior /;Privada;Privada sem fins lucrativos;23/04/1959;5;2019;5;2022;4;2023;;;;Ativa
122;FUNDACAO EDUCANDARIO SANTARRITENSE;24.492.860/0001-58;Pessoa Jurídica de Direito Privado - Sem fins lucrativos - Associação de Utilidade Pública;166;FAI - CENTRO DE ENSINO SUPERIOR EM GESTÃO, TECNOLOGIA E EDUCAÇÃO;-;(35) 3473 3036;www.fai-mg.br;fai@fai-mg.br;Av. Antonio de Cássia - 472 - CEP: 37540-000 - Jardim Santo Antonio;Santa Rita do Sapucaí;MG;Faculdade;Presencial - Superior;Privada;Privada sem fins lucrativos;13/01/1971;4;2023;-;;3;2023;;;;Ativa
1950;ASSOCIACAO CULTURAL E EDUCACIONAL INTERDIOCESANA;05.200.943/0001-81;Privada sem fins lucrativos;3012;FAJOPA - FACULDADE JOÃO PAULO II (FAJOPA);FAJOPA;(14) 34141965;www.fajopa.edu.br;sec.geral@fajopa.edu.br;Rua Bartolomeu de Gusmão - 531 - CEP: 17506-280 - Jardim América;Marília;SP;Faculdade;EAD - Superior / Presencial - Superior /;Privada;Privada sem fins lucrativos;08/12/2003;3;2017;4;2019;3;2023;;;;Ativa
110;FUNDACAO GETULIO VARGAS;33.641.663/0001-44;Privada sem fins lucrativos;21952;FGV / Escola de Relações Internacionais (FGV/RI);FGV/RI;(11) 3799 3755;ri.fgv.br;ri@fgv.br;Avenida Paulista - 548 - CEP: 01310-000 - Bela Vista;São Paulo;SP;Faculdade;Presencial - Superior;Privada;Privada sem fins lucrativos;22/06/2018;5;2018;-;;5;2023;;;;Ativa
280;ASSOCIACAO OLINDENSE DOM VITAL DE ENSINO SUPERIOR;11.573.730/0001-06;Privada sem fins lucrativos;405;FOCCA - FACULDADE DE OLINDA (FOCCA);FOCCA;81-99207 9713;www.focca.com.br;"fau.augusta@outlook.com; emec@anovaeducacao.com";Rua do Bonfim - 37 - CEP: 53120-090 - Carmo;Olinda;PE;Faculdade;EAD - Superior / Presencial - Superior /;Privada;Privada sem fins lucrativos;25/05/1972;3;2025;3;2022;2;2023;;;;Ativa
16519;FUNDACAO EXPOSICAO BIBLICA;21.847.999/0001-89;Privada sem fins lucrativos;21201;FTRB - Faculdade Teológica Reformada de Brasília;-;(61) 3351-6916;ftrb.com.br;exbiblica@gmail.com;Quadra QS 5 Rua 100 - lote 04 - CEP: 71963-000 - Areal (Águas Claras);Brasília;DF;Faculdade;EAD - Superior / Presencial - Superior /;Privada;Privada sem fins lucrativos;10/11/2017;4;2022;4;2019;-;;;;;Ativa
17896;FUNDACAO ANTONIO PRUDENTE;60.961.968/0001-06;Pessoa Jurídica de Direito Privado - Sem fins lucrativos - Fundação;25810;Fundação Antonio Prudente (FAP);FAP;11 21895112;https://www.accamargo.org.br/;ensino.posgrad@accamargo.org.br;Rua Professor Antônio Prudente - 211 - CEP: 01509-010 - Liberdade;;;Instituição Especialmente Credenciada para oferta de cursos lato sensu;;Privada;Privada sem fins lucrativos;;-;;-;;-;;;;;Ativa
15806;FUNDACAO DOM CABRAL;19.268.267/0001-92;Pessoa Jurídica de Direito Privado - Sem fins lucrativos - Fundação;22422;Fundação Dom Cabral;-;31 35897200;www.fdc.org.br;secretaria@fdc.org.br;Avenida Princesa Diana - 760 - CEP: 34000-000 - Alphaville Lagoa dos Ingleses;Nova Lima;MG;Instituição Especialmente Credenciada para oferta de cursos lato sensu;EAD - Lato-sensu;Privada;Privada sem fins lucrativos;24/09/2021;-;;4;2021;-;;;;Sub Judice;Ativa
15806;FUNDACAO DOM CABRAL;19.268.267/0001-92;Pessoa Jurídica de Direito Privado - Sem fins lucrativos - Fundação;26135;Fundação Dom Cabral - Ensino Superior (FDC);FDC;;;gustavo@fdc.org.br;Avenida Princesa Diana - 760 - CEP: 34018-006 - Alphaville Lagoa dos Ingleses;Nova Lima;MG;Faculdade;EAD - Superior /;Privada;Privada sem fins lucrativos;07/12/2022;-;;4;2021;-;;;;;Ativa
3450;FUNDACAO UNIVERSITARIA VIDA CRISTA;07.761.666/0001-01;Pessoa Jurídica de Direito Privado - Sem fins lucrativos - Fundação;170;FUNVIC - FACULDADE FUNVIC DE MOCOCA;-;(19)3656-5516;https://www.unifunvic.edu.br/;reitor@unifunvic.edu.br;Avenida Monsenhor Demosthenes Paraná Brasil Pontes - 2131 - CEP: 13737-632 - Conjunto Habitacional Gilberto Rossetti;Mococa;SP;Faculdade;Presencial - Superior;Privada;Privada sem fins lucrativos;03/11/1972;3;2016;-;;3;2023;;;;Ativa
17412;IBET INSTITUTO BRASILEIRO DE ESTUDOS TRIBUTARIOS;63.104.475/0001-48;Pessoa Jurídica de Direito Privado - Sem fins lucrativos - Associação de Utilidade Pública;24554;IBET - Instituto Brasileiro de Estudos Tributários;-;1136656445;ibet.com.br;priscila@ibet.com.br;Alameda José Alexandre de Morais - 22 - CEP: 74350-690 - Setor Faiçalville;;;Instituição Especialmente Credenciada para oferta de cursos lato sensu;;Privada;Privada sem fins lucrativos;02/08/2019;-;;-;;-;;;;;Ativa
17412;IBET INSTITUTO BRASILEIRO DE ESTUDOS TRIBUTARIOS;63.104.475/0001-48;Pessoa Jurídica de Direito Privado - Sem fins lucrativos - Associação de Utilidade Pública;24554;IBET - Instituto Brasileiro de Estudos Tributários;-;1136656445;ibet.com.br;priscila@ibet.com.br;Av. Afonso Pena - 2951 - CEP: 30130-011 - Funcionários;;;Instituição Especialmente Credenciada para oferta de cursos lato sensu;;Privada;Privada sem fins lucrativos;02/08/2019;-;;-;;-;;;;;Ativa
17412;IBET INSTITUTO BRASILEIRO DE ESTUDOS TRIBUTARIOS;63.104.475/0001-48;Pessoa Jurídica de Direito Privado - Sem fins lucrativos - Associação de Utilidade Pública;24554;IBET - Instituto Brasileiro de Estudos Tributários;-;1136656445;ibet.com.br;priscila@ibet.com.br;Avenida Barão de Studart - 300 - CEP: 60120-000 - Meireles;;;Instituição Especialmente Credenciada para oferta de cursos lato sensu;;Privada;Privada sem fins lucrativos;02/08/2019;-;;-;;-;;;;;Ativa
17412;IBET INSTITUTO BRASILEIRO DE ESTUDOS TRIBUTARIOS;63.104.475/0001-48;Pessoa Jurídica de Direito Privado - Sem fins lucrativos - Associação de Utilidade Pública;24554;IBET - Instituto Brasileiro de Estudos Tributários;-;1136656445;ibet.com.br;priscila@ibet.com.br;Edifício Empire Center - 990 - CEP: 78008-900 - Baú;;;Instituição Especialmente Credenciada para oferta de cursos lato sensu;;Privada;Privada sem fins lucrativos;02/08/2019;-;;-;;-;;;;;Ativa
17412;IBET INSTITUTO BRASILEIRO DE ESTUDOS TRIBUTARIOS;63.104.475/0001-48;Pessoa Jurídica de Direito Privado - Sem fins lucrativos - Associação de Utilidade Pública;24554;IBET - Instituto Brasileiro de Estudos Tributários;-;1136656445;ibet.com.br;priscila@ibet.com.br;Largo Professor Haroldo Trevisani Beltrão - 729 - CEP: 80240-200 - Água Verde;;;Instituição Especialmente Credenciada para oferta de cursos lato sensu;;Privada;Privada sem fins lucrativos;02/08/2019;-;;-;;-;;;;;Ativa
17412;IBET INSTITUTO BRASILEIRO DE ESTUDOS TRIBUTARIOS;63.104.475/0001-48;Pessoa Jurídica de Direito Privado - Sem fins lucrativos - Associação de Utilidade Pública;24554;IBET - Instituto Brasileiro de Estudos Tributários;-;1136656445;ibet.com.br;priscila@ibet.com.br;Quadra 404 Sul Alameda 8 - 1 - CEP: 77021-612 - Plano Diretor Sul;;;Instituição Especialmente Credenciada para oferta de cursos lato sensu;;Privada;Privada sem fins lucrativos;02/08/2019;-;;-;;-;;;;;Ativa
17412;IBET INSTITUTO BRASILEIRO DE ESTUDOS TRIBUTARIOS;63.104.475/0001-48;Pessoa Jurídica de Direito Privado - Sem fins lucrativos - Associação de Utilidade Pública;24554;IBET - Instituto Brasileiro de Estudos Tributários;-;1136656445;ibet.com.br;priscila@ibet.com.br;Rua Aleixo Netto - 65 - CEP: 29056-115 - Santa Lúcia;;;Instituição Especialmente Credenciada para oferta de cursos lato sensu;;Privada;Privada sem fins lucrativos;02/08/2019;-;;-;;-;;;;;Ativa
17412;IBET INSTITUTO BRASILEIRO DE ESTUDOS TRIBUTARIOS;63.104.475/0001-48;Pessoa Jurídica de Direito Privado - Sem fins lucrativos - Associação de Utilidade Pública;24554;IBET - Instituto Brasileiro de Estudos Tributários;-;1136656445;ibet.com.br;priscila@ibet.com.br;Rua Antônio Maria Coelho - 3278 - CEP: 79020-210 - Jardim dos Estados;;;Instituição Especialmente Credenciada para oferta de cursos lato sensu;;Privada;Privada sem fins lucrativos;02/08/2019;-;;-;;-;;;;;Ativa
17412;IBET INSTITUTO BRASILEIRO DE ESTUDOS TRIBUTARIOS;63.104.475/0001-48;Pessoa Jurídica de Direito Privado - Sem fins lucrativos - Associação de Utilidade Pública;24554;IBET - Instituto Brasileiro de Estudos Tributários;-;1136656445;ibet.com.br;priscila@ibet.com.br;Rua Bahia - 1114 - CEP: 01244-000 - Higienópolis;;;Instituição Especialmente Credenciada para oferta de cursos lato sensu;;Privada;Privada sem fins lucrativos;02/08/2019;-;;-;;-;;;;;Ativa
17412;IBET INSTITUTO BRASILEIRO DE ESTUDOS TRIBUTARIOS;63.104.475/0001-48;Pessoa Jurídica de Direito Privado - Sem fins lucrativos - Associação de Utilidade Pública;24554;IBET - Instituto Brasileiro de Estudos Tributários;-;1136656445;ibet.com.br;priscila@ibet.com.br;Rua Bento Munhoz da Rocha Neto - 555 - CEP: 86050-435 - Jardim do Lago;;;Instituição Especialmente Credenciada para oferta de cursos lato sensu;;Privada;Privada sem fins lucrativos;02/08/2019;-;;-;;-;;;;;Ativa
17412;IBET INSTITUTO BRASILEIRO DE ESTUDOS TRIBUTARIOS;63.104.475/0001-48;Pessoa Jurídica de Direito Privado - Sem fins lucrativos - Associação de Utilidade Pública;24554;IBET - Instituto Brasileiro de Estudos Tributários;-;1136656445;ibet.com.br;priscila@ibet.com.br;Rua Carlos Maria Auricchio - 70 - CEP: 12246-876 - Royal Park;;;Instituição Especialmente Credenciada para oferta de cursos lato sensu;;Privada;Privada sem fins lucrativos;02/08/2019;-;;-;;-;;;;;Ativa
17412;IBET INSTITUTO BRASILEIRO DE ESTUDOS TRIBUTARIOS;63.104.475/0001-48;Pessoa Jurídica de Direito Privado - Sem fins lucrativos - Associação de Utilidade Pública;24554;IBET - Instituto Brasileiro de Estudos Tributários;-;1136656445;ibet.com.br;priscila@ibet.com.br;Rua Conselheiro Morton Faria - 1448 - CEP: 59075-730 - Lagoa Nova;;;Instituição Especialmente Credenciada para oferta de cursos lato sensu;;Privada;Privada sem fins lucrativos;02/08/2019;-;;-;;-;;;;;Ativa
17412;IBET INSTITUTO BRASILEIRO DE ESTUDOS TRIBUTARIOS;63.104.475/0001-48;Pessoa Jurídica de Direito Privado - Sem fins lucrativos - Associação de Utilidade Pública;24554;IBET - Instituto Brasileiro de Estudos Tributários;-;1136656445;ibet.com.br;priscila@ibet.com.br;Rua da Paz - 0 - CEP: 40150-140 - Graça;;;Instituição Especialmente Credenciada para oferta de cursos lato sensu;;Privada;Privada sem fins lucrativos;02/08/2019;-;;-;;-;;;;;Ativa
17412;IBET INSTITUTO BRASILEIRO DE ESTUDOS TRIBUTARIOS;63.104.475/0001-48;Pessoa Jurídica de Direito Privado - Sem fins lucrativos - Associação de Utilidade Pública;24554;IBET - Instituto Brasileiro de Estudos Tributários;-;1136656445;ibet.com.br;priscila@ibet.com.br;Rua Deputado Sousa Santos - 853 - CEP: 64052-370 - São Cristóvão;;;Instituição Especialmente Credenciada para oferta de cursos lato sensu;;Privada;Privada sem fins lucrativos;02/08/2019;-;;-;;-;;;;;Ativa
17412;IBET INSTITUTO BRASILEIRO DE ESTUDOS TRIBUTARIOS;63.104.475/0001-48;Pessoa Jurídica de Direito Privado - Sem fins lucrativos - Associação de Utilidade Pública;24554;IBET - Instituto Brasileiro de Estudos Tributários;-;1136656445;ibet.com.br;priscila@ibet.com.br;Rua Doutor Raul Silva - 1083 - CEP: 15090-035 - Nova Redentora;;;Instituição Especialmente Credenciada para oferta de cursos lato sensu;;Privada;Privada sem fins lucrativos;02/08/2019;-;;-;;-;;;;;Ativa
17412;IBET INSTITUTO BRASILEIRO DE ESTUDOS TRIBUTARIOS;63.104.475/0001-48;Pessoa Jurídica de Direito Privado - Sem fins lucrativos - Associação de Utilidade Pública;24554;IBET - Instituto Brasileiro de Estudos Tributários;-;1136656445;ibet.com.br;priscila@ibet.com.br;Rua Doutor Tolentino Filgueiras - 433 - CEP: 11060-470 - Gonzaga;;;Instituição Especialmente Credenciada para oferta de cursos lato sensu;;Privada;Privada sem fins lucrativos;02/08/2019;-;;-;;-;;;;;Ativa
17412;IBET INSTITUTO BRASILEIRO DE ESTUDOS TRIBUTARIOS;63.104.475/0001-48;Pessoa Jurídica de Direito Privado - Sem fins lucrativos - Associação de Utilidade Pública;24554;IBET - Instituto Brasileiro de Estudos Tributários;-;1136656445;ibet.com.br;priscila@ibet.com.br;Rua Epaminondas Gracindo - 22 - CEP: 57030-101 - Pajuçara;;;Instituição Especialmente Credenciada para oferta de cursos lato sensu;;Privada;Privada sem fins lucrativos;02/08/2019;-;;-;;-;;;;;Ativa
17412;IBET INSTITUTO BRASILEIRO DE ESTUDOS TRIBUTARIOS;63.104.475/0001-48;Pessoa Jurídica de Direito Privado - Sem fins lucrativos - Associação de Utilidade Pública;24554;IBET - Instituto Brasileiro de Estudos Tributários;-;1136656445;ibet.com.br;priscila@ibet.com.br;Rua Ferreira Lima - 71 - CEP: 88015-420 - Centro;;;Instituição Especialmente Credenciada para oferta de cursos lato sensu;;Privada;Privada sem fins lucrativos;02/08/2019;-;;-;;-;;;;;Ativa
17412;IBET INSTITUTO BRASILEIRO DE ESTUDOS TRIBUTARIOS;63.104.475/0001-48;Pessoa Jurídica de Direito Privado - Sem fins lucrativos - Associação de Utilidade Pública;24554;IBET - Instituto Brasileiro de Estudos Tributários;-;1136656445;ibet.com.br;priscila@ibet.com.br;Rua Honoré de Balzac - 777 - CEP: 69057-071 - Adrianópolis;;;Instituição Especialmente Credenciada para oferta de cursos lato sensu;;Privada;Privada sem fins lucrativos;02/08/2019;-;;-;;-;;;;;Ativa
17412;IBET INSTITUTO BRASILEIRO DE ESTUDOS TRIBUTARIOS;63.104.475/0001-48;Pessoa Jurídica de Direito Privado - Sem fins lucrativos - Associação de Utilidade Pública;24554;IBET - Instituto Brasileiro de Estudos Tributários;-;1136656445;ibet.com.br;priscila@ibet.com.br;Rua João Arcadepani Filho - 137 - CEP: 14096-720 - Nova Ribeirânia;;;Instituição Especialmente Credenciada para oferta de cursos lato sensu;;Privada;Privada sem fins lucrativos;02/08/2019;-;;-;;-;;;;;Ativa
17412;IBET INSTITUTO BRASILEIRO DE ESTUDOS TRIBUTARIOS;63.104.475/0001-48;Pessoa Jurídica de Direito Privado - Sem fins lucrativos - Associação de Utilidade Pública;24554;IBET - Instituto Brasileiro de Estudos Tributários;-;1136656445;ibet.com.br;priscila@ibet.com.br;Rua José Guatemosin Nogueira - 25 - CEP: 13025-120 - Cambuí;;;Instituição Especialmente Credenciada para oferta de cursos lato sensu;;Privada;Privada sem fins lucrativos;02/08/2019;-;;-;;-;;;;;Ativa
17412;IBET INSTITUTO BRASILEIRO DE ESTUDOS TRIBUTARIOS;63.104.475/0001-48;Pessoa Jurídica de Direito Privado - Sem fins lucrativos - Associação de Utilidade Pública;24554;IBET - Instituto Brasileiro de Estudos Tributários;-;1136656445;ibet.com.br;priscila@ibet.com.br;Rua Júlio Marcondes Guimarães - 115 - CEP: 18047-625 - Parque Campolim;;;Instituição Especialmente Credenciada para oferta de cursos lato sensu;;Privada;Privada sem fins lucrativos;02/08/2019;-;;-;;-;;;;;Ativa
17412;IBET INSTITUTO BRASILEIRO DE ESTUDOS TRIBUTARIOS;63.104.475/0001-48;Pessoa Jurídica de Direito Privado - Sem fins lucrativos - Associação de Utilidade Pública;24554;IBET - Instituto Brasileiro de Estudos Tributários;-;1136656445;ibet.com.br;priscila@ibet.com.br;Rua Padre Carapuceiro - 733 - CEP: 51020-280 - Boa Viagem;;;Instituição Especialmente Credenciada para oferta de cursos lato sensu;;Privada;Privada sem fins lucrativos;02/08/2019;-;;-;;-;;;;;Ativa
17412;IBET INSTITUTO BRASILEIRO DE ESTUDOS TRIBUTARIOS;63.104.475/0001-48;Pessoa Jurídica de Direito Privado - Sem fins lucrativos - Associação de Utilidade Pública;24554;IBET - Instituto Brasileiro de Estudos Tributários;-;1136656445;ibet.com.br;priscila@ibet.com.br;Rua Piauí - 7 - CEP: 17013-600 - Vila Cardia;;;Instituição Especialmente Credenciada para oferta de cursos lato sensu;;Privada;Privada sem fins lucrativos;02/08/2019;-;;-;;-;;;;;Ativa
17412;IBET INSTITUTO BRASILEIRO DE ESTUDOS TRIBUTARIOS;63.104.475/0001-48;Pessoa Jurídica de Direito Privado - Sem fins lucrativos - Associação de Utilidade Pública;24554;IBET - Instituto Brasileiro de Estudos Tributários;-;1136656445;ibet.com.br;priscila@ibet.com.br;Rua Professor Almeida Cousin - 125 - CEP: 29050-565 - Enseada do Suá;;;Instituição Especialmente Credenciada para oferta de cursos lato sensu;;Privada;Privada sem fins lucrativos;02/08/2019;-;;-;;-;;;;;Ativa
17412;IBET INSTITUTO BRASILEIRO DE ESTUDOS TRIBUTARIOS;63.104.475/0001-48;Pessoa Jurídica de Direito Privado - Sem fins lucrativos - Associação de Utilidade Pública;24554;IBET - Instituto Brasileiro de Estudos Tributários;-;1136656445;ibet.com.br;priscila@ibet.com.br;Rua Rafael Rinaldi - 275 - CEP: 38400-384 - Martins;;;Instituição Especialmente Credenciada para oferta de cursos lato sensu;;Privada;Privada sem fins lucrativos;02/08/2019;-;;-;;-;;;;;Ativa
17412;IBET INSTITUTO BRASILEIRO DE ESTUDOS TRIBUTARIOS;63.104.475/0001-48;Pessoa Jurídica de Direito Privado - Sem fins lucrativos - Associação de Utilidade Pública;24554;IBET - Instituto Brasileiro de Estudos Tributários;-;1136656445;ibet.com.br;priscila@ibet.com.br;Rua Rodrigues de Aquino - 358 - CEP: 58013-030 - Centro;;;Instituição Especialmente Credenciada para oferta de cursos lato sensu;;Privada;Privada sem fins lucrativos;02/08/2019;-;;-;;-;;;;;Ativa
17412;IBET INSTITUTO BRASILEIRO DE ESTUDOS TRIBUTARIOS;63.104.475/0001-48;Pessoa Jurídica de Direito Privado - Sem fins lucrativos - Associação de Utilidade Pública;24554;IBET - Instituto Brasileiro de Estudos Tributários;-;1136656445;ibet.com.br;priscila@ibet.com.br;Rua Santa Luzia - 651 - CEP: 20030-041 - Centro;;;Instituição Especialmente Credenciada para oferta de cursos lato sensu;;Privada;Privada sem fins lucrativos;02/08/2019;-;;-;;-;;;;;Ativa
17412;IBET INSTITUTO BRASILEIRO DE ESTUDOS TRIBUTARIOS;63.104.475/0001-48;Pessoa Jurídica de Direito Privado - Sem fins lucrativos - Associação de Utilidade Pública;24554;IBET - Instituto Brasileiro de Estudos Tributários;-;1136656445;ibet.com.br;priscila@ibet.com.br;Rua Senador Fláquer - 73 - CEP: 09010-160 - Centro;;;Instituição Especialmente Credenciada para oferta de cursos lato sensu;;Privada;Privada sem fins lucrativos;02/08/2019;-;;-;;-;;;;;Ativa
17412;IBET INSTITUTO BRASILEIRO DE ESTUDOS TRIBUTARIOS;63.104.475/0001-48;Pessoa Jurídica de Direito Privado - Sem fins lucrativos - Associação de Utilidade Pública;24554;IBET - Instituto Brasileiro de Estudos Tributários;-;1136656445;ibet.com.br;priscila@ibet.com.br;Rua Tobias da Silva - 120 - CEP: 90570-020 - Moinhos de Vento;;;Instituição Especialmente Credenciada para oferta de cursos lato sensu;;Privada;Privada sem fins lucrativos;02/08/2019;-;;-;;-;;;;;Ativa
17412;IBET INSTITUTO BRASILEIRO DE ESTUDOS TRIBUTARIOS;63.104.475/0001-48;Pessoa Jurídica de Direito Privado - Sem fins lucrativos - Associação de Utilidade Pública;24554;IBET - Instituto Brasileiro de Estudos Tributários;-;1136656445;ibet.com.br;priscila@ibet.com.br;ST SAF/SUL Quadra 2 - 0 - CEP: 70070-400 - Asa Sul;;;Instituição Especialmente Credenciada para oferta de cursos lato sensu;;Privada;Privada sem fins lucrativos;02/08/2019;-;;-;;-;;;;;Ativa
17412;IBET INSTITUTO BRASILEIRO DE ESTUDOS TRIBUTARIOS;63.104.475/0001-48;Pessoa Jurídica de Direito Privado - Sem fins lucrativos - Associação de Utilidade Pública;24554;IBET - Instituto Brasileiro de Estudos Tributários;-;1136656445;ibet.com.br;priscila@ibet.com.br;Travessa Dom Romualdo de Seixas - 1560 - CEP: 66055-200 - Umarizal;;;Instituição Especialmente Credenciada para oferta de cursos lato sensu;;Privada;Privada sem fins lucrativos;02/08/2019;-;;-;;-;;;;;Ativa
17434;CENTRO NACIONAL DE PESQUISA EM ENERGIA E MATERIAIS;01.576.817/0001-75;Pessoa Jurídica de Direito Privado - Sem fins lucrativos - Associação de Utilidade Pública;24525;ILUM ESCOLA DE CIÊNCIA;-;(19)3756 9100;https://ilum.cnpem.br/;secretaria.ilum@ilum.cnpem.br;Rua Lauro Vannucci - 1020 - CEP: 13087-548 - Parque Rural Fazenda Santa Cândida;Campinas;SP;Faculdade;Presencial - Superior;Privada;Privada sem fins lucrativos;28/12/2021;5;2021;-;;-;;;;;Ativa
2553;INSPER - INSTITUTO DE ENSINO E PESQUISA;06.070.152/0001-47;Privada sem fins lucrativos;1161;INSPER INSTITUTO DE ENSINO E PESQUISA;-;(11)45042724;http://www.insper.edu.br;"rogeriopc1@insper.edu.br;savi@insper.edu.br";Rua Quatá - 300 - CEP: 04546-042 - Vila Olímpia;São Paulo;SP;Faculdade;EAD - Superior / Presencial - Superior /;Privada;Privada sem fins lucrativos;27/07/1998;5;2019;5;2021;4;2023;;;;Ativa
18266;FEDERACAO NACIONAL DAS APAES;62.388.566/0001-90;Pessoa Jurídica de Direito Privado - Sem fins lucrativos - Associação de Utilidade Pública;26584;Instituto Apae Brasil de Ensino e Pesquisa (IEP Apae);IEP Apae;;;assessoriatecnica1@apaebrasil.org.br;Edifício Venâncio IV - 44 - CEP: 70393-903 - Asa Sul;Brasília;DF;Faculdade;EAD - Superior /;Privada;Privada sem fins lucrativos;26/11/2024;-;;4;2023;-;;;;;Ativa
16856;INSTITUTO BRASILEIRO DE DIREITO TRIBUTARIO;44.081.172/0001-02;Pessoa Jurídica de Direito Privado - Sem fins lucrativos - Associação de Utilidade Pública;26235;INSTITUTO BRASILEIRO DE DIREITO TRIBUTÁRIO (IBDT);IBDT;(11)31058206;https://ibdt.org.br/site/;secretaria@ibdt.org.br;Avenida Brigadeiro Luis Antonio - 290 - CEP: 01318-000 - Bela Vista;;;Instituição Especialmente Credenciada para oferta de cursos lato sensu;;Privada;Privada sem fins lucrativos;;-;;-;;-;;;;;Ativa
16856;INSTITUTO BRASILEIRO DE DIREITO TRIBUTARIO;44.081.172/0001-02;Pessoa Jurídica de Direito Privado - Sem fins lucrativos - Associação de Utilidade Pública;26235;INSTITUTO BRASILEIRO DE DIREITO TRIBUTÁRIO (IBDT);IBDT;(11)31058206;https://ibdt.org.br/site/;secretaria@ibdt.org.br;Rua Padre João Manuel - 755 - CEP: 01411-900 - Cerqueira César;;;Instituição Especialmente Credenciada para oferta de cursos lato sensu;;Privada;Privada sem fins lucrativos;;-;;-;;-;;;;;Ativa
2580;ASSOCIACAO PIAUIENSE DE CULTURA SUPERIOR (SOCULTURAS);06.174.632/0001-58;Privada com fins lucrativos;4108;INSTITUTO CATÓLICO DE ESTUDOS SUPERIORES DO PIAUÍ (ICESPI);ICESPI;(86) 99434 2481;www.icespi.com.br;icespi@hotmail.com;Rodovia Palmeirais (Pi 130) - s.n. - CEP: 64001-970 - Km 8;Teresina;PI;Faculdade;Presencial - Superior;Privada;Privada sem fins lucrativos;06/05/2009;4;2024;-;;3;2023;;;;Ativa
16703;INSTITUTO DE DESENVOLVIMENTO EDUCACIONAL;08.469.669/0001-39;Pessoa Jurídica de Direito Privado - Sem fins lucrativos - Associação de Utilidade Pública;21788;Instituto de Desenvolvimento Educacional (IDE);IDE;(81) 991231120;www.faculdadeide.edu.br;adalberto.distassi@faculdadeide.edu.br;Rua Manuel de Brito - 311 - CEP: 51110-100 - Pina;Recife;PE;Faculdade;EAD - Superior / Presencial - Superior /;Privada;Privada sem fins lucrativos;29/11/2018;3;2024;4;2019;3;2023;;;;Ativa
110;FUNDACAO GETULIO VARGAS;33.641.663/0001-44;Privada sem fins lucrativos;22266;Instituto de Desenvolvimento Tecnológico da FGV (FGV/IDT);FGV/IDT;;;regulacao.avaliacao@fgv.br;Rua Jornalista Orlando Dantas - 30 - CEP: 22231-010 - Botafogo;Rio de Janeiro;RJ;Faculdade;EAD - Superior / Presencial - Superior /;Privada;Privada sem fins lucrativos;15/01/2019;5;2018;5;2018;5;2023;;;;Ativa
17273;INSTITUTO BRASILEIRO DE INCREMENTO E EXPANSAO DO SABER IBIES;28.923.809/0001-04;Pessoa Jurídica de Direito Privado - Sem fins lucrativos - Associação de Utilidade Pública;24864;INSTITUTO DE EDUCAÇÃO SUPERIOR E INOVAÇÃO INVENIO (INVENIO);INVENIO;(11) 91541-3517;invenio.edu.br;bernardete@invenio.edu.br;Rua José Vieira Martins - 270 - CEP: 04466-025 - Jardim Itapura;São Paulo;SP;Faculdade;EAD - Superior / Presencial - Superior /;Privada;Privada sem fins lucrativos;11/03/2022;4;2021;4;2021;-;;;;;Ativa
17382;ASSOCIACAO DOS REGISTRADORES IMOBILIARIOS DE SAO PAULO;69.287.639/0001-04;Pessoa Jurídica de Direito Privado - Sem fins lucrativos - Associação de Utilidade Pública;28582;Instituto de Educação Superior e Pesquisa Uniregistral (UNIREGISTRAL);UNIREGISTRAL;;https://ead.uniregistral.com.br;arisp@arisp.com.br;Avenida Paulista - 1776 - CEP: 01310-200 - Bela Vista;São Paulo;SP;Faculdade;EAD - Superior /;Privada;Privada sem fins lucrativos;01/10/2025;-;;4;2023;-;;;;;Ativa
16764;INSTITUTO DE EDUCACAO SUPERIOR LATINOAMERICANO - IESLA;97.525.706/0001-09;Pessoa Jurídica de Direito Privado - Sem fins lucrativos - Associação de Utilidade Pública;21949;INSTITUTO DE EDUCACAO SUPERIOR LATINOAMERICANO (SIGLA IESLA);SIGLA IESLA;3125138800;www.iesla.com.br;reitoria@iesla.edu.br;Avenida Miguel Perrela - 680 - CEP: 31330-290 - Castelo;Belo Horizonte;MG;Faculdade;EAD - Superior / Presencial - Superior /;Privada;Privada sem fins lucrativos;12/11/2018;4;2022;4;2020;3;2023;;;Unificação de Mantidas;Ativa
16600;SOCIEDADE BENEFICENTE DE SENHORAS - HOSPITAL SIRIO LIBANES;61.590.410/0001-24;Pessoa Jurídica de Direito Privado - Sem fins lucrativos - Associação de Utilidade Pública;21509;Instituto de Ensino e Pesquisa do Hospital Sírio-Libanês (IEP/HSL);IEP/HSL;1133944782;;secretaria.iep@hsl.org.br;Rua Coronel Nicolau dos Santos - 69 - CEP: 01308-060 - Bela Vista;São Paulo;SP;Instituição Especialmente Credenciada para oferta de cursos lato sensu;;Privada;Privada sem fins lucrativos;11/11/2005;-;;-;;-;;;;Unificação de Mantidas;Ativa
17261;SOCIEDADE INTELIGENCIA E CORACAO;17.222.969/0001-00;Pessoa Jurídica de Direito Privado - Sem fins lucrativos - Associação de Utilidade Pública;24160;Instituto de Ensino Superior Agostiniano CASA GAIA;-;31 21030715;;juridico@redelius.com.br;Rua Marte - 435 - CEP: 32241-250 - Jardim Riacho das Pedras;Contagem;MG;Faculdade;Presencial - Superior;Privada;Privada sem fins lucrativos;09/11/2022;4;2021;-;;-;;;;Em Descredenciamento voluntário;Ativa
17031;INSTITUTO DE ENSINO SUPERIOR CAPIXABA IESCAPI;29.119.431/0001-53;Pessoa Jurídica de Direito Privado - Sem fins lucrativos - Associação de Utilidade Pública;23090;INSTITUTO DE ENSINO SUPERIOR CAPIXABA (IESCAPI);IESCAPI;27 - 33183079 / 981289768;www.iescapi.com.br;"marcio@iescapi.com.br; flavasaro@gmail.com; fventurini@iescapi.com.br;gildasio@lupa-rj.com.br";Rua L - 11 - CEP: 29161-152 - Rosário de Fátima;Serra;ES;Faculdade;Presencial - Superior;Privada;Privada sem fins lucrativos;03/09/2020;4;2019;-;;-;;;;;Ativa
1012;FUNDACAO ASSISTENCIAL E EDUCATIVA CRISTA DE ARIQUEMES;84.580.943/0001-20;Pessoa Jurídica de Direito Privado - Sem fins lucrativos - Associação de Utilidade Pública;1540;INSTITUTO DE ENSINO SUPERIOR DE RONDÔNIA (IESUR);IESUR;(69) 3535 5005;www.faar.edu.br/sitenovo/;nicecunha15@gmail.com;Avenida Capitão Sílvio - 2738 - CEP: 76876-696 - Grandes Áreas;Ariquemes;RO;Faculdade;EAD - Superior / Presencial - Superior /;Privada;Privada sem fins lucrativos;03/07/2000;4;2023;4;2021;3;2023;;;;Ativa
732;FUCAPI FUND CENTRO DE ANALISE PESQ E INOV TECNOLOGICA;04.153.540/0001-66;Privada sem fins lucrativos;1049;INSTITUTO DE ENSINO SUPERIOR FUCAPI (CESF);CESF;9299972-5998;www.fucapi.br;faculdade.fucapi@fucapi.br;Avenida Governador Danilo de Matos Areosa - 381 - CEP: 69075-351 - Distrito Industrial;Manaus;AM;Faculdade;Presencial - Superior;Privada;Privada sem fins lucrativos;22/12/1997;4;2009;-;;2;2023;;;;Ativa
92;FUNDACAO EDUCACIONAL NORDESTE MINEIRO;25.118.712/0001-30;Privada sem fins lucrativos;5394;INSTITUTO DE ENSINO SUPERIOR INTEGRADO-IESI (FENORD);FENORD;(33)3522 2745;www.fenord.edu.br;gustavo@fenord.edu.br;Rua Teodolindo Pereira - 111 - CEP: 39800-151 - Grão Pará;Teófilo Otoni;MG;Faculdade;Presencial - Superior;Privada;Privada sem fins lucrativos;13/04/1999;5;2024;-;;4;2023;;;;Ativa
2664;UNIAO BRASIL CENTRAL DE EDUCACAO E ASSISTENCIA;02.890.432/0001-40;Privada sem fins lucrativos;4257;INSTITUTO DE FILOSOFIA E TEOLOGIA DE GOIÁS (IFITEG);IFITEG;(62)3218-3280 / (62)993514831;www.ifiteg.edu.br;secretariageral@ifiteg.edu.br;7a Avenida - 531 - CEP: 74603-030 - Setor Leste Universitário;Goiânia;GO;Faculdade;Presencial - Superior;Privada;Privada sem fins lucrativos;05/08/2008;3;2022;-;;3;2023;;;;Ativa
18277;ASSOCIACAO INSTITUTO NACIONAL DE MATEMATICA PURA E APLICADA;03.447.568/0001-43;Pessoa Jurídica de Direito Privado - Sem fins lucrativos - Associação de Utilidade Pública;26541;Instituto de Matemática Pura e Aplicada e Tecnologia (IMPA Tech);IMPA Tech;;impa.br;viana@impa.br;Avenida Professor Pereira Reis - 76 - CEP: 20220-800 - Santo Cristo;Rio de Janeiro;RJ;Faculdade;Presencial - Superior;Privada;Privada sem fins lucrativos;07/12/2023;5;2023;-;;-;;;;;Ativa
15930;INSTITUTO DE POS-GRADUACAO E ATUALIZACAO EM ODONTOLOGIA;07.038.388/0001-69;Pessoa Jurídica de Direito Privado - Sem fins lucrativos - Fundação;21492;INSTITUTO DE PÓS-GRADUAÇÃO E ATUALIZAÇÃO EM ODONTOLOGIA (IPENO);IPENO;4830252400;www.ipeno.com.br;ipeno@ipeno.com.br;Rua Bocaiúva - 2468 - CEP: 88015-530 - Centro;Florianópolis;SC;Instituição Especialmente Credenciada para oferta de cursos lato sensu;;Privada;Privada sem fins lucrativos;12/05/2008;-;;-;;-;;;;Sub Judice;Ativa
17905;INSTITUTO BRASILEIRO DE TECNOLOGIA E CIENCIA DA COMPUTACAO - IBTCC;35.078.331/0001-29;Pessoa Jurídica de Direito Privado - Sem fins lucrativos - Associação de Utilidade Pública;22651;Instituto de Tecnologia e Liderança (Inteli);Inteli;11910972525;https://www.inteli.edu.br/;regulatorio@inteli.edu.br;Avenida Professor Almeida Prado - 532 - CEP: 05508-901 - Butantã;São Paulo;SP;Faculdade;EAD - Superior / Presencial - Superior /;Privada;Privada sem fins lucrativos;27/11/2019;4;2024;4;2021;-;;;;;Ativa
1098;FUNDACAO ESPERANCA;05.409.222/0001-86;Privada sem fins lucrativos;1672;INSTITUTO ESPERANÇA DE ENSINO SUPERIOR (IESPES);IESPES;(93) 3529 1760/ (93) 3529 1762;www.iespes.com.br;direcao@iespes.edu.br;Rua Coaracy Nunes - 3315 - CEP: 68040-100 - Caranazal;Santarém;PA;Faculdade;Presencial - Superior;Privada;Privada sem fins lucrativos;20/03/2001;4;2024;4;2019;3;2023;;;;Ativa
314;ULBRA S.A.;88.332.580/0001-65;Pessoa Jurídica de Direito Privado - Sem fins lucrativos - Sociedade;1426;INSTITUTO LUTERANO DE ENSINO SUPERIOR DE ITUMBIARA (ILES);ILES;(64) 3433 6500;;"emec.itb@ulbra.br; procinstitucional@ulbra.br";Avenida Beira Rio - 1001 - CEP: 75523-200 - Alto da Boa Vista;Itumbiara;GO;Faculdade;Presencial - Superior;Privada;Privada sem fins lucrativos;17/12/1999;4;2017;-;;3;2023;;;;Ativa
19985;IDNSF - INSTITUTO DE DESENVOLVIMENTO NOSSA SENHORA DE FATIMA;61.577.731/0001-99;Pessoa Jurídica de Direito Privado - Sem fins lucrativos - Associação de Utilidade Pública;25780;Instituto Mariano de Estudos e Inovação (IMEI);IMEI;;;FINANCEIRO@IDLEARNING.COM.BR;Avenida Doutor José Machado de Souza - 220 - CEP: 49025-000 - Jardins;Aracaju;SE;Faculdade;Presencial - Superior;Privada;Privada sem fins lucrativos;04/08/2022;4;2021;-;;-;;;;;Ativa
15826;ASSOCIACAO EDUCACIONAL MATONENSE;15.307.265/0001-04;Pessoa Jurídica de Direito Privado - Sem fins lucrativos - Associação de Utilidade Pública;1301;INSTITUTO MATONENSE MUNICIPAL DE ENSINO SUPERIOR (IMMES);IMMES;(16) 3383 1353;www.immes.edu.br;paulo.bernardo@immes.edu.br;Avenida Tiradentes - 629 - CEP: 15990-185 - Centro;Matão;SP;Faculdade;Presencial - Superior;Privada;Privada sem fins lucrativos;23/04/1997;4;2018;-;;4;2023;;;;Ativa
16252;ASSOCIACAO HOSPITALAR MOINHOS DE VENTO;92.685.833/0001-51;Pessoa Jurídica de Direito Privado - Sem fins lucrativos - Associação de Utilidade Pública;21550;Instituto Moinhos de Vento;-;51 3314 2872;;fernanda.gonzales@hmv.org.br;Rua Ramiro Barcelos - 910 - CEP: 90035-001 - Floresta;Porto Alegre;RS;Instituição Especialmente Credenciada para oferta de cursos lato sensu;;Privada;Privada sem fins lucrativos;13/03/2004;-;;-;;-;;;;;Ativa
615;FUNDACAO EDUCACIONAL DO MUNICIPIO DE ASSIS;51.501.559/0001-36;Pessoa Jurídica de Direito Público - Municipal;881;INSTITUTO MUNICIPAL DE ENSINO SUPERIOR DE ASSIS (IMESA);IMESA;(18) 3302-1055;www.fema.edu.br;"imesa@fema.edu.br;supervisaoacademica@fema.edu.br";Av. Getúlio Vargas - 1200 - CEP: 19807-634 - Vila Nova Santana;Assis;SP;Faculdade;Presencial - Superior;Publica;Especial;25/08/1988;-;;-;;3;2014;;;;Ativa
90;FUNDACAO INSTITUTO NACIONAL DE TELECOMUNICACOES;24.492.886/0001-04;Privada sem fins lucrativos;126;INSTITUTO NACIONAL DE TELECOMUNICAÇÕES (INATEL);INATEL;(35) 3471 9200/(35) 3471 9309;www.inatel.br;pesquisador.institucional@inatel.br;Avenida João de Camargo - 510 - CEP: 37540-000 - Centro;Santa Rita do Sapucaí;MG;Faculdade;EAD - Superior / Presencial - Superior /;Privada;Privada sem fins lucrativos;31/08/1965;5;2023;5;2019;4;2023;;;;Ativa
2950;ASSOCIACAO SAO PAULO DE ESTUDOS SUPERIORES;04.228.223/0001-61;Pessoa Jurídica de Direito Privado - Sem fins lucrativos - Associação de Utilidade Pública;10385;INSTITUTO SÃO PAULO DE ESTUDOS SUPERIORES (ITESP);ITESP;(11)29146036;www.ittesp.com.br;diretor.ittesp@uol.com.br;Rua Doutor Mário Vicente - 1108 - CEP: 04270-001 - Vila Dom Pedro I;São Paulo;SP;Faculdade;Presencial - Superior;Privada;Privada sem fins lucrativos;23/12/2008;4;2025;-;;4;2023;;;;Ativa
13460;ASSOCIACAO FLUMINENSE DE AMPARO AOS CEGOS;30.136.584/0001-98;Pessoa Jurídica de Direito Privado - Sem fins lucrativos - Associação de Utilidade Pública;23818;Instituto Superior da AFAC (ISAFAC);ISAFAC;21 999679137;www.isafac.edu.br;isafac@isafac.edu.br;Rua Padre Leandro - 18 - CEP: 24120-135 - Fonseca;Niterói;RJ;Faculdade;Presencial - Superior;Privada;Privada sem fins lucrativos;28/07/2022;4;2019;-;;-;;;;;Ativa
16568;CONVENCAO NAC ASS DE DEUS NO BRASIL MINIST MADUREIRA;42.549.220/0001-19;Pessoa Jurídica de Direito Privado - Sem fins lucrativos - Associação de Utilidade Pública;21446;Instituto Superior da Convenção Nac. das Assembleias de Deus (ISCON);ISCON;61 98084531 /6192295001;iscon.edu.br;aabastar13@gmail.com, alberluciadamaso@gmail.com, samanthamota.rh@gmail.com;Quadra SEPS 710/910 - lt 33,34 - CEP: 70390-108 - Asa Sul;Brasília;DF;Faculdade;Presencial - Superior;Privada;Privada sem fins lucrativos;06/10/2017;4;2022;4;2019;-;;;;;Ativa
242;ASSOCIACAO LIMEIRENSE DE EDUCACAO ALIE;51.483.907/0001-90;Privada sem fins lucrativos;346;INSTITUTO SUPERIOR DE CIÊNCIAS APLICADAS - ISCA (ISCA);ISCA;(019) 3404 4700 34044705;www.iscafaculdades.com.br;celia.pressinatto@iscafaculdades.com.br;Rodovia Deputado Laércio Corte - 3000 - CEP: 13482-383 - Chácara Vista da Graminha;Limeira;SP;Faculdade;EAD - Superior / Presencial - Superior /;Privada;Privada sem fins lucrativos;21/05/1970;2;2025;4;2019;3;2023;;;Suspensão contrato FIES, Suspensão PROUNI;Ativa
16869;INSTITUTO SUPERIOR DE CIENCIAS DA SAUDE CARLOS CHAGAS;42.590.091/0001-02;Pessoa Jurídica de Direito Privado - Sem fins lucrativos - Associação de Utilidade Pública;22449;INSTITUTO SUPERIOR DE CIÊNCIAS DA SAÚDE CARLOS CHAGAS (IPGMCC);IPGMCC;(21) 22626523;carloschagas.org.br;coordenacaoaux@carloschagas.gov.br;Avenida Beira-Mar - 406 - CEP: 20021-060 - Centro;Rio de Janeiro;RJ;Faculdade;EAD - Superior / Presencial - Superior /;Privada;Privada sem fins lucrativos;26/09/2019;3;2024;4;2021;-;;;;;Ativa
1288;CENTRO EDUCACIONAL NOSSA SENHORA AUXILIADORA;28.955.961/0001-79;Pessoa Jurídica de Direito Privado - Sem fins lucrativos - Associação de Utilidade Pública;1962;INSTITUTO SUPERIOR DE EDUCAÇÃO DO CENTRO EDUCACIONAL NOSSA SENHORA AUXILIADORA (ISECENSA);ISECENSA;(22)2726-2727;www.isecensa.edu.br;vice.direcao@isecensa.edu.br;Rua Salvador Correa - 139 - CEP: 28035-310 - Centro;Campos dos Goytacazes;RJ;Faculdade;Presencial - Superior;Privada;Privada sem fins lucrativos;29/01/2002;5;2024;-;;4;2023;;;;Ativa
1439;ASSOCIACAO EVANGELICA DE ENSINO;96.745.427/0001-98;Privada sem fins lucrativos;2192;INSTITUTO SUPERIOR DE EDUCAÇÃO IVOTI (ISEI);ISEI;51 3563-8600;www.institutoivoti.com.br;superior@institutoivoti.com.br;Rua Júlio Hauser - 171 - CEP: 93900-000 - Sete de Setembro;Ivoti;RS;Faculdade;Presencial - Superior;Privada;Privada sem fins lucrativos;16/07/2002;4;2022;-;;4;2023;;;;Ativa
1589;FUNDACAO O.CI.D.E.M.NT.E.-7C.D.E.;01.389.776/0001-08;Privada sem fins lucrativos;2969;INSTITUTO SUPERIOR DE EDUCAÇÃO OCIDENTE (OCIDEMNTE);OCIDEMNTE;"71991143048;71992011863";www.iseo.com.br;"ocidemnte@gmail.com;diretoria@iseo.edu.br;paulajs@terra.com.br";Alameda Praia de Tambaú - 288 - CEP: 41600-010 - Itapoan;Salvador;BA;Faculdade;EAD - Superior / Presencial - Superior /;Privada;Privada sem fins lucrativos;28/03/2006;4;2018;4;2019;3;2019;;;Suspensão PROUNI;Ativa
401;FUNDACAO EDUCACIONAL DE ALEM PARAIBA;17.708.520/0001-56;Pessoa Jurídica de Direito Privado - Sem fins lucrativos - Associação de Utilidade Pública;4219;INSTITUTO SUPERIOR DE EDUCAÇÃO PROFESSORA NAIR FORTES ABU-MERHY (ISEFOR);ISEFOR;(32) 3462 7030;www.feap.edu.br;fundacaoap@ig.com.br;Rua Isabel Herdy Alves - 305 - CEP: 36660-000 - SAO JOSÉ;Além Paraíba;MG;Faculdade;Presencial - Superior;Privada;Privada sem fins lucrativos;20/04/2001;3;2017;-;;2;2019;;;;Ativa
1374;CENTRO DE ESTUDOS PSICO PEDAGOGICOS PRO-SABER;68.586.957/0001-03;Privada sem fins lucrativos;2091;INSTITUTO SUPERIOR DE EDUCAÇÃO PRÓ-SABER (ISEPS);ISEPS;(21) 2266 7440;www.prosaber.org.br;anacelina@prosaber.org.br;Rua Largo dos Leões - 70 - CEP: 22260-210 - Humaitá;Rio de Janeiro;RJ;Faculdade;Presencial - Superior;Privada;Privada sem fins lucrativos;12/08/2004;3;2023;-;;-;;;;;Ativa
1785;ASSOCIACAO UNIVERSITARIA INTERAMERICANA;60.552.551/0001-90;Pessoa Jurídica de Direito Privado - Sem fins lucrativos - Associação de Utilidade Pública;2744;INSTITUTO SUPERIOR DE EDUCAÇÃO VERA CRUZ (ISE VERA CRUZ);ISE VERA CRUZ;(11) 3838-5998;www.veracruz.edu.br;"eventos@veracruz.edu.br; secretaria.instituto@veracruz.edu.br";Rua Baumann - 73 - CEP: 05318-000 - Vila Leopoldina;São Paulo;SP;Faculdade;EAD - Superior / Presencial - Superior /;Privada;Privada sem fins lucrativos;05/09/2003;4;2024;4;2021;3;2023;;;;Ativa
1061;CAEDRHS - ASSOCIACAO DE ENSINO;03.642.383/0001-90;Pessoa Jurídica de Direito Privado - Sem fins lucrativos - Associação de Utilidade Pública;1615;INSTITUTO SUPERIOR DO LITORAL DO PARANÁ (ISULPAR);ISULPAR;41 31333105;www.isulpar.edu.br;mirian140752@gmail.com;Avenida Coronel José Lobo - 711 - CEP: 83203-340 - Costeira;Paranaguá;PR;Faculdade;Presencial - Superior;Privada;Privada sem fins lucrativos;26/12/2000;4;2025;-;;3;2023;;;;Ativa
711;ASSOCIACAO EDUCACIONAL LUTERANA BOM JESUS/IELUSC;84.685.163/0001-45;Privada sem fins lucrativos;1014;INSTITUTO SUPERIOR E CENTRO EDUCACIONAL LUTERANO - BOM JESUS - IELUSC (BOM JESUS/IELUSC);BOM JESUS/IELUSC;(47) 30268000;www.ielusc.br;paulo.aires@ielusc.br, juliana.turmina@ielusc.br;Rua Princesa Isabel - 438 - CEP: 89201-270 - Centro;Joinville;SC;Faculdade;Presencial - Superior;Privada;Privada sem fins lucrativos;13/12/1996;5;2023;-;;4;2023;;;;Ativa
867;FUNDACAO EDUCACIONAL DE TAQUARITINGA - FETAQ;02.634.667/0001-71;Privada sem fins lucrativos;1300;INSTITUTO TAQUARITINGUENSE DE ENSINO SUPERIOR DR. ARISTIDES DE CARVALHO SCHLOBACH (ITES);ITES;(16)32538200;www.ites.com.br;secretaria@ites.com.br;Praça Doutor Horácio Ramalho - 159 - CEP: 15900-047 - Centro;Taquaritinga;SP;Faculdade;Presencial - Superior;Privada;Privada sem fins lucrativos;11/07/1997;4;2023;-;;3;2023;;;;Ativa
1288;CENTRO EDUCACIONAL NOSSA SENHORA AUXILIADORA;28.955.961/0001-79;Pessoa Jurídica de Direito Privado - Sem fins lucrativos - Associação de Utilidade Pública;1961;INSTITUTO TECNOLÓGICO E DAS CIÊNCIAS SOCIAIS APLICADAS E DA SAÚDE DO CENTRO EDUC. N. SRª AUXILIADORA (ITCSAS/CENSA);ITCSAS/CENSA;(22)981126097;www.isecensa.edu.br;vice.direcao@isecensa.edu.br;Rua Salvador Correa - 139 - CEP: 28035-310 - Centro;Campos dos Goytacazes;RJ;Faculdade;Presencial - Superior;Privada;Privada sem fins lucrativos;18/01/2002;4;2024;4;2023;3;2023;;;;Ativa
442;CASA DE NOSSA SENHORA DA PAZ ACAO SOCIAL FRANCISCANA;33.495.870/0001-38;Pessoa Jurídica de Direito Privado - Sem fins lucrativos - Associação de Utilidade Pública;2468;INSTITUTO TEOLÓGICO FRANCISCANO (ITF);ITF;(24) 2243 9959;http://www.itf.edu.br/;nleg@itf.edu.br;Rua Coronel Veiga - 550 - CEP: 25655-151 - Centro;Petrópolis;RJ;Faculdade;Presencial - Superior;Privada;Privada sem fins lucrativos;28/03/2002;4;2019;-;;4;2023;;;;Ativa
12683;IPE - INSTITUTO DE PESQUISAS ECOLOGICAS;66.831.223/0001-09;Pessoa Jurídica de Direito Privado - Sem fins lucrativos - Associação de Utilidade Pública;16508;IPE INSTITUTO DE PESQUISAS ECOLOGICAS (IPE);IPE;;;cpadua@ipe.org.br;;;;Instituição Especialmente Credenciada para oferta de cursos lato sensu;;Privada;Privada sem fins lucrativos;;-;;-;;-;;;;;Ativa
18448;IRMANDADE DA SANTA CASA DE MISERICORDIA DE SAO PAULO;62.779.145/0001-90;Pessoa Jurídica de Direito Privado - Sem fins lucrativos - Associação de Utilidade Pública;28546;ISANTACASA - INSTITUTO SANTA CASA DE EDUC PESQ E INOVAÇÃO (ISANTACASA);ISANTACASA;;www.santacasasp.org.br;isantacasa@santacasasp.org.br;Rua Amaral Gurgel - 236 - CEP: 01221-000 - Vila Buarque;São Paulo;SP;Faculdade;Presencial - Superior;Privada;Privada sem fins lucrativos;17/04/2025;4;2024;-;;-;;;;;Ativa
3527;ISTITUTO EUROPEO DI DESIGN - SAO PAULO (IED-SAO PAULO);08.620.427/0001-02;Pessoa Jurídica de Direito Privado - Sem fins lucrativos - Associação de Utilidade Pública;11807;Istituto Europeo di Design (IED SP);IED SP;(11) 36608000;http://www.ied.edu.br;c.hashimoto@ied.edu.br;R. MARANHÃO - 617 - CEP: 01240-001 - HIGIENÓPOLIS;São Paulo;SP;Faculdade;EAD - Superior / Presencial - Superior /;Privada;Privada sem fins lucrativos;18/09/2009;4;2023;5;2023;3;2021;;;;Ativa
408;FUNDACAO EDUCACIONAL COMUNITARIA DE S S PARAISO MG;24.903.999/0001-47;Pessoa Jurídica de Direito Privado - Sem fins lucrativos - Associação de Utilidade Pública;5599;LIBERTAS - FACULDADES INTEGRADAS;-;(35)3531-1998;www.libertas.edu.br;"secretaria_docs@libertas.edu.br;libertas@libertas.edu.br";Avenida Wenceslau Bras - 1018 - CEP: 37950-000 - Lagoinha;São Sebastião do Paraíso;MG;Faculdade;Presencial - Superior;Privada;Privada sem fins lucrativos;24/01/1972;4;2023;-;;3;2023;;;;Ativa
19;SOCIEDADE CAMPINEIRA DE EDUCACAO E INSTRUCAO;46.020.301/0001-88;Pessoa Jurídica de Direito Privado - Sem fins lucrativos - Associação de Utilidade Pública;19;PONTIFÍCIA UNIVERSIDADE CATÓLICA DE CAMPINAS (PUC-CAMPINAS);PUC-CAMPINAS;(19)3343-7119;www.puc-campinas.edu.br;reitoria@puc-campinas.edu.br;Rua Professor Doutor Euryclides de Jesus Zerbini - 1516 - CEP: 13087-571 - Parque Rural Fazenda Santa Cândida;Campinas;SP;Universidade;EAD - Superior / Presencial - Superior /;Privada;Privada sem fins lucrativos;21/11/1941;5;2023;4;2013;4;2023;;;;Ativa
366;SOCIEDADE GOIANA DE CULTURA;01.587.609/0001-71;Privada sem fins lucrativos;527;PONTIFÍCIA UNIVERSIDADE CATÓLICA DE GOIÁS (PUC GOIÁS);PUC GOIÁS;(62)33096165 e 39461052;www.pucgoias.edu.br;reitoria@pucgoias.edu.br;AVENIDA UNIVERSITÁRIA - 1440 - CEP: 74605-010 - SETOR UNIVERSITÁRIO;Goiânia;GO;Universidade;EAD - Superior / Presencial - Superior /;Privada;Privada sem fins lucrativos;17/10/1959;5;2025;5;2023;3;2023;;;Em supervisão - Procedimento Sancionador;Ativa
236;SOCIEDADE MINEIRA DE CULTURA;17.178.195/0001-67;Pessoa Jurídica de Direito Privado - Sem fins lucrativos - Associação de Utilidade Pública;338;PONTIFÍCIA UNIVERSIDADE CATÓLICA DE MINAS GERAIS (PUC MINAS);PUC MINAS;"(31) 3319 4444; (31) 3319 4337";www.pucminas.br;progradmec@pucminas.br;Avenida Dom José Gaspar - 500 - CEP: 30535-901 - Coração Eucarístico;Belo Horizonte;MG;Universidade;EAD - Superior / Presencial - Superior /;Privada;Privada sem fins lucrativos;12/12/1958;5;2023;-;;4;2023;;;;Ativa
378;FUNDACAO SAO PAULO;60.990.751/0001-24;Privada sem fins lucrativos;546;PONTIFÍCIA UNIVERSIDADE CATÓLICA DE SÃO PAULO (PUCSP);PUCSP;(11) 3670 8278 E/OU 3670 8309;www.pucsp.br;reitoria@pucsp.br, cmsouza@pucsp.br;Rua Monte Alegre - 984 - CEP: 05014-901 - Perdizes;São Paulo;SP;Universidade;EAD - Superior / Presencial - Superior /;Privada;Privada sem fins lucrativos;05/09/1946;5;2023;5;2016;4;2023;;;;Ativa
10;ASSOCIACAO PARANAENSE DE CULTURA - APC;76.659.820/0001-51;Pessoa Jurídica de Direito Privado - Sem fins lucrativos - Associação de Utilidade Pública;10;PONTIFÍCIA UNIVERSIDADE CATÓLICA DO PARANÁ (PUCPR);PUCPR;(41) 32711515;www.pucpr.br;"regulacao@pucpr.br;daniele.sehli@pucpr.br;danielesehli@terra.com.br;proeducacional@pucpr.br";Rua Imaculada Conceição - 1155 - CEP: 80215-901 - Prado Velho;Curitiba;PR;Universidade;EAD - Superior / Presencial - Superior /;Privada;Privada sem fins lucrativos;14/06/1960;5;2023;4;2013;4;2023;;;;Ativa
367;FACULDADES CATOLICAS;33.555.921/0001-70;Pessoa Jurídica de Direito Privado - Sem fins lucrativos - Associação de Utilidade Pública;528;PONTIFÍCIA UNIVERSIDADE CATÓLICA DO RIO DE JANEIRO (PUC-RIO);PUC-RIO;(21) 3527-1133;www.puc-rio.br;ccg528@puc-rio.br;Pontifícia Universidade Católica - PUC - 225 - CEP: 22451-900 - Gávea;Rio de Janeiro;RJ;Universidade;EAD - Superior / Presencial - Superior /;Privada;Privada sem fins lucrativos;30/10/1940;5;2023;4;2013;5;2023;;;;Ativa
21;UNIAO BRASILEIRA DE EDUCACAO E ASSISTENCIA;88.630.413/0001-09;Pessoa Jurídica de Direito Privado - Sem fins lucrativos - Associação de Utilidade Pública;21;PONTIFÍCIA UNIVERSIDADE CATÓLICA DO RIO GRANDE DO SUL (PUCRS);PUCRS;51 33203500;www.pucrs.br;"planejamento.avaliacao@pucrs.br; regulacao.asplan@pucrs.br; prouni@pucrs.br";Av. Ipiranga - 6681 - CEP: 90619-900 - Partenon;Porto Alegre;RS;Universidade;EAD - Superior / Presencial - Superior /;Privada;Privada sem fins lucrativos;11/11/1948;5;2024;5;2022;5;2023;;;;Ativa
1139;CENTRO DE ENSINO SUPERIOR STRONG;03.986.941/0001-34;Pessoa Jurídica de Direito Privado - Sem fins lucrativos - Associação de Utilidade Pública;4943;STRONG BUSINESS SCHOOL BS;-;13 21270003;www.strong.com.br;esagsbs@esags.edu.br;Avenida Conselheiro Nébias - 175 - CEP: 11015-001 - Paquetá;Santos;SP;Faculdade;Presencial - Superior;Privada;Privada sem fins lucrativos;12/05/2008;5;2024;-;;4;2023;;;;Ativa
314;ULBRA S.A.;88.332.580/0001-65;Pessoa Jurídica de Direito Privado - Sem fins lucrativos - Sociedade;27022;ULBRA - MEDICINA - MANAUS (UMMANAUS);UMMANAUS;;www.ulbra.br;gabinete@aelbra.com.br;Avenida Carlos Drummond de Andrade - 1460 - CEP: 69077-730 - Japiim;Manaus;AM;Faculdade;Presencial - Superior;Privada;Privada sem fins lucrativos;02/03/2026;5;2024;-;;-;;;;;Ativa
555;ASSOCIACAO EDUCACIONAL DE ENSINO SUPERIOR;56.569.197/0001-39;Privada sem fins lucrativos;1046;UNIÃO DAS FACULDADES DOS GRANDES LAGOS (UNILAGO);UNILAGO;(17) 3354 6017;www.unilago.edu.br;unilago@unilago.edu.br;Rua Eduardo Nielsen - 960 - CEP: 15030-070 - Jardim Aeroporto;São José do Rio Preto;SP;Faculdade;EAD - Superior / Presencial - Superior /;Privada;Privada sem fins lucrativos;10/07/1989;4;2023;4;2022;3;2023;;;;Ativa
14626;FUNDACAO UNIVERSIDADE ALTO VALE DO RIO DO PEIXE - FUNIARP;82.798.828/0001-00;Privada sem fins lucrativos;15032;UNIVERSIDADE ALTO VALE DO RIO DO PEIXE (UNIARP);UNIARP;4935616200;www.uniarp.edu.br;"presidente@uniarp.edu.br;mayne@uniarp.edu.br";Rua Victor Baptista Adami - 800 - CEP: 89500-199 - Centro;Caçador;SC;Universidade;EAD - Superior / Presencial - Superior /;Privada;Privada sem fins lucrativos;27/03/2017;-;;4;2015;4;2023;;;;Ativa
134;ASSOCIACAO SOCIEDADE BRASILEIRA DE INSTRUCAO - EM RECUPERACAO JUDICIAL;33.646.001/0001-67;Pessoa Jurídica de Direito Privado - Sem fins lucrativos - Associação de Utilidade Pública;1153;UNIVERSIDADE CÂNDIDO MENDES (UCAM);UCAM;"(21) 3543-6401; (21) 3543-6500";https://www.candidomendes.edu.br/;"educacionaldirecao@gmail.com;procuradoriainstitucional@candidomendes.edu.br";Rua da Assembléia - 10 - CEP: 20011-901 - Centro;Rio de Janeiro;RJ;Universidade;EAD - Superior / Presencial - Superior /;Privada;Privada sem fins lucrativos;25/11/1997;4;2012;4;2019;3;2023;;;;Ativa
129;CENTRO EDUCACIONAL DE REALENGO;42.265.413/0001-48;Pessoa Jurídica de Direito Privado - Sem fins lucrativos - Associação de Utilidade Pública;176;UNIVERSIDADE CASTELO BRANCO (UCB);UCB;(21) 3216 7700;www.castelobranco.br;"amiltondonascimento@gmail.com;amilton@castelobranco.br";Avenida Santa Cruz - 1631 - CEP: 21710-250 - Realengo;Rio de Janeiro;RJ;Universidade;EAD - Superior / Presencial - Superior /;Privada;Privada sem fins lucrativos;30/12/1994;4;2017;3;2017;3;2023;;;;Ativa
278;UNIAO BRASILEIRA DE EDUCACAO CATOLICA;00.331.801/0001-30;Pessoa Jurídica de Direito Privado - Sem fins lucrativos - Associação de Utilidade Pública;403;UNIVERSIDADE CATÓLICA DE BRASÍLIA (UCB);UCB;(61) 33569000;www.ucb.br;"reitoria@ucb.br;naiara.ns@hotmail.com;naiaras@ucb.b;educacaosuperior@ubec.edu.br";QS 07, EPCT - LOTE 01 - CEP: 71966-900 - Areal (Águas Claras);Brasília;DF;Universidade;EAD - Superior / Presencial - Superior /;Privada;Privada sem fins lucrativos;12/03/1974;5;2023;3;2013;4;2023;;;;Ativa
18;ASSOCIACAO PELOTENSE DE ASSISTENCIA E CULTURA;92.238.914/0001-03;Pessoa Jurídica de Direito Privado - Sem fins lucrativos - Associação de Utilidade Pública;18;UNIVERSIDADE CATÓLICA DE PELOTAS (UCPEL);UCPEL;(53)21288220;www.ucpel.edu.br;reitoria@ucpel.edu.br;Rua Félix da Cunha - 412 - CEP: 96010-000 - Centro;Pelotas;RS;Universidade;EAD - Superior / Presencial - Superior /;Privada;Privada sem fins lucrativos;12/11/1960;5;2025;4;2015;4;2023;;;Adesão ao PROIES;Ativa
14;ASSOCIACAO ANTONIO VIEIRA;92.959.006/0001-09;Privada sem fins lucrativos;11;UNIVERSIDADE CATÓLICA DE PERNAMBUCO (UNICAP);UNICAP;"(81) 2119 4011; (81) 2119 4206";www.unicap.br;carlos.fritzen@unicap.br;Rua do Príncipe - 526 - CEP: 50050-900 - Boa Vista;Recife;PE;Universidade;EAD - Superior / Presencial - Superior /;Privada;Privada sem fins lucrativos;31/03/1943;5;2018;5;2016;3;2023;;;;Ativa
15046;ASSOCIACAO FACULDADES CATOLICAS PETROPOLITANAS;03.108.082/0001-80;Pessoa Jurídica de Direito Privado - Sem fins lucrativos - Associação de Utilidade Pública;15;UNIVERSIDADE CATÓLICA DE PETRÓPOLIS (UCP);UCP;(24) 2244 4061;www.ucp.br;"proacad@ucp.br;sandra.motta@ucp.br";Rua Benjamin Constant - 213 - CEP: 25610-130 - Centro;Petrópolis;RJ;Universidade;EAD - Superior / Presencial - Superior /;Privada;Privada sem fins lucrativos;21/12/1961;4;2024;4;2022;4;2023;;;;Ativa
165;SOCIEDADE VISCONDE DE S LEOPOLDO;58.191.008/0001-62;Pessoa Jurídica de Direito Privado - Sem fins lucrativos - Associação de Utilidade Pública;227;UNIVERSIDADE CATÓLICA DE SANTOS (UNISANTOS);UNISANTOS;(13) 3205-5555;www.unisantos.br;reitor@unisantos.br;Avenida Conselheiro Nébias - 300 - CEP: 11015-002 - Vila Mathias;Santos;SP;Universidade;EAD - Superior / EAD - Lato-sensu / Presencial - Superior /;Privada;Privada sem fins lucrativos;07/02/1986;4;2025;4;2019;4;2023;;;;Ativa
270;MISSAO SALESIANA DE MATO GROSSO;03.226.149/0001-81;Pessoa Jurídica de Direito Privado - Sem fins lucrativos - Associação de Utilidade Pública;387;UNIVERSIDADE CATÓLICA DOM BOSCO (UCDB);UCDB;"(67) 3312 3339; (67) 3312 - 3300";www.ucdb.br;progex@ucdb.br;Avenida Tamandaré - 6000 - CEP: 79117-900 - Jardim Seminário;Campo Grande;MS;Universidade;EAD - Superior / Presencial - Superior /;Privada;Privada sem fins lucrativos;24/11/1961;5;2026;4;2013;4;2023;;;;Ativa
360;ASSOCIACAO UNIVERSITARIA E CULTURAL DA BAHIA;13.970.322/0001-05;Pessoa Jurídica de Direito Privado - Sem fins lucrativos - Associação de Utilidade Pública;519;UNIVERSIDADE CATÓLICA DO SALVADOR (UCSAL);UCSAL;(71) 32067988;www.ucsal.br;reitoria@ucsal.br;Avenida Professor Pinto de Aguiar - 2589 - CEP: 41740-090 - Pituaçu;Salvador;BA;Universidade;EAD - Superior / Presencial - Superior /;Privada;Privada sem fins lucrativos;19/10/1961;5;2023;4;2018;4;2023;;;;Ativa
2559;CEUMA-ASSOCIACAO DE ENSINO SUPERIOR;23.689.763/0001-97;Pessoa Jurídica de Direito Privado - Sem fins lucrativos - Associação de Utilidade Pública;823;UNIVERSIDADE CEUMA (UNICEUMA);UNICEUMA;(98)3214 4277;www.ceuma.br;ntae@ceuma.br;Rua Josue Montello - 01 - CEP: 65075-120 - Renascença II;São Luís;MA;Universidade;EAD - Superior / Presencial - Superior /;Privada;Privada sem fins lucrativos;10/06/1992;5;2025;5;2023;3;2023;;;;Ativa
2012;FUNDACAO UNIVERSITARIA DO DESENVOLVIMENTO DO OESTE;82.804.642/0001-08;Privada sem fins lucrativos;3151;UNIVERSIDADE COMUNITÁRIA DA REGIÃO DE CHAPECÓ (UNOCHAPECÓ);UNOCHAPECÓ;(49) 3321 8233;www.unochapeco.edu.br;reitoria@unochapeco.edu.br;Avenida Senador Attílio Fontana - 591 - CEP: 89809-000 - EFAPI;Chapecó;SC;Universidade;EAD - Superior / Presencial - Superior /;Privada;Privada sem fins lucrativos;04/07/1970;5;2017;4;2022;4;2023;;;;Ativa
65;FUNDACAO EDUCACIONAL DA REGIAO DE JOINVILLE;84.714.682/0001-94;Pessoa Jurídica de Direito Privado - Sem fins lucrativos - Sociedade;81;UNIVERSIDADE DA REGIÃO DE JOINVILLE (UNIVILLE);UNIVILLE;(47) 3461 9000;www.univille.edu.br;reitoria@univille.br;Rua Paulo Malschitzki - 10 - CEP: 89219-710 - Campus Universitário - Zona Industrial;Joinville;SC;Universidade;EAD - Superior / Presencial - Superior /;Privada;Privada sem fins lucrativos;17/07/1967;4;2019;4;2017;4;2023;;;;Ativa
88;ASSOCIACAO SAO BENTO DE ENSINO;43.969.732/0001-05;Pessoa Jurídica de Direito Privado - Sem fins lucrativos - Associação de Utilidade Pública;124;UNIVERSIDADE DE ARARAQUARA (UNIARA);UNIARA;16- 3301-7100;www.uniara.com.br;uniara@uniara.com.br;Rua Voluntários da Pátria - 1309 - CEP: 14801-320 - Centro;Araraquara;SP;Universidade;EAD - Superior / Presencial - Superior /;Privada;Privada sem fins lucrativos;14/08/1968;4;2015;4;2023;3;2023;;;;Ativa
13;FUNDACAO UNIVERSIDADE DE CAXIAS DO SUL;88.648.761/0001-03;Privada sem fins lucrativos;13;UNIVERSIDADE DE CAXIAS DO SUL (UCS);UCS;(54) 3218 2143;www.ucs.br;reg-cursos@ucs.br;Rua Francisco Getúlio Vargas - 1130 - CEP: 95070-560 - Petrópolis;Caxias do Sul;RS;Universidade;EAD - Superior / Presencial - Superior /;Privada;Privada sem fins lucrativos;10/02/1967;4;2014;4;2013;4;2023;;;;Ativa
311;FUNDACAO UNIVERSIDADE DE CRUZ ALTA;92.928.845/0001-60;Privada sem fins lucrativos;446;UNIVERSIDADE DE CRUZ ALTA (UNICRUZ);UNICRUZ;(55) 3321 1500;www.unicruz.edu.br;legislacao@unicruz.edu.br;Rodovia Municipal Jacob Della Mea - s/n - CEP: 98020-290 - Parada Benito;Cruz Alta;RS;Universidade;EAD - Superior / Presencial - Superior /;Privada;Privada sem fins lucrativos;24/10/1988;5;2025;4;2018;4;2023;;;Adesão ao PROIES;Ativa
386;FUNDACAO EDSON QUEIROZ;07.373.434/0001-86;Privada sem fins lucrativos;555;UNIVERSIDADE DE FORTALEZA (UNIFOR);UNIFOR;(85) 34773400;www.unifor.br;reitoria@unifor.br;Avenida Washington Soares - 1321 - CEP: 60811-905 - Edson Queiroz;Fortaleza;CE;Universidade;EAD - Superior / Presencial - Superior /;Privada;Privada sem fins lucrativos;05/01/1973;4;2012;5;2019;4;2023;;;;Ativa
342;ACEF S/A.;46.722.831/0001-78;Pessoa Jurídica de Direito Privado - Sem fins lucrativos - Sociedade;496;UNIVERSIDADE DE FRANCA (UNIFRAN);UNIFRAN;(16) 3711-8815;www.unifran.edu.br;processos.regulatorios@cruzeirodosul.edu.br;Avenida Doutor Armando Sales Oliveira - 201 - CEP: 14404-600 - Parque Universitário;Franca;SP;Universidade;EAD - Superior / Presencial - Superior /;Privada;Privada sem fins lucrativos;07/04/1972;5;2023;3;2013;3;2023;;;;Ativa
506;FUNDACAO UNIRG;01.210.830/0001-06;Pessoa Jurídica de Direito Público - Municipal;750;UNIVERSIDADE DE GURUPI (UnirG);UnirG;(63) 3612 - 7600;www.unirg.edu.br;"reitoria@unirg.edu.br;presidencia@unirg.edu.br;tatianercoelho@unirg.edu.br;gildasio@lupa-rj.com.br";Avenida Pará - 2432 - CEP: 77423-250 - Waldir Lins II;Gurupi;TO;Universidade;Presencial - Superior;Publica;Especial;31/05/1985;-;;-;;2;2023;;;;Ativa
227;FUNDACAO UNIVERSIDADE DE ITAUNA;21.256.425/0001-36;Privada sem fins lucrativos;1128;UNIVERSIDADE DE ITAÚNA (UI);UI;37 3249-3003;www.uit.edu.br;uit@uit.br;Rodovia Mg 431 Km 45 - s/n - CEP: 35680-142 - Campus Verde;Itaúna;MG;Universidade;Presencial - Superior;Privada;Privada sem fins lucrativos;26/11/1965;3;2010;4;2022;3;2023;;;;Ativa
20;FUNDACAO UNIVERSIDADE DE PASSO FUNDO;92.034.321/0001-25;Privada sem fins lucrativos;20;UNIVERSIDADE DE PASSO FUNDO (UPF);UPF;(54) 3316 8113;www.upf.br;reitoria@upf.br;Upf Campus Passo Fundo - Campus I - s/n - CEP: 99001-970 - São José;Passo Fundo;RS;Universidade;EAD - Superior / Presencial - Superior /;Privada;Privada sem fins lucrativos;11/06/1968;5;2023;5;2019;4;2023;;;;Ativa
147;ASSOCIACAO DE ENSINO DE RIBEIRAO PRETO;55.983.670/0001-67;Pessoa Jurídica de Direito Privado - Sem fins lucrativos - Associação de Utilidade Pública;208;UNIVERSIDADE DE RIBEIRÃO PRETO (UNAERP);UNAERP;(16) 3603 7000;www.unaerp.br;aerpdiretoria@unaerp.br;Avenida Costábile Romano - 2201 - CEP: 14096-900 - Ribeirânia;Ribeirão Preto;SP;Universidade;EAD - Superior / Presencial - Superior /;Privada;Privada sem fins lucrativos;28/04/1961;5;2023;4;2014;4;2023;;;;Ativa
73;FESURV - UNIVERSIDADE DE RIO VERDE;01.815.216/0001-78;Pessoa Jurídica de Direito Público - Municipal;3974;UNIVERSIDADE DE RIO VERDE (FESURV);FESURV;(64) 3611 2269;www.unirv.edu.br;helemi@unirv.edu.br;Fazenda Fontes do Saber - S/N - CEP: 75901-970 - Campus Universitário;Rio Verde;GO;Universidade;EAD - Superior / Presencial - Superior /;Publica;Especial;31/08/1973;-;;-;;3;2023;;;;Ativa
210;ASSOCIACAO PRO ENSINO EM SANTA CRUZ DO SUL;95.438.412/0001-14;Pessoa Jurídica de Direito Privado - Sem fins lucrativos - Associação de Utilidade Pública;295;UNIVERSIDADE DE SANTA CRUZ DO SUL (UNISC);UNISC;(51) 37177304;;avaliacao@unisc.br;Avenida Independência - 2293 - CEP: 96815-900 - Universitário;Santa Cruz do Sul;RS;Universidade;EAD - Superior / Presencial - Superior /;Privada;Privada sem fins lucrativos;25/06/1993;5;2023;5;2012;4;2023;;;;Ativa
109;FUNDACAO DOM AGUIRRE;71.487.094/0001-13;Privada sem fins lucrativos;150;UNIVERSIDADE DE SOROCABA (UNISO);UNISO;(15) 2101-7000;www.uniso.br;uniso@uniso.br;Rodovia Raposo Tavares - S/N - CEP: 18023-000 - Jardim Novo Eldorado;Sorocaba;SP;Universidade;EAD - Superior / Presencial - Superior /;Privada;Privada sem fins lucrativos;15/09/1994;5;2019;4;2015;3;2023;;;;Ativa
437;UNIVERSIDADE DE TAUBATE;45.176.153/0001-22;Pessoa Jurídica de Direito Público - Municipal;665;UNIVERSIDADE DE TAUBATÉ (UNITAU);UNITAU;(12) 3625-4163;www.unitau.br;"reitoria@unitau.br; pi@unitau.br; secretariageral@unitau.br";Rua Quatro de Março - 432 - CEP: 12020-270 - Centro;Taubaté;SP;Universidade;EAD - Superior / Presencial - Superior /;Publica;Especial;06/12/1974;3;2017;4;2016;3;2023;;;;Ativa
103;SOCIEDADE EDUCACIONAL UBERABENSE;25.452.301/0001-87;Privada sem fins lucrativos;143;UNIVERSIDADE DE UBERABA (UNIUBE);UNIUBE;(34) 3319 8800;http://www.uniube.br;uniube@uniube.br;Avenida Nenê Sabino, 1801, Santa Marta - 1.801 - CEP: 38050-501 - Santos Dumont;Uberaba;MG;Universidade;EAD - Superior / Presencial - Superior /;Privada;Privada sem fins lucrativos;04/12/1947;3;2009;4;2014;4;2023;;;;Ativa
100;FUNDACAO EDUCACIONAL SEVERINO SOMBRA;32.410.037/0001-84;Privada sem fins lucrativos;140;UNIVERSIDADE DE VASSOURAS (UNIVASSOURAS);UNIVASSOURAS;(24) 2471 8378;http://www.universidadedevassouras.edu.br;reitoria@universidadedevassouras.edu.br;AVENIDA EXPEDICIONÁRIO OSWALDO DE ALMEIDA RAMOS - 280 - CEP: 27700-000 - CENTRO;Vassouras;RJ;Universidade;EAD - Superior / Presencial - Superior /;Privada;Privada sem fins lucrativos;19/12/1968;4;2011;4;2019;4;2023;;;;Ativa
308;FUNDACAO UNIVERSIDADE DO CONTESTADO - FUNC;83.395.921/0001-28;Privada sem fins lucrativos;441;UNIVERSIDADE DO CONTESTADO (UNC);UNC;4736415500;www.unc.br;reitoria@unc.br;Avenida Presidente Nereu Ramos - 1071 - CEP: 89306-076 - Jardim do Moinho;Mafra;SC;Universidade;EAD - Superior / Presencial - Superior /;Privada;Especial;06/11/1991;-;;4;2016;3;2023;;;;Ativa
332;FUNDACAO EDUCACIONAL DE CRICIUMA;83.661.074/0001-04;Pessoa Jurídica de Direito Privado - Sem fins lucrativos - Associação de Utilidade Pública;482;UNIVERSIDADE DO EXTREMO SUL CATARINENSE (UNESC);UNESC;(48) 3431 2720;http//www.unesc.net;reccursos@unesc.net;Avenida Universitária - 1105 - CEP: 88806-000 - UNIVERSITÁRIO;Criciúma;SC;Universidade;EAD - Superior / Presencial - Superior /;Privada;Privada sem fins lucrativos;20/02/1970;5;2024;5;2019;4;2023;;;;Ativa
66;FUNDACAO UNIVERSIDADE DO OESTE DE SANTA CATARINA;84.592.369/0001-20;Privada sem fins lucrativos;82;UNIVERSIDADE DO OESTE DE SANTA CATARINA (UNOESC);UNOESC;(49) 3551 2098;http://www.unoesc.edu.br/;"reitor@unoesc.edu.br;reitoria@unoesc.edu.br";Rua Getúlio Vargas - 2125 - CEP: 89600-000 - Flor da Serra;Joaçaba;SC;Universidade;EAD - Superior / Presencial - Superior /;Privada;Privada sem fins lucrativos;22/11/1968;4;2018;5;2019;4;2023;;;;Ativa
194;EPEC EMPRESA PRUDENTINA DE EDUCACAO E CULTURA SA;44.860.740/0001-73;Pessoa Jurídica de Direito Privado - Sem fins lucrativos - Sociedade;271;UNIVERSIDADE DO OESTE PAULISTA (UNOESTE);UNOESTE;(018) 3229 1000;www.unoeste.br;"reitoria@unoeste.br;rsantana@unoeste.br";Rua José Bongiovani - 700 - CEP: 19050-900 - Cidade Universitária;Presidente Prudente;SP;Universidade;EAD - Superior / Presencial - Superior /;Privada;Privada sem fins lucrativos;04/10/1972;5;2023;5;2023;5;2023;;;;Ativa
334;FUNDACAO DAS ESCOLAS UNIDAS DO PLANALTO CATARINENSE;84.953.579/0001-05;Privada sem fins lucrativos;1189;UNIVERSIDADE DO PLANALTO CATARINENSE (UNIPLAC);UNIPLAC;(49) 3251 1022;www.uniplaclages.edu.br;avaliacao@uniplaclages.edu.br;Avenida Castelo Branco - 170 - CEP: 88509-900 - Universitário;Lages;SC;Universidade;EAD - Superior / Presencial - Superior /;Privada;Privada sem fins lucrativos;03/04/1973;5;2025;4;2016;3;2023;;;Adesão ao PROIES;Ativa
67;FUNDACAO UNIVERSIDADE DO VALE DO ITAJAI;84.307.974/0001-02;Privada sem fins lucrativos;83;UNIVERSIDADE DO VALE DO ITAJAÍ (UNIVALI);UNIVALI;47-3341 7575;www.univali.br;reitoria.secretaria@univali.br;Rua Uruguai - 458 - CEP: 88302-901 - Centro;Itajaí;SC;Universidade;EAD - Superior / Presencial - Superior /;Privada;Privada sem fins lucrativos;04/05/1965;5;2023;4;2016;4;2023;;;;Ativa
197;FUNDACAO VALEPARAIBANA DE ENSINO;60.191.244/0001-20;Privada sem fins lucrativos;275;UNIVERSIDADE DO VALE DO PARAÍBA (UNIVAP);UNIVAP;(12) 3947 1056;www.univap.br;reitoria@univap.br;Av. Shishima Hifumi, nº 2911, Bairro Urbanova - 2911 - CEP: 12244-000 - Urbanova;São José dos Campos;SP;Universidade;EAD - Superior / Presencial - Superior /;Privada;Privada sem fins lucrativos;06/04/1992;5;2012;5;2022;3;2023;;;;Ativa
14;ASSOCIACAO ANTONIO VIEIRA;92.959.006/0001-09;Privada sem fins lucrativos;14;UNIVERSIDADE DO VALE DO RIO DOS SINOS (UNISINOS);UNISINOS;(51) 3037-1000;www.unisinos.br;"betocruz@unisinos.br;proc.leduca@unisinos.br";Avenida Unisinos - 950 - CEP: 93022-750 - Cristo Rei;São Leopoldo;RS;Universidade;EAD - Superior / Presencial - Superior /;Privada;Privada sem fins lucrativos;01/08/1969;5;2023;5;2019;4;2023;;;;Ativa
127;FUNDACAO DE ENSINO SUPERIOR DO VALE DO SAPUCAI;23.951.916/0001-22;Privada sem fins lucrativos;1586;UNIVERSIDADE DO VALE DO SAPUCAÍ (UNIVÁS);UNIVÁS;35 98862-7941;www.univas.edu.br;reitoria@univas.edu.br;Avenida Coronel Alfredo Custódio Paula - 320 - CEP: 37553-068 - Alfredo Custódio de Paula;Pouso Alegre;MG;Universidade;EAD - Superior / Presencial - Superior /;Privada;Privada sem fins lucrativos;09/10/1999;5;2025;4;2017;4;2023;;;;Ativa
133;FUNDACAO VALE DO TAQUARI DE EDUCACAO E DESENVOLVIMENTO SOCIAL - FUVATES;04.008.342/0001-09;Privada sem fins lucrativos;1041;UNIVERSIDADE DO VALE DO TAQUARI (UNIVATES);UNIVATES;(51) 3714 7000;www.univates.br;pesquisadorinstitucional@univates.br;Avenida Avelino Talini - 171 - CEP: 95914-014 - Universitário;Lajeado;RS;Universidade;EAD - Superior / Presencial - Superior /;Privada;Privada sem fins lucrativos;02/07/1999;4;2016;4;2019;4;2023;;;;Ativa
267;ASSOCIACAO EDUCATIVA EVANGELICA;01.060.102/0001-65;Pessoa Jurídica de Direito Privado - Sem fins lucrativos - Associação de Utilidade Pública;384;Universidade Evangélica de Goiás (UniEVANGÉLICA);UniEVANGÉLICA;"(62) 3310 6600; 3310-6711";www.unievangelica.edu.br;helia@unievangelica.edu.br;Avenida Universitária - s/n - CEP: 75083-515 - Cidade Universitária;Anápolis;GO;Universidade;EAD - Superior / Presencial - Superior /;Privada;Privada sem fins lucrativos;02/03/1961;5;2020;5;2022;4;2023;Carlos Hassel Mendes da Silva;;Unificação de Mantidas;Ativa
23;ASSOCIACAO PRO ENSINO SUPERIOR EM NOVO HAMBURGO;91.693.531/0001-62;Pessoa Jurídica de Direito Privado - Sem fins lucrativos - Associação de Utilidade Pública;23;UNIVERSIDADE FEEVALE (FEEVALE);FEEVALE;(51)3586 8996;www.feevale.br;avaliacaoeregulacao@feevale.br;Rodovia Rodovia ERS-239 - nº 2755 - CEP: 93525-075 - Vila Nova;Novo Hamburgo;RS;Universidade;EAD - Superior / Presencial - Superior /;Privada;Privada sem fins lucrativos;02/03/1970;4;2016;4;2013;4;2023;;;;Ativa
297;SOC CARIT E LIT SAO FRANCISCO DE ASSIS ZONA NORTE;95.606.380/0001-19;Pessoa Jurídica de Direito Privado - Sem fins lucrativos - Associação de Utilidade Pública;426;UNIVERSIDADE FRANCISCANA (UFN);UFN;(55) 3220-1200;https://www.ufn.edu.br/;gabinete@ufn.edu.br;Rua dos Andradas - 1.614 - CEP: 97010-032 - Centro;Santa Maria;RS;Universidade;EAD - Superior / Presencial - Superior /;Privada;Privada sem fins lucrativos;01/04/1955;5;2017;5;2016;4;2023;;;;Ativa
113;FUNDACAO MINEIRA DE EDUCACAO E CULTURA;17.253.253/0001-70;Privada sem fins lucrativos;1557;UNIVERSIDADE FUMEC (FUMEC);FUMEC;(31)32695255;www.fumec.br;reitoria@fumec.br;Rua Cobre - 200 - CEP: 30310-190 - Cruzeiro;Belo Horizonte;MG;Universidade;EAD - Superior / Presencial - Superior /;Privada;Privada sem fins lucrativos;04/11/1966;4;2023;4;2023;4;2023;;;;Ativa
17411;ASSOCIACAO DE ENSINO IMPERIUM;32.887.438/0001-20;Pessoa Jurídica de Direito Privado - Sem fins lucrativos - Associação de Utilidade Pública;458;UNIVERSIDADE IBIRAPUERA (UNIB);UNIB;(11)56947900 (11) 56947940;www.ibirapuera.br;"nucai@ibirapuera.edu.br; reitoria@ibirapuera.edu.br; jose.campos@ibirapuera.edu.br";Avenida Interlagos - 1.329 - CEP: 04661-100 - Jardim Marajoara;São Paulo;SP;Universidade;EAD - Superior / Presencial - Superior /;Privada;Privada sem fins lucrativos;14/08/1992;3;2011;4;2018;3;2023;;;;Ativa
230;ASSOCIACAO DE ENSINO SUPERIOR DE NOVA IGUACU;30.834.196/0001-80;Privada sem fins lucrativos;330;UNIVERSIDADE IGUAÇU (UNIG);UNIG;(21)27654114;www.unig.br;"chancelaria@unig.br;reitoria@unig.br;marcelorosa@unig.br;fbarbosa@unig.br";Avenida Abílio Augusto Távora - 2134 - CEP: 26275-580 - Jardim Nova Era;Nova Iguaçu;RJ;Universidade;EAD - Superior / Presencial - Superior /;Privada;Privada sem fins lucrativos;09/07/1970;5;2026;5;2017;3;2023;;;;Ativa
417;SOCIEDADE PORVIR CIENTIFICO;92.741.990/0001-37;Privada sem fins lucrativos;641;UNIVERSIDADE LA SALLE (UNILASALLE);UNILASALLE;51 34768416;www.unilasalle.edu.br;"regulacaoinstitucional@unilasalle.edu.br;cledes.casagrande@unilasalle.edu.br;";Av. Victor Barreto - 2288 - CEP: 92010-000 - Centro;Canoas;RS;Universidade;EAD - Superior / Presencial - Superior /;Privada;Privada sem fins lucrativos;15/08/1975;4;2016;5;2017;4;2023;;;;Ativa
314;ULBRA S.A.;88.332.580/0001-65;Pessoa Jurídica de Direito Privado - Sem fins lucrativos - Sociedade;449;UNIVERSIDADE LUTERANA DO BRASIL (ULBRA);ULBRA;(51) 3477 4000;www.ulbra.br;"procinstitucional@ulbra.br;fabiano.alves@aelbra.com.br";Avenida Farroupilha - 8001 - CEP: 92425-900 - São José;Canoas;RS;Universidade;EAD - Superior / Presencial - Superior /;Privada;Privada sem fins lucrativos;13/01/1988;5;2023;3;2015;4;2023;;;;Ativa
189;INSTITUTO EDUCACIONAL PIRACICABANO DA IGREJA METODISTA - EM RECUPERACAO JUDICIAL;54.409.461/0001-41;Pessoa Jurídica de Direito Privado - Sem fins lucrativos - Associação de Utilidade Pública;266;UNIVERSIDADE METODISTA DE PIRACICABA (UNIMEP);UNIMEP;(19) 3124 1600 / 1742;www.unimep.br;sgeral@metodista.br;Rodovia do Açúcar - 7.000 - CEP: 13400-911 - Taquaral;Piracicaba;SP;Universidade;EAD - Superior / Presencial - Superior /;Privada;Privada sem fins lucrativos;04/11/1966;4;2023;4;2015;3;2023;;;Adesão ao PROIES;Ativa
123;INSTITUTO METODISTA DE ENSINO SUPERIOR;44.351.146/0001-57;Privada sem fins lucrativos;167;UNIVERSIDADE METODISTA DE SÃO PAULO (UMESP);UMESP;(11) 4366 5538;www.metodista.br;sgeral@metodista.br;Rua do Sacramento - 230 - CEP: 09640-000 - Rudge Ramos;São Bernardo do Campo;SP;Universidade;EAD - Superior / Presencial - Superior /;Privada;Privada sem fins lucrativos;23/06/1971;5;2023;4;2013;3;2023;;;;Ativa
677;CENTRO DE ESTUDOS UNIFICADOS BANDEIRANTE;02.837.041/0001-62;Privada sem fins lucrativos;953;UNIVERSIDADE METROPOLITANA DE SANTOS (UNIMES);UNIMES;(13) 3228 3400;www.unimes.br;"gustavo.mendes@unimes.br; elaine.marcilio@unimes.br; piunimes@unimes.br";Avenida Conselheiro Nébias - 536 - CEP: 11045-002 - Encruzilhada;Santos;SP;Universidade;EAD - Superior / Presencial - Superior /;Privada;Privada sem fins lucrativos;23/02/1996;4;2016;3;2013;3;2023;;;;Ativa
394;UNIVERSIDADE MUNICIPAL DE SAO CAETANO DO SUL;44.392.215/0001-70;Pessoa Jurídica de Direito Público - Municipal;605;UNIVERSIDADE MUNICIPAL DE SÃO CAETANO DO SUL (USCS);USCS;(11)4239-3200;www.uscs.edu.br;gabinetereitoria@online.uscs.edu.br;Avenida Goiás - 3400 - CEP: 09550-051 - Barcelona;São Caetano do Sul;SP;Universidade;EAD - Superior / Presencial - Superior /;Publica;Especial;19/09/1967;-;;5;2022;3;2023;;;;Ativa
441;CENTRO DE ENSINO SUPERIOR NILTON LINS;04.803.904/0001-06;Privada sem fins lucrativos;669;UNIVERSIDADE NILTON LINS (UNINILTONLINS);UNINILTONLINS;(92) 3643 2000;www.niltonlins.br;"warce@niltonlins.br;jmotta@niltonlins.br;karla@niltonlins.br";Av. Prof. Nilton Lins - 3259 - CEP: 69058-040 - Parque das Laranjeiras;Manaus;AM;Universidade;EAD - Superior / Presencial - Superior /;Privada;Privada sem fins lucrativos;22/08/1989;4;2017;3;2016;3;2023;;;;Ativa
222;ASSOCIACAO EDUCACIONAL NOVE DE JULHO;43.374.768/0001-38;Pessoa Jurídica de Direito Privado - Sem fins lucrativos - Associação de Utilidade Pública;316;UNIVERSIDADE NOVE DE JULHO (UNINOVE);UNINOVE;(11) 3385-9080;www.uninove.br;;Rua Vergueiro - 235 - CEP: 01504-001 - Liberdade;São Paulo;SP;Universidade;EAD - Superior / Presencial - Superior /;Privada;Privada sem fins lucrativos;03/05/1972;5;2019;4;2013;3;2023;;;;Ativa
22;INSTITUTO PRESBITERIANO MACKENZIE;60.967.551/0001-50;Pessoa Jurídica de Direito Privado - Sem fins lucrativos - Associação de Utilidade Pública;22;UNIVERSIDADE PRESBITERIANA MACKENZIE (MACKENZIE);MACKENZIE;(11) 2114-8000;www.mackenzie.br;"procuradoria@mackenzie.br;reitoria@mackenzie.br";Rua da Consolação - 896 - CEP: 01302-907 - Consolação;São Paulo;SP;Universidade;EAD - Superior / Presencial - Superior /;Privada;Privada sem fins lucrativos;01/03/1952;5;2023;5;2015;4;2023;;;;Ativa
30;FUNDACAO DE ENSINO E TECNOLOGIA DE ALFENAS;17.878.554/0001-99;Privada sem fins lucrativos;30;UNIVERSIDADE PROFESSOR EDSON ANTÔNIO VELANO (UNIFENAS);UNIFENAS;(35)32993257;www.unifenas.br;"unifenas@unifenas.br; pi.unifenas30@unifenas.br";Rod Rodovia MG-179 - s/n - CEP: 37132-440 - Loteamento Trevo;Alfenas;MG;Universidade;EAD - Superior / Presencial - Superior /;Privada;Privada sem fins lucrativos;13/10/1965;5;2019;5;2018;4;2023;;;;Ativa
60;FUNDACAO UNIVERSIDADE REGIONAL DE BLUMENAU;82.662.958/0001-02;Pessoa Jurídica de Direito Público - Municipal;76;UNIVERSIDADE REGIONAL DE BLUMENAU (FURB);FURB;(47)3321.0381 (47) 3321.0377;www.furb.br;reitoria@furb.br;Rua Antônio da Veiga - 140 - CEP: 89030-903 - Itoupava Seca;Blumenau;SC;Universidade;EAD - Superior / Presencial - Superior /;Publica;Especial;24/12/1968;-;;5;2015;4;2023;;;;Ativa
370;FUNDACAO DE INTEGRACAO, DESENVOLVIMENTO E EDUCACAO DO NOROESTE DO ESTADO DO RIO GRANDE DO SUL - FIDENE;90.738.014/0001-08;Privada sem fins lucrativos;532;UNIVERSIDADE REGIONAL DO NOROESTE DO ESTADO DO RIO GRANDE DO SUL (UNIJUI);UNIJUI;(55) 3332 0200 R:321;www.unijui.edu.br;reitoria@unijui.edu.br;Rua do Comércio - 3000 - CEP: 98700-000 - Universitário;Ijuí;RS;Universidade;EAD - Superior / Presencial - Superior /;Privada;Privada sem fins lucrativos;01/07/1985;5;2023;4;2013;4;2023;;;Adesão ao PROIES;Ativa
295;FUNDACAO REGIONAL INTEGRADA;96.216.841/0001-00;Privada sem fins lucrativos;423;UNIVERSIDADE REGIONAL INTEGRADA DO ALTO URUGUAI E DAS MISSÕES (URI);URI;(54) 2107 1255;www.reitoria.uri.br;gabinete@reitoria.uri.br;Avenida Avenida Sete Setembro, 1621(URI Campos Erechim) - 1621 - CEP: 99709-910 - Fátima;Erechim;RS;Universidade;EAD - Superior / Presencial - Superior /;Privada;Privada sem fins lucrativos;21/05/1992;4;2017;5;2022;3;2023;;;;Ativa
435;ASSOCIACAO SALGADO DE OLIVEIRA DE EDUCACAO E CULTURA;28.638.393/0001-82;Pessoa Jurídica de Direito Privado - Sem fins lucrativos - Associação de Utilidade Pública;663;UNIVERSIDADE SALGADO DE OLIVEIRA (UNIVERSO);UNIVERSO;(21) 2138-4945;www.universo.edu.br;reitoria@nt.universo.edu.br;Rua Lambari - 10 - CEP: 24456-570 - Trindade;São Gonçalo;RJ;Universidade;EAD - Superior / Presencial - Superior /;Privada;Privada sem fins lucrativos;09/09/1993;3;2014;4;2016;3;2023;;;;Ativa
676;INSTITUTO SUPERIOR DE EDUCACAO SANTA CECILIA;58.251.711/0001-19;Pessoa Jurídica de Direito Privado - Sem fins lucrativos - Associação de Utilidade Pública;952;UNIVERSIDADE SANTA CECÍLIA (UNISANTA);UNISANTA;(13) 3202 7100;www.unisanta.br;"cristiane@unisanta.br;lucia@unisanta.br";Rua Oswaldo Cruz - 266 - CEP: 11045-100 - Boqueirão;Santos;SP;Universidade;EAD - Superior / Presencial - Superior /;Privada;Privada sem fins lucrativos;23/02/1996;4;2023;4;2013;3;2023;;;;Ativa
172;ASSOCIACAO UNIVERSITARIA SANTA URSULA;33.479.965/0001-68;Pessoa Jurídica de Direito Privado - Sem fins lucrativos - Associação de Utilidade Pública;240;UNIVERSIDADE SANTA ÚRSULA (USU);USU;21-2323-2000;http://usu.edu.br/;angelica@icesp.edu.br;Rua Fernando Ferrari - 75 - CEP: 22231-040 - Botafogo;Rio de Janeiro;RJ;Universidade;Presencial - Superior;Privada;Privada sem fins lucrativos;28/03/1939;3;2015;-;;3;2023;;;;Ativa
488;OBRAS SOCIAIS E EDUCACIONAIS DE LUZ;18.301.267/0001-84;Pessoa Jurídica de Direito Privado - Sem fins lucrativos - Associação de Utilidade Pública;375;UNIVERSIDADE SANTO AMARO (UNISA);UNISA;(11) 21418800;www.unisa.br;institucional@unisa.br;Rua Enéas de Siqueira Neto - 340 - CEP: 04829-300 - Jardim das Imbuias;São Paulo;SP;Universidade;EAD - Superior / Presencial - Superior /;Privada;Privada sem fins lucrativos;17/03/1970;5;2018;5;2023;3;2023;;;;Ativa
442;CASA DE NOSSA SENHORA DA PAZ ACAO SOCIAL FRANCISCANA;33.495.870/0001-38;Pessoa Jurídica de Direito Privado - Sem fins lucrativos - Associação de Utilidade Pública;670;UNIVERSIDADE SÃO FRANCISCO (USF);USF;1124548000;www.usf.edu.br;nleg@usf.edu.br;Avenida São Francisco de Assis - 218 - CEP: 12916-900 - Jardim São José;Bragança Paulista;SP;Universidade;EAD - Superior / Presencial - Superior /;Privada;Privada sem fins lucrativos;30/10/1985;4;2009;5;2019;3;2023;;;;Ativa
2499;SERVICO NACIONAL DE APRENDIZAGEM INDUSTRIAL;03.795.071/0001-16;Privada sem fins lucrativos;3962;UNIVERSIDADE SENAI CIMATEC (SENAI CIMATEC);SENAI CIMATEC;71 3462-8401 / 71 981016006;//universidadesenaicimatec.edu.br/universidade;reitoriacimatec@fieb.org.br;Avenida Orlando Gomes - 1845 - CEP: 41650-010 - Piatã;Salvador;BA;Universidade;EAD - Superior / Presencial - Superior /;Privada;Privada sem fins lucrativos;21/06/2004;5;2023;5;2021;5;2023;;;;Ativa
354;FUNDACAO PERCIVAL FARQUHAR;20.611.810/0001-91;Pessoa Jurídica de Direito Privado - Sem fins lucrativos - Fundação;513;UNIVERSIDADE VALE DO RIO DOCE (UNIVALE);UNIVALE;(33) 3279 5560;www.univale.br;"reitoria@univale.br;fpf@univale.br;pesquisador@univale.br";Rua Israel Pinheiro - 2000 - CEP: 35020-220 - Universitário;Governador Valadares;MG;Universidade;EAD - Superior / Presencial - Superior /;Privada;Privada sem fins lucrativos;18/03/1968;3;2009;4;2016;3;2023;;;;Ativa
