institution_name,institution_type,Comunitaria,FinsLucrativos,metodo,evidencia,evidencia_comunitaria
Universidade de São Paulo (USP),STATE_UNIVERSITY,,,web,autarquia estadual — portaldatransparencia.gov.br/pessoa-juridica/63025530000104,
Universidade de Brasília (UnB),FEDERAL_UNIVERSITY,,,web,fundação pública federal — portaldatransparencia.gov.br/pessoa-juridica/00038174000143,
Conselho Nacional de Pesquisa e Pós-graduação em Direito (CONPEDI),SCIENTIFIC_SOCIETY,,,padrao,associacao|asociacion|\bsociedade\b|\bsociety\b|academia|\bc,
Universidade Federal de Santa Catarina (UFSC),FEDERAL_UNIVERSITY,,,padrao,universidade federal|fundacao universidade federal|universid,
Universidade Estadual de Campinas (UNICAMP),STATE_UNIVERSITY,,,padrao,universidade estadual|universidade do estado|centro paula so,
Universidade do Estado do Rio de Janeiro (UERJ),STATE_UNIVERSITY,,,padrao,universidade estadual|universidade do estado|centro paula so,
Universidade Federal de Goiás (UFG),FEDERAL_UNIVERSITY,,,padrao,universidade federal|fundacao universidade federal|universid,
Universidade Federal do Rio Grande do Sul (UFRGS),FEDERAL_UNIVERSITY,,,padrao,universidade federal|fundacao universidade federal|universid,
Universidade Estadual Paulista (UNESP),STATE_UNIVERSITY,,,padrao,universidade estadual|universidade do estado|centro paula so,
Universidade Federal de Minas Gerais (UFMG),FEDERAL_UNIVERSITY,,,padrao,universidade federal|fundacao universidade federal|universid,
Universidade Federal do Paraná (UFPR),FEDERAL_UNIVERSITY,,,padrao,universidade federal|fundacao universidade federal|universid,
Universidade Federal de Santa Maria (UFSM),FEDERAL_UNIVERSITY,,,padrao,universidade federal|fundacao universidade federal|universid,
Universidade Federal Fluminense (UFF),FEDERAL_UNIVERSITY,,,padrao,universidade federal|fundacao universidade federal|universid,
Universidade Federal de Uberlândia (UFU),FEDERAL_UNIVERSITY,,,padrao,universidade federal|fundacao universidade federal|universid,
Universidade Federal do Rio de Janeiro (UFRJ),FEDERAL_UNIVERSITY,,,padrao,universidade federal|fundacao universidade federal|universid,
Pontifícia Universidade Católica de São Paulo (PUC-SP),PRIVATE_UNIVERSITY,,N,padrao,pontificia universidade catolica|universidade catolica|centr,
Pontifícia Universidade Católica do Rio Grande do Sul (PUCRS),PRIVATE_UNIVERSITY,S,N,padrao,pontificia universidade catolica|universidade catolica|centr,"qualificação ICES, Lei 12.881/2013 — pt.wikipedia.org/wiki/Instituição_comunitária_de_educação_superior"
Universidade Estadual de Maringá (UEM),STATE_UNIVERSITY,,,padrao,universidade estadual|universidade do estado|centro paula so,
Universidade Federal da Bahia (UFBA),FEDERAL_UNIVERSITY,,,padrao,universidade federal|fundacao universidade federal|universid,
Universidade Federal do Ceará (UFC),FEDERAL_UNIVERSITY,,,padrao,universidade federal|fundacao universidade federal|universid,
Universidade Estadual de Londrina (UEL),STATE_UNIVERSITY,,,padrao,universidade estadual|universidade do estado|centro paula so,
Universidade Federal do Espírito Santo (UFES),FEDERAL_UNIVERSITY,,,padrao,universidade federal|fundacao universidade federal|universid,
Universidade do Estado de Santa Catarina (UDESC),STATE_UNIVERSITY,S,,padrao,universidade estadual|universidade do estado|centro paula so,"qualificação ICES, Lei 12.881/2013 — pt.wikipedia.org/wiki/Instituição_comunitária_de_educação_superior"
Universidade Federal da Paraíba (UFPB),FEDERAL_UNIVERSITY,,,padrao,universidade federal|fundacao universidade federal|universid,
Universidade Federal de Pernambuco (UFPE),FEDERAL_UNIVERSITY,,,padrao,universidade federal|fundacao universidade federal|universid,
Universidade Federal do Maranhão (UFMA),FEDERAL_UNIVERSITY,,,padrao,universidade federal|fundacao universidade federal|universid,
Centro de Ensino de Brasília (UNICEUB),PRIVATE_UNIVERSITY,,N,web,"associação privada, centro universitário — mapaosc.ipea.gov.br/detalhar/569066",
Pontifícia Universidade Católica de Minas Gerais (PUC Minas),PRIVATE_UNIVERSITY,,N,padrao,pontificia universidade catolica|universidade catolica|centr,
"Universidade Estadual Paulista ""Júlio de Mesquita Filho"" (UNESP)",STATE_UNIVERSITY,,,padrao,universidade estadual|universidade do estado|centro paula so,
Universidade Federal de Juiz de Fora (UFJF),FEDERAL_UNIVERSITY,,,padrao,universidade federal|fundacao universidade federal|universid,
Instituto Brasileiro de Informação em Ciência e Tecnologia (Ibict),GOVERNMENT_AGENCY,,,padrao,banco central|\bbndes\b|agencia nacional|arquivo nacional|\b,
Universidade Estadual do Sudoeste da Bahia (UESB),STATE_UNIVERSITY,,,padrao,universidade estadual|universidade do estado|centro paula so,
Universidade Federal da Grande Dourados (UFGD),FEDERAL_UNIVERSITY,,,padrao,universidade federal|fundacao universidade federal|universid,
Universidade Federal de Sergipe (UFS),FEDERAL_UNIVERSITY,,,padrao,universidade federal|fundacao universidade federal|universid,
Universidade Federal do Rio Grande (FURG),FEDERAL_UNIVERSITY,,,padrao,universidade federal|fundacao universidade federal|universid,
Universidade Tecnológica Federal do Paraná (UTFPR),FEDERAL_UNIVERSITY,,,padrao,universidade federal|fundacao universidade federal|universid,
Universidade de Santa Cruz do Sul (UNISC),PRIVATE_UNIVERSITY,S,N,padrao,universidade,"qualificação ICES, Lei 12.881/2013 — pt.wikipedia.org/wiki/Instituição_comunitária_de_educação_superior"
Fundação Getulio Vargas (FGV),PRIVATE_UNIVERSITY,,N,web,fundação privada sem fins lucrativos — portaldatransparencia.gov.br/pessoa-juridica/33641663000144,
Universidade Federal de Viçosa (UFV),FEDERAL_UNIVERSITY,,,padrao,universidade federal|fundacao universidade federal|universid,
Universidade Nove de Julho (UNINOVE),PRIVATE_UNIVERSITY,,N,padrao,universidade,
Universidade do Estado da Bahia (UNEB),STATE_UNIVERSITY,,,padrao,universidade estadual|universidade do estado|centro paula so,
Universidade Federal do Pará (UFPA),FEDERAL_UNIVERSITY,,,padrao,universidade federal|fundacao universidade federal|universid,
Universidade Federal do Piauí (UFPI),FEDERAL_UNIVERSITY,,,padrao,universidade federal|fundacao universidade federal|universid,
Universidade Federal do Rio Grande do Norte (UFRN),FEDERAL_UNIVERSITY,,,padrao,universidade federal|fundacao universidade federal|universid,
Fundação Oswaldo Cruz (Fiocruz),RESEARCH_INSTITUTE,,,padrao,\bembrapa\b|\bfiocruz\b|oswaldo cruz|instituto nacional|\bin,
Universidade Estadual de Ponta Grossa (UEPG),STATE_UNIVERSITY,,,padrao,universidade estadual|universidade do estado|centro paula so,
Universidade Estadual do Ceará (UECE),STATE_UNIVERSITY,,,padrao,universidade estadual|universidade do estado|centro paula so,
Universidade de Caxias do Sul (UCS),PRIVATE_UNIVERSITY,S,N,padrao,universidade,"qualificação ICES, Lei 12.881/2013 — pt.wikipedia.org/wiki/Instituição_comunitária_de_educação_superior"
Universidade de Passo Fundo (UPF),PRIVATE_UNIVERSITY,S,N,padrao,universidade,"qualificação ICES, Lei 12.881/2013 — pt.wikipedia.org/wiki/Instituição_comunitária_de_educação_superior"
Pontifícia Universidade Católica de Goiás (PUC-GO),PRIVATE_UNIVERSITY,,N,padrao,pontificia universidade catolica|universidade catolica|centr,
Publicação independente,OTHER,,,padrao,^revista |publicacao independente|\(rio de janeiro\. online\,
Sociedade Brasileira de Computação (SBC),SCIENTIFIC_SOCIETY,,,padrao,associacao|asociacion|\bsociedade\b|\bsociety\b|academia|\bc,
Universidade Federal de Alagoas (UFAL),FEDERAL_UNIVERSITY,,,padrao,universidade federal|fundacao universidade federal|universid,
Universidade Federal de Lavras (UFLA),FEDERAL_UNIVERSITY,,,padrao,universidade federal|fundacao universidade federal|universid,
Universidade Federal de Mato Grosso (UFMT),FEDERAL_UNIVERSITY,,,padrao,universidade federal|fundacao universidade federal|universid,
Universidade Federal de Mato Grosso do Sul (UFMS),FEDERAL_UNIVERSITY,,,padrao,universidade federal|fundacao universidade federal|universid,
Universidade Estadual do Oeste do Paraná (UNIOESTE),STATE_UNIVERSITY,,,padrao,universidade estadual|universidade do estado|centro paula so,
Universidade Federal de Pelotas (UFPEL),FEDERAL_UNIVERSITY,,,padrao,universidade federal|fundacao universidade federal|universid,
Universidade Federal de Roraima (UFRR),FEDERAL_UNIVERSITY,,,padrao,universidade federal|fundacao universidade federal|universid,
Universidade Federal de São Paulo (UNIFESP),FEDERAL_UNIVERSITY,,,padrao,universidade federal|fundacao universidade federal|universid,
Universidade Federal do Tocantins (UFT),FEDERAL_UNIVERSITY,,,padrao,universidade federal|fundacao universidade federal|universid,
Universidade do Estado do Rio Grande do Norte (UERN),STATE_UNIVERSITY,,,padrao,universidade estadual|universidade do estado|centro paula so,
Empresa Brasileira de Pesquisa Agropecuária (Embrapa),RESEARCH_INSTITUTE,,,padrao,\bembrapa\b|\bfiocruz\b|oswaldo cruz|instituto nacional|\bin,
Pontifícia Universidade Católica do Paraná (PUC-PR),PRIVATE_UNIVERSITY,,N,padrao,pontificia universidade catolica|universidade catolica|centr,
Universidade Estadual de Montes Claros (UNIMONTES),STATE_UNIVERSITY,,,padrao,universidade estadual|universidade do estado|centro paula so,
Universidade Federal Rural do Rio de Janeiro (UFRRJ),FEDERAL_UNIVERSITY,,,padrao,universidade federal|fundacao universidade federal|universid,
Universidade La Salle (UNILASALLE),PRIVATE_UNIVERSITY,S,N,padrao,universidade,"qualificação ICES, Lei 12.881/2013 — pt.wikipedia.org/wiki/Instituição_comunitária_de_educação_superior"
Universidade do Vale do Rio dos Sinos (UNISINOS),PRIVATE_UNIVERSITY,S,N,padrao,universidade,"qualificação ICES, Lei 12.881/2013 — pt.wikipedia.org/wiki/Instituição_comunitária_de_educação_superior"
Universidade Católica de Brasília (UCB),PRIVATE_UNIVERSITY,,N,padrao,pontificia universidade catolica|universidade catolica|centr,
Universidade Federal de Campina Grande (UFCG),FEDERAL_UNIVERSITY,,,padrao,universidade federal|fundacao universidade federal|universid,
Universidade Federal de São Carlos (UFSCAR),FEDERAL_UNIVERSITY,,,padrao,universidade federal|fundacao universidade federal|universid,
Universidade Regional Integrada do Alto Uruguai e das Missões (URI),PRIVATE_UNIVERSITY,S,N,padrao,universidade,"qualificação ICES, Lei 12.881/2013 — pt.wikipedia.org/wiki/Instituição_comunitária_de_educação_superior"
Universidade Regional do Noroeste do Estado do Rio Grande do Sul (UNIJUI),PRIVATE_UNIVERSITY,S,N,padrao,universidade,"qualificação ICES, Lei 12.881/2013 — pt.wikipedia.org/wiki/Instituição_comunitária_de_educação_superior"
Universidade do Oeste de Santa Catarina (UNOESC),PRIVATE_UNIVERSITY,S,N,padrao,universidade,"qualificação ICES, Lei 12.881/2013 — pt.wikipedia.org/wiki/Instituição_comunitária_de_educação_superior"
Faculdade Meridional (IMED),PRIVATE_UNIVERSITY,,,padrao,pontificia universidade catolica|universidade catolica|centr,
Universidade Federal do Estado do Rio de Janeiro (UNIRIO),FEDERAL_UNIVERSITY,,,padrao,universidade federal|fundacao universidade federal|universid,
Universidade Feevale (Feevale),PRIVATE_UNIVERSITY,S,N,padrao,universidade,"qualificação ICES, Lei 12.881/2013 — pt.wikipedia.org/wiki/Instituição_comunitária_de_educação_superior"
Universidade Municipal de São Caetano do Sul (USCS),MUNICIPAL_UNIVERSITY,,,padrao,universidade municipal,
Universidade Regional de Blumenau (FURB),MUNICIPAL_UNIVERSITY,S,,web,autarquia municipal de Blumenau — furb.br/pt/institucional/a-furb,"qualificação ICES, Lei 12.881/2013 — pt.wikipedia.org/wiki/Instituição_comunitária_de_educação_superior"
Universidade de Fortaleza (UNIFOR),PRIVATE_UNIVERSITY,,N,padrao,universidade,
Universidade do Estado de Mato Grosso (UNEMAT),STATE_UNIVERSITY,,,padrao,universidade estadual|universidade do estado|centro paula so,
Universidade do Estado de Minas Gerais (UEMG),STATE_UNIVERSITY,,,padrao,universidade estadual|universidade do estado|centro paula so,
Universidade do Oeste Paulista (UNOESTE),PRIVATE_UNIVERSITY,,N,padrao,universidade,
Universidade do Sul de Santa Catarina (UNISUL),PRIVATE_UNIVERSITY,,S,web,"ICES pela Portaria MEC 683/2014, depois incorporada pela Ânima Educação; qualificação atual não confirmada — notisul.com.br/unisul-passa-a-ser-integralmente-uma-instituicao-da-anima-educacao/",
Escola Superior de Propaganda e Marketing (ESPM),PRIVATE_UNIVERSITY,,,padrao,escola superior|escola \w+ de (medicina|saude|teologia|comer,
Instituto Brasileiro de Ensino e Pesquisa em Fisiologia do Exercício (IBPEFEX),RESEARCH_INSTITUTE,,,web,instituto privado de pesquisa e ensino — ibpefex.com.br/revistas.php,
Instituto Federal da Paraíba (IFPB),FEDERAL_INSTITUTE,,,padrao,instituto federal|\bcefet\b|centro federal de educacao tecno,
"Instituto Federal de Educação, Ciência e Tecnologia do Rio Grande do Sul (IFRS)",FEDERAL_INSTITUTE,,,padrao,instituto federal|\bcefet\b|centro federal de educacao tecno,
Pontifícia Universidade Católica de Campinas (PUC-CAMPINAS),PRIVATE_UNIVERSITY,,N,padrao,pontificia universidade catolica|universidade catolica|centr,
Pontifícia Universidade Católica do Rio de Janeiro (PUC-RIO),PRIVATE_UNIVERSITY,,N,padrao,pontificia universidade catolica|universidade catolica|centr,
Universidade Estadual da Paraíba (UEPB),STATE_UNIVERSITY,,,padrao,universidade estadual|universidade do estado|centro paula so,
Universidade Estadual do Centro-Oeste (UNICENTRO),STATE_UNIVERSITY,,,padrao,universidade estadual|universidade do estado|centro paula so,
Universidade Estadual do Paraná (UNESPAR),STATE_UNIVERSITY,,,padrao,universidade estadual|universidade do estado|centro paula so,
Universidade Federal Rural de Pernambuco (UFRPE),FEDERAL_UNIVERSITY,,,padrao,universidade federal|fundacao universidade federal|universid,
Universidade Federal Rural do Semi-Árido (UFERSA),FEDERAL_UNIVERSITY,,,padrao,universidade federal|fundacao universidade federal|universid,
Universidade Federal da Integração Latino-Americana (UNILA),FEDERAL_UNIVERSITY,,,padrao,universidade federal|fundacao universidade federal|universid,
Universidade Federal de Ouro Preto (UFOP),FEDERAL_UNIVERSITY,,,padrao,universidade federal|fundacao universidade federal|universid,
Universidade Federal de Rondônia (UNIR),FEDERAL_UNIVERSITY,,,padrao,universidade federal|fundacao universidade federal|universid,
Universidade Federal do Amapá (UNIFAP),FEDERAL_UNIVERSITY,,,padrao,universidade federal|fundacao universidade federal|universid,
Universidade Federal do Recôncavo da Bahia (UFRB),FEDERAL_UNIVERSITY,,,padrao,universidade federal|fundacao universidade federal|universid,
Universidade Federal do Triangulo Mineiro (UFTM),FEDERAL_UNIVERSITY,,,padrao,universidade federal|fundacao universidade federal|universid,
Universidade Presbiteriana Mackenzie (UPM),PRIVATE_UNIVERSITY,,N,padrao,pontificia universidade catolica|universidade catolica|centr,
Universidade Salvador (UNIFACS),PRIVATE_UNIVERSITY,,S,padrao,universidade,
Universidade Tiradentes (UNIT),PRIVATE_UNIVERSITY,,S,padrao,universidade,
Associação Brasileira de Engenharia de Produção (ABEPRO),SCIENTIFIC_SOCIETY,,,padrao,associacao|asociacion|\bsociedade\b|\bsociety\b|academia|\bc,
Associação Nacional de História (ANPUH),SCIENTIFIC_SOCIETY,,,padrao,associacao|asociacion|\bsociedade\b|\bsociety\b|academia|\bc,
Centro Universitário Christus (Unichristus),PRIVATE_UNIVERSITY,,S,padrao,pontificia universidade catolica|universidade catolica|centr,
Centro Universitário Internacional (UNINTER),PRIVATE_UNIVERSITY,,S,padrao,pontificia universidade catolica|universidade catolica|centr,
Centro Universitário La Salle (Unilasalle),PRIVATE_UNIVERSITY,S,N,padrao,pontificia universidade catolica|universidade catolica|centr,"qualificação ICES, Lei 12.881/2013 — pt.wikipedia.org/wiki/Instituição_comunitária_de_educação_superior"
Colégio Pedro II,FEDERAL_INSTITUTE,,,padrao,instituto federal|\bcefet\b|centro federal de educacao tecno,
Faculdade Santo Agostinho (FSA),PRIVATE_UNIVERSITY,,,padrao,pontificia universidade catolica|universidade catolica|centr,
Faculdades EST,PRIVATE_UNIVERSITY,,N,padrao,pontificia universidade catolica|universidade catolica|centr,
Grupo Verde de Agroecologia e Abelhas (GVAA),SCIENTIFIC_SOCIETY,,,web,associação privada sem fins lucrativos — editoraverde.org/portal/gvaa,
"Instituto Federal de Educação, Ciência e Tecnologia Catarinense (IFC)",FEDERAL_INSTITUTE,,,padrao,instituto federal|\bcefet\b|centro federal de educacao tecno,
"Instituto Federal de Educação, Ciência e Tecnologia de São Paulo (IFSP)",FEDERAL_INSTITUTE,,,padrao,instituto federal|\bcefet\b|centro federal de educacao tecno,
"Instituto Federal de Educação, Ciência e Tecnologia do Amazonas (IFAM)",FEDERAL_INSTITUTE,,,padrao,instituto federal|\bcefet\b|centro federal de educacao tecno,
Instituto Federal do Rio Grande do Norte (IFRN),FEDERAL_INSTITUTE,,,padrao,instituto federal|\bcefet\b|centro federal de educacao tecno,
Instituto de Ensino e Pesquisa Periodicojs,OTHER,,,padrao,centro de estudos|nucleo de|grupo de|\brede\b|\bfundacao\b|\,
Pontifícia Universidade Católica de Campinas (PUC-Campinas),PRIVATE_UNIVERSITY,,N,padrao,pontificia universidade catolica|universidade catolica|centr,
Scientific Electronic Library Online (SCIELO),LIBRARY,,,web,"biblioteca eletrônica, programa FAPESP/BIREME — scielo.br/j/ci/a/XhRCDr87m5VTswK5WtNdYzL/",
Sociedade Brasileira de Química (SBQ),SCIENTIFIC_SOCIETY,,,padrao,associacao|asociacion|\bsociedade\b|\bsociety\b|academia|\bc,
Sociedade Entomológica do Brasil (SEB),SCIENTIFIC_SOCIETY,,,padrao,associacao|asociacion|\bsociedade\b|\bsociety\b|academia|\bc,
Uniabeu Centro Universitário (UNIABEU),PRIVATE_UNIVERSITY,,,padrao,pontificia universidade catolica|universidade catolica|centr,
Universidade Anhembi Morumbi (ANHEMBI),PRIVATE_UNIVERSITY,,S,padrao,universidade,
Universidade Comunitária da Região de Chapecó (UNOCHAPECÓ),PRIVATE_UNIVERSITY,S,N,padrao,universidade,"qualificação ICES, Lei 12.881/2013 — pt.wikipedia.org/wiki/Instituição_comunitária_de_educação_superior"
Universidade Estadual de Alagoas (UNEAL),STATE_UNIVERSITY,,,padrao,universidade estadual|universidade do estado|centro paula so,
Universidade Estadual de Campinas (Unicamp),STATE_UNIVERSITY,,,padrao,universidade estadual|universidade do estado|centro paula so,
Universidade Estadual de Santa Cruz (UESC),STATE_UNIVERSITY,,,padrao,universidade estadual|universidade do estado|centro paula so,
Universidade Estadual do Norte do Paraná (UENP),STATE_UNIVERSITY,,,padrao,universidade estadual|universidade do estado|centro paula so,
Universidade FUMEC,PRIVATE_UNIVERSITY,,N,padrao,universidade,
Universidade Federal da Fronteira Sul (UFFS),FEDERAL_UNIVERSITY,,,padrao,universidade federal|fundacao universidade federal|universid,
Universidade Federal do Acre (UFAC),FEDERAL_UNIVERSITY,,,padrao,universidade federal|fundacao universidade federal|universid,
Universidade Federal do Amazonas (UFAM),FEDERAL_UNIVERSITY,,,padrao,universidade federal|fundacao universidade federal|universid,
Universidade Santo Amaro (UNISA),PRIVATE_UNIVERSITY,,N,padrao,universidade,
Universidade Vale do Rio Verde (UNINCOR),PRIVATE_UNIVERSITY,,,padrao,universidade,
Universidade de Ribeirão Preto (UNAERP),PRIVATE_UNIVERSITY,,N,padrao,universidade,
Universidade de Taubaté (UNITAU),MUNICIPAL_UNIVERSITY,,,web,autarquia municipal de Taubaté — unitau.br/a-unitau/a-universidade/,
Universidade do Contestado (UNC),PRIVATE_UNIVERSITY,S,N,padrao,universidade,"qualificação ICES, Lei 12.881/2013 — pt.wikipedia.org/wiki/Instituição_comunitária_de_educação_superior"
Universidade do Estado do Pará (UEPA),STATE_UNIVERSITY,,,padrao,universidade estadual|universidade do estado|centro paula so,
Universidade do Extremo Sul Catarinense (Unesc),PRIVATE_UNIVERSITY,S,N,padrao,universidade,"qualificação ICES, Lei 12.881/2013 — pt.wikipedia.org/wiki/Instituição_comunitária_de_educação_superior"
Universidade do Vale do Itajaí (UNIVALI),PRIVATE_UNIVERSITY,S,N,web,fundação privada sem fins lucrativos — mapaosc.ipea.gov.br/detalhar/723293,"qualificação ICES, Lei 12.881/2013 — pt.wikipedia.org/wiki/Instituição_comunitária_de_educação_superior"
Associação Brasileira de Engenharia Sanitária e Ambiental (ABES),SCIENTIFIC_SOCIETY,,,padrao,associacao|asociacion|\bsociedade\b|\bsociety\b|academia|\bc,
Associação Brasileira de Engenharia e Ciências Mecânicas (ABCM),SCIENTIFIC_SOCIETY,,,padrao,associacao|asociacion|\bsociedade\b|\bsociety\b|academia|\bc,
Associação Brasileira de Estudos e Pesquisas em Moda (Abepem),SCIENTIFIC_SOCIETY,,,padrao,associacao|asociacion|\bsociedade\b|\bsociety\b|academia|\bc,
Associação Brasileira de Otorrinolaringologia e Cirurgia Cérvico-Facial (ABORL-CCF),SCIENTIFIC_SOCIETY,,,padrao,associacao|asociacion|\bsociedade\b|\bsociety\b|academia|\bc,
Associação Brasileira de Psiquiatria (ABP),SCIENTIFIC_SOCIETY,,,padrao,associacao|asociacion|\bsociedade\b|\bsociety\b|academia|\bc,
Associação Brasileira de Saúde Coletiva (ABRASCO),SCIENTIFIC_SOCIETY,,,padrao,associacao|asociacion|\bsociedade\b|\bsociety\b|academia|\bc,
Associação Brasileira de Tecnologia de Sementes (ABRATES),SCIENTIFIC_SOCIETY,,,padrao,associacao|asociacion|\bsociedade\b|\bsociety\b|academia|\bc,
Associação Nacional de Pós-Graduação e Pesquisa em Administração (ANPAD),SCIENTIFIC_SOCIETY,,,padrao,associacao|asociacion|\bsociedade\b|\bsociety\b|academia|\bc,
Associação Nacional de Pós-Graduação e Pesquisa em Letras e Lingüística (ANPOLL),SCIENTIFIC_SOCIETY,,,padrao,associacao|asociacion|\bsociedade\b|\bsociety\b|academia|\bc,
Centro Universitário Campos de Andrade (UNIANDRADE),PRIVATE_UNIVERSITY,,N,padrao,pontificia universidade catolica|universidade catolica|centr,
Centro Universitário Católica de Quixadá (Unicatólica),PRIVATE_UNIVERSITY,,N,padrao,pontificia universidade catolica|universidade catolica|centr,
Centro Universitário Curitiba (UNICURITIBA),PRIVATE_UNIVERSITY,,S,padrao,pontificia universidade catolica|universidade catolica|centr,
Centro Universitário FIAM-FAAM,PRIVATE_UNIVERSITY,,,padrao,pontificia universidade catolica|universidade catolica|centr,
Centro Universitário ICESP,PRIVATE_UNIVERSITY,,S,padrao,pontificia universidade catolica|universidade catolica|centr,
Centro Universitário Salesiano de São Paulo (UNISAL),PRIVATE_UNIVERSITY,,N,padrao,pontificia universidade catolica|universidade catolica|centr,
Centro Universitário Uningá,PRIVATE_UNIVERSITY,,,padrao,pontificia universidade catolica|universidade catolica|centr,
Centro Universitário Univates (UNIVATES),PRIVATE_UNIVERSITY,S,,padrao,pontificia universidade catolica|universidade catolica|centr,"qualificação ICES, Lei 12.881/2013 — pt.wikipedia.org/wiki/Instituição_comunitária_de_educação_superior"
Centro Universitário de Anápolis (UniEVANGÉLICA),PRIVATE_UNIVERSITY,,,padrao,pontificia universidade catolica|universidade catolica|centr,
Centro Universitário de Belo Horizonte (UNIBH),PRIVATE_UNIVERSITY,,S,padrao,pontificia universidade catolica|universidade catolica|centr,
Centro Universitário de Maringá (UNICESUMAR),PRIVATE_UNIVERSITY,,,padrao,pontificia universidade catolica|universidade catolica|centr,
Centro Universitário de Maringá (UniCesumar),PRIVATE_UNIVERSITY,,,padrao,pontificia universidade catolica|universidade catolica|centr,
Centro de Estudos Educação e Sociedade (CEDES),SCIENTIFIC_SOCIETY,,,padrao,associacao|asociacion|\bsociedade\b|\bsociety\b|academia|\bc,
Conselho Brasileiro de Oftalmologia (CBO),SCIENTIFIC_SOCIETY,,,padrao,associacao|asociacion|\bsociedade\b|\bsociety\b|academia|\bc,
Editora Reativar Ambiental,PUBLISHER,,,padrao,\beditora\b|\bedicoes\b|editorial|\bpress\b|publicacoes|pro-,
Escola Superior de Teologia (EST),PRIVATE_UNIVERSITY,,,padrao,escola superior|escola \w+ de (medicina|saude|teologia|comer,
Escola da Magistratura do Estado do Rio de Janeiro (EMERJ),GOVERNMENT_AGENCY,,,padrao,escola (superior )?d[ae] magistratura|escola da magistratura,
Faculdade Aldete Maria Alves (FAMA),PRIVATE_UNIVERSITY,,N,padrao,pontificia universidade catolica|universidade catolica|centr,
Faculdade Processus (DF),PRIVATE_UNIVERSITY,,,padrao,pontificia universidade catolica|universidade catolica|centr,
Faculdade de Medicina de São José do Rio Preto (FAMERP),STATE_UNIVERSITY,,,web,"Pública Estadual — e-MEC, data/Publicas estaduais e federais.csv",
Faculdades Metropolitanas Unidas (FMU),PRIVATE_UNIVERSITY,,S,padrao,pontificia universidade catolica|universidade catolica|centr,
Fundação Carlos Chagas (FCC),OTHER,,,padrao,centro de estudos|nucleo de|grupo de|\brede\b|\bfundacao\b|\,
Fundação Cesgranrio,OTHER,,N,padrao,centro de estudos|nucleo de|grupo de|\brede\b|\bfundacao\b|\,
Fundação Escola de Comércio Álvares Penteado (FECAP),PRIVATE_UNIVERSITY,,N,padrao,escola superior|escola \w+ de (medicina|saude|teologia|comer,
Fundação Instituto de Administração (FIA),OTHER,,N,decisao,mantém a Faculdade FIA no e-MEC; a fonte é da fundação,
Fundação Joaquim Nabuco (FUNDAJ),GOVERNMENT_AGENCY,,,padrao,banco central|\bbndes\b|agencia nacional|arquivo nacional|\b,
Fundação Zoobotânica do Rio Grande do Sul (FZB/RS),RESEARCH_INSTITUTE,,,padrao,\bembrapa\b|\bfiocruz\b|oswaldo cruz|instituto nacional|\bin,
"Instituto Brasileiro de Ensino, Desenvolvimento e Pesquisa (IDP)",OTHER,,,padrao,centro de estudos|nucleo de|grupo de|\brede\b|\bfundacao\b|\,
Instituto Brasileiro de Relações Internacionais (IBRI),SCIENTIFIC_SOCIETY,,,padrao,associacao|asociacion|\bsociedade\b|\bsociety\b|academia|\bc,
Instituto Chico Mendes de Conservação da Biodiversidade (ICMBIO),GOVERNMENT_AGENCY,,,padrao,banco central|\bbndes\b|agencia nacional|arquivo nacional|\b,
Instituto Evandro Chagas (IEC),RESEARCH_INSTITUTE,,,padrao,\bembrapa\b|\bfiocruz\b|oswaldo cruz|instituto nacional|\bin,
"Instituto Federal de Educação, Ciência e Tecnologia Farroupilha (IFFAR)",FEDERAL_INSTITUTE,,,padrao,instituto federal|\bcefet\b|centro federal de educacao tecno,
"Instituto Federal de Educação, Ciência e Tecnologia Sul-Rio-Grandense (IFSul)",FEDERAL_INSTITUTE,,,padrao,instituto federal|\bcefet\b|centro federal de educacao tecno,
"Instituto Federal de Educação, Ciência e Tecnologia de Goiás (IFG)",FEDERAL_INSTITUTE,,,padrao,instituto federal|\bcefet\b|centro federal de educacao tecno,
"Instituto Federal de Educação, Ciência e Tecnologia de Mato Grosso (IFMT)",FEDERAL_INSTITUTE,,,padrao,instituto federal|\bcefet\b|centro federal de educacao tecno,
"Instituto Federal de Educação, Ciência e Tecnologia de Minas Gerais (IFMG)",FEDERAL_INSTITUTE,,,padrao,instituto federal|\bcefet\b|centro federal de educacao tecno,
"Instituto Federal de Educação, Ciência e Tecnologia do Amapá (IFAP)",FEDERAL_INSTITUTE,,,padrao,instituto federal|\bcefet\b|centro federal de educacao tecno,
"Instituto Federal de Educação, Ciência e Tecnologia do Espírito Santo (IFES)",FEDERAL_INSTITUTE,,,padrao,instituto federal|\bcefet\b|centro federal de educacao tecno,
"Instituto Federal de Educação, Ciência e Tecnologia do Paraná (IFPR)",FEDERAL_INSTITUTE,,,padrao,instituto federal|\bcefet\b|centro federal de educacao tecno,
Instituto Internacional de Ecologia (IIE),OTHER,,,padrao,centro de estudos|nucleo de|grupo de|\brede\b|\bfundacao\b|\,
Instituto Nacional de Estudos e Pesquisas Educacionais Anísio Teixeira (INEP),RESEARCH_INSTITUTE,,,padrao,\bembrapa\b|\bfiocruz\b|oswaldo cruz|instituto nacional|\bin,
Instituto Nacional de Pesquisas da Amazônia (INPA),RESEARCH_INSTITUTE,,,padrao,\bembrapa\b|\bfiocruz\b|oswaldo cruz|instituto nacional|\bin,
Instituto Oceanográfico da Universidade de São Paulo (IOUSP),STATE_UNIVERSITY,,,web,unidade da USP — leginf.usp.br/antigo/estatuto/estatuto.html,
Instituto Persona de Educação Superior,OTHER,,,padrao,centro de estudos|nucleo de|grupo de|\brede\b|\bfundacao\b|\,
Instituto de Tecnologia de Alimentos (ITAL),RESEARCH_INSTITUTE,,,padrao,\bembrapa\b|\bfiocruz\b|oswaldo cruz|instituto nacional|\bin,
Laboratório Nacional de Computação Científica (LNCC),RESEARCH_INSTITUTE,,,padrao,\bembrapa\b|\bfiocruz\b|oswaldo cruz|instituto nacional|\bin,
Marinha do Brasil (MB),GOVERNMENT_AGENCY,,,padrao,exercito|marinha do brasil|forca aerea|corpo de bombeiros|\b,
Museu Paraense Emílio Goeldi (MPEG),RESEARCH_INSTITUTE,,,padrao,\bembrapa\b|\bfiocruz\b|oswaldo cruz|instituto nacional|\bin,
Sociedade Brasileira de Cardiologia (SBC),SCIENTIFIC_SOCIETY,,,padrao,associacao|asociacion|\bsociedade\b|\bsociety\b|academia|\bc,
"Sociedade Brasileira de Educação Matemática, Brasília (SBEM-DF)",SCIENTIFIC_SOCIETY,,,padrao,associacao|asociacion|\bsociedade\b|\bsociety\b|academia|\bc,
Sociedade Brasileira de Endocrinologia e Metabologia (SBEM),SCIENTIFIC_SOCIETY,,,padrao,associacao|asociacion|\bsociedade\b|\bsociety\b|academia|\bc,
Sociedade Brasileira de Engenharia Biomédica (SBEB),SCIENTIFIC_SOCIETY,,,padrao,associacao|asociacion|\bsociedade\b|\bsociety\b|academia|\bc,
Sociedade Brasileira de Fisiologia Vegetal (SBFV),SCIENTIFIC_SOCIETY,,,padrao,associacao|asociacion|\bsociedade\b|\bsociety\b|academia|\bc,
Sociedade Brasileira de Fonoaudiologia (SBF),SCIENTIFIC_SOCIETY,,,padrao,associacao|asociacion|\bsociedade\b|\bsociety\b|academia|\bc,
Sociedade Brasileira de Física (SBF),SCIENTIFIC_SOCIETY,,,padrao,associacao|asociacion|\bsociedade\b|\bsociety\b|academia|\bc,
Sociedade Brasileira de Genética (SBG),SCIENTIFIC_SOCIETY,,,padrao,associacao|asociacion|\bsociedade\b|\bsociety\b|academia|\bc,
Sociedade Brasileira de História da Matemática (SBHMat),SCIENTIFIC_SOCIETY,,,padrao,associacao|asociacion|\bsociedade\b|\bsociety\b|academia|\bc,
Sociedade Brasileira de Microbiologia (SBM),SCIENTIFIC_SOCIETY,,,padrao,associacao|asociacion|\bsociedade\b|\bsociety\b|academia|\bc,
Sociedade Brasileira de Ortopedia e Traumatologia (SBOT),SCIENTIFIC_SOCIETY,,,padrao,associacao|asociacion|\bsociedade\b|\bsociety\b|academia|\bc,
Sociedade Brasileira de Pediatria (SBP),SCIENTIFIC_SOCIETY,,,padrao,associacao|asociacion|\bsociedade\b|\bsociety\b|academia|\bc,
Sociedade Brasileira de Zoologia (SBZ),SCIENTIFIC_SOCIETY,,,padrao,associacao|asociacion|\bsociedade\b|\bsociety\b|academia|\bc,
Sociedade Brasileira para o Estudo da Dor (SBED),SCIENTIFIC_SOCIETY,,,padrao,associacao|asociacion|\bsociedade\b|\bsociety\b|academia|\bc,
Sociedade de Psiquiatria do Rio Grande do Sul (SPRGS),SCIENTIFIC_SOCIETY,,,padrao,associacao|asociacion|\bsociedade\b|\bsociety\b|academia|\bc,
Universidade Católica Dom Bosco (UCDB),PRIVATE_UNIVERSITY,,N,padrao,pontificia universidade catolica|universidade catolica|centr,
Universidade Católica de Pelotas (UCPEL),PRIVATE_UNIVERSITY,S,N,padrao,pontificia universidade catolica|universidade catolica|centr,"qualificação ICES, Lei 12.881/2013 — pt.wikipedia.org/wiki/Instituição_comunitária_de_educação_superior"
Universidade Católica de Pernambuco (UNICAP),PRIVATE_UNIVERSITY,,N,padrao,pontificia universidade catolica|universidade catolica|centr,
Universidade Católica de Petrópolis (UCP),PRIVATE_UNIVERSITY,,N,padrao,pontificia universidade catolica|universidade catolica|centr,
Universidade Católica de Santos (UNISANTOS),PRIVATE_UNIVERSITY,,N,padrao,pontificia universidade catolica|universidade catolica|centr,
Universidade Comunitária da Região de Chapecó (Unochapecó),PRIVATE_UNIVERSITY,S,N,padrao,universidade,"qualificação ICES, Lei 12.881/2013 — pt.wikipedia.org/wiki/Instituição_comunitária_de_educação_superior"
Universidade Estadual Vale do Acaraú (UVA),STATE_UNIVERSITY,,,padrao,universidade estadual|universidade do estado|centro paula so,
Universidade Estadual de Feira de Santana (UEFS),STATE_UNIVERSITY,,,padrao,universidade estadual|universidade do estado|centro paula so,
Universidade Estadual de Goiás (UEG),STATE_UNIVERSITY,,,padrao,universidade estadual|universidade do estado|centro paula so,
Universidade Estadual de Mato Grosso do Sul (UEMS),STATE_UNIVERSITY,,,padrao,universidade estadual|universidade do estado|centro paula so,
Universidade Estadual do Maranhão (UEMA),STATE_UNIVERSITY,,,padrao,universidade estadual|universidade do estado|centro paula so,
Universidade Federal Fronteira do Sul (UFFS),FEDERAL_UNIVERSITY,,,padrao,universidade federal|fundacao universidade federal|universid,
Universidade Federal Rural da Amazônia (UFRA),FEDERAL_UNIVERSITY,,,padrao,universidade federal|fundacao universidade federal|universid,
Universidade Federal de Itajubá (UNIFEI),FEDERAL_UNIVERSITY,,,padrao,universidade federal|fundacao universidade federal|universid,
Universidade Federal do ABC (UFABC),FEDERAL_UNIVERSITY,,,padrao,universidade federal|fundacao universidade federal|universid,
Universidade Federal do Oeste do Pará (UFOPA),FEDERAL_UNIVERSITY,,,padrao,universidade federal|fundacao universidade federal|universid,
Universidade Federal do Vale do São Francisco (Univasf),FEDERAL_UNIVERSITY,,,padrao,universidade federal|fundacao universidade federal|universid,
Universidade Federal dos Vales do Jequitinhonha e Mucuri (UFVJM),FEDERAL_UNIVERSITY,,,padrao,universidade federal|fundacao universidade federal|universid,
Universidade Luterana do Brasil (ULBRA),PRIVATE_UNIVERSITY,,N,padrao,universidade,
Universidade Metodista de Piracicaba (UNIMEP),PRIVATE_UNIVERSITY,,N,padrao,pontificia universidade catolica|universidade catolica|centr,
Universidade Metodista de São Paulo (METODISTA),PRIVATE_UNIVERSITY,,N,padrao,pontificia universidade catolica|universidade catolica|centr,
Universidade Presbiteriana Mackenzie (MACKENZIE),PRIVATE_UNIVERSITY,,N,padrao,pontificia universidade catolica|universidade catolica|centr,
Universidade São Francisco (USF),PRIVATE_UNIVERSITY,,N,padrao,universidade,
Universidade São Judas Tadeu,PRIVATE_UNIVERSITY,,S,padrao,universidade,
Universidade Tuiuti do Paraná (UTP),PRIVATE_UNIVERSITY,,S,padrao,universidade,
Universidade do Grande Rio (UNIGRANRIO),PRIVATE_UNIVERSITY,,S,padrao,universidade,
Universidade do Vale do Sapucaí (UNIVÁS),PRIVATE_UNIVERSITY,,N,padrao,universidade,
A.C.Camargo Cancer Center,OTHER,,,conhecimento,hospital e centro de pesquisa oncológica,
ABClima,SCIENTIFIC_SOCIETY,,,conhecimento,Associação Brasileira de Climatologia,
Academia Brasileira de Audiologia (ABAU),SCIENTIFIC_SOCIETY,,,padrao,associacao|asociacion|\bsociedade\b|\bsociety\b|academia|\bc,
Academia Brasileira de Ciências (ABC),SCIENTIFIC_SOCIETY,,,padrao,associacao|asociacion|\bsociedade\b|\bsociety\b|academia|\bc,
Academia Brasileira de Ciências Contábeis (Abracicon),SCIENTIFIC_SOCIETY,,,padrao,associacao|asociacion|\bsociedade\b|\bsociety\b|academia|\bc,
Academia Brasileira de Neurologia,SCIENTIFIC_SOCIETY,,,padrao,associacao|asociacion|\bsociedade\b|\bsociety\b|academia|\bc,
Academia Militar das Agulhas Negras (AMAN),GOVERNMENT_AGENCY,,,web,"Pública Federal — e-MEC, data/Publicas estaduais e federais.csv",
Academia Nacional de Polícia (ANP),GOVERNMENT_AGENCY,,,padrao,exercito|marinha do brasil|forca aerea|corpo de bombeiros|\b,
Academia Paulista de Psicologia (APPSICO),SCIENTIFIC_SOCIETY,,,padrao,associacao|asociacion|\bsociedade\b|\bsociety\b|academia|\bc,
Advocacia-Geral da União (AGU),GOVERNMENT_AGENCY,,,padrao,\btribunal\b|justica federal|ministerio publico|\bministerio,
Antônio Meneghetti Faculdade (AMF),PRIVATE_UNIVERSITY,,S,padrao,pontificia universidade catolica|universidade catolica|centr,
Arquivo Nacional (AN),GOVERNMENT_AGENCY,,,padrao,banco central|\bbndes\b|agencia nacional|arquivo nacional|\b,
Art Style Comunicação & Edições,PUBLISHER,,,padrao,\beditora\b|\bedicoes\b|editorial|\bpress\b|publicacoes|pro-,
Asociación Latinoamericana de Investigadores de la Comunicación (ALAIC),SCIENTIFIC_SOCIETY,,,padrao,associacao|asociacion|\bsociedade\b|\bsociety\b|academia|\bc,
Asociación de Educación e Investigación en Ciencia de la Información de Iberoamérica y el Caribe (EDICIC),SCIENTIFIC_SOCIETY,,,padrao,associacao|asociacion|\bsociedade\b|\bsociety\b|academia|\bc,
Associação Brasileira de Nutrologia (ABRAN),SCIENTIFIC_SOCIETY,,,padrao,associacao|asociacion|\bsociedade\b|\bsociety\b|academia|\bc,
Associação Brasileira de Alfabetização (ABAlf),SCIENTIFIC_SOCIETY,,,padrao,associacao|asociacion|\bsociedade\b|\bsociety\b|academia|\bc,
Associação Brasileira de Antropologia,SCIENTIFIC_SOCIETY,,,padrao,associacao|asociacion|\bsociedade\b|\bsociety\b|academia|\bc,
Associação Brasileira de Ciência Política (ABCP),SCIENTIFIC_SOCIETY,,,padrao,associacao|asociacion|\bsociedade\b|\bsociety\b|academia|\bc,
Associação Brasileira de Custos (ABC),SCIENTIFIC_SOCIETY,,,padrao,associacao|asociacion|\bsociedade\b|\bsociety\b|academia|\bc,
Associação Brasileira de Divulgação Científica (ABDC),SCIENTIFIC_SOCIETY,,,padrao,associacao|asociacion|\bsociedade\b|\bsociety\b|academia|\bc,
Associação Brasileira de Educação Médica (ABEM),SCIENTIFIC_SOCIETY,,,padrao,associacao|asociacion|\bsociedade\b|\bsociety\b|academia|\bc,
Associação Brasileira de Educação a Distância (ABED),SCIENTIFIC_SOCIETY,,,padrao,associacao|asociacion|\bsociedade\b|\bsociety\b|academia|\bc,
Associação Brasileira de Educação em Ciência da Informação (ABECIN),SCIENTIFIC_SOCIETY,,,padrao,associacao|asociacion|\bsociedade\b|\bsociety\b|academia|\bc,
Associação Brasileira de Eletrônica de Potência (SOBRAEP),SCIENTIFIC_SOCIETY,,,padrao,associacao|asociacion|\bsociedade\b|\bsociety\b|academia|\bc,
Associação Brasileira de Enfermagem (ABEN),SCIENTIFIC_SOCIETY,,,padrao,associacao|asociacion|\bsociedade\b|\bsociety\b|academia|\bc,
Associação Brasileira de Engenharia Agrícola (SBEA),SCIENTIFIC_SOCIETY,,,padrao,associacao|asociacion|\bsociedade\b|\bsociety\b|academia|\bc,
Associação Brasileira de Engenharia Química (ABEQ),SCIENTIFIC_SOCIETY,,,padrao,associacao|asociacion|\bsociedade\b|\bsociety\b|academia|\bc,
Associação Brasileira de Ensino Odontológico (ABENO),SCIENTIFIC_SOCIETY,,,padrao,associacao|asociacion|\bsociedade\b|\bsociety\b|academia|\bc,
Associação Brasileira de Ensino de Biologia (SBEnBio),SCIENTIFIC_SOCIETY,,,padrao,associacao|asociacion|\bsociedade\b|\bsociety\b|academia|\bc,
Associação Brasileira de Ensino e Pesquisa em Serviço Social,SCIENTIFIC_SOCIETY,,,padrao,associacao|asociacion|\bsociedade\b|\bsociety\b|academia|\bc,
Associação Brasileira de Ensino em Jornalismo (ABEJ),SCIENTIFIC_SOCIETY,,,padrao,associacao|asociacion|\bsociedade\b|\bsociety\b|academia|\bc,
Associação Brasileira de Estudos Canadenses (ABECAN),SCIENTIFIC_SOCIETY,,,padrao,associacao|asociacion|\bsociedade\b|\bsociety\b|academia|\bc,
Associação Brasileira de Estudos Populacionais (ABEP),SCIENTIFIC_SOCIETY,,,padrao,associacao|asociacion|\bsociedade\b|\bsociety\b|academia|\bc,
Associação Brasileira de Estudos Regionais e Urbano (ABER),SCIENTIFIC_SOCIETY,,,padrao,associacao|asociacion|\bsociedade\b|\bsociety\b|academia|\bc,
Associação Brasileira de Estudos do Quaternário (ABEQUA),SCIENTIFIC_SOCIETY,,,padrao,associacao|asociacion|\bsociedade\b|\bsociety\b|academia|\bc,
Associação Brasileira de Harmonização Orofacial (ABRAHOF),SCIENTIFIC_SOCIETY,,,padrao,associacao|asociacion|\bsociedade\b|\bsociety\b|academia|\bc,
Associação Brasileira de Hematologia e Hemoterapia e Terapia Celular (ABHHTC),SCIENTIFIC_SOCIETY,,,padrao,associacao|asociacion|\bsociedade\b|\bsociety\b|academia|\bc,
Associação Brasileira de Hispanistas,SCIENTIFIC_SOCIETY,,,padrao,associacao|asociacion|\bsociedade\b|\bsociety\b|academia|\bc,
Associação Brasileira de História das Religiões (ABHR),SCIENTIFIC_SOCIETY,,,padrao,associacao|asociacion|\bsociedade\b|\bsociety\b|academia|\bc,
Associação Brasileira de Horticultura (ABH),SCIENTIFIC_SOCIETY,,,padrao,associacao|asociacion|\bsociedade\b|\bsociety\b|academia|\bc,
Associação Brasileira de Limnologia (ABL),SCIENTIFIC_SOCIETY,,,padrao,associacao|asociacion|\bsociedade\b|\bsociety\b|academia|\bc,
Associação Brasileira de Linguística (ABRALIN),SCIENTIFIC_SOCIETY,,,padrao,associacao|asociacion|\bsociedade\b|\bsociety\b|academia|\bc,
Associação Brasileira de Literatura Comparada (ABRALIC),SCIENTIFIC_SOCIETY,,,padrao,associacao|asociacion|\bsociedade\b|\bsociety\b|academia|\bc,
Associação Brasileira de Nutrição (ASBRAN),SCIENTIFIC_SOCIETY,,,padrao,associacao|asociacion|\bsociedade\b|\bsociety\b|academia|\bc,
Associação Brasileira de Odontologia (ABO),SCIENTIFIC_SOCIETY,,,padrao,associacao|asociacion|\bsociedade\b|\bsociety\b|academia|\bc,
Associação Brasileira de Pesquisa (Auto)Biográfica (BIOgraph),SCIENTIFIC_SOCIETY,,,padrao,associacao|asociacion|\bsociedade\b|\bsociety\b|academia|\bc,
Associação Brasileira de Pesquisa Bíblica (ABIB),SCIENTIFIC_SOCIETY,,,padrao,associacao|asociacion|\bsociedade\b|\bsociety\b|academia|\bc,
Associação Brasileira de Pesquisa e Pós-Graduação em Fisioterapia (ABRAPG-FT),SCIENTIFIC_SOCIETY,,,padrao,associacao|asociacion|\bsociedade\b|\bsociety\b|academia|\bc,
Associação Brasileira de Pesquisa em Educação em Ciências (ABRAPEC),SCIENTIFIC_SOCIETY,,,padrao,associacao|asociacion|\bsociedade\b|\bsociety\b|academia|\bc,
Associação Brasileira de Pesquisadores em Comunicação e Política (Compolítica),SCIENTIFIC_SOCIETY,,,padrao,associacao|asociacion|\bsociedade\b|\bsociety\b|academia|\bc,
Associação Brasileira de Pesquisadores em Educação Especial (ABPEE),SCIENTIFIC_SOCIETY,,,padrao,associacao|asociacion|\bsociedade\b|\bsociety\b|academia|\bc,
Associação Brasileira de Pesquisadores em História Econômica (ABPHE),SCIENTIFIC_SOCIETY,,,padrao,associacao|asociacion|\bsociedade\b|\bsociety\b|academia|\bc,
Associação Brasileira de Pesquisadores em Jornalismo (SBPJor),SCIENTIFIC_SOCIETY,,,padrao,associacao|asociacion|\bsociedade\b|\bsociety\b|academia|\bc,
Associação Brasileira de Pesquisadores em Sociologia do Direito (ABraSD),SCIENTIFIC_SOCIETY,,,padrao,associacao|asociacion|\bsociedade\b|\bsociety\b|academia|\bc,
Associação Brasileira de Polímeros (ABPol),SCIENTIFIC_SOCIETY,,,padrao,associacao|asociacion|\bsociedade\b|\bsociety\b|academia|\bc,
Associação Brasileira de Psicologia Escolar e Educacional (ABRAPEE),SCIENTIFIC_SOCIETY,,,padrao,associacao|asociacion|\bsociedade\b|\bsociety\b|academia|\bc,
Associação Brasileira de Psicologia Social (ABRAPSO),SCIENTIFIC_SOCIETY,,,padrao,associacao|asociacion|\bsociedade\b|\bsociety\b|academia|\bc,
Associação Brasileira de Recursos Hídricos (ABRH),SCIENTIFIC_SOCIETY,,,padrao,associacao|asociacion|\bsociedade\b|\bsociety\b|academia|\bc,
Associação Brasileira de Relações Internacionais (ABRI),SCIENTIFIC_SOCIETY,,,padrao,associacao|asociacion|\bsociedade\b|\bsociety\b|academia|\bc,
Associação Brasileira de Soldagem (ABS),SCIENTIFIC_SOCIETY,,,padrao,associacao|asociacion|\bsociedade\b|\bsociety\b|academia|\bc,
Associação Brasileira de Transplante de Órgãos (ABTO),SCIENTIFIC_SOCIETY,,,padrao,associacao|asociacion|\bsociedade\b|\bsociety\b|academia|\bc,
Associação Brasileira de Águas Subterrâneas,SCIENTIFIC_SOCIETY,,,padrao,associacao|asociacion|\bsociedade\b|\bsociety\b|academia|\bc,
Associação Direitos Humanos em Rede,SCIENTIFIC_SOCIETY,,,padrao,associacao|asociacion|\bsociedade\b|\bsociety\b|academia|\bc,
Associação Estudos em Design,SCIENTIFIC_SOCIETY,,,padrao,associacao|asociacion|\bsociedade\b|\bsociety\b|academia|\bc,
Associação Latino-Americana de Estudos do Discurso,SCIENTIFIC_SOCIETY,,,padrao,associacao|asociacion|\bsociedade\b|\bsociety\b|academia|\bc,
Associação Médica Brasileira (AMB),SCIENTIFIC_SOCIETY,,,padrao,associacao|asociacion|\bsociedade\b|\bsociety\b|academia|\bc,
Associação Médica de Minas Gerais (AMMG),SCIENTIFIC_SOCIETY,,,padrao,associacao|asociacion|\bsociedade\b|\bsociety\b|academia|\bc,
Associação Nacional de Estudos em Empreendedorismo e Gestão de Pequenas Empresas (ANEGEPE),SCIENTIFIC_SOCIETY,,,padrao,associacao|asociacion|\bsociedade\b|\bsociety\b|academia|\bc,
Associação Nacional de Pesquisa e Pós-Graduação em Ciência da Informação (ANCIB),SCIENTIFIC_SOCIETY,,,padrao,associacao|asociacion|\bsociedade\b|\bsociety\b|academia|\bc,
Associação Nacional de Pesquisa e Pós-Graduação em Turismo (ANPTUR),SCIENTIFIC_SOCIETY,,,padrao,associacao|asociacion|\bsociedade\b|\bsociety\b|academia|\bc,
Associação Nacional de Política e Administração da Educação (ANPAE),SCIENTIFIC_SOCIETY,,,padrao,associacao|asociacion|\bsociedade\b|\bsociety\b|academia|\bc,
Associação Nacional de Pós-Graduação e Pesquisa em Ciências Sociais (ANPOCS),SCIENTIFIC_SOCIETY,,,padrao,associacao|asociacion|\bsociedade\b|\bsociety\b|academia|\bc,
Associação Nacional de Pós-Graduação e Pesquisa em Educação (ANPEd),SCIENTIFIC_SOCIETY,,,padrao,associacao|asociacion|\bsociedade\b|\bsociety\b|academia|\bc,
Associação Nacional de Pós-graduação e Pesquisa em Geografia (ANPEGE),SCIENTIFIC_SOCIETY,,,padrao,associacao|asociacion|\bsociedade\b|\bsociety\b|academia|\bc,
Associação Nacional de Pós-graduação e Pesquisa em Planejamento Urbano e Regional (ANPUR),SCIENTIFIC_SOCIETY,,,padrao,associacao|asociacion|\bsociedade\b|\bsociety\b|academia|\bc,
Associação Nacional de Tecnologia do Ambiente Construído (ANTAC),SCIENTIFIC_SOCIETY,,,padrao,associacao|asociacion|\bsociedade\b|\bsociety\b|academia|\bc,
Associação Nacional dos Cursos de Graduação em Administração (ANGRAD),SCIENTIFIC_SOCIETY,,,padrao,associacao|asociacion|\bsociedade\b|\bsociety\b|academia|\bc,
Associação Nacional dos Procuradores e Advogados Públicos Federais (ANPPREV),SCIENTIFIC_SOCIETY,,,padrao,associacao|asociacion|\bsociedade\b|\bsociety\b|academia|\bc,
Associação Nacional dos Programas de Pós-Graduação em Comunicação,SCIENTIFIC_SOCIETY,,,padrao,associacao|asociacion|\bsociedade\b|\bsociety\b|academia|\bc,
Associação Paulista de Homeopatia (APH),SCIENTIFIC_SOCIETY,,,padrao,associacao|asociacion|\bsociedade\b|\bsociety\b|academia|\bc,
Associação Paulista de Medicina,SCIENTIFIC_SOCIETY,,N,padrao,associacao|asociacion|\bsociedade\b|\bsociety\b|academia|\bc,
Associação Sul-Rio-Grandense de Pesquisadores em História da Educação (ANPUH-RS),SCIENTIFIC_SOCIETY,,,padrao,associacao|asociacion|\bsociedade\b|\bsociety\b|academia|\bc,
Associação Universitária de Pesquisa em Psicopatologia Fundamental (AUPPF),SCIENTIFIC_SOCIETY,,,padrao,associacao|asociacion|\bsociedade\b|\bsociety\b|academia|\bc,
Associação de Criminalistas do Estado de Minas Gerais (ACEMG),SCIENTIFIC_SOCIETY,,,padrao,associacao|asociacion|\bsociedade\b|\bsociety\b|academia|\bc,
Associação de Medicina Intensiva Brasileira (AMIB),SCIENTIFIC_SOCIETY,,,padrao,associacao|asociacion|\bsociedade\b|\bsociety\b|academia|\bc,
Associação de Neurologia Cognitiva e do Comportamento (ANCC),SCIENTIFIC_SOCIETY,,,padrao,associacao|asociacion|\bsociedade\b|\bsociety\b|academia|\bc,
Associação dos Geógrafos Brasileiros (AGB),SCIENTIFIC_SOCIETY,,,padrao,associacao|asociacion|\bsociedade\b|\bsociety\b|academia|\bc,
Associação dos Geógrafos Brasileiros - Seção São Paulo,SCIENTIFIC_SOCIETY,,,padrao,associacao|asociacion|\bsociedade\b|\bsociety\b|academia|\bc,
Associação para Promoção de Ações e Projetos Interdisciplinares em Educação e Pesquisa,SCIENTIFIC_SOCIETY,,,padrao,associacao|asociacion|\bsociedade\b|\bsociety\b|academia|\bc,
Banco Nacional de Desenvolvimento Econômico e Social (BNDES),GOVERNMENT_AGENCY,,,padrao,banco central|\bbndes\b|agencia nacional|arquivo nacional|\b,
Brazilian Journals Publicações de Periódicos e Editora Ltda,PUBLISHER,,,padrao,\beditora\b|\bedicoes\b|editorial|\bpress\b|publicacoes|pro-,
Brazilian Society of Infectious Diseases (BSID),SCIENTIFIC_SOCIETY,,,padrao,associacao|asociacion|\bsociedade\b|\bsociety\b|academia|\bc,
Casa de Hiram,PUBLISHER,,,web,selo editorial universitário — casadehiram.art/perguntas-frequentes,
Cedigma,PUBLISHER,,,web,editora acadêmica — cedigma.com.br/sobre-nos/,
Centro Brasileiro de Análise e Planejamento (CEBRAP),RESEARCH_INSTITUTE,,,padrao,\bembrapa\b|\bfiocruz\b|oswaldo cruz|instituto nacional|\bin,
Centro Brasileiro de Estudos de Saude,OTHER,,,padrao,centro de estudos|nucleo de|grupo de|\brede\b|\bfundacao\b|\,
Centro Educacional Fasipe,PRIVATE_UNIVERSITY,,,padrao,escola superior|escola \w+ de (medicina|saude|teologia|comer,
Centro Federal de Educação Tecnológica Celso Suckow da Fonseca (CEFET/RJ),FEDERAL_INSTITUTE,,,padrao,instituto federal|\bcefet\b|centro federal de educacao tecno,
Centro Federal de Educação Tecnológica de Campos dos Goytacazes,FEDERAL_INSTITUTE,,,padrao,instituto federal|\bcefet\b|centro federal de educacao tecno,
Centro Federal de Educação Tecnológica de Minas Gerais (CEFET-MG),FEDERAL_INSTITUTE,,,padrao,instituto federal|\bcefet\b|centro federal de educacao tecno,
Centro Interdisciplinar de Pesquisa em Educação e Direito (CIPED),OTHER,,,padrao,centro de estudos|nucleo de|grupo de|\brede\b|\bfundacao\b|\,
Centro Latino-Americano de Estudos em Cultura (CLAEC),OTHER,,,padrao,centro de estudos|nucleo de|grupo de|\brede\b|\bfundacao\b|\,
Centro Paula Souza,STATE_UNIVERSITY,,,padrao,universidade estadual|universidade do estado|centro paula so,
Centro Scalabriniano de Estudos Migratórios (CSEM),OTHER,,,padrao,centro de estudos|nucleo de|grupo de|\brede\b|\bfundacao\b|\,
Centro Universitário Adventista de Ensino do Nordeste (UNIAENE),PRIVATE_UNIVERSITY,,N,padrao,pontificia universidade catolica|universidade catolica|centr,
Centro Universitário Adventista de São Paulo (Unasp),PRIVATE_UNIVERSITY,,N,padrao,pontificia universidade catolica|universidade catolica|centr,
Centro Universitário Autônomo do Brasil (UniBrasil),PRIVATE_UNIVERSITY,,S,padrao,pontificia universidade catolica|universidade catolica|centr,
Centro Universitário Barão  de Mauá (CBM),PRIVATE_UNIVERSITY,,N,padrao,pontificia universidade catolica|universidade catolica|centr,
Centro Universitário Braz Cubas (CUB),PRIVATE_UNIVERSITY,,S,padrao,pontificia universidade catolica|universidade catolica|centr,
Centro Universitário CESMAC,PRIVATE_UNIVERSITY,,N,padrao,pontificia universidade catolica|universidade catolica|centr,
Centro Universitário Eniac,PRIVATE_UNIVERSITY,,,padrao,pontificia universidade catolica|universidade catolica|centr,
Centro Universitário Euro-Americano (Unieuro),PRIVATE_UNIVERSITY,,S,padrao,pontificia universidade catolica|universidade catolica|centr,
Centro Universitário Integrado,PRIVATE_UNIVERSITY,,,padrao,pontificia universidade catolica|universidade catolica|centr,
Centro Universitário Lusíada (UNILUS),PRIVATE_UNIVERSITY,,N,padrao,pontificia universidade catolica|universidade catolica|centr,
Centro Universitário Maria Milza (UNIMAM),PRIVATE_UNIVERSITY,,S,padrao,pontificia universidade catolica|universidade catolica|centr,
Centro Universitário Ritter dos Reis (UNIRITTER),PRIVATE_UNIVERSITY,,S,padrao,pontificia universidade catolica|universidade catolica|centr,
Centro Universitário São Camilo,PRIVATE_UNIVERSITY,,N,padrao,pontificia universidade catolica|universidade catolica|centr,
Centro Universitário São José de Itaperuna (UNIFSJ),PRIVATE_UNIVERSITY,,N,padrao,pontificia universidade catolica|universidade catolica|centr,
Centro Universitário UniAraguaia,PRIVATE_UNIVERSITY,,,padrao,pontificia universidade catolica|universidade catolica|centr,
Centro Universitário UniFG (UniFG),PRIVATE_UNIVERSITY,,S,padrao,pontificia universidade catolica|universidade catolica|centr,
Centro Universitário Unifafibe (UNIFAFIBE),PRIVATE_UNIVERSITY,,N,padrao,pontificia universidade catolica|universidade catolica|centr,
Centro Universitário UnirG,PRIVATE_UNIVERSITY,,,padrao,pontificia universidade catolica|universidade catolica|centr,
Centro Universitário da Fundação Educacional Inaciana (FEI),PRIVATE_UNIVERSITY,,N,padrao,pontificia universidade catolica|universidade catolica|centr,
Centro Universitário das Faculdades Metropolitanas Unidas,PRIVATE_UNIVERSITY,,S,padrao,pontificia universidade catolica|universidade catolica|centr,
Centro Universitário de Brusque (UNIFEBE),MUNICIPAL_UNIVERSITY,S,N,web,"Fundação Pública de Direito Privado Municipal — e-MEC, data/dados privadas sem fins lucrativos.csv","qualificação ICES, Lei 12.881/2013 — pt.wikipedia.org/wiki/Instituição_comunitária_de_educação_superior"
Centro Universitário de Caratinga (UNEC),PRIVATE_UNIVERSITY,,N,padrao,pontificia universidade catolica|universidade catolica|centr,
Centro Universitário de João Pessoa (UNIPÊ),PRIVATE_UNIVERSITY,,S,padrao,pontificia universidade catolica|universidade catolica|centr,
Centro Universitário de Sete Lagoas (UNIFEMM),PRIVATE_UNIVERSITY,,N,padrao,pontificia universidade catolica|universidade catolica|centr,
Centro Universitário do Espírito Santo (Unesc),PRIVATE_UNIVERSITY,,N,padrao,pontificia universidade catolica|universidade catolica|centr,
Centro Universitário do Vale do Araguaia (Univar),PRIVATE_UNIVERSITY,,S,padrao,pontificia universidade catolica|universidade catolica|centr,
Centro de Capacitação Física do Exército (CCFEX),GOVERNMENT_AGENCY,,,padrao,exercito|marinha do brasil|forca aerea|corpo de bombeiros|\b,
Centro de Desenvolvimento da Tecnologia Nuclear (CDTN),RESEARCH_INSTITUTE,,,padrao,\bembrapa\b|\bfiocruz\b|oswaldo cruz|instituto nacional|\bin,
"Centro de Empreendedorismo, Inovação e Tecnologia (CEIT)",OTHER,,,padrao,centro de estudos|nucleo de|grupo de|\brede\b|\bfundacao\b|\,
Centro de Ensino Renato Saraiva (CERS),PRIVATE_UNIVERSITY,,,padrao,escola superior|escola \w+ de (medicina|saude|teologia|comer,
Centro de Especialização em Fonoaudiologia Clínica (CEFAC),OTHER,,,padrao,centro de estudos|nucleo de|grupo de|\brede\b|\bfundacao\b|\,
Centro de Estudos Interdisciplinares - CEEINTER,OTHER,,,padrao,centro de estudos|nucleo de|grupo de|\brede\b|\bfundacao\b|\,
Centro de Estudos de Cultura Contemporânea (CEDEC),OTHER,,,padrao,centro de estudos|nucleo de|grupo de|\brede\b|\bfundacao\b|\,
"Centro de Estudos e Pesquisa em Educação, Cultura e Ação Comunitária (CENPEC)",OTHER,,,padrao,centro de estudos|nucleo de|grupo de|\brede\b|\bfundacao\b|\,
Centro de Estudos em Geopolítica e Relações Internacionais (CENEGRI),OTHER,,,padrao,centro de estudos|nucleo de|grupo de|\brede\b|\bfundacao\b|\,
Centro de Tecnologia da Informação Renato Archer (CTI),RESEARCH_INSTITUTE,,,padrao,\bembrapa\b|\bfiocruz\b|oswaldo cruz|instituto nacional|\bin,
Cesumar Diretoria de Pesquisa,PRIVATE_UNIVERSITY,,,conhecimento,"setor da UniCesumar, instituição privada",
Colégio Brasileiro de Cirurgia Digestiva (CBCD),SCIENTIFIC_SOCIETY,,,padrao,associacao|asociacion|\bsociedade\b|\bsociety\b|academia|\bc,
Colégio Brasileiro de Cirurgiões (CBC),SCIENTIFIC_SOCIETY,,,padrao,associacao|asociacion|\bsociedade\b|\bsociety\b|academia|\bc,
Colégio Brasileiro de Ciências do Esporte (CBCE),SCIENTIFIC_SOCIETY,,,padrao,associacao|asociacion|\bsociedade\b|\bsociety\b|academia|\bc,
Colégio Brasileiro de Parasitologia Veterinária (CBPV),SCIENTIFIC_SOCIETY,,,padrao,associacao|asociacion|\bsociedade\b|\bsociety\b|academia|\bc,
Colégio Brasileiro de Patologia Animal (CBPA),SCIENTIFIC_SOCIETY,,,padrao,associacao|asociacion|\bsociedade\b|\bsociety\b|academia|\bc,
Colégio Brasileiro de Radiologia e Diagnóstico por Imagem (CBR),SCIENTIFIC_SOCIETY,,,padrao,associacao|asociacion|\bsociedade\b|\bsociety\b|academia|\bc,
Companhia Brasileira de Produção Científica (CBPC),PUBLISHER,,,web,empresa que controla três editoras científicas — cbpciencia.com.br/index.php/quem-somos,
Companhia de Pesquisa de Recursos Minerais (CPRM),GOVERNMENT_AGENCY,,,padrao,banco central|\bbndes\b|agencia nacional|arquivo nacional|\b,
Confederação Nacional dos Trabalhadores em Educação (CNTE),SCIENTIFIC_SOCIETY,,,padrao,associacao|asociacion|\bsociedade\b|\bsociety\b|academia|\bc,
Conselho Administrativo de Defesa Econômica (Cade),SCIENTIFIC_SOCIETY,,,padrao,associacao|asociacion|\bsociedade\b|\bsociety\b|academia|\bc,
Conselho Federal de Biblioteconomia (CFB),SCIENTIFIC_SOCIETY,,,padrao,associacao|asociacion|\bsociedade\b|\bsociety\b|academia|\bc,
Conselho Federal de Farmácia - CFF,SCIENTIFIC_SOCIETY,,,padrao,associacao|asociacion|\bsociedade\b|\bsociety\b|academia|\bc,
Conselho Federal de Medicina (CFM),SCIENTIFIC_SOCIETY,,,padrao,associacao|asociacion|\bsociedade\b|\bsociety\b|academia|\bc,
Conselho Federal de Psicologia (CFP),SCIENTIFIC_SOCIETY,,,padrao,associacao|asociacion|\bsociedade\b|\bsociety\b|academia|\bc,
Conselho Nacional de Desenvolvimento Científico e Tecnológico - CNPq,SCIENTIFIC_SOCIETY,,,padrao,associacao|asociacion|\bsociedade\b|\bsociety\b|academia|\bc,
Conselho Nacional de Justiça (CNJ),SCIENTIFIC_SOCIETY,,,padrao,associacao|asociacion|\bsociedade\b|\bsociety\b|academia|\bc,
Conselho Nacional de Pesquisa e Pós-Graduação em Direito (CONPEDI),SCIENTIFIC_SOCIETY,,,padrao,associacao|asociacion|\bsociedade\b|\bsociety\b|academia|\bc,
Conselho Regional de Contabilidade de Santa Catarina (CRCSC),SCIENTIFIC_SOCIETY,,,padrao,associacao|asociacion|\bsociedade\b|\bsociety\b|academia|\bc,
Conselho Regional de Odontologia do Rio de Janeiro (CRO-RJ),SCIENTIFIC_SOCIETY,,,padrao,associacao|asociacion|\bsociedade\b|\bsociety\b|academia|\bc,
Coordenação de Aperfeiçoamento de Pessoal de Nível Superior (CAPES),GOVERNMENT_AGENCY,,,padrao,banco central|\bbndes\b|agencia nacional|arquivo nacional|\b,
Corpo de Bombeiros Militar de Minas Gerais (CBM MG),GOVERNMENT_AGENCY,,,padrao,exercito|marinha do brasil|forca aerea|corpo de bombeiros|\b,
Cortez Editora Ltda,PUBLISHER,,,padrao,\beditora\b|\bedicoes\b|editorial|\bpress\b|publicacoes|pro-,
Defensoria Pública da União (DPU),GOVERNMENT_AGENCY,,,padrao,\btribunal\b|justica federal|ministerio publico|\bministerio,
Defensoria Pública do Distrito Federal (DPDF),GOVERNMENT_AGENCY,,,padrao,\btribunal\b|justica federal|ministerio publico|\bministerio,
Defensoria Pública do Estado do Rio Grande do Sul,GOVERNMENT_AGENCY,,,padrao,\btribunal\b|justica federal|ministerio publico|\bministerio,
Dental Press Editora (DPE),PUBLISHER,,,padrao,\beditora\b|\bedicoes\b|editorial|\bpress\b|publicacoes|pro-,
Dental Press International (DPI),PUBLISHER,,,padrao,\beditora\b|\bedicoes\b|editorial|\bpress\b|publicacoes|pro-,
Departamento de Ciência e Tecnologia Aeroespacial (DCTA),GOVERNMENT_AGENCY,,,padrao,exercito|marinha do brasil|forca aerea|corpo de bombeiros|\b,
EDITORA 34,PUBLISHER,,,padrao,\beditora\b|\bedicoes\b|editorial|\bpress\b|publicacoes|pro-,
Editora Autêntica,PUBLISHER,,,padrao,\beditora\b|\bedicoes\b|editorial|\bpress\b|publicacoes|pro-,
Editora Coleta,PUBLISHER,,,padrao,\beditora\b|\bedicoes\b|editorial|\bpress\b|publicacoes|pro-,
Editora Fórum,PUBLISHER,,,padrao,\beditora\b|\bedicoes\b|editorial|\bpress\b|publicacoes|pro-,
Editora Gama Filho (EGF),PUBLISHER,,,padrao,\beditora\b|\bedicoes\b|editorial|\bpress\b|publicacoes|pro-,
Editora JRG,PUBLISHER,,,padrao,\beditora\b|\bedicoes\b|editorial|\bpress\b|publicacoes|pro-,
Empresa de Pesquisa Agropecuária de Minas Gerais (EPAMIG),GOVERNMENT_AGENCY,,,padrao,banco central|\bbndes\b|agencia nacional|arquivo nacional|\b,
Empresa de Pesquisa Agropecuária e Extensão Rural de Santa Catarina (Epagri),GOVERNMENT_AGENCY,,,padrao,banco central|\bbndes\b|agencia nacional|arquivo nacional|\b,
Ensino Superior do Piauí (AESPI),PRIVATE_UNIVERSITY,,,padrao,escola superior|escola \w+ de (medicina|saude|teologia|comer,
Entomologistas do Brasil,SCIENTIFIC_SOCIETY,,,padrao,associacao|asociacion|\bsociedade\b|\bsociety\b|academia|\bc,
Environmental Smoke,OTHER,,,web,"título de periódico, não instituição — doaj.org/article/f38ad2c5f3bd4705bcf8629f7dff4828",
Escola Bahiana de Medicina e Saúde Pública (EBM),PRIVATE_UNIVERSITY,,N,padrao,escola superior|escola \w+ de (medicina|saude|teologia|comer,
Escola Nacional de Administração Pública (ENAP),GOVERNMENT_AGENCY,,,padrao,banco central|\bbndes\b|agencia nacional|arquivo nacional|\b,
Escola Nacional de Saúde Pública Sergio Arouca (ENSP),RESEARCH_INSTITUTE,,,conhecimento,unidade da Fiocruz,
Escola Superior Dom Helder Câmara (ESDHC),PRIVATE_UNIVERSITY,,,padrao,escola superior|escola \w+ de (medicina|saude|teologia|comer,
Escola Superior da Magistratura Tocantinense (ESMAT); Tribunal de Justiça do Estado do Tocantins (TJTO),GOVERNMENT_AGENCY,,,padrao,escola (superior )?d[ae] magistratura|escola da magistratura,
Escola Superior da Magistratura do Maranhão (ESMAM),GOVERNMENT_AGENCY,,,padrao,escola (superior )?d[ae] magistratura|escola da magistratura,
Escola Superior de Agricultura Luiz de Queiroz (ESALQ-USP),STATE_UNIVERSITY,,,web,unidade da USP — leginf.usp.br/antigo/estatuto/estatuto.html,
Escola Superior de Ciências da Santa Casa de Misericórdia de Vitória (Emescam),PRIVATE_UNIVERSITY,,N,padrao,escola superior|escola \w+ de (medicina|saude|teologia|comer,
Escola Superior de Ciências da Saúde (ESCS),PRIVATE_UNIVERSITY,,,padrao,escola superior|escola \w+ de (medicina|saude|teologia|comer,
Escola Superior de Guerra (ESG),GOVERNMENT_AGENCY,,,padrao,exercito|marinha do brasil|forca aerea|corpo de bombeiros|\b,
Escola Superior do Ministério Público de São Paulo (ESMP),GOVERNMENT_AGENCY,,,padrao,\btribunal\b|justica federal|ministerio publico|\bministerio,
Escola da Magistratura do Rio Grande do Norte (ESMARN),GOVERNMENT_AGENCY,,,padrao,escola (superior )?d[ae] magistratura|escola da magistratura,
Escola de Guerra Naval (EGN),GOVERNMENT_AGENCY,,,padrao,exercito|marinha do brasil|forca aerea|corpo de bombeiros|\b,
Escola de Minas,FEDERAL_UNIVERSITY,,,conhecimento,unidade da UFOP,
Escola de Saúde Pública do Paraná (ESPP),GOVERNMENT_AGENCY,,,padrao,banco central|\bbndes\b|agencia nacional|arquivo nacional|\b,
Exército Brasileiro (EB),GOVERNMENT_AGENCY,,,padrao,exercito|marinha do brasil|forca aerea|corpo de bombeiros|\b,
FAESA Centro Universitário,PRIVATE_UNIVERSITY,,,padrao,pontificia universidade catolica|universidade catolica|centr,
"FCCN, serviços digitais da FCT – Fundação para a Ciência e a Tecnologia",GOVERNMENT_AGENCY,,,conhecimento,agência pública portuguesa; fonte não brasileira,
FILOSOFIA CAPITAL (FC),PRIVATE_UNIVERSITY,,,web,é o título do periódico; a instituição responsável é a Universidade Católica de Brasília — latindex.org/latindex/ficha/28939,
Faculdade Autônoma de Direito (FADISP),PRIVATE_UNIVERSITY,,S,padrao,pontificia universidade catolica|universidade catolica|centr,
Faculdade Batista Pioneira (FBP),PRIVATE_UNIVERSITY,,N,padrao,pontificia universidade catolica|universidade catolica|centr,
Faculdade Boas Novas,PRIVATE_UNIVERSITY,,,padrao,pontificia universidade catolica|universidade catolica|centr,
Faculdade Católica de Fortaleza,PRIVATE_UNIVERSITY,,N,padrao,pontificia universidade catolica|universidade catolica|centr,
Faculdade Cenecista Ilha do Governador (FACIG),PRIVATE_UNIVERSITY,,,padrao,pontificia universidade catolica|universidade catolica|centr,
Faculdade Cenecista de Campo Largo (FACECLA),PRIVATE_UNIVERSITY,,,padrao,pontificia universidade catolica|universidade catolica|centr,
Faculdade Evangélica de Valparaíso (Facev),PRIVATE_UNIVERSITY,,S,padrao,pontificia universidade catolica|universidade catolica|centr,
Faculdade Independente do Nordeste (FAINOR),PRIVATE_UNIVERSITY,,S,padrao,pontificia universidade catolica|universidade catolica|centr,
Faculdade Jesuíta de Filosofia e Teologia (FAJE),PRIVATE_UNIVERSITY,,N,padrao,pontificia universidade catolica|universidade catolica|centr,
Faculdade Luterana de Teologia,PRIVATE_UNIVERSITY,,N,padrao,pontificia universidade catolica|universidade catolica|centr,
Faculdade Palotina (FAPAS),PRIVATE_UNIVERSITY,,N,padrao,pontificia universidade catolica|universidade catolica|centr,
Faculdade Patos de Minas (FPM),PRIVATE_UNIVERSITY,,,padrao,pontificia universidade catolica|universidade catolica|centr,
Faculdade Paulus de Tecnologia e Comunicação (FAPCOM),PRIVATE_UNIVERSITY,,N,padrao,pontificia universidade catolica|universidade catolica|centr,
Faculdade Pio Décimo (FPD),PRIVATE_UNIVERSITY,,,padrao,pontificia universidade catolica|universidade catolica|centr,
Faculdade Social da Bahia (FSBA),PRIVATE_UNIVERSITY,,,padrao,pontificia universidade catolica|universidade catolica|centr,
Faculdade Sul Fluminense (FASF),PRIVATE_UNIVERSITY,,S,padrao,pontificia universidade catolica|universidade catolica|centr,
Faculdade São Basílio Magno (FASBAM),PRIVATE_UNIVERSITY,,N,padrao,pontificia universidade catolica|universidade catolica|centr,
Faculdade São Francisco de Barreiras (FASB),PRIVATE_UNIVERSITY,,,padrao,pontificia universidade catolica|universidade catolica|centr,
Faculdade São Leopoldo Mandic,PRIVATE_UNIVERSITY,,S,padrao,pontificia universidade catolica|universidade catolica|centr,
Faculdade São Leopoldo Mandic (FSLM),PRIVATE_UNIVERSITY,,S,padrao,pontificia universidade catolica|universidade catolica|centr,
Faculdade Teológica Sul-Americana (FTSA),PRIVATE_UNIVERSITY,,N,padrao,pontificia universidade catolica|universidade catolica|centr,
Faculdade Unida (UNIDA),PRIVATE_UNIVERSITY,,,padrao,pontificia universidade catolica|universidade catolica|centr,
Faculdade de Ciências Biomédicas de Cacoal (FACIMED),PRIVATE_UNIVERSITY,,,padrao,pontificia universidade catolica|universidade catolica|centr,
Faculdade de Ciências Médicas da Paraíba (Afya),PRIVATE_UNIVERSITY,,S,padrao,pontificia universidade catolica|universidade catolica|centr,
Faculdade de Ciências Médicas da Santa Casa de São Paulo,PRIVATE_UNIVERSITY,,,padrao,pontificia universidade catolica|universidade catolica|centr,
Faculdade de Direito de Franca (FDF),MUNICIPAL_UNIVERSITY,,,web,"Pública Municipal — e-MEC, data/municipais_mec.csv",
Faculdade de Direito de Vitória (FDV),PRIVATE_UNIVERSITY,,S,padrao,pontificia universidade catolica|universidade catolica|centr,
Faculdade de Direito do Sul de Minas (FDSM),PRIVATE_UNIVERSITY,,N,padrao,pontificia universidade catolica|universidade catolica|centr,
Faculdade de Educação e Meio Ambiente (FAEMA),PRIVATE_UNIVERSITY,,,padrao,pontificia universidade catolica|universidade catolica|centr,
Faculdade de Ensino Superior da Amazônia Reunida (FESAR),PRIVATE_UNIVERSITY,,,padrao,pontificia universidade catolica|universidade catolica|centr,
"Faculdade de Filosofia, Ciências e Letras de Mandaguari (FAFIMAN)",MUNICIPAL_UNIVERSITY,,,web,"Pública Municipal — e-MEC, data/municipais_mec.csv",
Faculdade de Medicina Veterinária e Zootecnia da Universidade de São Paulo (FMVZ-USP),PRIVATE_UNIVERSITY,,,padrao,pontificia universidade catolica|universidade catolica|centr,
Faculdade de Medicina de Campos (FMC),PRIVATE_UNIVERSITY,,N,padrao,pontificia universidade catolica|universidade catolica|centr,
Faculdade de Medicina de Olinda (FMO),PRIVATE_UNIVERSITY,,S,padrao,pontificia universidade catolica|universidade catolica|centr,
Faculdade de Medicina do ABC (FMABC),MUNICIPAL_UNIVERSITY,,,web,"Fundação Pública de Direito Privado Municipal, hoje Centro Universitário FMABC — e-MEC, data/dados privadas sem fins lucrativos.csv",
Faculdade de Medicina em São José do Rio Preto (Faceres),PRIVATE_UNIVERSITY,,,padrao,pontificia universidade catolica|universidade catolica|centr,
Faculdade de São Bento (FSB),PRIVATE_UNIVERSITY,,N,padrao,pontificia universidade catolica|universidade catolica|centr,
Faculdade de Tecnologia da Baixada Santista - Rubens Lara (FATECRL),PRIVATE_UNIVERSITY,,,padrao,pontificia universidade catolica|universidade catolica|centr,
Faculdade de Tecnologia da Zona Sul (FATEC Zona Sul),STATE_UNIVERSITY,,,web,"Pública Estadual — e-MEC, data/Publicas estaduais e federais.csv",
Faculdade de Tecnologia de Osasco (FATEC),STATE_UNIVERSITY,,,web,"Pública Estadual — e-MEC, data/Publicas estaduais e federais.csv",
Faculdade de Tecnologia do Instituto de Pesquisa e Ensino - FAIPE,RESEARCH_INSTITUTE,,,padrao,\bembrapa\b|\bfiocruz\b|oswaldo cruz|instituto nacional|\bin,
Faculdade do Sul da Bahia (FASB),PRIVATE_UNIVERSITY,,N,padrao,pontificia universidade catolica|universidade catolica|centr,
Faculdades ICESP,PRIVATE_UNIVERSITY,,,padrao,pontificia universidade catolica|universidade catolica|centr,
Faculdades Integradas Campos Salles (FICSALLES),PRIVATE_UNIVERSITY,,N,padrao,pontificia universidade catolica|universidade catolica|centr,
Faculdades Integradas de Itararé (Fafit),PRIVATE_UNIVERSITY,,,padrao,pontificia universidade catolica|universidade catolica|centr,
Faculdades Integradas de Taquara (FACCAT),PRIVATE_UNIVERSITY,,N,padrao,pontificia universidade catolica|universidade catolica|centr,
Faculdades Integradas do Norte de Minas (FUNORTE),PRIVATE_UNIVERSITY,,,padrao,pontificia universidade catolica|universidade catolica|centr,
Faculdades Pequeno Príncipe (FPP),PRIVATE_UNIVERSITY,,N,padrao,pontificia universidade catolica|universidade catolica|centr,
Faculdades de Tecnologia do Estado de São Paulo (Fatec),STATE_UNIVERSITY,,,web,"Pública Estadual — e-MEC, data/Publicas estaduais e federais.csv",
Federação Brasileira das Sociedades de Ginecologia e Obstetrícia (FEBRASGO),SCIENTIFIC_SOCIETY,,,padrao,associacao|asociacion|\bsociedade\b|\bsociety\b|academia|\bc,
"Federação Brasileira de Associações de Bibliotecários, Cientistas da Informação e Instituições (FEBAB)",SCIENTIFIC_SOCIETY,,,padrao,associacao|asociacion|\bsociedade\b|\bsociety\b|academia|\bc,
Federação Brasileira de Psicodrama (Febrap),SCIENTIFIC_SOCIETY,,,padrao,associacao|asociacion|\bsociedade\b|\bsociety\b|academia|\bc,
Federação das Indústrias do Estado do Paraná (FIEP),SCIENTIFIC_SOCIETY,,,padrao,associacao|asociacion|\bsociedade\b|\bsociety\b|academia|\bc,
Força Aérea Brasileira (FAB),GOVERNMENT_AGENCY,,,padrao,exercito|marinha do brasil|forca aerea|corpo de bombeiros|\b,
Fucape Business School (FBS),PRIVATE_UNIVERSITY,,,padrao,escola superior|escola \w+ de (medicina|saude|teologia|comer,
Fundação APINCO de Ciência e Tecnologia Avícolas (FACTA),OTHER,,,padrao,centro de estudos|nucleo de|grupo de|\brede\b|\bfundacao\b|\,
Fundação Alexandre de Gusmão - FUNAG,GOVERNMENT_AGENCY,,,padrao,banco central|\bbndes\b|agencia nacional|arquivo nacional|\b,
Fundação Casa de Rui Barbosa (FCRB),GOVERNMENT_AGENCY,,,padrao,banco central|\bbndes\b|agencia nacional|arquivo nacional|\b,
Fundação Centro de Ciências e Educação Superior a Distância do Estado do Rio de Janeiro (CECIERJ),GOVERNMENT_AGENCY,,,padrao,banco central|\bbndes\b|agencia nacional|arquivo nacional|\b,
Fundação Escola Técnica Liberato Salzano Vieira da Cunha (Liberato),OTHER,,,padrao,centro de estudos|nucleo de|grupo de|\brede\b|\bfundacao\b|\,
Fundação Gorceix (FG),OTHER,,,padrao,centro de estudos|nucleo de|grupo de|\brede\b|\bfundacao\b|\,
Fundação Hospital de Clínicas Gaspar Vianna (FHCGV),OTHER,,,padrao,\bhospital\b|cancer center|santa casa,
Fundação Jorge Duprat Figueiredo de Segurança e Medicina do Trabalho (FUNDACENTRO),GOVERNMENT_AGENCY,,,padrao,banco central|\bbndes\b|agencia nacional|arquivo nacional|\b,
Fundação João Pinheiro (FJP),GOVERNMENT_AGENCY,,,padrao,banco central|\bbndes\b|agencia nacional|arquivo nacional|\b,
Fundação Municipal de Artes de Montenegro (FUNDARTE),OTHER,,,padrao,centro de estudos|nucleo de|grupo de|\brede\b|\bfundacao\b|\,
Fundação Odontológica de Ribeirão Preto (FUNORP),OTHER,,,padrao,centro de estudos|nucleo de|grupo de|\brede\b|\bfundacao\b|\,
Fundação Otorrinolaringologia (FO),OTHER,,,padrao,centro de estudos|nucleo de|grupo de|\brede\b|\bfundacao\b|\,
Fundação Otorrinolaringologia (FORL),OTHER,,,padrao,centro de estudos|nucleo de|grupo de|\brede\b|\bfundacao\b|\,
Fundação Sistema Estadual de Análise de Dados,GOVERNMENT_AGENCY,,,padrao,banco central|\bbndes\b|agencia nacional|arquivo nacional|\b,
Fundação Universidade do Tocantins (UNITINS),STATE_UNIVERSITY,,,web,autarquia estadual pela Lei 3.124/2016 — pt.wikipedia.org/wiki/Universidade_Estadual_do_Tocantins,
Fundação Universitária Vida Cristã (FUNVIC),OTHER,,N,decisao,mantém o Centro Universitário FUNVIC no e-MEC; a fonte é da fundação,
Fundação de Amparo à Pesquisa do Estado de São Paulo (Fapesp),GOVERNMENT_AGENCY,,,padrao,banco central|\bbndes\b|agencia nacional|arquivo nacional|\b,
"Fundação para Pesquisa e Desenvolvimento da Administração, Contabilidade e Economia (Fundace)",OTHER,,,padrao,centro de estudos|nucleo de|grupo de|\brede\b|\bfundacao\b|\,
Fundo Nacional de Desenvolvimento da Educação (FNDE),GOVERNMENT_AGENCY,,,padrao,banco central|\bbndes\b|agencia nacional|arquivo nacional|\b,
Fórum Brasileiro de Segurança Pública (FBSP),SCIENTIFIC_SOCIETY,,,padrao,associacao|asociacion|\bsociedade\b|\bsociety\b|academia|\bc,
Grupo Paulista de Fitopatologia,SCIENTIFIC_SOCIETY,,,padrao,associacao|asociacion|\bsociedade\b|\bsociety\b|academia|\bc,
Grupo de Estudos Nietzsche (GEN),SCIENTIFIC_SOCIETY,,,padrao,associacao|asociacion|\bsociedade\b|\bsociety\b|academia|\bc,
Grupo de Estudos Schopenhauer-Nietzsche (Apoena),SCIENTIFIC_SOCIETY,,,padrao,associacao|asociacion|\bsociedade\b|\bsociety\b|academia|\bc,
Grupo de Odontologia Especializada (GOE),OTHER,,,padrao,centro de estudos|nucleo de|grupo de|\brede\b|\bfundacao\b|\,
Grupo de estudos linguísticos (GEL),SCIENTIFIC_SOCIETY,,,padrao,associacao|asociacion|\bsociedade\b|\bsociety\b|academia|\bc,
Hospital de Clínicas de Itajubá,OTHER,,,padrao,\bhospital\b|cancer center|santa casa,
Hospital de Clínicas de Passo Fundo,OTHER,,,padrao,\bhospital\b|cancer center|santa casa,
Instituição de Ensino Superior e de Pesquisa (INSPER),PRIVATE_UNIVERSITY,,,padrao,escola superior|escola \w+ de (medicina|saude|teologia|comer,
Instituto Adolfo Lutz,RESEARCH_INSTITUTE,,,padrao,\bembrapa\b|\bfiocruz\b|oswaldo cruz|instituto nacional|\bin,
Instituto Agronômico de Campinas (IAC),RESEARCH_INSTITUTE,,,padrao,\bembrapa\b|\bfiocruz\b|oswaldo cruz|instituto nacional|\bin,
Instituto Biológico (IB),RESEARCH_INSTITUTE,,,padrao,\bembrapa\b|\bfiocruz\b|oswaldo cruz|instituto nacional|\bin,
Instituto Brasileiro de Ciências Criminais (IBCCRIM),SCIENTIFIC_SOCIETY,,,padrao,associacao|asociacion|\bsociedade\b|\bsociety\b|academia|\bc,
Instituto Brasileiro de Direito Civil (IBDCivil),SCIENTIFIC_SOCIETY,,,padrao,associacao|asociacion|\bsociedade\b|\bsociety\b|academia|\bc,
Instituto Brasileiro de Direito Processual Penal (IBRASPP),SCIENTIFIC_SOCIETY,,,padrao,associacao|asociacion|\bsociedade\b|\bsociety\b|academia|\bc,
Instituto Brasileiro de Estudos e Pesquisas de Gastroenterologia,SCIENTIFIC_SOCIETY,,,padrao,associacao|asociacion|\bsociedade\b|\bsociety\b|academia|\bc,
Instituto Brasileiro de Neuropsicologia e Comportamento (IBNeC),SCIENTIFIC_SOCIETY,,,padrao,associacao|asociacion|\bsociedade\b|\bsociety\b|academia|\bc,
Instituto Brasileiro do Concreto (IBRACON),OTHER,,,padrao,centro de estudos|nucleo de|grupo de|\brede\b|\bfundacao\b|\,
Instituto Carlos Alexandre Moraes (ICAM),OTHER,,,padrao,centro de estudos|nucleo de|grupo de|\brede\b|\bfundacao\b|\,
Instituto Enfservic,OTHER,,,padrao,centro de estudos|nucleo de|grupo de|\brede\b|\bfundacao\b|\,
Instituto Federal de Alagoas (IFAL),FEDERAL_INSTITUTE,,,padrao,instituto federal|\bcefet\b|centro federal de educacao tecno,
"Instituto Federal de Educação, Ciência e Tecnologia Fluminense (IFF)",FEDERAL_INSTITUTE,,,padrao,instituto federal|\bcefet\b|centro federal de educacao tecno,
"Instituto Federal de Educação, Ciência e Tecnologia Goiano (IF Goiano)",FEDERAL_INSTITUTE,,,padrao,instituto federal|\bcefet\b|centro federal de educacao tecno,
"Instituto Federal de Educação, Ciência e Tecnologia Sul-rio-grandense (IFSUL)",FEDERAL_INSTITUTE,,,padrao,instituto federal|\bcefet\b|centro federal de educacao tecno,
"Instituto Federal de Educação, Ciência e Tecnologia da Bahia (IFBA)",FEDERAL_INSTITUTE,,,padrao,instituto federal|\bcefet\b|centro federal de educacao tecno,
"Instituto Federal de Educação, Ciência e Tecnologia de Brasília (IFB)",FEDERAL_INSTITUTE,,,padrao,instituto federal|\bcefet\b|centro federal de educacao tecno,
"Instituto Federal de Educação, Ciência e Tecnologia de Pernambuco (IFPE)",FEDERAL_INSTITUTE,,,padrao,instituto federal|\bcefet\b|centro federal de educacao tecno,
"Instituto Federal de Educação, Ciência e Tecnologia de Rondônia (IFRO)",FEDERAL_INSTITUTE,,,padrao,instituto federal|\bcefet\b|centro federal de educacao tecno,
"Instituto Federal de Educação, Ciência e Tecnologia do Ceará (IFCE)",FEDERAL_INSTITUTE,,,padrao,instituto federal|\bcefet\b|centro federal de educacao tecno,
"Instituto Federal de Educação, Ciência e Tecnologia do Estado de Mato Grosso (IFMT)",FEDERAL_INSTITUTE,,,padrao,instituto federal|\bcefet\b|centro federal de educacao tecno,
"Instituto Federal de Educação, Ciência e Tecnologia do Maranhão (IFMA)",FEDERAL_INSTITUTE,,,padrao,instituto federal|\bcefet\b|centro federal de educacao tecno,
"Instituto Federal de Educação, Ciência e Tecnologia do Pará (IFPA)",FEDERAL_INSTITUTE,,,padrao,instituto federal|\bcefet\b|centro federal de educacao tecno,
"Instituto Federal de Educação, Ciência e Tecnologia do Rio Grande do Norte (IFRN)",FEDERAL_INSTITUTE,,,padrao,instituto federal|\bcefet\b|centro federal de educacao tecno,
"Instituto Federal de Educação, Ciência e Tecnologia do Sul de Minas Gerais (IFSULDEMINAS)",FEDERAL_INSTITUTE,,,padrao,instituto federal|\bcefet\b|centro federal de educacao tecno,
"Instituto Federal de Educação, Ciência e Tecnologia do Tocantins (IFTO)",FEDERAL_INSTITUTE,,,padrao,instituto federal|\bcefet\b|centro federal de educacao tecno,
Instituto Genética para Todos (IGPT),OTHER,,,padrao,centro de estudos|nucleo de|grupo de|\brede\b|\bfundacao\b|\,
Instituto Histórico e Geográfico do Rio Grande do Sul (IHGRGS),SCIENTIFIC_SOCIETY,,,padrao,associacao|asociacion|\bsociedade\b|\bsociety\b|academia|\bc,
Instituto Internacional Despertando Vocações (IIDV),OTHER,,,padrao,centro de estudos|nucleo de|grupo de|\brede\b|\bfundacao\b|\,
Instituto Israelita de Ensino e Pesquisa Albert Einstein (IIEPAE),OTHER,,,padrao,centro de estudos|nucleo de|grupo de|\brede\b|\bfundacao\b|\,
Instituto Ivoti,OTHER,,,padrao,centro de estudos|nucleo de|grupo de|\brede\b|\bfundacao\b|\,
Instituto Lauro de Souza Lima (ILSL),RESEARCH_INSTITUTE,,,padrao,\bembrapa\b|\bfiocruz\b|oswaldo cruz|instituto nacional|\bin,
Instituto Militar de Engenharia (IME),GOVERNMENT_AGENCY,,,padrao,exercito|marinha do brasil|forca aerea|corpo de bombeiros|\b,
Instituto Mineiro de Gestão das Águas (Igam),GOVERNMENT_AGENCY,,,padrao,banco central|\bbndes\b|agencia nacional|arquivo nacional|\b,
Instituto Mises Brasil,OTHER,,,padrao,centro de estudos|nucleo de|grupo de|\brede\b|\bfundacao\b|\,
Instituto Municipal de Urbanismo Pereira Passos (IPP),GOVERNMENT_AGENCY,,,padrao,banco central|\bbndes\b|agencia nacional|arquivo nacional|\b,
Instituto Nacional de Câncer José Alencar Gomes da Silva (INCA),RESEARCH_INSTITUTE,,,padrao,\bembrapa\b|\bfiocruz\b|oswaldo cruz|instituto nacional|\bin,
Instituto Nacional de Educação de Surdos (Ines),RESEARCH_INSTITUTE,,,padrao,\bembrapa\b|\bfiocruz\b|oswaldo cruz|instituto nacional|\bin,
"Instituto Nacional de Metrologia, Qualidade e Tecnologia (INMETRO)",RESEARCH_INSTITUTE,,,padrao,\bembrapa\b|\bfiocruz\b|oswaldo cruz|instituto nacional|\bin,
Instituto Nacional de Pesquisas Espaciais (INPE),RESEARCH_INSTITUTE,,,padrao,\bembrapa\b|\bfiocruz\b|oswaldo cruz|instituto nacional|\bin,
Instituto Nacional de Tecnologia (INT),RESEARCH_INSTITUTE,,,padrao,\bembrapa\b|\bfiocruz\b|oswaldo cruz|instituto nacional|\bin,
Instituto Nacional de Telecomunicações (INATEL),PRIVATE_UNIVERSITY,,N,web,"IES privada sem fins lucrativos — e-MEC, data/dados privadas sem fins lucrativos.csv",
Instituto Noos,OTHER,,,web,organização da sociedade civil sem fins lucrativos — noos.org.br/instituto/,
Instituto Paranaense de Desenvolvimento Econômico e Social (IPARDES),GOVERNMENT_AGENCY,,,padrao,banco central|\bbndes\b|agencia nacional|arquivo nacional|\b,
Instituto Paulista de Ensino (FIPEN),OTHER,,,padrao,centro de estudos|nucleo de|grupo de|\brede\b|\bfundacao\b|\,
Instituto Paulista de Estudos Bioéticos e Jurídicos (IPEBJ),OTHER,,,padrao,centro de estudos|nucleo de|grupo de|\brede\b|\bfundacao\b|\,
Instituto Pros,OTHER,,,padrao,centro de estudos|nucleo de|grupo de|\brede\b|\bfundacao\b|\,
Instituto Superior de Educação Vera Cruz (VeraCruz),PRIVATE_UNIVERSITY,,N,web,ensino superior privado — site.veracruz.edu.br/instituto-vera-cruz/nosso-instituto/,
Instituto Tecnológico de Aeronáutica (ITA),GOVERNMENT_AGENCY,,,padrao,exercito|marinha do brasil|forca aerea|corpo de bombeiros|\b,
Instituto Vianna Júnior (IVJ),OTHER,,,padrao,centro de estudos|nucleo de|grupo de|\brede\b|\bfundacao\b|\,
Instituto Virtual da Biodiversidade (BIOTA-FAPESP),OTHER,,,padrao,centro de estudos|nucleo de|grupo de|\brede\b|\bfundacao\b|\,
Instituto de Botânica (IBT),RESEARCH_INSTITUTE,,,padrao,\bembrapa\b|\bfiocruz\b|oswaldo cruz|instituto nacional|\bin,
Instituto de Direito Constitucional e Cidadania (IDCC),OTHER,,,padrao,centro de estudos|nucleo de|grupo de|\brede\b|\bfundacao\b|\,
Instituto de Educação Superior de Brasília (IESB),PRIVATE_UNIVERSITY,,S,web,"Centro Universitário privado com fins lucrativos — e-MEC, data/privadas com fins lucrativos.csv",
Instituto de Engenharia Nuclear (IEN),RESEARCH_INSTITUTE,,,padrao,\bembrapa\b|\bfiocruz\b|oswaldo cruz|instituto nacional|\bin,
Instituto de Ensino Superior de Rondônia (IESUR),PRIVATE_UNIVERSITY,,N,padrao,escola superior|escola \w+ de (medicina|saude|teologia|comer,
Instituto de Estudos Brasileiros (IEB),OTHER,,,padrao,centro de estudos|nucleo de|grupo de|\brede\b|\bfundacao\b|\,
Instituto de Estudos da Religião (ISER),OTHER,,,padrao,centro de estudos|nucleo de|grupo de|\brede\b|\bfundacao\b|\,
Instituto de Língua Portuguesa do Liceu Literário Português,OTHER,,,padrao,centro de estudos|nucleo de|grupo de|\brede\b|\bfundacao\b|\,
Instituto de Medicina Integral Prof. Fernando Figueira (IMIPFF),OTHER,,,padrao,centro de estudos|nucleo de|grupo de|\brede\b|\bfundacao\b|\,
Instituto de Medicina Tropical (IMT),RESEARCH_INSTITUTE,,,padrao,\bembrapa\b|\bfiocruz\b|oswaldo cruz|instituto nacional|\bin,
Instituto de Pesquisa Econômica Aplicada (IPEA),RESEARCH_INSTITUTE,,,padrao,\bembrapa\b|\bfiocruz\b|oswaldo cruz|instituto nacional|\bin,
Instituto de Pesquisa Econômica Aplicada (Ipea),RESEARCH_INSTITUTE,,,padrao,\bembrapa\b|\bfiocruz\b|oswaldo cruz|instituto nacional|\bin,
Instituto de Pesquisas Ambientais em Bacias Hidrográficas (IPABHI),RESEARCH_INSTITUTE,,,padrao,\bembrapa\b|\bfiocruz\b|oswaldo cruz|instituto nacional|\bin,
Instituto de Pesquisas Energéticas e Nucleares (IPEN),RESEARCH_INSTITUTE,,,padrao,\bembrapa\b|\bfiocruz\b|oswaldo cruz|instituto nacional|\bin,
Instituto de Pesquisas Jardim Botânico do Rio de Janeiro (JBRJ),GOVERNMENT_AGENCY,,,padrao,banco central|\bbndes\b|agencia nacional|arquivo nacional|\b,
Instituto de Tecnologia do Paraná (Tecpar),RESEARCH_INSTITUTE,,,padrao,\bembrapa\b|\bfiocruz\b|oswaldo cruz|instituto nacional|\bin,
Instituto de Tecnologia e Educação Galileo da Amazônia (ITEGAM),RESEARCH_INSTITUTE,,,padrao,\bembrapa\b|\bfiocruz\b|oswaldo cruz|instituto nacional|\bin,
Instituto de Teologia e Pastoral (ITEPA),OTHER,,N,decisao,mantém a Faculdade de Teologia e Ciências Humanas no e-MEC; a fonte é do instituto,
Instituto do Patrimônio Histórico e Artístico Nacional (IPHAN),GOVERNMENT_AGENCY,,,padrao,banco central|\bbndes\b|agencia nacional|arquivo nacional|\b,
Jardim Botânico de Brasília (JBB),GOVERNMENT_AGENCY,,,padrao,banco central|\bbndes\b|agencia nacional|arquivo nacional|\b,
Justiça Federal - Seção Judiciária do Rio de Janeiro (SJRJ),GOVERNMENT_AGENCY,,,padrao,\btribunal\b|justica federal|ministerio publico|\bministerio,
Kroton Educacional S.A.,PRIVATE_UNIVERSITY,,,conhecimento,grupo privado de ensino superior,
Laborjuris – Serviços Jurídicos em Educação,OTHER,,,conhecimento,"empresa de serviços, pelo próprio nome",
Liga Brasileira de Epilepsia (LBE),SCIENTIFIC_SOCIETY,,,padrao,associacao|asociacion|\bsociedade\b|\bsociety\b|academia|\bc,
Maritime Law Academy,PRIVATE_UNIVERSITY,,,padrao,escola superior|escola \w+ de (medicina|saude|teologia|comer,
Matéria (Rio de Janeiro. Online),OTHER,,,conhecimento,título de periódico no campo de instituição,
Mavera Edições Científicas e Técnicas Ltda-ME,PUBLISHER,,,padrao,\beditora\b|\bedicoes\b|editorial|\bpress\b|publicacoes|pro-,
Ministério Público da Paraíba (MPPB),GOVERNMENT_AGENCY,,,padrao,\btribunal\b|justica federal|ministerio publico|\bministerio,
Museu Histórico Nacional,GOVERNMENT_AGENCY,,,padrao,banco central|\bbndes\b|agencia nacional|arquivo nacional|\b,
Networked Digital Library of Theses and Dissertations (NDLTD),SCIENTIFIC_SOCIETY,,,conhecimento,consórcio internacional de bibliotecas de teses,
Núcleo de Tecnologias para Educação (UEMAnet),STATE_UNIVERSITY,,,conhecimento,núcleo da UEMA,
Ordem dos Advogados do Brasil - Seção São Paulo,SCIENTIFIC_SOCIETY,,,padrao,associacao|asociacion|\bsociedade\b|\bsociety\b|academia|\bc,
Pontifícia Universidade Católica do Rio de Janeiro (PUC-Rio),PRIVATE_UNIVERSITY,,N,padrao,pontificia universidade catolica|universidade catolica|centr,
Procuradoria Geral do Estado do Rio de Janeiro (PGERJ),GOVERNMENT_AGENCY,,,padrao,\btribunal\b|justica federal|ministerio publico|\bministerio,
Pró-Fono Produtos Especializados para Fonoaudiologia Ltda (PFPEF),PUBLISHER,,,padrao,\beditora\b|\bedicoes\b|editorial|\bpress\b|publicacoes|pro-,
Publicação Independente,OTHER,,,padrao,^revista |publicacao independente|\(rio de janeiro\. online\,
Real Gabinete Português de Leitura (RGPL),LIBRARY,,,padrao,biblioteca|gabinete portugues de leitura,
Red Latinoamericana de Estudios Epistemológicos en Política Educativa (ReLePe),SCIENTIFIC_SOCIETY,,,padrao,associacao|asociacion|\bsociedade\b|\bsociety\b|academia|\bc,
Rede Brasileira Direito e Literatura (RDL),SCIENTIFIC_SOCIETY,,,padrao,associacao|asociacion|\bsociedade\b|\bsociety\b|academia|\bc,
Rede Nacional de Ensino e Pesquisa (RNP),GOVERNMENT_AGENCY,,,padrao,banco central|\bbndes\b|agencia nacional|arquivo nacional|\b,
Rede de Pesquisa Empírica em Direito (REED),SCIENTIFIC_SOCIETY,,,padrao,associacao|asociacion|\bsociedade\b|\bsociety\b|academia|\bc,
Revista Brasileira de História da Educação (RBHE),OTHER,,,conhecimento,título de periódico no campo de instituição,
Revista Ibero-Americana de Estratégia (RIAE),OTHER,,,conhecimento,título de periódico no campo de instituição,
SBEE,SCIENTIFIC_SOCIETY,,,web,sigla de sociedade científica; a busca não distinguiu entre Eletroquímica e Etnobiologia — bv.fapesp.br/pt/instituicao/3053/,
Sapienza Grupo Editorial,PUBLISHER,,,padrao,\beditora\b|\bedicoes\b|editorial|\bpress\b|publicacoes|pro-,
Secretaria da Saúde do Estado da Bahia (Sesab),GOVERNMENT_AGENCY,,,padrao,\btribunal\b|justica federal|ministerio publico|\bministerio,
Secretaria da Saúde do Estado do Ceará,GOVERNMENT_AGENCY,,,padrao,\btribunal\b|justica federal|ministerio publico|\bministerio,
"Secretaria de Agricultura, Pecuária e Desenvolvimento Rural do Rio Grande do Sul",GOVERNMENT_AGENCY,,,padrao,\btribunal\b|justica federal|ministerio publico|\bministerio,
Secretaria de Estado da Educação de Goiás (SEDUC GO),GOVERNMENT_AGENCY,,,padrao,\btribunal\b|justica federal|ministerio publico|\bministerio,
Secretaria de Estado da Saúde de São Paulo (SES-SP),GOVERNMENT_AGENCY,,,padrao,\btribunal\b|justica federal|ministerio publico|\bministerio,
Secretaria de Infraestrutura e Meio Ambiente do Estado de São Paulo,GOVERNMENT_AGENCY,,,padrao,\btribunal\b|justica federal|ministerio publico|\bministerio,
"Secretaria de Planejamento, Orçamento e Gestão do Estado do Rio Grande do Sul (SEPLAGRS)",GOVERNMENT_AGENCY,,,padrao,\btribunal\b|justica federal|ministerio publico|\bministerio,
Secretaria de Vigilância em Saúde - Ministério da Saúde do Brasil,GOVERNMENT_AGENCY,,,padrao,\btribunal\b|justica federal|ministerio publico|\bministerio,
Serviço Nacional de Aprendizagem Comercial de Santa Catarina (SENACSC),OTHER,,,padrao,servico nacional de aprendizagem|\bsenac\b|\bsenai\b|\bsesc\,
Serviço Nacional de Aprendizagem Comercial do Rio Grande do Sul (SENAC RS),OTHER,,,padrao,servico nacional de aprendizagem|\bsenac\b|\bsenai\b|\bsesc\,
Serviço Nacional de Aprendizagem Industrial Campus Integrado de Manufatura e Tecnologia (SENAI CIMATEC),OTHER,,,padrao,servico nacional de aprendizagem|\bsenac\b|\bsenai\b|\bsesc\,
Serviço Nacional de Aprendizagem Industrial de São Paulo (SENAI SP),OTHER,,,padrao,servico nacional de aprendizagem|\bsenac\b|\bsenai\b|\bsesc\,
Sindicato das Secretárias do Estado de São Paulo (SINSESP),SCIENTIFIC_SOCIETY,,,padrao,associacao|asociacion|\bsociedade\b|\bsociety\b|academia|\bc,
Sociedade Beneficente Israelita Brasileira Hospital Albert Einstein (SBIBAE),SCIENTIFIC_SOCIETY,,,padrao,associacao|asociacion|\bsociedade\b|\bsociety\b|academia|\bc,
Sociedade Botânica de São Paulo (SBSP),SCIENTIFIC_SOCIETY,,,padrao,associacao|asociacion|\bsociedade\b|\bsociety\b|academia|\bc,
Sociedade Botânica do Brasil (SBB),SCIENTIFIC_SOCIETY,,,padrao,associacao|asociacion|\bsociedade\b|\bsociety\b|academia|\bc,
Sociedade Brasileira De Entomologia (SBE),SCIENTIFIC_SOCIETY,,,padrao,associacao|asociacion|\bsociedade\b|\bsociety\b|academia|\bc,
Sociedade Brasileira da Ciência das Plantas Daninhas (SBCPD),SCIENTIFIC_SOCIETY,,,padrao,associacao|asociacion|\bsociedade\b|\bsociety\b|academia|\bc,
Sociedade Brasileira de Anestesiologia (SBA),SCIENTIFIC_SOCIETY,,,padrao,associacao|asociacion|\bsociedade\b|\bsociety\b|academia|\bc,
Sociedade Brasileira de Angiologia e de Cirurgia Vascular (SBACV),SCIENTIFIC_SOCIETY,,,padrao,associacao|asociacion|\bsociedade\b|\bsociety\b|academia|\bc,
Sociedade Brasileira de Atividade Física e Saúde (SBAFS),SCIENTIFIC_SOCIETY,,,padrao,associacao|asociacion|\bsociedade\b|\bsociety\b|academia|\bc,
Sociedade Brasileira de Automática (SBA),SCIENTIFIC_SOCIETY,,,padrao,associacao|asociacion|\bsociedade\b|\bsociety\b|academia|\bc,
Sociedade Brasileira de Bioquímica e Biologia Molecular (SBBq),SCIENTIFIC_SOCIETY,,,padrao,associacao|asociacion|\bsociedade\b|\bsociety\b|academia|\bc,
Sociedade Brasileira de Carcinologia (SBCA),SCIENTIFIC_SOCIETY,,,padrao,associacao|asociacion|\bsociedade\b|\bsociety\b|academia|\bc,
Sociedade Brasileira de Cefaleia,SCIENTIFIC_SOCIETY,,,padrao,associacao|asociacion|\bsociedade\b|\bsociety\b|academia|\bc,
Sociedade Brasileira de Cirurgia Cardiovascular (SBCCV),SCIENTIFIC_SOCIETY,,,padrao,associacao|asociacion|\bsociedade\b|\bsociety\b|academia|\bc,
Sociedade Brasileira de Cirurgia Plástica (SBCP),SCIENTIFIC_SOCIETY,,,padrao,associacao|asociacion|\bsociedade\b|\bsociety\b|academia|\bc,
Sociedade Brasileira de Ciência do Solo (SBCS),SCIENTIFIC_SOCIETY,,,padrao,associacao|asociacion|\bsociedade\b|\bsociety\b|academia|\bc,
Sociedade Brasileira de Ciência e Tecnologia de Alimentos (SBCTA),RESEARCH_INSTITUTE,,,padrao,\bembrapa\b|\bfiocruz\b|oswaldo cruz|instituto nacional|\bin,
Sociedade Brasileira de Coloproctologia (SBC),SCIENTIFIC_SOCIETY,,,padrao,associacao|asociacion|\bsociedade\b|\bsociety\b|academia|\bc,
Sociedade Brasileira de Coloproctologia (SBCP),SCIENTIFIC_SOCIETY,,,padrao,associacao|asociacion|\bsociedade\b|\bsociety\b|academia|\bc,
Sociedade Brasileira de Coluna (SBCO),SCIENTIFIC_SOCIETY,,,padrao,associacao|asociacion|\bsociedade\b|\bsociety\b|academia|\bc,
Sociedade Brasileira de Comportamento Motor,SCIENTIFIC_SOCIETY,,,padrao,associacao|asociacion|\bsociedade\b|\bsociety\b|academia|\bc,
Sociedade Brasileira de Dermatologia (SBD),SCIENTIFIC_SOCIETY,,,padrao,associacao|asociacion|\bsociedade\b|\bsociety\b|academia|\bc,
Sociedade Brasileira de Doenças Sexualmente Transmissíveis,SCIENTIFIC_SOCIETY,,,padrao,associacao|asociacion|\bsociedade\b|\bsociety\b|academia|\bc,
Sociedade Brasileira de Economia e Sociologia Rural (SBESR),SCIENTIFIC_SOCIETY,,,padrao,associacao|asociacion|\bsociedade\b|\bsociety\b|academia|\bc,
Sociedade Brasileira de Ecoturismo (SBECotur),SCIENTIFIC_SOCIETY,,,padrao,associacao|asociacion|\bsociedade\b|\bsociety\b|academia|\bc,
Sociedade Brasileira de Enfermagem em Feridas e Estética (SOBENFeE),SCIENTIFIC_SOCIETY,,,padrao,associacao|asociacion|\bsociedade\b|\bsociety\b|academia|\bc,
Sociedade Brasileira de Estudos Clássicos (SBEC),SCIENTIFIC_SOCIETY,,,padrao,associacao|asociacion|\bsociedade\b|\bsociety\b|academia|\bc,
Sociedade Brasileira de Estudos Interdisciplinares da Comunicação (INTERCOM),SCIENTIFIC_SOCIETY,,,padrao,associacao|asociacion|\bsociedade\b|\bsociety\b|academia|\bc,
Sociedade Brasileira de Estudos Organizacionais (SBEO),SCIENTIFIC_SOCIETY,,,padrao,associacao|asociacion|\bsociedade\b|\bsociety\b|academia|\bc,
Sociedade Brasileira de Estudos de Cinema e Audiovisual (SOCINE),SCIENTIFIC_SOCIETY,,,padrao,associacao|asociacion|\bsociedade\b|\bsociety\b|academia|\bc,
Sociedade Brasileira de Estudos e Pesquisa Qualitativos (SE&PQ),SCIENTIFIC_SOCIETY,,,padrao,associacao|asociacion|\bsociedade\b|\bsociety\b|academia|\bc,
Sociedade Brasileira de Estudos em Sexualidade Humana (SBRASH),SCIENTIFIC_SOCIETY,,,padrao,associacao|asociacion|\bsociedade\b|\bsociety\b|academia|\bc,
Sociedade Brasileira de Farmacognosia (SBFgnosia),SCIENTIFIC_SOCIETY,,,padrao,associacao|asociacion|\bsociedade\b|\bsociety\b|academia|\bc,
Sociedade Brasileira de Fitopatologia,SCIENTIFIC_SOCIETY,,,padrao,associacao|asociacion|\bsociedade\b|\bsociety\b|academia|\bc,
Sociedade Brasileira de Fitopatologia (SBF),SCIENTIFIC_SOCIETY,,,padrao,associacao|asociacion|\bsociedade\b|\bsociety\b|academia|\bc,
Sociedade Brasileira de Floricultura e Plantas Ornamentais (SBFPO),SCIENTIFIC_SOCIETY,,,padrao,associacao|asociacion|\bsociedade\b|\bsociety\b|academia|\bc,
Sociedade Brasileira de Fonoaudiologia (SBFA),SCIENTIFIC_SOCIETY,,,padrao,associacao|asociacion|\bsociedade\b|\bsociety\b|academia|\bc,
Sociedade Brasileira de Fruticultura (SBF),SCIENTIFIC_SOCIETY,,,padrao,associacao|asociacion|\bsociedade\b|\bsociety\b|academia|\bc,
Sociedade Brasileira de Geofísica (SBG),SCIENTIFIC_SOCIETY,,,padrao,associacao|asociacion|\bsociedade\b|\bsociety\b|academia|\bc,
Sociedade Brasileira de Geofísica (SBGf),SCIENTIFIC_SOCIETY,,,padrao,associacao|asociacion|\bsociedade\b|\bsociety\b|academia|\bc,
Sociedade Brasileira de Geologia (SBGEO),SCIENTIFIC_SOCIETY,,,padrao,associacao|asociacion|\bsociedade\b|\bsociety\b|academia|\bc,
Sociedade Brasileira de Geoquímica (SBGq),SCIENTIFIC_SOCIETY,,,padrao,associacao|asociacion|\bsociedade\b|\bsociety\b|academia|\bc,
Sociedade Brasileira de Geriatria e Gerontologia,SCIENTIFIC_SOCIETY,,,padrao,associacao|asociacion|\bsociedade\b|\bsociety\b|academia|\bc,
Sociedade Brasileira de Hemodinâmica e Cardiologia Intervencionista (SBHCI),SCIENTIFIC_SOCIETY,,,padrao,associacao|asociacion|\bsociedade\b|\bsociety\b|academia|\bc,
Sociedade Brasileira de História da Ciência (SBHC),SCIENTIFIC_SOCIETY,,,padrao,associacao|asociacion|\bsociedade\b|\bsociety\b|academia|\bc,
Sociedade Brasileira de Ictiologia (SBI),SCIENTIFIC_SOCIETY,,,padrao,associacao|asociacion|\bsociedade\b|\bsociety\b|academia|\bc,
Sociedade Brasileira de Matemática Aplicada e Computacional,SCIENTIFIC_SOCIETY,,,padrao,associacao|asociacion|\bsociedade\b|\bsociety\b|academia|\bc,
Sociedade Brasileira de Matemática Aplicada e Computacional (SBMAC),SCIENTIFIC_SOCIETY,,,padrao,associacao|asociacion|\bsociedade\b|\bsociety\b|academia|\bc,
Sociedade Brasileira de Medicina Tropical (SBMT),RESEARCH_INSTITUTE,,,padrao,\bembrapa\b|\bfiocruz\b|oswaldo cruz|instituto nacional|\bin,
Sociedade Brasileira de Medicina de Família e Comunidade (SBMFC),SCIENTIFIC_SOCIETY,,,padrao,associacao|asociacion|\bsociedade\b|\bsociety\b|academia|\bc,
Sociedade Brasileira de Medicina do Exercício e do Esporte (SBMEE),SCIENTIFIC_SOCIETY,,,padrao,associacao|asociacion|\bsociedade\b|\bsociety\b|academia|\bc,
Sociedade Brasileira de Melhoramento de Plantas,SCIENTIFIC_SOCIETY,,,padrao,associacao|asociacion|\bsociedade\b|\bsociety\b|academia|\bc,
Sociedade Brasileira de Meteorologia (SBMET),SCIENTIFIC_SOCIETY,,,padrao,associacao|asociacion|\bsociedade\b|\bsociety\b|academia|\bc,
Sociedade Brasileira de Microondas e Optoeletrônica (SBMO),SCIENTIFIC_SOCIETY,,,padrao,associacao|asociacion|\bsociedade\b|\bsociety\b|academia|\bc,
Sociedade Brasileira de Nefrologia (SBN),SCIENTIFIC_SOCIETY,,,padrao,associacao|asociacion|\bsociedade\b|\bsociety\b|academia|\bc,
Sociedade Brasileira de Neurocirurgia Pediátrica (SBNPed),SCIENTIFIC_SOCIETY,,,padrao,associacao|asociacion|\bsociedade\b|\bsociety\b|academia|\bc,
Sociedade Brasileira de Oftalmologia (SBO),SCIENTIFIC_SOCIETY,,,padrao,associacao|asociacion|\bsociedade\b|\bsociety\b|academia|\bc,
Sociedade Brasileira de Patologia (SBP),SCIENTIFIC_SOCIETY,,,padrao,associacao|asociacion|\bsociedade\b|\bsociety\b|academia|\bc,
Sociedade Brasileira de Pesquisa Odontológica (SBPqO),SCIENTIFIC_SOCIETY,,,padrao,associacao|asociacion|\bsociedade\b|\bsociety\b|academia|\bc,
Sociedade Brasileira de Pesquisa Operacional (SOBRAPO),SCIENTIFIC_SOCIETY,,,padrao,associacao|asociacion|\bsociedade\b|\bsociety\b|academia|\bc,
Sociedade Brasileira de Planejamento dos Transportes (SBPT),SCIENTIFIC_SOCIETY,,,padrao,associacao|asociacion|\bsociedade\b|\bsociety\b|academia|\bc,
Sociedade Brasileira de Pneumologia e Tisiologia (SBPT),SCIENTIFIC_SOCIETY,,,padrao,associacao|asociacion|\bsociedade\b|\bsociety\b|academia|\bc,
Sociedade Brasileira de Pneumologia e Tisiologia da Universidade de São Paulo (SBPT-USP),SCIENTIFIC_SOCIETY,,,padrao,associacao|asociacion|\bsociedade\b|\bsociety\b|academia|\bc,
Sociedade Brasileira de Proteção Radiológica (SBPR),SCIENTIFIC_SOCIETY,,,padrao,associacao|asociacion|\bsociedade\b|\bsociety\b|academia|\bc,
Sociedade Brasileira de Psicologia (SBP),SCIENTIFIC_SOCIETY,,,padrao,associacao|asociacion|\bsociedade\b|\bsociety\b|academia|\bc,
Sociedade Brasileira de Psicopatologia Fenômeno-Estrutural (SBPFE),SCIENTIFIC_SOCIETY,,,padrao,associacao|asociacion|\bsociedade\b|\bsociety\b|academia|\bc,
Sociedade Brasileira de Reumatologia (SBR),SCIENTIFIC_SOCIETY,,,padrao,associacao|asociacion|\bsociedade\b|\bsociety\b|academia|\bc,
Sociedade Brasileira de Urologia (SBU),SCIENTIFIC_SOCIETY,,,padrao,associacao|asociacion|\bsociedade\b|\bsociety\b|academia|\bc,
Sociedade Brasileira de Zootecnia (SBZ),SCIENTIFIC_SOCIETY,,,padrao,associacao|asociacion|\bsociedade\b|\bsociety\b|academia|\bc,
Sociedade Brasileira para o Desenvolvimento da Pesquisa em Cirurgia (SBDPC),SCIENTIFIC_SOCIETY,,,padrao,associacao|asociacion|\bsociedade\b|\bsociety\b|academia|\bc,
Sociedade Entomológica do Brasil,SCIENTIFIC_SOCIETY,,,padrao,associacao|asociacion|\bsociedade\b|\bsociety\b|academia|\bc,
Sociedade Paranaense de Matemática (SPM),SCIENTIFIC_SOCIETY,,,padrao,associacao|asociacion|\bsociedade\b|\bsociety\b|academia|\bc,
Sociedade Rio-Grandense de Bioética (SORBI),SCIENTIFIC_SOCIETY,,,padrao,associacao|asociacion|\bsociedade\b|\bsociety\b|academia|\bc,
Sociedade de Arqueologia Brasileira (SAB),SCIENTIFIC_SOCIETY,,,padrao,associacao|asociacion|\bsociedade\b|\bsociety\b|academia|\bc,
Sociedade de Medicina Veterinária do Estado do Rio de Janeiro (SOMVERJ),SCIENTIFIC_SOCIETY,,,padrao,associacao|asociacion|\bsociedade\b|\bsociety\b|academia|\bc,
Sociedade de Pediatria de São Paulo (SPSP),SCIENTIFIC_SOCIETY,,,padrao,associacao|asociacion|\bsociedade\b|\bsociety\b|academia|\bc,
Sociedade de Pesquisa Qualitativa em Motricidade Humana (SPQMH),SCIENTIFIC_SOCIETY,,,padrao,associacao|asociacion|\bsociedade\b|\bsociety\b|academia|\bc,
South American Development Society (SADSJ),SCIENTIFIC_SOCIETY,,,padrao,associacao|asociacion|\bsociedade\b|\bsociety\b|academia|\bc,
Superior Tribunal de Justiça (STJ),GOVERNMENT_AGENCY,,,padrao,\btribunal\b|justica federal|ministerio publico|\bministerio,
Supremo Tribunal Federal (STF),GOVERNMENT_AGENCY,,,padrao,\btribunal\b|justica federal|ministerio publico|\bministerio,
Tribunal Regional Federal da 2ª Região,GOVERNMENT_AGENCY,,,padrao,\btribunal\b|justica federal|ministerio publico|\bministerio,
Tribunal Regional do Trabalho da 3ª Região (TRT-3),GOVERNMENT_AGENCY,,,padrao,\btribunal\b|justica federal|ministerio publico|\bministerio,
Tribunal de Contas do Estado do Ceará (TCCE),GOVERNMENT_AGENCY,,,padrao,\btribunal\b|justica federal|ministerio publico|\bministerio,
Tribunal de Justiça da Paraíba,GOVERNMENT_AGENCY,,,padrao,\btribunal\b|justica federal|ministerio publico|\bministerio,
Tribunal de Justiça do Distrito Federal e dos Territórios (TJDFT),GOVERNMENT_AGENCY,,,padrao,\btribunal\b|justica federal|ministerio publico|\bministerio,
UniGuairacá Centro Universitário,PRIVATE_UNIVERSITY,,,padrao,pontificia universidade catolica|universidade catolica|centr,
Universidade Católica de Salvador (UCSAL),PRIVATE_UNIVERSITY,,N,padrao,pontificia universidade catolica|universidade catolica|centr,
Universidade Cidade de São Paulo (UNICID),PRIVATE_UNIVERSITY,,S,padrao,universidade,
Universidade Cruzeiro do Sul (UNICSUL),PRIVATE_UNIVERSITY,,S,padrao,universidade,
Universidade Cândido Mendes (UCAM),PRIVATE_UNIVERSITY,,N,padrao,universidade,
Universidade Estadual de Roraima (UERR),STATE_UNIVERSITY,,,padrao,universidade estadual|universidade do estado|centro paula so,
Universidade Estadual do Ceará,STATE_UNIVERSITY,,,padrao,universidade estadual|universidade do estado|centro paula so,
Universidade Estadual do Piauí (UESPI),STATE_UNIVERSITY,,,padrao,universidade estadual|universidade do estado|centro paula so,
Universidade Estadual do Rio Grande do Sul,STATE_UNIVERSITY,,,padrao,universidade estadual|universidade do estado|centro paula so,
Universidade Estadual do Rio Grande do Sul (UERGS),STATE_UNIVERSITY,,,padrao,universidade estadual|universidade do estado|centro paula so,
Universidade Estadual do Tocantins (UNITINS),STATE_UNIVERSITY,,,padrao,universidade estadual|universidade do estado|centro paula so,
Universidade Federal de Alfenas (UNIFAL),FEDERAL_UNIVERSITY,,,padrao,universidade federal|fundacao universidade federal|universid,
Universidade Federal de São Carlos (UFSCAR-DTO),FEDERAL_UNIVERSITY,,,padrao,universidade federal|fundacao universidade federal|universid,
Universidade Federal de São João del Rei (UFSJ),FEDERAL_UNIVERSITY,,,padrao,universidade federal|fundacao universidade federal|universid,
Universidade Federal do Cariri (UFCA),FEDERAL_UNIVERSITY,,,padrao,universidade federal|fundacao universidade federal|universid,
Universidade Federal do Pampa (UNIPAMPA),FEDERAL_UNIVERSITY,,,padrao,universidade federal|fundacao universidade federal|universid,
Universidade Federal do Sul da Bahia (UFSB),FEDERAL_UNIVERSITY,,,padrao,universidade federal|fundacao universidade federal|universid,
Universidade Federal do Sul e Sudeste do Pará (UNIFESSPA),FEDERAL_UNIVERSITY,,,padrao,universidade federal|fundacao universidade federal|universid,
Universidade Franciscana (UFN),PRIVATE_UNIVERSITY,,N,padrao,universidade,
Universidade José do Rosário Vellano (UNIFENAS),PRIVATE_UNIVERSITY,,,padrao,universidade,
Universidade Metropolitana de Santos (UNIMES),PRIVATE_UNIVERSITY,,N,padrao,universidade,
Universidade Paranaense (UNIPAR),PRIVATE_UNIVERSITY,,S,padrao,universidade,
Universidade Potiguar (UNP),PRIVATE_UNIVERSITY,,S,padrao,universidade,
Universidade Regional do Cariri (URCA),STATE_UNIVERSITY,,,web,autarquia estadual do Ceará — ceara.gov.br/organograma/urca/,
Universidade Salgado de Oliveira (UNIVERSO),PRIVATE_UNIVERSITY,,N,padrao,universidade,
Universidade da Integração Internacional da Lusofonia Afro-Brasileira (UNILAB),FEDERAL_UNIVERSITY,,,web,"autarquia federal, Lei 12.289/2010 — planalto.gov.br/ccivil_03/_ato2007-2010/2010/lei/l12289.htm",
Universidade da Região de Joinville (UNIVILLE),PRIVATE_UNIVERSITY,S,N,padrao,universidade,"qualificação ICES, Lei 12.881/2013 — pt.wikipedia.org/wiki/Instituição_comunitária_de_educação_superior"
Universidade de Araraquara (UNIARA),PRIVATE_UNIVERSITY,,N,padrao,universidade,
Universidade de Fortaleza (UNIFOR) TESTE,PRIVATE_UNIVERSITY,,N,padrao,universidade,
Universidade de Marília (Unimar),PRIVATE_UNIVERSITY,,S,padrao,universidade,
Universidade de Mogi das Cruzes (UMC),PRIVATE_UNIVERSITY,,S,padrao,universidade,
Universidade de Pernambuco (UPE),STATE_UNIVERSITY,,,web,fundação pública estadual — upe.br/transparencia/informacoes-institucionais/,
Universidade de Sorocaba (UNISO),PRIVATE_UNIVERSITY,,N,padrao,universidade,
Universidade do Estado do Amazonas (UEA),STATE_UNIVERSITY,,,padrao,universidade estadual|universidade do estado|centro paula so,
Universidade do Planalto Catarinense (UNIPLAC),PRIVATE_UNIVERSITY,S,N,padrao,universidade,"qualificação ICES, Lei 12.881/2013 — pt.wikipedia.org/wiki/Instituição_comunitária_de_educação_superior"
Universidade do Sagrado Coração (USC),PRIVATE_UNIVERSITY,,,padrao,universidade,
Universidade do Vale do Paraíba (Univap),PRIVATE_UNIVERSITY,,N,padrao,universidade,
Universidade do Vale do Rio dos Sinos (Unisinos),PRIVATE_UNIVERSITY,S,N,padrao,universidade,"qualificação ICES, Lei 12.881/2013 — pt.wikipedia.org/wiki/Instituição_comunitária_de_educação_superior"
Ânima Educação,PRIVATE_UNIVERSITY,,,conhecimento,grupo privado de ensino superior,
