Código Mantenedora;Razão Social;CNPJ;Natureza Jurídica;Código IES;Instituição(IES);Sigla;Telefone;Sitio;e-Mail;Endereço Sede;Município;UF;Organização Acadêmica;Tipo de Credenciamento;Categoria;Categoria Administrativa;Data do Ato de Criação da IES;CI;Ano CI;CI-EaD;Ano CI-EaD;IGC;Ano IGC;Reitor/Dirigente Principal;Representante Legal;Sinalizações Vigentes;Situação da IES
18344;COMANDO DA AERONAUTICA;00.394.429/0111-45;Pessoa Jurídica de Direito Público - Federal;26777;ACADEMIA DA FORÇA AÉREA (AFA);AFA;(19)3565 7000;https://www2.fab.mil.br/afa/;dpl.direns@gmail.com;Estrada Aguaí-Pirassununga SP - 225 - S/N - CEP: 13631-750 - Jardim Bandeirantes;Pirassununga;SP;Faculdade;Presencial - Superior;Publica;Pública Federal;25/03/1941;-;;-;;-;;;;Suspensão PROUNI;Ativa
18177;CORPO DE BOMBEIROS MILITAR DE MINAS GERAIS;03.389.126/0001-98;Pessoa Jurídica de Direito Público - Estadual;26238;ACADEMIA DE BOMBEIROS MILITAR (ABM);ABM;3133119179;;abm.ste@bombeiros.mg.gov.br;;;;Faculdade;Presencial - Superior;Publica;Pública Estadual;12/12/2012;-;;-;;-;;;;;Ativa
19728;FUNDO DE MELHORIA DA POLICIA CIVIL - FUMPC;07.188.579/0001-07;Fundo Público da Administração Direta Estadual ou do Distrito Federal;30426;Academia de Polícia Civil de Santa Catarina (ACADEPOL/SC);ACADEPOL/SC;;https://acadepol.sc.gov.br/;acadepol@pc.sc.gov.br;Rodovia Tertuliano Brito Xavier - 209 - CEP: 88054-600 - Canasvieiras;;;Escola de Governo;Escola do Governo;Privada;Pública Estadual;16/10/2013;-;;-;;-;;;;;Ativa
17963;POLICIA MILITAR DO ESTADO DE MINAS GERAIS;16.695.025/0001-97;Pessoa Jurídica de Direito Público - Estadual;25613;ACADEMIA DE POLÍCIA MILITAR DE MINAS GERAIS (APM);APM;(31) 2123-9484;https://www.policiamilitar.mg.gov.br/portal-pm/apm/principal.action;divisaodeensino.apm@pmmg.mg.gov.br;Rua Diabase - 320 - CEP: 30411-060 - Prado;Belo Horizonte;MG;Faculdade;Presencial - Superior;Publica;Pública Estadual;29/11/2005;-;;-;;-;;;;;Ativa
17403;ESPIRITO SANTO SECRETARIA DE EST DE SEGURANCA PUBLICA;27.476.373/0001-90;Pessoa Jurídica de Direito Público - Estadual;24465;ACADEMIA DE POLÍCIA MILITAR DO ESPÍRITO SANTO (APM/ES);APM/ES;3636-2950;pm.es.gov.br;;Rodovia Governador José Henrique Sette - KM 4,5 - s/n - CEP: 29154-200 - Santana;Cariacica;ES;Faculdade;Presencial - Superior;Publica;Pública Estadual;10/11/2016;-;;-;;-;;;;;Ativa
15797;SANTA CATARINA TRIBUNAL DE JUSTICA;83.845.701/0001-59;Pessoa Jurídica de Direito Público - Estadual;17969;ACADEMIA JUDICIAL DO TRIBUNAL DE JUSTIÇA DE SANTA CATARINA (AJ);AJ;48-32872800;http://acadjud.tjsc.jus.br;academia@tjsc.jus.br;Rua Almirante Lamego - 1386 - CEP: 88015-601 - Centro;Florianópolis;SC;Escola de Governo;Escola do Governo;Publica;Pública Estadual;27/03/2017;5;2015;-;;-;;;;;Ativa
409;COMANDO DO EXERCITO;00.394.452/0001-03;Pessoa Jurídica de Direito Público - Federal;21095;Academia Militar das Agulhas Negras (AMAN);AMAN;2433884500;http://www.aman.ensino.eb.br/;rp@aman.ensino.eb.br;Rodovia Presidente Dutra - km 306 - CEP: 27534-900 - Cabral;Resende;RJ;Centro Universitário;Presencial - Superior;Publica;Pública Federal;14/12/2000;-;;-;;-;;;;;Ativa
15748;MINISTERIO DA JUSTICA E SEGURANCA PUBLICA;00.394.494/0014-50;Pessoa Jurídica de Direito Público - Federal;17613;ACADEMIA NACIONAL DE POLÍCIA - ANP (ANP);ANP;(61) 2024-8800;https://www.gov.br/pf/pt-br;cesp.diren.anp@pf.gov.br;Academia Nacional de Polícia Federal - - CEP: 71559-900 - Setor Habitacional Taquari (Lago Norte);Brasília;DF;Escola de Governo;Escola do Governo;Publica;Pública Federal;30/04/2008;4;2025;-;;-;;;;;Ativa
17229;COMISSAO NACIONAL DE ENERGIA NUCLEAR;00.402.552/0001-26;Pessoa Jurídica de Direito Público - Federal;26249;CENTRO DE DESENVOLVIMENTO DA TECNOLOGIA NUCLEAR (CDTN);CDTN;(31) 3439-9561;https://www.cdtn.br/;lcdl@cdtn.br;Universidade Federal de Minas Gerais - SN - CEP: 31270-901 - Pampulha;Belo Horizonte;MG;Escola de Governo;Escola do Governo;Publica;Pública Federal;14/08/2025;4;2023;-;;-;;;;;Ativa
31;FUNDACAO DE EDUCACAO PARA O TRABALHO DE MINAS GERAIS;17.319.831/0001-23;Pessoa Jurídica de Direito Público - Estadual;31;CENTRO DE EDUCAÇÃO TÉCNICA DA UTRAMIG (UTRAMIG);UTRAMIG;;www.utramig.mg.gov.br;cet.utramig@yahoo.com.br;Avenida Afonso Pena - 3400 - CEP: 30130-009 - CRUZEIRO;Belo Horizonte;MG;Faculdade;Presencial - Superior;Publica;Pública Estadual;24/04/1973;-;;-;;-;;;;Suspensão PROUNI;Ativa
409;COMANDO DO EXERCITO;00.394.452/0001-03;Pessoa Jurídica de Direito Público - Federal;21414;Centro de Estudos de Pessoal e Forte Duque de Caxias (CEP);CEP;;www.cep.ensino.eb.br;divens_secretaria@cep.ensino.eb.br;Praça Almirante Júlio de Noronha - SN - CEP: 22010-020 - Leme;Rio de Janeiro;RJ;Instituição Especialmente Credenciada para oferta de cursos lato sensu;Presencial - Superior;Publica;Pública Federal;14/11/2000;-;;-;;-;;;;;Ativa
18582;PROCURADORIA GERAL DE JUSTICA DO ESTADO DE MATO GROSSO;14.921.092/0001-57;Pessoa Jurídica de Direito Público - Estadual;29079;Centro de Estudos e Aperfeiçoamento Funcional (CEAF);CEAF;6536110665;;ceaf@mpmt.mp.br;Av Desembargador Milton Figueiredo Ferreira Mendes sn Setor D sede das Promotorias da Capital - 0 - CEP: 78049-928 - Centro Político Administrativo;;;Escola de Governo;Escola do Governo;Publica;Pública Estadual;13/12/2021;-;;-;;-;;;;;Ativa
17207;INSTITUTO CHICO MENDES DE CONSERVACAO DA BIODIVERSIDADE;08.829.974/0001-94;Pessoa Jurídica de Direito Público - Federal;23730;CENTRO DE FORMAÇÃO EM CONSERVAÇÃO DA BIODIVERSIDADE (ACADEBio);ACADEBio;"15-32669327; 61-20289009";;acadebio@icmbio.gov.br;;;;Escola de Governo;Escola do Governo;Publica;Pública Federal;27/02/2026;4;2024;-;;-;;;;;Ativa
13234;CAMARA DOS DEPUTADOS;00.530.352/0001-59;Pessoa Jurídica de Direito Público - Federal;17161;Centro de Formação, Treinamento e Aperfeiçoamento (Cefor);Cefor;(61)32167500;http://www2.camara.gov.br/responsabilidade-social/edulegislativa;cefor@camara.leg.br;SGMN Via N3, Projeção L, Complexo Avançado da Câmara dos Deputados - - - CEP: 70160-900 - Plano Piloto;Brasília;DF;Escola de Governo;Escola do Governo;Publica;Pública Federal;23/05/2017;4;2015;-;;-;;;;;Ativa
409;COMANDO DO EXERCITO;00.394.452/0001-03;Pessoa Jurídica de Direito Público - Federal;21416;Centro de Instrução de Aviação do Exército (CIAvEx);CIAvEx;(12)21237750;www.ciavex.ensino.eb.br;ciavex.srp.ch@avex.eb.mil.br;Complexo de Aviação do Exército - CAVEX - 2.135 - CEP: 12086-900 - Granjas Rurais Reunidas São Judas Tadeu;Taubaté;SP;Faculdade;Presencial - Superior;Publica;Pública Federal;14/11/2000;-;;-;;-;;;;;Ativa
409;COMANDO DO EXERCITO;00.394.452/0001-03;Pessoa Jurídica de Direito Público - Federal;21417;Centro de Instrução de Guerra Eletrônica (CIGE);CIGE;;www.ccomgex.eb.mil.br;cigecmt@cige.eb.mil.br;Academia Nacional de Polícia Federal - km 05 - CEP: 71559-90 - Setor Habitacional Taquari (Lago Norte);Brasília;DF;Instituição Especialmente Credenciada para oferta de cursos lato sensu;Presencial - Superior;Publica;Pública Federal;14/11/2000;-;;-;;-;;;;;Ativa
16655;CENTRO FED DE ED TECNOLOGICA CELSO SUCKOW DA FONSECA RJ;42.441.758/0001-05;Pessoa Jurídica de Direito Público - Federal;593;CENTRO FEDERAL DE EDUCAÇÃO TECNOLÓGICA CELSO SUCKOW DA FONSECA (CEFET/RJ);CEFET/RJ;(21) 2568 8890;www.cefet-rj.br;direg@cefet-rj.br;Avenida Maracanã - 229 - CEP: 20271-110 - Maracanã;Rio de Janeiro;RJ;Centro Federal de Educação Tecnológica;EAD - Superior / Presencial - Superior /;Publica;Pública Federal;04/07/1978;5;2023;4;2017;4;2023;;;;Ativa
16596;CENTRO FEDERAL DE EDUCACAO TECNOLOGICA DE MINAS GERAIS;17.220.203/0001-96;Pessoa Jurídica de Direito Público - Federal;594;CENTRO FEDERAL DE EDUCAÇÃO TECNOLÓGICA DE MINAS GERAIS (CEFET/MG);CEFET/MG;(31) 3319 7006;www.cefetmg.br;"gabinete@cefetmg.br; cavg@cefetmg.br; dirgrad@cefetmg.br; glauciaporto@cefetmg.br";Avenida Amazonas - 5253 - CEP: 30480-000 - Nova Suiça;Belo Horizonte;MG;Centro Federal de Educação Tecnológica;EAD - Superior / Presencial - Superior /;Publica;Pública Federal;04/07/1978;5;2020;-;;5;2023;;;;Ativa
16593;COLEGIO PEDRO II;42.414.284/0001-02;Pessoa Jurídica de Direito Público - Federal;21503;COLÉGIO PEDRO II (CP II);CP II;21 2163 5808 / 21 2163 5809;www.cp2.g12.br;reitoriagab@cp2.g12.br;Campo de São Cristóvão, Colégio Pedro II - 177 - CEP: 20921-903 - São Cristóvão;Rio de Janeiro;RJ;Instituto Federal de Educação, Ciência e Tecnologia;EAD - Superior / Presencial - Superior /;Publica;Pública Federal;26/06/2012;-;;-;;-;;;;;Ativa
18499;SECRETARIA DE ESTADO DA RETOMADA;37.992.607/0001-05;Pessoa Jurídica de Direito Público - Estadual;29928;COLÉGIO TECNOLÓGICO DO ESTADO DE GOIÁS AGUINALDO DE CAMPOS N (COTEC-ACN);COTEC-ACN;;https://cotec.org.br;catalao@cotec.org.br;Avenida Eixo Principal - s/n - CEP: 75709-660 - Distrito Minero Industrial de Catalão;Catalão;GO;Faculdade;Presencial - Superior;Publica;Pública Estadual;;-;;-;;-;;;;;Ativa
18499;SECRETARIA DE ESTADO DA RETOMADA;37.992.607/0001-05;Pessoa Jurídica de Direito Público - Estadual;29927;COLÉGIO TECNOLÓGICO DO ESTADO DE GOIÁS GOVERNADOR ONOFRE QUI (COTEC GOQ);COTEC GOQ;;https://cotec.org.br;anapolis@cotec.org.br;RUA VP 4D - s/n - CEP: 75132-105 - Distrito Agroindustrial de Anápolis;Anápolis;GO;Faculdade;Presencial - Superior;Publica;Pública Estadual;;-;;-;;-;;;;;Ativa
18499;SECRETARIA DE ESTADO DA RETOMADA;37.992.607/0001-05;Pessoa Jurídica de Direito Público - Estadual;29929;COLÉGIO TECNOLÓGICO DO ESTADO DE GOIÁS GOVERNADOR OTÁVIO LAG (COTEC GOL);COTEC GOL;;hettps://cotec.org.br;goiansesia@cotec.org.br;Avenida Contorno - Quadra 8 - s/n - CEP: 76382-003 - Setor Universitário;Goianésia;GO;Faculdade;Presencial - Superior;Publica;Pública Estadual;;-;;-;;-;;;;;Ativa
18499;SECRETARIA DE ESTADO DA RETOMADA;37.992.607/0001-05;Pessoa Jurídica de Direito Público - Estadual;28542;Colégio Tecnológico do Estado de Goiás Sebastião de Siqueira (COTEC SS);COTEC SS;;https://cotec.org.br/;cotec.pedagogicos@gmail.com;Avenida Alexandre de Morais - 450 - CEP: 74840-300 - Parque Amazônia;Goiânia;GO;Faculdade;Presencial - Superior;Publica;Pública Estadual;;-;;-;;-;;;;;Ativa
13464;FUNDACAO JOAQUIM NABUCO FUNDAJ;09.773.169/0001-59;Pessoa Jurídica de Direito Público - Federal;17612;DIRETORIA DE FORMAÇÃO E DESENVOLVIMENTO PROFISSIONAL (FUNDAJ);FUNDAJ;8130736702;https://www.gov.br/fundaj/pt-br;difor@fundaj.gov.br;Rua Henrique Dias - - CEP: 52010-100 - Derby;Recife;PE;Escola de Governo;Escola do Governo;Publica;Pública Federal;16/05/2017;4;2015;-;;-;;;;;Ativa
18660;FUNDO ESPECIAL DE DESPESA DA ESCOLA DA DEFENSORIA PUBLICA DO ESTADO;13.886.096/0001-89;Fundo Público da Administração Direta Estadual ou do Distrito Federal;29224;ESCOLA DA DEFENSORIA PÚBLICA DO ESTADO DE SÃO PAULO;-;;;escola@defensoria.sp.def.br;Boa Vista - 200 - CEP: 01014-000 - Centro;;;Escola de Governo;Escola do Governo;Privada;Pública Estadual;13/07/2022;-;;-;;-;;;;;Ativa
19722;TRIBUNAL DE JUSTICA DO ESTADO DE RONDONIA;04.293.700/0001-72;Pessoa Jurídica de Direito Público - Estadual;30221;Escola da Magistratura do Estado de Rondônia (EMERON);EMERON;69-3309-6465;https://emeron.tjro.jus.br/;emeron.deped@tjro.jus.br;;;;Escola de Governo;Escola do Governo;Publica;Pública Estadual;;-;;-;;-;;;;;Ativa
12442;ESCOLA DE ADMINISTRACAO FAZENDARIA;02.317.176/0001-05;Pessoa Jurídica de Direito Público - Federal;15705;ESCOLA DE ADMINISTRAÇÃO FAZENDÁRIA (ESAF);ESAF;;http://www.esaf.fazenda.gov.br;esaf.df@fazenda.gov.br;Rodovia DF-001 km 27,4 Escola de Administração Fazendária (ESAF) - - - CEP: 71686-900 - Setor de Habitações Individuais Sul;Brasília;DF;Escola de Governo;Escola do Governo;Publica;Pública Federal;23/05/2017;4;2015;-;;-;;;;;Ativa
409;COMANDO DO EXERCITO;00.394.452/0001-03;Pessoa Jurídica de Direito Público - Federal;21418;Escola de Aperfeiçoamento de Oficiais (EsAO);EsAO;21 2450-8500;www.esao.ensino.eb.br;esao@esao.ensino.eb.br;Avenida Duque de Caxias - 2071 - CEP: 21615-220 - Deodoro;Rio de Janeiro;RJ;Instituição Especialmente Credenciada para oferta de cursos lato sensu;Presencial - Superior;Publica;Pública Federal;14/11/2000;-;;-;;-;;;;;Ativa
409;COMANDO DO EXERCITO;00.394.452/0001-03;Pessoa Jurídica de Direito Público - Federal;21439;Escola de Artilharia de Costa e Antiaérea (EsCosAAe);EsCosAAe;;www.esacosaae.ensino.eb.br;esacosaae@esacosaae.ensino.eb.br;Avenida General Benedito da Silveira - 701 - CEP: 21615-000 - Vila Militar;Rio de Janeiro;RJ;Instituição Especialmente Credenciada para oferta de cursos lato sensu;Presencial - Superior;Publica;Pública Federal;14/11/2000;-;;-;;-;;;;;Ativa
409;COMANDO DO EXERCITO;00.394.452/0001-03;Pessoa Jurídica de Direito Público - Federal;21436;Escola de Comando e Estado-Maior do Exército (ECEME);ECEME;;www.eceme.ensino.eb.br;imm@eceme.ensino.eb.br;Praça General Tiburcio - 125 - CEP: 22290-270 - Urca;Rio de Janeiro;RJ;Instituição Especialmente Credenciada para oferta de cursos lato sensu;Presencial - Superior;Publica;Pública Federal;14/11/2000;-;;-;;-;;;;;Ativa
409;COMANDO DO EXERCITO;00.394.452/0001-03;Pessoa Jurídica de Direito Público - Federal;21440;Escola de Comunicações (EsCom);EsCom;;www.escom.ensino..eb.br;escom@correio.eb.br;Centro Integrado de Guerra Eletrônica - CIGE - km 5 - CEP: 71559-902 - Setor Habitacional Taquari (Lago Norte);Brasília;DF;Instituição Especialmente Credenciada para oferta de cursos lato sensu;Presencial - Superior;Publica;Pública Federal;14/11/2000;-;;-;;-;;;;;Ativa
16204;TRIBUNAL DE CONTAS DO ESTADO DE MINAS GERAIS;21.154.877/0001-07;Pessoa Jurídica de Direito Público - Estadual;19215;ESCOLA DE CONTAS E CAPACITAÇÃO PROFESSOR PEDRO ALEIXO;-;(31) 3348-2658/ 3348-2698;http://escoladecontas.tce.mg.gov.br/;escoladecontas@tce.mg.gov.br;Avenida Raja Gabaglia - 1315 - CEP: 30380-435 - Luxemburgo;Belo Horizonte;MG;Escola de Governo;Escola do Governo;Publica;Pública Estadual;04/05/2017;4;2016;-;;-;;;;;Ativa
19701;TRIBUNAL DE CONTAS DO ESTADO DO RIO DE JANEIRO;30.051.023/0001-96;Pessoa Jurídica de Direito Público - Estadual;30169;ESCOLA DE CONTAS E GESTÃO DO TCE-RJ (ECG/TCE-RJ);ECG/TCE-RJ;(21) 3916-9507;https://www.tcerj.tc.br/portalecg/;adrianarc@tcerj.tc.br | direcao_ecg@tcerj.tc.br;Rua da Constituição - 44 - CEP: 20060-010 - Centro;;;Escola de Governo;Escola do Governo;Publica;Pública Estadual;29/10/2021;5;2025;-;;-;;;;;Ativa
409;COMANDO DO EXERCITO;00.394.452/0001-03;Pessoa Jurídica de Direito Público - Federal;21206;Escola de Educação Física do Exército (EsEFEx);EsEFEx;2125862230;www.esefex.eb.br;comsoc@esefex.eb.br;Avenida João Luís Alves - sn - CEP: 22291-090 - Urca;Rio de Janeiro;RJ;Faculdade;Presencial - Superior;Publica;Pública Federal;14/12/2000;-;;-;;-;;;;;Ativa
17093;HOSPITAL DAS CLINICAS DA FACULDADE DE MEDICINA DA U S P;60.448.040/0001-22;Pessoa Jurídica de Direito Público - Estadual;23291;Escola de Educação Permanente (EEP);EEP;11 26612375;https://hcxfmusp.org.br/portal/;regulacao.hcx@hc.fm.usp.br;Rua Doutor Ovídio Pires de Campos - 471 - CEP: 05403-010 - Cerqueira César;São Paulo;SP;Escola de Governo;Escola do Governo;Publica;Pública Estadual;10/02/2021;4;2019;-;;-;;;;;Ativa
409;COMANDO DO EXERCITO;00.394.452/0001-03;Pessoa Jurídica de Direito Público - Federal;21441;Escola de Equitação do Exército (EsEqEx);EsEqEx;;www.eseqex.ensino.eb.br;eseqex@decex.ensino.eb.br;Avenida Duque de Caxias - 1965 - CEP: 21615-220 - Deodoro;Rio de Janeiro;RJ;Instituição Especialmente Credenciada para oferta de cursos lato sensu;Presencial - Superior;Publica;Pública Federal;14/11/2000;-;;-;;-;;;;;Ativa
15481;ESTADO DE MATO GROSSO;03.507.415/0001-44;Pessoa Jurídica de Direito Público - Estadual;30381;Escola de Governo de Mato Grosso (EGMT);EGMT;;;eg@seplag.mt.gov.br;Rua C - 1 - CEP: 78049-005 - Centro Político Administrativo;;;Escola de Governo;Escola do Governo;Publica;Pública Estadual;28/02/2024;-;;-;;-;;;;;Ativa
18386;ESTADO DO MARANHAO - ESCOLA DE GOVERNO DO MARANHAO;11.308.791/0001-38;Pessoa Jurídica de Direito Público - Estadual;26840;ESCOLA DE GOVERNO DO MARANHÃO (EGMA);EGMA;(98) 98407-4420;www.egma.ma.gov.br;diretoriaegma@gmail.com;Rua da Estrela - 540 - CEP: 65010-200 - Centro;;;Escola de Governo;Escola do Governo;Publica;Pública Estadual;03/04/2020;-;;-;;-;;;;;Ativa
17865;SECRETARIA DE SAUDE;10.572.048/0001-28;Pessoa Jurídica de Direito Público - Estadual;25590;ESCOLA DE GOVERNO EM SAÚDE PÚBLICA DE PERNAMBUCO (ESPPE);ESPPE;;;celiambsantana.cbs@gmail.com;;;;Escola de Governo;Escola do Governo;Publica;Pública Estadual;;-;;-;;-;;;;;Ativa
623;FUNDACAO JOAO PINHEIRO;17.464.652/0001-80;Pessoa Jurídica de Direito Público - Estadual;890;ESCOLA DE GOVERNO PROFESSOR PAULO NEVES DE CARVALHO (EG);EG;3134489713;;eg.fjp@fjp.mg.gov.br;Alameda dos Oitis - 140 - CEP: 31270-810 - PAMPULHA;Belo Horizonte;MG;Faculdade;Presencial - Superior;Publica;Pública Estadual;14/12/1992;-;;-;;5;2023;;;;Ativa
18338;COMANDO DA MARINHA;00.394.502/0001-44;Pessoa Jurídica de Direito Público - Federal;29252;ESCOLA DE GUERRA NAVAL (EGN);EGN;0021-2546-9110;http://www.egn.mb/;aragao.carvalho@marinha.mil.br;Avenida Pasteur - 480 - CEP: 22290-255 - Urca;;;Faculdade;Presencial - Superior;Publica;Pública Federal;25/02/2014;-;;-;;-;;;;;Ativa
409;COMANDO DO EXERCITO;00.394.452/0001-03;Pessoa Jurídica de Direito Público - Federal;21419;Escola de Instrução Especializada (EsIE);EsIE;;www.esie.ensino.eb.br;dti@esie.ensino.eb.br;Rua Marechal Abreu Lima - 450 - CEP: 21735-240 - Realengo;Rio de Janeiro;RJ;Instituição Especialmente Credenciada para oferta de cursos lato sensu;Presencial - Superior;Publica;Pública Federal;14/11/2000;-;;-;;-;;;;;Ativa
15751;AGENCIA BRASILEIRA DE INTELIGENCIA-ABIN/GSI/PR;01.175.497/0001-41;Pessoa Jurídica de Direito Público - Federal;17616;ESCOLA DE INTELIGÊNCIA - ESINT/ABIN (ESINT/ABIN);ESINT/ABIN;61 3445-9989;www.abin.gov.br;esint@abin.gov.br;Setor Policial Sul, Area 5, Quadra 1 - s/n - CEP: 70610-905 - Setor Policial Sul;Brasília;DF;Escola de Governo;Escola do Governo;Publica;Pública Federal;15/03/2017;4;2025;-;;-;;;;;Ativa
409;COMANDO DO EXERCITO;00.394.452/0001-03;Pessoa Jurídica de Direito Público - Federal;21420;Escola de Inteligência Militar do Exército (EsIMEx);EsIMEx;;www.esimex.ensino.eb.br;esimex.seccomsoc@gmail.com;Avenida do Exército - sn - CEP: 70630-000 - Setor Militar Urbano;Brasília;DF;Instituição Especialmente Credenciada para oferta de cursos lato sensu;Presencial - Superior;Publica;Pública Federal;14/11/2000;-;;-;;-;;;;;Ativa
18274;TRIBUNAL DE JUSTICA DO ESTADO DO RIO DE JANEIRO;28.538.734/0001-48;Pessoa Jurídica de Direito Público - Estadual;26489;Escola de Magistratura do Estado do Rio de Janeiro (EMERJ);EMERJ;31333306;site.emerj.jus.br;emerj.pos@tjrj.jus.br;;;;Escola de Governo;Escola do Governo;Publica;Pública Estadual;08/12/1988;5;2024;-;;-;;;;;Ativa
409;COMANDO DO EXERCITO;00.394.452/0001-03;Pessoa Jurídica de Direito Público - Federal;23028;Escola de Sargentos das Armas (ESA);ESA;(35) 3239-4118;http:www.esa.ensino.eb.br;contato@esa.ensino.eb.br;avenida sete de setembro - 628 - CEP: 37410-000 - centro;Três Corações;MG;Faculdade;Presencial - Superior;Publica;Pública Federal;31/12/2019;-;;-;;-;;;;;Ativa
409;COMANDO DO EXERCITO;00.394.452/0001-03;Pessoa Jurídica de Direito Público - Federal;23026;Escola de Sargentos de Logística (EsSLog);EsSLog;;;comsoc.esslog@gmail.com;Rua João Vicente - 2179 - CEP: 21610-211 - Deodoro;Rio de Janeiro;RJ;Faculdade;Presencial - Superior;Publica;Pública Federal;31/12/2019;-;;-;;-;;;;;Ativa
409;COMANDO DO EXERCITO;00.394.452/0001-03;Pessoa Jurídica de Direito Público - Federal;28984;Escola de Saúde e Formação Complementar do Exército (ESFCEx);ESFCEx;(71) 32058810;www.esfcex.eb.mil.br;comsoc@esfcex.eb.mil.br;;;;Faculdade;Presencial - Superior;Publica;Pública Federal;03/01/2022;-;;-;;-;;;;;Ativa
17341;SECRETARIA DE ESTADO DA SAUDE;02.529.964/0001-57;Pessoa Jurídica de Direito Público - Estadual;24455;ESCOLA DE SAÚDE PÚBLICA CÂNDIDO SANTIAGO (ESAP);ESAP;62-32013410;https://www.saude.go.gov.br/sesg/escola-de-saude;gabinete.escoladesaude@goias.gov.br;Rua 26 - 521 - CEP: 74853-070 - Jardim Santo Antônio;Goiânia;GO;Escola de Governo;Escola do Governo;Publica;Pública Estadual;29/11/2024;-;;-;;-;;;;;Ativa
12060;BAHIA SECRETARIA DE SAUDE DO ESTADO;13.937.131/0001-41;Pessoa Jurídica de Direito Público - Estadual;25606;Escola de Saúde Pública da Bahia Professor Jorge Novis (ESPBA);ESPBA;(71) 3103-1650;https://www.saude.ba.gov.br/educacao/;sesab.espba@saude.ba.gov.br;Avenida Antônio Carlos Magalhães - 10 - CEP: 40301-155 - Parque Bela Vista;;;Escola de Governo;Escola do Governo;Publica;Pública Estadual;16/08/2023;-;;-;;-;;;;;Ativa
2048;FUNDACAO DE ENSINO E PESQUISA EM CIENCIAS DA SAUDE;04.287.092/0001-93;Pessoa Jurídica de Direito Público - Estadual;30331;Escola de Saúde Pública do Distrito Federal (ESP/DF);ESP/DF;34497901;https://espdf.fepecs.edu.br;espdf@fepecs.edu.br;SMHN 03 conjunto A Bloco 1 - 1 - CEP: 70701-907 - Asa Norte;;;Escola de Governo;Escola do Governo;Publica;Pública Estadual;26/06/2024;-;;-;;-;;;;;Ativa
18426;FUNDO ESTADUAL DE SAUDE;04.441.389/0001-61;Fundo Público da Administração Direta Estadual ou do Distrito Federal;26990;Escola de Saúde Pública Do Estado de Mato Grosso (ESPMT);ESPMT;;saude.mt.gov.br/escola;dgesp@ses.mt.gov.br;Rua Adauto Botelho - 552 - CEP: 78085-200 - Coophema;;;Escola de Governo;Escola do Governo;Privada;Pública Estadual;09/06/2021;-;;-;;-;;;;;Ativa
18433;ESCOLA DE SAUDE PUBLICA DO ESTADO DE MINAS GERAIS;08.715.327/0001-51;Pessoa Jurídica de Direito Público - Estadual;27076;Escola de Saúde Pública do Estado de Minas Gerais (ESP MG);ESP MG;(031)3295-5360;www.esp.mg.gov.br;diretoria@esp.mg.gov.br;Avenida Augusto de Lima - 2061 - CEP: 30190-009 - Barro Preto;;;Escola de Governo;Escola do Governo;Publica;Pública Estadual;;-;;-;;-;;;;;Ativa
16246;ESCOLA DE SAUDE PUBLICA DO CEARA;73.695.868/0001-27;Pessoa Jurídica de Direito Público - Estadual;19513;Escola de Saúde Pública do Estado do Ceará (ESP-CE);ESP-CE;(85)31011400;http://www.esp.ce.gov.br/;esp@esp.ce.gov.br;;;;Escola de Governo;Escola do Governo;Publica;Pública Estadual;23/07/1993;-;;-;;-;;;;;Ativa
19908;ESTADO DO MARANHAO - SECRETARIA DE ESTADO DA SAUDE;02.973.240/0001-06;Pessoa Jurídica de Direito Público - Estadual;30704;ESCOLA DE SAÚDE PÚBLICA DO ESTADO DO MARANHÃO (ESPMA);ESPMA;(98)32323233;https://escola.saude.ma.gov.br;espma@saude.ma.gov.br;Rua da Estrela - 312 - CEP: 65010-200 - Centro;;;Escola de Governo;Escola do Governo;Publica;Pública Estadual;02/10/2019;-;;-;;-;;;;;Ativa
19754;SECRETARIA DE SAUDE;02.955.271/0001-26;Pessoa Jurídica de Direito Público - Estadual;30530;Escola de Saúde Pública Dr. Jorge David Nasser (ESP/MS);ESP/MS;6733458000;https://www.esp.ms.gov.br/;esp@saude.ms.gov.br;Avenida Senador Filinto Muller - 1480 - CEP: 79074-460 - Vila Ipiranga;;;Escola de Governo;Escola do Governo;Publica;Pública Estadual;20/07/2023;-;;-;;-;;;;;Ativa
18187;SECRETARIA DE ESTADO DE DESENVOLVIMENTO E INOVACAO;21.652.711/0001-10;Pessoa Jurídica de Direito Público - Estadual;26974;Escola do Futuro do Estado de Goiás em Artes Basileu França (EFGABF);EFGABF;62 3941-1065;https://basileufranca.com.br/;secretariaacademica@basileufranca.com.br;Avenida Universitária - 1750 - CEP: 74605-010 - Setor Leste Universitário;Goiânia;GO;Faculdade;Presencial - Superior;Publica;Pública Estadual;30/03/2021;-;;-;;-;;;;;Ativa
19618;TRIBUNAL REGIONAL DO TRABALHO DA 1A. REGIAO;02.578.421/0001-20;Pessoa Jurídica de Direito Público - Federal;29895;ESCOLA JUDICIAL DO TRT DA 1ª REGIÃO;-;21-2380-5202;;presidencia@trt1.jus.br;;;;Escola de Governo;Escola do Governo;Publica;Pública Federal;27/02/2026;4;2024;-;;-;;;;;Ativa
15752;FUNDACAO ESCOLA NACIONAL DE ADMINISTRACAO PUBLICA;00.627.612/0001-09;Pessoa Jurídica de Direito Público - Federal;17617;ESCOLA NACIONAL DE ADMINISTRAÇÃO PÚBLICA (ENAP);ENAP;(61) 2020 3000;https://enap.gov.br/pt/;cgmba@enap.gov.br;SAIS Área 2A - - CEP: 70610-900 - Asa Sul;Brasília;DF;Escola de Governo;Escola do Governo;Publica;Pública Federal;23/05/2017;4;2015;-;;-;;;;;Ativa
26;FUNDACAO INSTIT BRAS DE GEOGRAFIA E ESTATISTICA IBGE;33.787.094/0001-40;Pessoa Jurídica de Direito Público - Federal;26;ESCOLA NACIONAL DE CIÊNCIAS ESTATÍSTICAS (ENCE);ENCE;(21) 2142 4684;http://www.ence.ibge.gov.br;grc@ibge.gov.br;Rua André Cavalcanti - 106 - CEP: 20231-050 - Santa Teresa;Rio de Janeiro;RJ;Faculdade;Presencial - Superior;Publica;Pública Federal;06/03/1953;4;2024;-;;4;2011;;;;Ativa
18044;ESCOLA NACIONAL DE FORMACAO E APERFEICOAMENTO DE MAGISTRADOS;11.961.123/0001-05;Pessoa Jurídica de Direito Público - Federal;25817;ESCOLA NACIONAL DE FORMAÇÃO E APERFEIÇOAMENTO DE MAGISTRADOS (ENFAM);ENFAM;61-3319-7700;;mestradoprofissional@enfam.jus.br;Trecho SCES Trecho 3 - 9 - CEP: 70200-003 - Asa Sul;;;Escola de Governo;Escola do Governo;Publica;Pública Federal;13/11/2020;-;;-;;-;;;;;Ativa
18338;COMANDO DA MARINHA;00.394.502/0001-44;Pessoa Jurídica de Direito Público - Federal;26780;ESCOLA NAVAL (EN);EN;21 3974-1401 21 3974-1502;https://www.en.mb/;en.secom@marinha.mil.br;;;;Faculdade;Presencial - Superior;Publica;Pública Federal;1782-12-14;-;;-;;-;;;;;Ativa
18426;FUNDO ESTADUAL DE SAUDE;04.441.389/0001-61;Fundo Público da Administração Direta Estadual ou do Distrito Federal;26909;Escola Saúde Pública - ESPMT (ESPMT);ESPMT;65-98415-9182;;dgesp@ses.mt.gov.br;Rua Adauto Botelho - 552 - CEP: 78085-200 - Coxipó Sul;Cuiabá;MT;Escola de Governo;Escola do Governo;Privada;Pública Estadual;29/03/2004;-;;-;;-;;;;;Ativa
15750;ADVOCACIA GERAL DA UNIAO;26.994.558/0066-79;Pessoa Jurídica de Direito Público - Federal;17614;Escola Superior da Advocacia-Geral da União Ministro Victor Nunes Leal (EAGU);EAGU;(61) 2026-7072;http://www.agu.gov.br/unidade/ESCOLA;esagu.conselhospos@agu.gov.br;Quadra SIG Quadra 6 Lote - 800 - CEP: 70610-460 - Zona Industrial;Brasília;DF;Escola de Governo;Escola do Governo;Publica;Pública Federal;16/07/2018;4;2025;-;;-;;;;;Ativa
18601;TRIBUNAL DE JUSTICA DO ESTADO DE MATO GROSSO;03.535.606/0001-10;Pessoa Jurídica de Direito Público - Estadual;29329;ESCOLA SUPERIOR DA MAGISTRATURA DO ESTADO DE MATO GROSSO (ESMAGIS-MT);ESMAGIS-MT;;;ESMAGIS@TJMT.JUS.BR;;;;Escola de Governo;Escola do Governo;Publica;Pública Estadual;29/09/2021;-;;-;;-;;;;;Ativa
16710;TRIBUNAL DE JUSTICA DO ESTADO DO TOCANTINS;25.053.190/0001-36;Pessoa Jurídica de Direito Público - Estadual;21800;Escola Superior da Magistratura Tocantinense (ESMAT);ESMAT;6331422515;http://esmat.tjto.jus.br/portal/index.php;diretoriaesmat@tjto.jus.br;;;;Escola de Governo;Escola do Governo;Publica;Pública Estadual;11/01/2022;5;2025;-;;-;;;;;Ativa
17831;RIO DE JANEIRO PROCURADORIA GERAL DO ESTADO;28.060.424/0002-41;Pessoa Jurídica de Direito Público - Estadual;25413;Escola Superior de Advocacia Pública (ESAP/PGE-RJ);ESAP/PGE-RJ;(21)23320817;;esap@pge.rj.gov.br;Praça XV de Novembro - 27 - CEP: 20011-020 - Centro;;;Escola de Governo;Escola do Governo;Publica;Pública Estadual;01/04/2019;4;2023;-;;-;;;;;Ativa
17831;RIO DE JANEIRO PROCURADORIA GERAL DO ESTADO;28.060.424/0002-41;Pessoa Jurídica de Direito Público - Estadual;25413;Escola Superior de Advocacia Pública (ESAP/PGE-RJ);ESAP/PGE-RJ;(21)23320817;;esap@pge.rj.gov.br;Rua do Carmo - 27 - CEP: 20011-020 - Centro;;;Escola de Governo;Escola do Governo;Publica;Pública Estadual;01/04/2019;4;2023;-;;-;;;;;Ativa
17368;CORPO DE BOMBEIROS MILITAR DO DISTRITO FEDERAL;08.977.914/0001-19;Pessoa Jurídica de Direito Público - Estadual;24387;Escola Superior de Ciência do Fogo e dos Desastres (ESCFD);ESCFD;6131930135;www.escfd.edu.br;reitoria@escfd.edu.br;Setor Policial Sul - Área Especial - 03 - CEP: 70602-900 - Setores Complementares;Brasília;DF;Faculdade;Presencial - Superior;Publica;Pública Federal;29/07/2024;4;2023;-;;-;;;;;Ativa
18655;ESCOLA SUPERIOR DE DEFESA;44.253.600/0001-37;Pessoa Jurídica de Direito Público - Federal;29207;ESCOLA SUPERIOR DE DEFESA;-;6120235024;;valdir.codinhoto@defesa.gov.br;;;;Instituição Especialmente Credenciada para oferta de cursos lato sensu;Presencial - Superior;Publica;Pública Federal;24/09/2021;-;;-;;-;;;;;Ativa
18665;ESCOLA SUPERIOR DE GUERRA;03.630.954/0001-76;Pessoa Jurídica de Direito Público - Federal;30441;ESCOLA SUPERIOR DE GUERRA (ESG);ESG;21 35459979;https://www.gov.br/esg/pt-br;fernanda.furtado@esg.br;;;;Faculdade;Presencial - Superior;Publica;Pública Federal;30/08/1949;-;;-;;-;;;;;Ativa
12580;ESCOLA SUPERIOR DO MINISTERIO PUBLICO DA UNIAO;03.920.829/0001-09;Pessoa Jurídica de Direito Público - Federal;13630;ESCOLA SUPERIOR DO MINISTÉRIO PÚBLICO DA UNIÃO (ESMPU);ESMPU;(61) 3553-5320;http://escola.mpu.mp.br;dirge@escola.mpu.mp.br;SGAS 603, Av. L2 sul, lote 22 - - CEP: 70200-630 - Asa Sul;Brasília;DF;Escola de Governo;Escola do Governo;Publica;Pública Federal;23/05/2017;5;2025;-;;-;;;;;Ativa
19645;MINISTERIO PUBLICO DO ESTADO DE SAO PAULO;01.468.760/0001-90;Pessoa Jurídica de Direito Público - Estadual;29963;ESCOLA SUPERIOR DO MINISTÉRIO PÚBLICO DO ESTADO DE SÃO PAULO;-;;;;Rua Riachuelo 115 - - CEP: 01007-904 - Sé;São Paulo;SP;Escola de Governo;Escola do Governo;Publica;Pública Estadual;02/03/2026;4;2025;-;;-;;;;;Ativa
17447;POLICIA MILITAR DO ESTADO DE SANTA CATARINA;83.931.550/0001-51;Pessoa Jurídica de Direito Público - Estadual;24530;Faculdade da Polícia Militar de Santa Catarina (FAPOM);FAPOM;(48) 3229-6050;;apmtdir@pm.sc.gov.br;Avenida Madre Benvenuta - 265 - CEP: 88036-500 - Trindade;Florianópolis;SC;Faculdade;Presencial - Superior;Publica;Pública Estadual;12/12/2012;-;;-;;-;;;;;Ativa
16820;HOSPITAL NOSSA SENHORA DA CONCEICAO S.A.;92.787.118/0001-20;Empresa Pública;22090;FACULDADE DE CIÊNCIAS DA SAÚDE DO GRUPO HOSPITALAR CONCEIÇÃO (FACS - GHC);FACS - GHC;3357-2800;https://ensinoepesquisa.ghc.com.br/facsghc.html;ctgestaohospitalar@ghc.com.br;Avenida Francisco Trein - 326 - CEP: 91350-200 - Cristo Redentor;Porto Alegre;RS;Faculdade;Presencial - Superior;Privada;Pública Federal;10/09/2019;3;2024;-;;5;2023;;;;Ativa
904;FUNDACAO DE APOIO A ESCOLA TECNICA DO EST.RIO DE JANEIRO;31.608.763/0001-43;Pessoa Jurídica de Direito Público - Estadual;23713;Faculdade de Educação Tecnológica Barra Mansa (FAETERJ B.MANSA);FAETERJ B.MANSA;24981445559;www.faeterjbm.com.br;direcao@faeterj-brm.faetec.rj.gov.br;Via Sérgio Braga - s/n - CEP: 27330-051 - Barbara;Barra Mansa;RJ;Faculdade;Presencial - Superior;Publica;Pública Estadual;28/06/2018;-;;-;;-;;;;;Ativa
904;FUNDACAO DE APOIO A ESCOLA TECNICA DO EST.RIO DE JANEIRO;31.608.763/0001-43;Pessoa Jurídica de Direito Público - Estadual;19588;Faculdade de Educação Tecnológica do Estado do Rio de Janeiro (FAETERJ CAXIAS);FAETERJ CAXIAS;21 3661-6980;http://www.faeterj-caxias.net;jmaurobianchi@hotmail.com;Rua Almirante Cochrane - s/n - CEP: 25271-000 - Santa Lúcia - Imbariê;Duque de Caxias;RJ;Faculdade;Presencial - Superior;Publica;Pública Estadual;17/08/2011;-;;-;;3;2023;;;;Ativa
904;FUNDACAO DE APOIO A ESCOLA TECNICA DO EST.RIO DE JANEIRO;31.608.763/0001-43;Pessoa Jurídica de Direito Público - Estadual;5053;FACULDADE DE EDUCAÇÃO TECNOLÓGICA DO ESTADO DO RIO DE JANEIRO (FAETERJ PARACAMBI);FAETERJ PARACAMBI;(21) 3693-3066;www.faetec.rj.gov.br/desup;direcao@faeterj-prc.faetec.rj.gov.br;Rua Sebastião de Lacerda - s/n - CEP: 26600-000 - Bairro da Fábrica;Paracambi;RJ;Faculdade;Presencial - Superior;Publica;Pública Estadual;14/11/2000;-;;-;;3;2023;;;;Ativa
904;FUNDACAO DE APOIO A ESCOLA TECNICA DO EST.RIO DE JANEIRO;31.608.763/0001-43;Pessoa Jurídica de Direito Público - Estadual;5017;FACULDADE DE EDUCAÇÃO TECNOLÓGICA DO ESTADO DO RIO DE JANEIRO - FAETERJ (FAETERJ PETRÓPOLIS);FAETERJ PETRÓPOLIS;(24) 2235 1079;www.faetec.rj.gov.br/desup;bguingo@faeterj-petropolis.edu.br;Avenida Presidente Getulio Vargas - 335 - CEP: 25651-070 - Quitandinha;Petrópolis;RJ;Faculdade;Presencial - Superior;Publica;Pública Estadual;18/03/2002;-;;-;;3;2019;;;;Ativa
904;FUNDACAO DE APOIO A ESCOLA TECNICA DO EST.RIO DE JANEIRO;31.608.763/0001-43;Pessoa Jurídica de Direito Público - Estadual;5020;FACULDADE DE EDUCAÇÃO TECNOLÓGICA DO ESTADO DO RIO DE JANEIRO - FAETERJ (FAETERJ S ANT. PÁDUA);FAETERJ S ANT. PÁDUA;(22) 3853-6031;http://http//www.faetec.rj.gov.br/desup;faetecpadua2015@gmail.com;Travessa João Jabisk - 18 - CEP: 28470-000 - Aeroporto;Santo Antônio de Pádua;RJ;Faculdade;Presencial - Superior;Publica;Pública Estadual;23/05/2001;-;;-;;3;2019;;;;Ativa
904;FUNDACAO DE APOIO A ESCOLA TECNICA DO EST.RIO DE JANEIRO;31.608.763/0001-43;Pessoa Jurídica de Direito Público - Estadual;5021;FACULDADE DE EDUCAÇÃO TECNOLÓGICA DO ESTADO DO RIO DE JANEIRO - FAETERJ (FAETERJ ITAPERUNA);FAETERJ ITAPERUNA;(22) 98817-0632;http://www.faetec.rj.gov.br/;direcao@faeterj-itp.faetec.rj.gov.br;Rua Aloísio Dias Moreira - 320 - CEP: 28300-000 - Presidente Costa e Silva;Itaperuna;RJ;Faculdade;Presencial - Superior;Publica;Pública Estadual;05/07/2001;-;;-;;3;2019;;;;Ativa
904;FUNDACAO DE APOIO A ESCOLA TECNICA DO EST.RIO DE JANEIRO;31.608.763/0001-43;Pessoa Jurídica de Direito Público - Estadual;5051;FACULDADE DE EDUCAÇÃO TECNOLÓGICA DO ESTADO DO RIO DE JANEIRO - FAETERJ (FAETERJ BJ ITABAPOAN);FAETERJ BJ ITABAPOAN;(22) 3831-6716;http://www.faetec.rj.gov.br/desup;direcao@faeterj-bji.faetec.rj.gov.br;Rua Aristides Figueiredo - 147 - CEP: 28360-000 - Centro;Bom Jesus do Itabapoana;RJ;Faculdade;Presencial - Superior;Publica;Pública Estadual;26/12/2001;-;;-;;2;2023;;;;Ativa
904;FUNDACAO DE APOIO A ESCOLA TECNICA DO EST.RIO DE JANEIRO;31.608.763/0001-43;Pessoa Jurídica de Direito Público - Estadual;5052;FACULDADE DE EDUCAÇÃO TECNOLÓGICA DO ESTADO DO RIO DE JANEIRO - FAETERJ (FAETERJ TRÊS RIOS);FAETERJ TRÊS RIOS;24 22553129;http://www.faetec.rj.gov.br/desup;diretorfaeterjtr@gmail.com;Av. Tenente Enéas Torno - 70 - CEP: 25802-330 - Nova Niterói;Três Rios;RJ;Faculdade;Presencial - Superior;Publica;Pública Estadual;26/12/2001;-;;-;;3;2023;;;;Ativa
904;FUNDACAO DE APOIO A ESCOLA TECNICA DO EST.RIO DE JANEIRO;31.608.763/0001-43;Pessoa Jurídica de Direito Público - Estadual;5016;FACULDADE DE EDUCAÇÃO TECNOLÓGICA DO ESTADO DO RIO DE JANEIRO FERNANDO MOTA (FAETERJ-Rio);FAETERJ-Rio;(21) 2332-4048;http://www.faeterj-rio.edu.br/;wagner.zanco@faeterj-rio.edu.br;Rua Clarimundo de Melo - 847 - CEP: 21311-280 - Quintino Bocaiuva;Rio de Janeiro;RJ;Faculdade;Presencial - Superior;Publica;Pública Estadual;18/03/2002;-;;-;;4;2023;;;;Ativa
300;FACULDADE DE MEDICINA DE MARILIA;66.495.110/0001-80;Pessoa Jurídica de Direito Público - Estadual;431;FACULDADE DE MEDICINA DE MARÍLIA (FAMEMA);FAMEMA;(14) 33112847;www.famema.br;dirdivisaoacademica@famema.sp.gov.br, dirgeral@famema.sp.gov.br;Avenida Monte Carmelo - 800 - CEP: 17519-030 - FRAGATA C;Marília;SP;Faculdade;Presencial - Superior;Publica;Pública Estadual;30/01/1967;-;;-;;4;2023;;;;Ativa
46;ESTADO DE SAO PAULO;46.379.400/0001-50;Pessoa Jurídica de Direito Público - Estadual;149;FACULDADE DE MEDICINA DE SÃO JOSÉ DO RIO PRETO (FAMERP);FAMERP;17 32015701;www.famerp.br;secretariageral@famerp.br;Avenida Brigadeiro Faria Lima - 5416 - CEP: 15090-000 - VILA SÃO PEDRO;São José do Rio Preto;SP;Faculdade;Presencial - Superior;Publica;Pública Estadual;16/02/1968;-;;-;;5;2023;;;;Ativa
368;ESPIRITO SANTO SECRETARIA DE ESTADO DA EDUCACAO;27.080.563/0001-93;Pessoa Jurídica de Direito Público - Estadual;530;FACULDADE DE MÚSICA DO ESPÍRITO SANTO MAURÍCIO DE OLIVEIRA (FAMES);FAMES;(27) 3636-3600;www.fames.es.gov.br;"aacademica@fames.es.gov.br; juliana.fernandes@fames.es.gov.br";Praça Américo Poli Monjardim - 60 - CEP: 29010-640 - Centro;Vitória;ES;Faculdade;Presencial - Superior;Publica;Pública Estadual;13/05/2014;-;;-;;2;2023;;;;Ativa
33;CENTRO ESTADUAL DE EDUCACAO TECNOLOGICA PAULA SOUZA;62.823.257/0001-09;Pessoa Jurídica de Direito Público - Estadual;23459;Faculdade de Tecnologia de Adamantina;-;(18)35224181;http://www.fatec.edu.br/adamantina/;f291dir@cps.sp.gov.br;Rua Paraná - 400 - CEP: 17800-000 - Jardim Brasil;Adamantina;SP;Faculdade;Presencial - Superior;Publica;Pública Estadual;27/05/2018;-;;-;;3;2023;;;;Ativa
33;CENTRO ESTADUAL DE EDUCACAO TECNOLOGICA PAULA SOUZA;62.823.257/0001-09;Pessoa Jurídica de Direito Público - Estadual;35;FACULDADE DE TECNOLOGIA DE AMERICANA (FATEC-AM);FATEC-AM;(19)3406-3297/3406-5776;www.fatec.edu.br;f004acad@cps.sp.gov.br;Rua Emílio de Menezes - s/n - CEP: 13469-111 - Vila Amorim;Americana;SP;Faculdade;Presencial - Superior;Publica;Pública Estadual;09/09/1986;-;;-;;3;2023;;;;Ativa
33;CENTRO ESTADUAL DE EDUCACAO TECNOLOGICA PAULA SOUZA;62.823.257/0001-09;Pessoa Jurídica de Direito Público - Estadual;15697;Faculdade de Tecnologia de Araçatuba (FATEC Araçatuba);FATEC Araçatuba;1836259914;www.fatecaracatuba.edu.br;f177dir@cps.sp.gov.br;Avenida Prestes Maia - 1764 - CEP: 16052-045 - Ipanema;Araçatuba;SP;Faculdade;Presencial - Superior;Publica;Pública Estadual;22/01/2008;-;;-;;3;2019;;;;Ativa
33;CENTRO ESTADUAL DE EDUCACAO TECNOLOGICA PAULA SOUZA;62.823.257/0001-09;Pessoa Jurídica de Direito Público - Estadual;22939;Faculdade de Tecnologia de Araraquara (FATEC ARQ);FATEC ARQ;(16) 3339-7841;fatecararaquara.cps.sp.gov.br;f288acad@cps.sp.gov.br;Rua Precide Scarpino Martim - 126 - CEP: 14811-373 - Jardim Santa Clara (Vila Xavier);Araraquara;SP;Faculdade;Presencial - Superior;Publica;Pública Estadual;08/07/2018;-;;-;;3;2023;;;;Ativa
33;CENTRO ESTADUAL DE EDUCACAO TECNOLOGICA PAULA SOUZA;62.823.257/0001-09;Pessoa Jurídica de Direito Público - Estadual;23438;Faculdade de Tecnologia de Araras;-;35413004;www.fatecararas.com.br;f290dir@cps.sp.gov.br;Rua Jarbas Leme de Godoy - 875 - CEP: 13606-389 - Jardim José Ometto II;Araras;SP;Faculdade;Presencial - Superior;Publica;Pública Estadual;08/07/2017;-;;-;;3;2023;;;;Ativa
33;CENTRO ESTADUAL DE EDUCACAO TECNOLOGICA PAULA SOUZA;62.823.257/0001-09;Pessoa Jurídica de Direito Público - Estadual;19863;Faculdade de Tecnologia de Assis (FATEC Assis);FATEC Assis;18 33026700;https://fatecassis.cps.sp.gov.br/;f275acad@cps.sp.gov.br;Unesp - Campus Assis - 2100 - CEP: 19806-900 - Parque Universitário;Assis;SP;Faculdade;Presencial - Superior;Publica;Pública Estadual;02/04/2014;-;;-;;3;2023;;;;Ativa
33;CENTRO ESTADUAL DE EDUCACAO TECNOLOGICA PAULA SOUZA;62.823.257/0001-09;Pessoa Jurídica de Direito Público - Estadual;30747;Faculdade de Tecnologia de Atibaia;-;(11)44021010;www.fatecatibaia.cps.sp.gov.br;f309acad@cps.sp.gov.br;Jerônimo de Camargo - - CEP: 12951-540 - Caetetuba;Atibaia;SP;Faculdade;Presencial - Superior;Publica;Pública Estadual;;-;;-;;-;;;;;Ativa
33;CENTRO ESTADUAL DE EDUCACAO TECNOLOGICA PAULA SOUZA;62.823.257/0001-09;Pessoa Jurídica de Direito Público - Estadual;28986;Faculdade de Tecnologia de Barretos (FATEC-BAT);FATEC-BAT;(17) 3323-1099;https://www.facebook.com/FatecBarretos/;f298dir@cps.sp.gov.br;Rua 18 - 535 - CEP: 14780-060 - Centro;Barretos;SP;Faculdade;Presencial - Superior;Publica;Pública Estadual;10/09/2021;-;;-;;-;;;;;Ativa
33;CENTRO ESTADUAL DE EDUCACAO TECNOLOGICA PAULA SOUZA;62.823.257/0001-09;Pessoa Jurídica de Direito Público - Estadual;15757;Faculdade de Tecnologia de Barueri (Fatec Barueri);Fatec Barueri;11-41983121/3096/3086/3268;www.fatecbarueri.edu.br;f209dir@cps.sp.gov.br;Avenida Carlos Capriotti - 123 - CEP: 06401-136 - Centro;Barueri;SP;Faculdade;Presencial - Superior;Publica;Pública Estadual;01/07/2010;-;;-;;4;2023;;;;Ativa
33;CENTRO ESTADUAL DE EDUCACAO TECNOLOGICA PAULA SOUZA;62.823.257/0001-09;Pessoa Jurídica de Direito Público - Estadual;15689;Faculdade de Tecnologia de Bauru (FATEC);FATEC;14 32232083;www.fatecbauru.cps.sp.gov.br;op196@centropaulasouza.sp.gov.br;Rua Manoel Bento da Cruz - 30 - CEP: 17015-171 - Centro;Bauru;SP;Faculdade;Presencial - Superior;Publica;Pública Estadual;09/04/2010;-;;-;;3;2023;;;;Ativa
33;CENTRO ESTADUAL DE EDUCACAO TECNOLOGICA PAULA SOUZA;62.823.257/0001-09;Pessoa Jurídica de Direito Público - Estadual;4020;FACULDADE DE TECNOLOGIA DE BOTUCATU (FATEC BT);FATEC BT;(14)38117421;www.fatecbt.edu.br;danisley.roschel@cps.sp.gov.br;Avenida José Ítalo Bachi - s/n - CEP: 18606-855 - Jardim Aeroporto;Botucatu;SP;Faculdade;Presencial - Superior;Publica;Pública Estadual;16/12/1994;-;;-;;3;2023;;;;Ativa
33;CENTRO ESTADUAL DE EDUCACAO TECNOLOGICA PAULA SOUZA;62.823.257/0001-09;Pessoa Jurídica de Direito Público - Estadual;5633;FACULDADE DE TECNOLOGIA DE BRAGANÇA PAULISTA;-;11 40310628;https://fatecbraganca.cps.sp.gov.br/;f183acad@cps.sp.gov.br;Rua das Indústrias - 130 - CEP: 12926-674 - Uberaba;Bragança Paulista;SP;Faculdade;Presencial - Superior;Publica;Pública Estadual;02/09/2008;-;;-;;3;2023;;;;Ativa
33;CENTRO ESTADUAL DE EDUCACAO TECNOLOGICA PAULA SOUZA;62.823.257/0001-09;Pessoa Jurídica de Direito Público - Estadual;19739;Faculdade de Tecnologia de Campinas (FATEC CAMPINAS);FATEC CAMPINAS;(19)3746-5300;https://fateccampinas.edu.br/;f276acad@cps.sp.gov.br;Avenida Cônego Antônio Rocato - KM 3.5 - CEP: 13082-015 - Chácaras Campos dos Amarais;Campinas;SP;Faculdade;Presencial - Superior;Publica;Pública Estadual;02/04/2014;-;;-;;3;2023;;;;Ativa
33;CENTRO ESTADUAL DE EDUCACAO TECNOLOGICA PAULA SOUZA;62.823.257/0001-09;Pessoa Jurídica de Direito Público - Estadual;15704;Faculdade de Tecnologia de Capão Bonito (FATEC-CB);FATEC-CB;15 35422654;www.fateccb.edu.br;f174acad@cps.sp.gov.br;Avenida Péricles de Freitas - 296 - CEP: 18304-750 - Terras do Imbiruçu;Capão Bonito;SP;Faculdade;Presencial - Superior;Publica;Pública Estadual;22/01/2008;-;;-;;-;;;;;Ativa
33;CENTRO ESTADUAL DE EDUCACAO TECNOLOGICA PAULA SOUZA;62.823.257/0001-09;Pessoa Jurídica de Direito Público - Estadual;16395;Faculdade de Tecnologia de Carapicuiba (FATEC);FATEC;(11) 4184-8404;www.fateccarapicuiba.edu.br;"f143dir@cps.sp.gov.br;agerum@gmail.com";Avenida Francisco Pignatari - 650 - CEP: 06310-390 - Vila Gustavo Correia;Carapicuíba;SP;Faculdade;Presencial - Superior;Publica;Pública Estadual;09/05/2007;-;;-;;3;2023;;;;Ativa
33;CENTRO ESTADUAL DE EDUCACAO TECNOLOGICA PAULA SOUZA;62.823.257/0001-09;Pessoa Jurídica de Direito Público - Estadual;16410;Faculdade de Tecnologia de Catanduva (FATEC Catanduva);FATEC Catanduva;5,51735E+11;www.fateccatanduva.edu.br;f182acad@cps.sp.gov.br;Rua Maranhão - 898 - CEP: 15800-020 - Centro;Catanduva;SP;Faculdade;Presencial - Superior;Publica;Pública Estadual;02/09/2008;-;;-;;4;2023;;;;Ativa
33;CENTRO ESTADUAL DE EDUCACAO TECNOLOGICA PAULA SOUZA;62.823.257/0001-09;Pessoa Jurídica de Direito Público - Estadual;19578;Faculdade de Tecnologia de Cotia (FATEC COTIA);FATEC COTIA;4616-3284;http://www.fateccotia.edu.br/;f270dir@cps.sp.gov.br;Rua Nelson Raineri - 700 - CEP: 06702-155 - Recanto Vista Alegre;Cotia;SP;Faculdade;Presencial - Superior;Publica;Pública Estadual;08/01/2014;-;;-;;2;2023;;;;Ativa
33;CENTRO ESTADUAL DE EDUCACAO TECNOLOGICA PAULA SOUZA;62.823.257/0001-09;Pessoa Jurídica de Direito Público - Estadual;18099;Faculdade de Tecnologia de Diadema Luigi Papaiz (FATEC DIADEMA);FATEC DIADEMA;11 4092-2328;http://www.fatecdiadema.com.br/;f217dir@cps.sp.gov.br;Avenida Luiz Merenda - 503 - CEP: 09931-390 - Campanário;Diadema;SP;Faculdade;Presencial - Superior;Publica;Pública Estadual;01/09/2009;-;;-;;-;;;;;Ativa
33;CENTRO ESTADUAL DE EDUCACAO TECNOLOGICA PAULA SOUZA;62.823.257/0001-09;Pessoa Jurídica de Direito Público - Estadual;23700;Faculdade de Tecnologia de Ferraz de Vasconcelos;-;4676 - 9600;https://fatecferraz.cps.sp.gov.br/;f292dir@cps.sp.gov.br;Rua Carlos de Carvalho - 200 - CEP: 08545-120 - Jardim São João;Ferraz de Vasconcelos;SP;Faculdade;Presencial - Superior;Publica;Pública Estadual;09/03/2018;-;;-;;3;2023;;;;Ativa
33;CENTRO ESTADUAL DE EDUCACAO TECNOLOGICA PAULA SOUZA;62.823.257/0001-09;Pessoa Jurídica de Direito Público - Estadual;23705;FACULDADE DE TECNOLOGIA DE FRANCO DA ROCHA;-;11 4811-8500;https://fatecfrancodarocha.cps.sp.gov.br/;f294acad@cps.sp.gov.br;Rodovia Luiz Salomão Chama - 41 - CEP: 07857-050 - Vila Ramos;Franco da Rocha;SP;Faculdade;Presencial - Superior;Publica;Pública Estadual;22/03/2018;-;;-;;3;2023;;;;Ativa
33;CENTRO ESTADUAL DE EDUCACAO TECNOLOGICA PAULA SOUZA;62.823.257/0001-09;Pessoa Jurídica de Direito Público - Estadual;4021;FACULDADE DE TECNOLOGIA DE GARÇA (FATECGA);FATECGA;(14)3588-1800;https://fatecgarca.cps.sp.gov.br/;f119dir@cps.sp.gov.br;Av. Presidente Vargas - 2331 - CEP: 17400-000 - Vila José Ribeiro;Garça;SP;Faculdade;Presencial - Superior;Publica;Pública Estadual;07/01/2004;-;;-;;3;2023;;;;Ativa
33;CENTRO ESTADUAL DE EDUCACAO TECNOLOGICA PAULA SOUZA;62.823.257/0001-09;Pessoa Jurídica de Direito Público - Estadual;1584;FACULDADE DE TECNOLOGIA DE GUARATINGUETÁ (FATEC GT);FATEC GT;31262643;www.fatecguaratingueta.edu.br;diretoria@fatecguaratingueta.edu.br;Avenida Professor João Rodrigues Alckimin - 1501 - CEP: 12517-010 - Jardim Esperança;Guaratinguetá;SP;Faculdade;Presencial - Superior;Publica;Pública Estadual;22/09/1994;-;;-;;4;2023;;;;Ativa
33;CENTRO ESTADUAL DE EDUCACAO TECNOLOGICA PAULA SOUZA;62.823.257/0001-09;Pessoa Jurídica de Direito Público - Estadual;15752;Faculdade de Tecnologia de Guarulhos (FATEC GR);FATEC GR;2475-8801;www.fatecguarulhos.edu.br;f167dir@cps.sp.gov.br;Rua Cristobal Claudio Elillo - 88 - CEP: 07190-065 - Parque Cecap;Guarulhos;SP;Faculdade;Presencial - Superior;Publica;Pública Estadual;12/12/2007;-;;-;;4;2023;;;;Ativa
33;CENTRO ESTADUAL DE EDUCACAO TECNOLOGICA PAULA SOUZA;62.823.257/0001-09;Pessoa Jurídica de Direito Público - Estadual;1583;FACULDADE DE TECNOLOGIA DE INDAIATUBA (FATEC-ID);FATEC-ID;(19) 3885-1923;www.fatecindaiatuba.edu.br;f105dir@cps.sp.gov.br;Rua Dom Pedro I - 65 - CEP: 13334-100 - Cidade Nova I;Indaiatuba;SP;Faculdade;Presencial - Superior;Publica;Pública Estadual;05/10/1994;-;;-;;3;2023;;;;Ativa
33;CENTRO ESTADUAL DE EDUCACAO TECNOLOGICA PAULA SOUZA;62.823.257/0001-09;Pessoa Jurídica de Direito Público - Estadual;15693;Faculdade de Tecnologia de Itapetininga - Prof.Antônio Belizandro Barbosa Rezende (Fatec - Itapetininga);Fatec - Itapetininga;15-32738011;www.fatecitapetininga.edu.br;f131dir@cps.sp.gov.br;Rua João Vieira Camargo - 104 - CEP: 18205-600 - Vila Barth;Itapetininga;SP;Faculdade;Presencial - Superior;Publica;Pública Estadual;03/03/2006;-;;-;;3;2023;;;;Ativa
33;CENTRO ESTADUAL DE EDUCACAO TECNOLOGICA PAULA SOUZA;62.823.257/0001-09;Pessoa Jurídica de Direito Público - Estadual;30683;Faculdade de Tecnologia de Itapevi;-;;;f308dir@cps.sp.gov.br;Rubens Caramez - - CEP: 06657-000 - Vila Aurora;Itapevi;SP;Faculdade;Presencial - Superior;Publica;Pública Estadual;12/08/2024;-;;-;;-;;;;;Ativa
33;CENTRO ESTADUAL DE EDUCACAO TECNOLOGICA PAULA SOUZA;62.823.257/0001-09;Pessoa Jurídica de Direito Público - Estadual;19864;Faculdade de Tecnologia de Itapira (FATEC Itapira);FATEC Itapira;19 3863-5210;www.fatecitapira.cps.sp.gov.br;f278acad@cps.sp.gov.br;Rua Tereza Lera Paoletti - 590 - CEP: 13974-080 - Jardim Bela Vista;Itapira;SP;Faculdade;Presencial - Superior;Publica;Pública Estadual;11/04/2014;-;;-;;3;2023;;;;Ativa
33;CENTRO ESTADUAL DE EDUCACAO TECNOLOGICA PAULA SOUZA;62.823.257/0001-09;Pessoa Jurídica de Direito Público - Estadual;15639;Faculdade de Tecnologia de Itaquaquecetuba (Fatec Itaqua);Fatec Itaqua;(11)47329800;https://fatecitaqua.cps.sp.gov.br/;f155dir@cps.sp.gov.br;Av. Itaquaquecetuba - 711 - CEP: 08500-000 - Vila Monte Belo;Itaquaquecetuba;SP;Faculdade;Presencial - Superior;Publica;Pública Estadual;06/12/2006;-;;-;;4;2023;;;;Ativa
33;CENTRO ESTADUAL DE EDUCACAO TECNOLOGICA PAULA SOUZA;62.823.257/0001-09;Pessoa Jurídica de Direito Público - Estadual;17977;Faculdade de Tecnologia de Itaquera (FATEC ITAQUERA);FATEC ITAQUERA;(011) 2056-4347/4245;http://www.fatecitaquera.edu.br;f257dir@cps.sp.gov.br;Avenida Miguel Ignácio Curi - s/n - CEP: 08295-005 - Vila Carmosina;São Paulo;SP;Faculdade;Presencial - Superior;Publica;Pública Estadual;28/12/2011;-;;-;;-;;;;;Ativa
33;CENTRO ESTADUAL DE EDUCACAO TECNOLOGICA PAULA SOUZA;62.823.257/0001-09;Pessoa Jurídica de Direito Público - Estadual;22319;Faculdade de Tecnologia de Itatiba (Fatec Itatiba);Fatec Itatiba;11 4524-3221;http://www.fatecdeitatiba.edu.br;f286dir@cps.sp.gov.br;Rua Daniel Peçanha de Moraes - 220 - CEP: 13251-140 - Jardim Salessi;Itatiba;SP;Faculdade;Presencial - Superior;Publica;Pública Estadual;03/02/2016;-;;-;;3;2023;;;;Ativa
33;CENTRO ESTADUAL DE EDUCACAO TECNOLOGICA PAULA SOUZA;62.823.257/0001-09;Pessoa Jurídica de Direito Público - Estadual;17952;Faculdade de Tecnologia de Jacareí (FATEC Jacareí);FATEC Jacareí;12 3953 7926;www.fatecjacarei.com.br;f258dir@cps.gov.br;Avenida Faria Lima - 155 - CEP: 12328-070 - Jardim Santa Maria;Jacareí;SP;Faculdade;Presencial - Superior;Publica;Pública Estadual;03/02/2012;-;;-;;-;;;;;Ativa
33;CENTRO ESTADUAL DE EDUCACAO TECNOLOGICA PAULA SOUZA;62.823.257/0001-09;Pessoa Jurídica de Direito Público - Estadual;37;FACULDADE DE TECNOLOGIA DE JAHU (FATEC-JAHU);FATEC-JAHU;14 3622-8280;www.fatecjahu.edu.br;f020editais@cps.sp.gov.br;Rua Frei Galvão - S/N - CEP: 17212-599 - JARDIM PEDRO OMETTO;Jaú;SP;Faculdade;Presencial - Superior;Publica;Pública Estadual;24/02/1990;-;;-;;3;2023;;;;Ativa
33;CENTRO ESTADUAL DE EDUCACAO TECNOLOGICA PAULA SOUZA;62.823.257/0001-09;Pessoa Jurídica de Direito Público - Estadual;15769;Faculdade de Tecnologia de Jales (Fatec Jales);Fatec Jales;17 3624-3800;www.fatecjales.edu.br;171dir@cps.sp.go.br;Rua Vicente Leporace - 2630 - CEP: 15703-116 - Jardim Trianon;Jales;SP;Faculdade;Presencial - Superior;Publica;Pública Estadual;03/09/2007;-;;-;;4;2023;;;;Ativa
33;CENTRO ESTADUAL DE EDUCACAO TECNOLOGICA PAULA SOUZA;62.823.257/0001-09;Pessoa Jurídica de Direito Público - Estadual;4022;FACULDADE DE TECNOLOGIA DE JUNDIAÍ (FATEC/JD);FATEC/JD;11 45227549;www.fatecjd.edu.br;f114.secretaria@fatec.sp.gov.br;Avenida União dos Ferroviários - 1760 - CEP: 13201-160 - Centro;Jundiaí;SP;Faculdade;Presencial - Superior;Publica;Pública Estadual;19/07/2002;-;;-;;3;2023;;;;Ativa
33;CENTRO ESTADUAL DE EDUCACAO TECNOLOGICA PAULA SOUZA;62.823.257/0001-09;Pessoa Jurídica de Direito Público - Estadual;24672;"Faculdade de Tecnologia de Matão ""Luiz Marchesan""";-;(16) 2016-2694;www.fatecmatao.cps.sp.gov.br;f297dir@cps.sp.gov.br;Avenida Habib Gabriel - 1360 - CEP: 15990-539 - Residencial das Acácias;Matão;SP;Faculdade;Presencial - Superior;Publica;Pública Estadual;12/02/2019;-;;-;;-;;;;;Ativa
33;CENTRO ESTADUAL DE EDUCACAO TECNOLOGICA PAULA SOUZA;62.823.257/0001-09;Pessoa Jurídica de Direito Público - Estadual;4023;FACULDADE DE TECNOLOGIA DE MAUÁ (FATEC MAUÁ);FATEC MAUÁ;(11) 4543 3221;www.fatecmaua.com.br;f113dir@cps.sp.gov.br;Avenida Antônia Rosa Fioravanti - 804 - CEP: 09390-120 - Jardim Rosina;Mauá;SP;Faculdade;Presencial - Superior;Publica;Pública Estadual;19/07/2002;-;;-;;3;2023;;;Suspensão contrato FIES, Suspensão PROUNI;Ativa
33;CENTRO ESTADUAL DE EDUCACAO TECNOLOGICA PAULA SOUZA;62.823.257/0001-09;Pessoa Jurídica de Direito Público - Estadual;4024;FACULDADE DE TECNOLOGIA DE MOCOCA (FATEC);FATEC;(19) 3656 5559 - 3665 6005;https://www.fatecmococa.edu.br/;f120acad@cps.sp.gov.br;Avenida Américo Pereira Lima - S/N - CEP: 13736-260 - Jardim Lavínia;Mococa;SP;Faculdade;Presencial - Superior;Publica;Pública Estadual;07/01/2004;-;;-;;3;2023;;;;Ativa
33;CENTRO ESTADUAL DE EDUCACAO TECNOLOGICA PAULA SOUZA;62.823.257/0001-09;Pessoa Jurídica de Direito Público - Estadual;15576;Faculdade de Tecnologia de Mogi das Cruzes (FATEC-MC);FATEC-MC;11 4791-9500;www.fatecmogidascruzes.com.br;f184acad@cps.sp.gov.br;Rua Carlos Baratino - 01 - CEP: 08773-600 - Vila Mogilar;Mogi das Cruzes;SP;Faculdade;Presencial - Superior;Publica;Pública Estadual;;-;;-;;4;2023;;;;Ativa
33;CENTRO ESTADUAL DE EDUCACAO TECNOLOGICA PAULA SOUZA;62.823.257/0001-09;Pessoa Jurídica de Direito Público - Estadual;15709;Faculdade de Tecnologia de Osasco - Prefeito Hirant Sanazar (Fatec Osasco);Fatec Osasco;(11)36560203;https://fatecosasco.com.br/;f.osasco.ata@centropaulasouza.sp.gov.br;Rua Pedro Rissatto - 30 - CEP: 06296-220 - Remédios;Osasco;SP;Faculdade;Presencial - Superior;Publica;Pública Estadual;02/09/2009;-;;-;;3;2023;;;;Ativa
33;CENTRO ESTADUAL DE EDUCACAO TECNOLOGICA PAULA SOUZA;62.823.257/0001-09;Pessoa Jurídica de Direito Público - Estadual;1874;FACULDADE DE TECNOLOGIA DE OURINHOS (FATEC);FATEC;14 33029800;www.fatecourinhos.edu.br;f021acad@cps.sp.gov.br;Avenida Vitalina Marcusso - 1400 - CEP: 19910-206 - Campus Universitário;Ourinhos;SP;Faculdade;Presencial - Superior;Publica;Pública Estadual;15/10/1991;-;;-;;3;2023;;;;Ativa
33;CENTRO ESTADUAL DE EDUCACAO TECNOLOGICA PAULA SOUZA;62.823.257/0001-09;Pessoa Jurídica de Direito Público - Estadual;31527;Faculdade de Tecnologia de Paulínia;-;;;f313acad@cps.sp.gov.br;;;;Faculdade;Presencial - Superior;Publica;Pública Estadual;11/03/2026;-;;-;;-;;;;;Ativa
33;CENTRO ESTADUAL DE EDUCACAO TECNOLOGICA PAULA SOUZA;62.823.257/0001-09;Pessoa Jurídica de Direito Público - Estadual;15687;Faculdade de Tecnologia de Pindamonhangaba (FATEC PI);FATEC PI;(12)36425648;https://fatecpindamonhangaba.cps.sp.gov.br/;f133acad@cps.sp.gov.br;Rodovia Abel Fabrício Dias - 4010 - CEP: 12455-010 - Água Preta;Pindamonhangaba;SP;Faculdade;Presencial - Superior;Publica;Pública Estadual;10/04/2008;-;;-;;-;;;;;Ativa
33;CENTRO ESTADUAL DE EDUCACAO TECNOLOGICA PAULA SOUZA;62.823.257/0001-09;Pessoa Jurídica de Direito Público - Estadual;15682;Faculdade de Tecnologia de Piracicaba (Fatec Piracicaba);Fatec Piracicaba;(19) 3413-1702;www.fatecpiracicaba.edu.br;f175dir@cps.sp.gov.br;Rua Diácono Jair de Oliveira - 651 - CEP: 13414-155 - Santa Rosa;Piracicaba;SP;Faculdade;Presencial - Superior;Publica;Pública Estadual;05/11/2008;-;;-;;4;2023;;;;Ativa
33;CENTRO ESTADUAL DE EDUCACAO TECNOLOGICA PAULA SOUZA;62.823.257/0001-09;Pessoa Jurídica de Direito Público - Estadual;17953;Faculdade de Tecnologia de Pompeia - Shunji Nishimura (FATEC Pompeia);FATEC Pompeia;(14)3452-1482;www.fatecpompeia.edu.br;f259acad@cps.sp.gov.br;Av. Fundação Shunji Nishimura e Tecnologia - 605 - CEP: 17580-000 - Distrito Industrial;Pompéia;SP;Faculdade;Presencial - Superior;Publica;Pública Estadual;24/04/2012;-;;-;;-;;;;;Ativa
33;CENTRO ESTADUAL DE EDUCACAO TECNOLOGICA PAULA SOUZA;62.823.257/0001-09;Pessoa Jurídica de Direito Público - Estadual;30748;Faculdade de Tecnologia de Porto Ferreira;-;(19) 98989-0880;https://fatecportoferreira.cps.sp.gov.br/;f311dir@cps.sp.gov.br;Rua Padre Nestor Cavalcante Maranhão - - CEP: 13661-352 - Centro Empresarial Ferreirense;Porto Ferreira;SP;Faculdade;Presencial - Superior;Publica;Pública Estadual;10/07/2025;-;;-;;-;;;;;Ativa
33;CENTRO ESTADUAL DE EDUCACAO TECNOLOGICA PAULA SOUZA;62.823.257/0001-09;Pessoa Jurídica de Direito Público - Estadual;4926;FACULDADE DE TECNOLOGIA DE PRAIA GRANDE (FATECPG);FATECPG;13 35916968;fatecpg.com.br;;Praça 19 de Janeiro - 144 - CEP: 11700-100 - Boqueirão;Praia Grande;SP;Faculdade;Presencial - Superior;Publica;Pública Estadual;03/03/2006;-;;-;;3;2023;;;;Ativa
33;CENTRO ESTADUAL DE EDUCACAO TECNOLOGICA PAULA SOUZA;62.823.257/0001-09;Pessoa Jurídica de Direito Público - Estadual;5627;FACULDADE DE TECNOLOGIA DE PRESIDENTE PRUDENTE (FATEC);FATEC;1839167887;www.fatecpp.edu.br;f157.secretaria@fatec.sp.gov.br;Rua Teresina - 75 - CEP: 19046-230 - Vila Paulo Roberto;Presidente Prudente;SP;Faculdade;Presencial - Superior;Publica;Pública Estadual;06/12/2006;-;;-;;3;2023;;;;Ativa
33;CENTRO ESTADUAL DE EDUCACAO TECNOLOGICA PAULA SOUZA;62.823.257/0001-09;Pessoa Jurídica de Direito Público - Estadual;28985;Faculdade de Tecnologia de Registro (FATEC-REG);FATEC-REG;(13) 2130-5455;https://fatecregistro.cps.sp.gov.br/;f299dir@cps.sp.gov.br;AV. CLARA GIANOTTI DE SOUZA - 257 - CEP: 11900-000 - CENTRO;Registro;SP;Faculdade;Presencial - Superior;Publica;Pública Estadual;26/03/2022;-;;-;;-;;;;;Ativa
33;CENTRO ESTADUAL DE EDUCACAO TECNOLOGICA PAULA SOUZA;62.823.257/0001-09;Pessoa Jurídica de Direito Público - Estadual;30858;FACULDADE DE TECNOLOGIA DE RIO CLARO (FATEC RIO CLARO);-;19 99739-3638;https://fatecrioclaro.cps.sp.gov.br/;f310acad@cps.sp.gov.br;Rua 2 - - CEP: 13504-090 - Vila Operária;Rio Claro;SP;Faculdade;Presencial - Superior;Publica;Pública Estadual;10/06/2025;-;;-;;-;;;;;Ativa
33;CENTRO ESTADUAL DE EDUCACAO TECNOLOGICA PAULA SOUZA;62.823.257/0001-09;Pessoa Jurídica de Direito Público - Estadual;20478;Faculdade de Tecnologia de Santana de Parnaíba (FATEC-SPB);FATEC-SPB;(11) 2424 2757;www.fatecsdp.edu.br;f283acad@cps.sp.gov.br;Estrada Tenente Marques - s/n - CEP: 06529-001 - Jardim do Luar (Fazendinha);Santana de Parnaíba;SP;Faculdade;Presencial - Superior;Publica;Pública Estadual;07/02/2015;-;;-;;3;2023;;;;Ativa
33;CENTRO ESTADUAL DE EDUCACAO TECNOLOGICA PAULA SOUZA;62.823.257/0001-09;Pessoa Jurídica de Direito Público - Estadual;5099;FACULDADE DE TECNOLOGIA DE SÃO BERNARDO DO CAMPO (FATEC-SB);FATEC-SB;(11) 4121-9008;www.fatecsbc.edu.br;f126dir@cps.sp.gov.br;Avenida Pereira Barreto - 400 - CEP: 09751-000 - Vila Baeta Neves;São Bernardo do Campo;SP;Faculdade;Presencial - Superior;Publica;Pública Estadual;30/07/2005;-;;-;;3;2016;;;;Ativa
33;CENTRO ESTADUAL DE EDUCACAO TECNOLOGICA PAULA SOUZA;62.823.257/0001-09;Pessoa Jurídica de Direito Público - Estadual;15745;Faculdade de Tecnologia de São Caetano do Sul (FATEC SCS);FATEC SCS;11 4239-9500;www.fatecsaocaetano.edu.br;f168dir@cps.sp.gov.br;Rua Bell Aliance - 225 - CEP: 09581-420 - Jardim São Caetano;São Caetano do Sul;SP;Faculdade;EAD - Superior / Presencial - Superior /;Publica;Pública Estadual;29/04/2008;-;;-;;3;2023;;;;Ativa
33;CENTRO ESTADUAL DE EDUCACAO TECNOLOGICA PAULA SOUZA;62.823.257/0001-09;Pessoa Jurídica de Direito Público - Estadual;19500;Faculdade de Tecnologia de São Carlos (FATEC São Carlo);FATEC São Carlo;(16) 3307-7545;www.fatecsaocarlos.edu.br;f269dir@cps.sp.gov.br;Rua Marechal Deodoro - 3183 - CEP: 13560-201 - Chácara Parollo;São Carlos;SP;Faculdade;Presencial - Superior;Publica;Pública Estadual;11/12/2013;-;;-;;3;2023;;;;Ativa
33;CENTRO ESTADUAL DE EDUCACAO TECNOLOGICA PAULA SOUZA;62.823.257/0001-09;Pessoa Jurídica de Direito Público - Estadual;4025;FACULDADE DE TECNOLOGIA DE SÃO JOSÉ DO RIO PRETO (FATECRP);FATECRP;(17) 3217-8004;www.fatecriopreto.cps.sp.gov.br;f121acad@cps.sp.gov.br;Rua Fernandópolis - 2510 - CEP: 15043-020 - Eldorado;São José do Rio Preto;SP;Faculdade;Presencial - Superior;Publica;Pública Estadual;07/01/2004;-;;-;;4;2023;;;;Ativa
33;CENTRO ESTADUAL DE EDUCACAO TECNOLOGICA PAULA SOUZA;62.823.257/0001-09;Pessoa Jurídica de Direito Público - Estadual;15581;Faculdade de Tecnologia de São José dos Campos - Jessen Vidal (FATECSJCAMPOS);FATECSJCAMPOS;012-39052423;www.fatecsjc.edu.br;f146acad@cps.sp.gov.br;Av. Cesare Mansueto Giulio Lattes - s/n - CEP: 12247-014 - Eugênio de Melo;São José dos Campos;SP;Faculdade;Presencial - Superior;Publica;Pública Estadual;;-;;-;;3;2023;;;;Ativa
33;CENTRO ESTADUAL DE EDUCACAO TECNOLOGICA PAULA SOUZA;62.823.257/0001-09;Pessoa Jurídica de Direito Público - Estadual;34;FACULDADE DE TECNOLOGIA DE SÃO PAULO (FATEC-SP);FATEC-SP;1133222202;www.fatecsp.br;secdir@fatecsp.br;Praça Coronel Fernando Prestes - 30 - CEP: 01124-060 - BOM RETIRO;São Paulo;SP;Faculdade;EAD - Superior / Presencial - Superior /;Publica;Pública Estadual;10/04/1973;-;;3;2022;4;2023;;;;Ativa
33;CENTRO ESTADUAL DE EDUCACAO TECNOLOGICA PAULA SOUZA;62.823.257/0001-09;Pessoa Jurídica de Direito Público - Estadual;18817;Faculdade de Tecnologia de São Roque (FATEC-SR);FATEC-SR;(11) 4712-8418;http://www.fatecsaoroque.cps.sp.gov.br;f265dir@cps.sp.gov.br;Rua Marechal Deodoro da Fonseca - 132 - CEP: 18130-070 - Centro;São Roque;SP;Faculdade;Presencial - Superior;Publica;Pública Estadual;26/09/2012;-;;-;;4;2023;;;;Ativa
33;CENTRO ESTADUAL DE EDUCACAO TECNOLOGICA PAULA SOUZA;62.823.257/0001-09;Pessoa Jurídica de Direito Público - Estadual;15793;Faculdade de Tecnologia de São Sebastião (Fatec SS);Fatec SS;(12)38923015;www.fatecsaosebastiao.edu.br;f189acad@cps.sp.gov.br;Rua Ítalo Nascimento - 366 - CEP: 11600-970 - Porto Grande;São Sebastião;SP;Faculdade;Presencial - Superior;Publica;Pública Estadual;03/09/2008;-;;-;;3;2023;;;;Ativa
33;CENTRO ESTADUAL DE EDUCACAO TECNOLOGICA PAULA SOUZA;62.823.257/0001-09;Pessoa Jurídica de Direito Público - Estadual;15696;Faculdade de Tecnologia de Sertãozinho (FATEC SERTÃOZINHO);FATEC SERTÃOZINHO;(16) 3942-5806;www.fatecsertaozinho.cps.sp.gov.br;f176dir@cps.sp.gov.br;Rua Jordão Borghetti - 480 - CEP: 14160-000 - São João;Sertãozinho;SP;Faculdade;Presencial - Superior;Publica;Pública Estadual;22/01/2008;-;;-;;2;2023;;;Suspensão contrato FIES, Suspensão PROUNI;Ativa
33;CENTRO ESTADUAL DE EDUCACAO TECNOLOGICA PAULA SOUZA;62.823.257/0001-09;Pessoa Jurídica de Direito Público - Estadual;33;FACULDADE DE TECNOLOGIA DE SOROCABA (FATEC SO);FATEC SO;(15) 3238-5266;www.fatecsorocaba.edu.br;f003acad@cps.sp.gov.br;AVENIDA ENGENHEIRO CARLOS REINALDO MENDES - 2.015 - CEP: 18013-280 - ALTO DA BOA VISTA;Sorocaba;SP;Faculdade;Presencial - Superior;Publica;Pública Estadual;21/05/1970;-;;-;;4;2023;;;;Ativa
33;CENTRO ESTADUAL DE EDUCACAO TECNOLOGICA PAULA SOUZA;62.823.257/0001-09;Pessoa Jurídica de Direito Público - Estadual;23867;Faculdade de Tecnologia de Sumaré (Fatec de Sumaré);Fatec de Sumaré;(19) 39039401;https://fatecsumare.cps.sp.gov.br;gerson.silveira@cps.sp.gov.br;Rua Ipiranga - 73 - CEP: 13170-026 - Centro;Sumaré;SP;Faculdade;Presencial - Superior;Publica;Pública Estadual;31/07/2018;-;;-;;3;2023;;;;Ativa
33;CENTRO ESTADUAL DE EDUCACAO TECNOLOGICA PAULA SOUZA;62.823.257/0001-09;Pessoa Jurídica de Direito Público - Estadual;31493;Faculdade de Tecnologia de Suzano;-;;;f316dir@cps.sp.gov.br;;;;Faculdade;Presencial - Superior;Publica;Pública Estadual;11/03/2026;-;;-;;-;;;;;Ativa
33;CENTRO ESTADUAL DE EDUCACAO TECNOLOGICA PAULA SOUZA;62.823.257/0001-09;Pessoa Jurídica de Direito Público - Estadual;967;FACULDADE DE TECNOLOGIA DE TAQUARITINGA (FATEC/TQ);FATEC/TQ;16 32559240;www.fatectq.cps.sp.gov.br;f022dir@cps.sp.gov.br;Avenida Doutor Flávio Henrique Lemos - 585 - CEP: 15900-000 - PORTAL ITAMARACÁ;Taquaritinga;SP;Faculdade;Presencial - Superior;Publica;Pública Estadual;01/07/1992;-;;-;;3;2023;;;;Ativa
33;CENTRO ESTADUAL DE EDUCACAO TECNOLOGICA PAULA SOUZA;62.823.257/0001-09;Pessoa Jurídica de Direito Público - Estadual;15803;FACULDADE DE TECNOLOGIA DE TATUÍ - PROF. WILSON ROBERTO RIBEIRO DE CAMARGO (FATEC TATUÍ);FATEC TATUÍ;15-3205-7780;www.fatectatui.edu.br;f132dir@cps.sp.gov.br;ROD. MARIO BATISTA MORI - 971 - CEP: 18270-000 - JD AEROPORTO;Tatuí;SP;Faculdade;Presencial - Superior;Publica;Pública Estadual;03/03/2006;-;;-;;2;2023;;;;Ativa
33;CENTRO ESTADUAL DE EDUCACAO TECNOLOGICA PAULA SOUZA;62.823.257/0001-09;Pessoa Jurídica de Direito Público - Estadual;18049;Faculdade de Tecnologia de Taubaté (FATEC TAUBATÉ);FATEC TAUBATÉ;12 3602-2708;https://fatectaubate.cps.sp.gov.br/;f251acad@cps.sp.gov.br;Avenida Tomé Portes Del Rei - 525 - CEP: 12070-610 - Vila São José;Taubaté;SP;Faculdade;Presencial - Superior;Publica;Pública Estadual;31/01/2011;-;;-;;3;2023;;;;Ativa
33;CENTRO ESTADUAL DE EDUCACAO TECNOLOGICA PAULA SOUZA;62.823.257/0001-09;Pessoa Jurídica de Direito Público - Estadual;28988;Faculdade de Tecnologia de Votorantim (FATEC-VOT);FATEC-VOT;(15)32479301;https://fatecvotorantim.cps.sp.gov.br/;f301dir@cps.sp.gov.br;Avenida Juscelino Kubitschek de Oliveira - 279 - CEP: 18110-008 - Centro;Votorantim;SP;Faculdade;Presencial - Superior;Publica;Pública Estadual;07/02/2023;-;;-;;-;;;;;Ativa
33;CENTRO ESTADUAL DE EDUCACAO TECNOLOGICA PAULA SOUZA;62.823.257/0001-09;Pessoa Jurídica de Direito Público - Estadual;15746;Faculdade de Tecnologia do Ipiranga (FATECIPI);FATECIPI;(11) 50610298;www.fatecipiranga.edu.br;f204acad@cps.sp.gov.br;Rua Frei João - 59 - CEP: 04280-130 - Vila Nair;São Paulo;SP;Faculdade;Presencial - Superior;Publica;Pública Estadual;;-;;-;;3;2023;;;;Ativa
33;CENTRO ESTADUAL DE EDUCACAO TECNOLOGICA PAULA SOUZA;62.823.257/0001-09;Pessoa Jurídica de Direito Público - Estadual;15695;Faculdade de Tecnologia Dom Amaury Castanho (Fatec Itu);Fatec Itu;11 40254593;https://fatecitu.cps.sp.gov.br/;f178acad@cps.sp.gov.br;Avenida Tiradentes - 1211 - CEP: 13309-640 - Jardim das Indústrias;Itu;SP;Faculdade;Presencial - Superior;Publica;Pública Estadual;;-;;-;;3;2023;;;;Ativa
33;CENTRO ESTADUAL DE EDUCACAO TECNOLOGICA PAULA SOUZA;62.823.257/0001-09;Pessoa Jurídica de Direito Público - Estadual;17942;Faculdade de Tecnologia do Tatuapé (FATEC-TT);FATEC-TT;(011)2293-1220;www.fatectatuape.edu.br;f250acad@cps.sp.gov.br;Rua Antônio de Barros - 800 - CEP: 03401-000 - Tatuapé;São Paulo;SP;Faculdade;Presencial - Superior;Publica;Pública Estadual;31/01/2011;-;;-;;-;;;;;Ativa
33;CENTRO ESTADUAL DE EDUCACAO TECNOLOGICA PAULA SOUZA;62.823.257/0001-09;Pessoa Jurídica de Direito Público - Estadual;15708;Faculdade de Tecnologia Dr. Thomaz Novelino (FATEC Franca);FATEC Franca;16 37023204;www.fatecfranca.edu.br;f109dir@cps.sp.gov.br;Rua Irênio Grecco - 4580 - CEP: 14405-191 - Vila Imperador;Franca;SP;Faculdade;Presencial - Superior;Publica;Pública Estadual;24/09/1994;-;;-;;4;2023;;;;Ativa
33;CENTRO ESTADUAL DE EDUCACAO TECNOLOGICA PAULA SOUZA;62.823.257/0001-09;Pessoa Jurídica de Direito Público - Estadual;15784;Faculdade de Tecnologia Estudante Rafael Almeida Camarinha - Marilia (Fatec Marilia);Fatec Marilia;(14) 3454-7540;https://fatecmarilia.cps.sp.gov.br;f130dir@cps.sp.gov.br;Avenida Castro Alves - 62 - CEP: 17506-000 - Somenzari;Marília;SP;Faculdade;Presencial - Superior;Publica;Pública Estadual;03/03/2006;-;;-;;4;2023;;;;Ativa
33;CENTRO ESTADUAL DE EDUCACAO TECNOLOGICA PAULA SOUZA;62.823.257/0001-09;Pessoa Jurídica de Direito Público - Estadual;21713;Faculdade de Tecnologia - Fatec de Ribeirão Preto;-;16 39192320;www.fatecrp.edu.br;f284dir@cps.sp.gov.br;Avenida Pio XII - 1255 - CEP: 14030-250 - Vila Virgínia;Ribeirão Preto;SP;Faculdade;Presencial - Superior;Publica;Pública Estadual;21/07/2015;-;;-;;3;2023;;;;Ativa
33;CENTRO ESTADUAL DE EDUCACAO TECNOLOGICA PAULA SOUZA;62.823.257/0001-09;Pessoa Jurídica de Direito Público - Estadual;19862;Faculdade de Tecnologia Jorge Caram Sabbag (FATEC Bebedouro);FATEC Bebedouro;17 33435395;;f280acad@cps.sp.gov.br;Rua Doutor Oscar Werneck - 1286 - CEP: 17701-120 - Centro;Bebedouro;SP;Faculdade;Presencial - Superior;Publica;Pública Estadual;27/06/2014;-;;-;;3;2023;;;;Ativa
33;CENTRO ESTADUAL DE EDUCACAO TECNOLOGICA PAULA SOUZA;62.823.257/0001-09;Pessoa Jurídica de Direito Público - Estadual;15753;FACULDADE DE TECNOLOGIA NILO DE STÉFANI - JABOTICABAL (FATEC JBL);FATEC JBL;(16) 3202-6519;www.fatecjaboticabal.edu.br;f173dir@cps.sp.gov.br;Avenida Eduardo Zambianchi - 31 - CEP: 14883-130 - Vila Industrial;Jaboticabal;SP;Faculdade;Presencial - Superior;Publica;Pública Estadual;22/01/2008;-;;-;;3;2023;;;;Ativa
33;CENTRO ESTADUAL DE EDUCACAO TECNOLOGICA PAULA SOUZA;62.823.257/0001-09;Pessoa Jurídica de Direito Público - Estadual;15715;FACULDADE DE TECNOLOGIA PROFESSOR ANTÔNIO SEABRA (FATEC LINS);FATEC LINS;(14) 3532 5182;www.fateclins.edu.br;secretaria@fateclins.edu.br;Estrada Mário Covas Júnior - S/N - CEP: 16400-000 - Zona Rural;Lins;SP;Faculdade;Presencial - Superior;Publica;Pública Estadual;01/01/2010;-;;-;;3;2023;;;;Ativa
33;CENTRO ESTADUAL DE EDUCACAO TECNOLOGICA PAULA SOUZA;62.823.257/0001-09;Pessoa Jurídica de Direito Público - Estadual;36;FACULDADE DE TECNOLOGIA RUBENS LARA (FATEC-BS);FATEC-BS;13 32276003;www.fatecrl.edu.br;f005acad@cps.sp.gov.br;Avenida Senador Feijó - 340/350 - CEP: 11015-502 - Centro;Santos;SP;Faculdade;Presencial - Superior;Publica;Pública Estadual;31/10/1986;-;;-;;3;2023;;;Suspensão contrato FIES, Suspensão PROUNI;Ativa
33;CENTRO ESTADUAL DE EDUCACAO TECNOLOGICA PAULA SOUZA;62.823.257/0001-09;Pessoa Jurídica de Direito Público - Estadual;15585;Faculdade de Tecnologia Santo André (FATEC-SA);FATEC-SA;(11) 4437-2215;www.fatecsantoandre.edu.br;secretaria@fatecsantoandre.edu.br;Rua Prefeito Justino Paixão - 150 - CEP: 09020-130 - Centro;Santo André;SP;Faculdade;Presencial - Superior;Publica;Pública Estadual;;-;;-;;-;;;;;Ativa
33;CENTRO ESTADUAL DE EDUCACAO TECNOLOGICA PAULA SOUZA;62.823.257/0001-09;Pessoa Jurídica de Direito Público - Estadual;19501;Faculdade de Tecnologia Sebrae (FATEC SEBRAE);FATEC SEBRAE;11-33311199;www.fatecsebrae.edu.br;f272ata@cps.sp.gov.br;Alameda Nothmann - 598 - CEP: 01216-000 - Campos Elíseos;São Paulo;SP;Faculdade;Presencial - Superior;Publica;Pública Estadual;18/01/2014;-;;-;;4;2023;;;;Ativa
33;CENTRO ESTADUAL DE EDUCACAO TECNOLOGICA PAULA SOUZA;62.823.257/0001-09;Pessoa Jurídica de Direito Público - Estadual;4026;FACULDADE DE TECNOLOGIA ZONA LESTE (FATEC-ZL);FATEC-ZL;(11) 2040.4108;www.fateczl.cps.sp.gov.br;f111dir@cps.sp.gov.br;Avenida Águia de Haia - 2983 - CEP: 03694-000 - Parque Paineiras;São Paulo;SP;Faculdade;Presencial - Superior;Publica;Pública Estadual;01/02/2002;-;;-;;4;2023;;;;Ativa
33;CENTRO ESTADUAL DE EDUCACAO TECNOLOGICA PAULA SOUZA;62.823.257/0001-09;Pessoa Jurídica de Direito Público - Estadual;15688;FACULDADE DE TECONOLOGIA DA ZONA SUL (FATEC ZONASUL);FATEC ZONASUL;58518949;www.fateczonasul.edu.br;secretaria@fateczonasul.edu.br;Rua Frederico Grotte - 322 - CEP: 05818-270 - Jardim Vergueiro;São Paulo;SP;Faculdade;Presencial - Superior;Publica;Pública Estadual;03/03/2006;-;;-;;4;2023;;;;Ativa
18500;ORDEM DOS ADVOGADOS DO BRASIL CONSELHO FEDERAL;33.205.451/0001-14;Pessoa Jurídica de Direito Público - Federal;28515;Faculdade Escola Superior de Advocacia da OAB Nacional (ESA Nacional);ESA Nacional;61 981688865;https://esanacional.oab.org.br/;presidencia@oab.org.br;Edifício Conselho Federal da OAB - sn - CEP: 70070-939 - Asa Sul;Brasília;DF;Faculdade;EAD - Superior /;Publica;Pública Federal;21/08/2024;-;;5;2023;-;;;;Em Descredenciamento voluntário;Ativa
33;CENTRO ESTADUAL DE EDUCACAO TECNOLOGICA PAULA SOUZA;62.823.257/0001-09;Pessoa Jurídica de Direito Público - Estadual;15714;Fatec Arthur Azevedo - Mogi Mirim (FATECMM);FATECMM;(19) 3804-5441;http://www.fatecmm.cps.sp.gov.br;f163dir@cps.sp.gov.br;Rua Ariovaldo Silveira Franco - 567 - CEP: 13801-005 - Jardim 31 de Março;Moji Mirim;SP;Faculdade;Presencial - Superior;Publica;Pública Estadual;07/06/2007;-;;-;;3;2023;;;;Ativa
33;CENTRO ESTADUAL DE EDUCACAO TECNOLOGICA PAULA SOUZA;62.823.257/0001-09;Pessoa Jurídica de Direito Público - Estadual;15680;Fatec Cruzeiro - Prof. Waldomiro May;-;(12) 3143 6571;www.fateccruzeiro.edu.br;f127acad@cps.sp.gov.br;Rua Doutor Othon Barcelos - s/n - CEP: 12730-010 - Itagaçaba;Cruzeiro;SP;Faculdade;Presencial - Superior;Publica;Pública Estadual;;-;;-;;4;2023;;;;Ativa
18282;FUNDACAO ESCOLA DE GOVERNO - ENA;11.216.929/0001-79;Pessoa Jurídica de Direito Público - Estadual;26575;Fundação Escola de Governo ENA (ENA);ENA;(48) 366554618 e (48)984040479;https://www.enabrasil.sc.gov.br/;"presidente@ena.sc.gov.br; ditec@ena.sc.gov.br";Rodovia Admar Gonzaga - 1188 - CEP: 88034-000 - Itacorubi;Florianópolis;SC;Escola de Governo;Escola do Governo;Publica;Pública Estadual;24/06/2009;4;2024;-;;-;;;;;Ativa
18652;FUNDACAO ESCOLA SUPERIOR DO MIN PUBLICO DE MATO GROSSO;97.324.271/0001-34;Pessoa Jurídica de Direito Privado - Sem fins lucrativos - Associação de Utilidade Pública;29208;FUNDAÇÃO ESCOLA SUPERIOR DO MINISTÉRIO PÚBLICO DE MATO GROSSO (FESMP/MT);FESMP/MT;653363-0600;https://www.fundacaoescola.org.br/home/;academico2@fundacaoescola.org.br;Rua Diogo Domingos Ferreira - 390 - CEP: 78010-090 - Bandeirantes;;;Escola de Governo;Escola do Governo;Privada;Pública Estadual;06/07/2023;-;;-;;-;;;;;Ativa
16339;FUNDACAO OSWALDO CRUZ;33.781.055/0001-35;Pessoa Jurídica de Direito Público - Federal;20342;Fundação Oswaldo Cruz (Fiocruz);Fiocruz;(21)38851659;www.fiocruz.br;vpeic@fiocruz.br;Fundação Oswaldo Cruz - 4365 - CEP: 21040-900 - Manguinhos;Rio de Janeiro;RJ;Escola de Governo;Escola do Governo;Publica;Pública Federal;13/03/2017;5;2025;-;;-;;;;;Ativa
39;FUNDACAO UNIVERSIDADE DO ESTADO DE SC UDESC;83.891.283/0001-36;Pessoa Jurídica de Direito Público - Estadual;43;FUNDAÇÃO UNIVERSIDADE DO ESTADO DE SANTA CATARINA (UDESC);UDESC;(48)36648000;www.udesc.br;liliane.martins@udesc.br;Avenida Madre Benvenuta - 2007 - CEP: 88035-001 - Itacorubi;Florianópolis;SC;Universidade;EAD - Superior / Presencial - Superior /;Publica;Pública Estadual;20/05/1965;-;;5;2018;5;2023;;;;Ativa
15585;FUNDACAO UNIVERSIDADE FEDERAL DA GRANDE DOURADOS;07.775.847/0001-97;Pessoa Jurídica de Direito Público - Federal;4504;FUNDAÇÃO UNIVERSIDADE FEDERAL DA GRANDE DOURADOS (UFGD);UFGD;(67) 3410 2711;www.ufgd.edu.br;reitoria@ufgd.edu.br;Rua João Rosa Góes - 1761 - CEP: 79825-070 - Vila Progresso;Dourados;MS;Universidade;EAD - Superior / Presencial - Superior /;Publica;Pública Federal;01/08/2005;5;2024;-;;4;2023;;;;Ativa
9051;FUNDACAO UNIVERSIDADE FEDERAL DE CIENCIAS DA SAUDE DE PORTO ALEGRE;92.967.595/0001-77;Pessoa Jurídica de Direito Público - Federal;717;FUNDAÇÃO UNIVERSIDADE FEDERAL DE CIÊNCIAS DA SAÚDE DE PORTO ALEGRE (UFCSPA);UFCSPA;(51) 33039000;www.ufcspa.edu.br;reitoria@ufcspa.edu.br;Rua Sarmento Leite - 245 - CEP: 90050-170 - Centro;Porto Alegre;RS;Universidade;EAD - Superior / Presencial - Superior /;Publica;Pública Federal;17/02/1961;5;2017;4;2019;5;2023;;;;Ativa
15587;FUNDACAO UNIVERSIDADE FEDERAL DE RONDONIA;04.418.943/0001-90;Pessoa Jurídica de Direito Público - Federal;699;FUNDAÇÃO UNIVERSIDADE FEDERAL DE RONDÔNIA (UNIR);UNIR;(69) 2182 2019/(69) 2182 2020;www.unir.br;reitoria@unir.br;BR 364 - Km 9,5 - CEP: 76808-695 - s/n;Porto Velho;RO;Universidade;EAD - Superior / Presencial - Superior /;Publica;Pública Federal;09/07/1982;5;2025;3;2016;4;2023;;;;Ativa
12529;FUNDACAO UNIVERSIDADE FEDERAL DO ABC - UFABC;07.722.779/0001-06;Pessoa Jurídica de Direito Público - Federal;4925;FUNDAÇÃO UNIVERSIDADE FEDERAL DO ABC (UFABC);UFABC;(11) 3356-7080;www.ufabc.edu.br;reitoria@ufabc.edu.br;Avenida dos Estados - 5001 - CEP: 09280-560 - Bangú;Santo André;SP;Universidade;EAD - Superior / Presencial - Superior /;Publica;Pública Federal;27/07/2005;5;2024;5;2019;5;2023;;;;Ativa
14838;FUNDACAO UNIVERSIDADE FEDERAL DO PAMPA - UNIPAMPA;09.341.233/0001-22;Pessoa Jurídica de Direito Público - Federal;5322;FUNDAÇÃO UNIVERSIDADE FEDERAL DO PAMPA - UNIPAMPA (UNIPAMPA);UNIPAMPA;53 3240 5400;www.unipampa.edu.br;reitoria@unipampa.edu.br;Rua Melanie Granier - 51 - CEP: 96400-500 - Centro;Bagé;RS;Universidade;EAD - Superior / Presencial - Superior /;Publica;Pública Federal;14/01/2008;5;2023;4;2014;4;2023;;;;Ativa
15498;FUNDACAO UNIVERSIDADE FEDERAL DO TOCANTINS;05.149.726/0001-04;Pessoa Jurídica de Direito Público - Federal;3849;FUNDAÇÃO UNIVERSIDADE FEDERAL DO TOCANTINS (UFT);UFT;(63)3229-4012/(63)3229-4035;www.uft.edu.br;reitor@uft.edu.br;Avenida NS 15 ALCNO 14 - s/n - CEP: 77001-090 - Centro;Palmas;TO;Universidade;EAD - Superior / Presencial - Superior /;Publica;Pública Federal;24/10/2000;-;;-;;4;2023;;;;Ativa
14107;FUNDACAO UNIVERSIDADE FEDERAL DO VALE DO SAO FRANCISCO;05.440.725/0001-14;Pessoa Jurídica de Direito Público - Federal;3984;FUNDAÇÃO UNIVERSIDADE FEDERAL DO VALE DO SÃO FRANCISCO (UNIVASF);UNIVASF;;https://www.portais.univasf.edu.br/;"reitoria@univasf.edu.br;proen@univasf.edu.br;proen.pi@univasf.edu.br";Avenida José de Sá Maniçoba - s/n - CEP: 56304-917 - Centro;Petrolina;PE;Universidade;EAD - Superior / Presencial - Superior /;Publica;Pública Federal;28/06/2002;4;2015;-;;4;2023;;;;Ativa
15958;FUNDACAO UNIVERSIDADE VIRTUAL DO ESTADO DE SAO PAULO-UNIVESP;17.455.396/0001-64;Pessoa Jurídica de Direito Público - Estadual;18165;Fundação Universidade Virtual do Estado de São Paulo (UNIVESP);UNIVESP;11-31886701;univesp.br;presidencia@univesp.br;R Bela Cintra, Edifício Adélia Saliba - 847 - CEP: 01415-903 - Consolação;São Paulo;SP;Universidade;EAD - Superior /;Publica;Pública Estadual;23/03/2013;-;;4;2022;3;2023;;;;Ativa
409;COMANDO DO EXERCITO;00.394.452/0001-03;Pessoa Jurídica de Direito Público - Federal;26467;Hospital Central do Exército (HCE);HCE;21-38917483;www.hce.eb.mil.br;direção@hce.eb.mil.br;Rua Francisco Manuel - 126 - CEP: 20911-270 - Benfica;;;Instituição Especialmente Credenciada para oferta de cursos lato sensu;Presencial - Superior;Publica;Pública Federal;01/05/2020;-;;-;;-;;;;;Ativa
15266;HOSPITAL DE CLINICAS DE PORTO ALEGRE;87.020.517/0001-20;Pessoa Jurídica de Direito Privado - Com fins lucrativos - Sociedade Civil;15958;Hospital de Clínicas de Porto Alegre;-;(51) 3359-8911;;secretariageral@hcpa.edu.br;Hospital de Clínicas de Porto Alegre - 2350 - CEP: 90035-903 - Santana;;;Instituição Especialmente Credenciada para oferta de cursos lato sensu;;Privada;Pública Federal;16/08/2019;-;;-;;-;;;;;Ativa
409;COMANDO DO EXERCITO;00.394.452/0001-03;Pessoa Jurídica de Direito Público - Federal;27067;Hospital Militar da Área de Porto Alegre (HMAPA);HMAPA;(51)21118341;www.hmapa.eb.mil.br;coreme@hmapa.eb.mil.br;Avenida Mariland - 450 - CEP: 90440-190 - Mont Serrat;;;Instituição Especialmente Credenciada para oferta de cursos lato sensu;Presencial - Superior;Publica;Pública Federal;02/05/2022;-;;-;;-;;;;;Ativa
409;COMANDO DO EXERCITO;00.394.452/0001-03;Pessoa Jurídica de Direito Público - Federal;27068;Hospital Militar da Área de Recife (HMAR);HMAR;;;;Rua do Príncipe - 563 - CEP: 50050-410 - Santo Amaro;;;Instituição Especialmente Credenciada para oferta de cursos lato sensu;Presencial - Superior;Publica;Pública Federal;;-;;-;;-;;;;;Ativa
409;COMANDO DO EXERCITO;00.394.452/0001-03;Pessoa Jurídica de Direito Público - Federal;27085;Hospital Militar de Área de Brasília (HMAB);HMAB;;;;;;;Faculdade;Presencial - Superior;Publica;Pública Federal;02/05/2022;-;;-;;-;;;;;Ativa
409;COMANDO DO EXERCITO;00.394.452/0001-03;Pessoa Jurídica de Direito Público - Federal;26759;Hospital Militar de Área de São Paulo (HMASP);HMASP;;www.hmasp.eb.mil.br;corene@hmasp.eb.mil.br;Rua Ouvidor Portugal - 230 - CEP: 01551-000 - Vila Monumento;;;Instituição Especialmente Credenciada para oferta de cursos lato sensu;Presencial - Superior;Publica;Pública Federal;06/05/2021;-;;-;;-;;;;;Ativa
18350;MINISTERIO DA EDUCACAO;00.394.445/0272-12;Pessoa Jurídica de Direito Público - Federal;26778;INSTITUTO BENJAMIN CONSTANT (IBC);IBC;(21)34784440;https://www.gov.br/ibc/pt-br;mauromarcos@ibc.gov.br;Avenida Pasteur - 368 - CEP: 22290-255 - Urca;;;Instituição Especialmente Credenciada para oferta de cursos lato sensu;EAD - Lato-sensu /;Publica;Pública Federal;22/11/2021;-;;-;;-;;;;;Ativa
17421;INSTITUTO DE ASSISTENCIA MEDICA AO SERVIDOR PUBLICO ESTADUAL;60.747.318/0001-62;Pessoa Jurídica de Direito Público - Estadual;24647;Instituto de Assistência Médica ao Serviço Público Estadual (IAMSPE);IAMSPE;11- 45738161;;cedep@iamspe.sp.gov.br;;;;Instituição Especialmente Credenciada para oferta de cursos lato sensu;;Publica;Pública Estadual;27/08/2019;-;;-;;-;;;;;Ativa
17421;INSTITUTO DE ASSISTENCIA MEDICA AO SERVIDOR PUBLICO ESTADUAL;60.747.318/0001-62;Pessoa Jurídica de Direito Público - Estadual;24843;INSTITUTO DE ASSISTÊNCIA MÉDICA AO SERVIDOR PÚBLICO ESTADUAL (IAMSPE);IAMSPE;(11) 5583-7001 PABX: (11) 4573-8000;www.iamspe.sp.gov.br;cedep@iamspe.sp.gov.br;Avenida Ibirapuera - 981 - CEP: 04029-000 - Indianópolis;São Paulo;SP;Faculdade;Presencial - Superior;Publica;Pública Estadual;18/04/2022;4;2021;-;;-;;;;Em Descredenciamento voluntário;Ativa
16048;MINISTERIO PUBLICO DO ESTADO DO RIO DE JANEIRO;28.305.936/0001-40;Pessoa Jurídica de Direito Público - Estadual;28536;Instituto de Educação Roberto Bernardes Barroso (IERBB);IERBB;25509059;ierbb.mprj.mp.br.;ierbb.ensino@mprj.mp.br;Avenida General Justo - 375 - CEP: 20021-130 - Centro;Rio de Janeiro;RJ;Escola de Governo;Escola do Governo;Publica;Pública Estadual;01/04/2014;4;2024;-;;-;;;;;Ativa
2123;SECRETARIA DE ESTADO DA EDUCACAO, DA CULTURA, DO ESPORTE E DO LAZER (SEEC);08.241.804/0001-94;Pessoa Jurídica de Direito Público - Estadual;3360;INSTITUTO DE EDUCAÇÃO SUPERIOR PRESIDENTE KENNEDY - CENTRO DE FORMAÇÃO DE PROFISSIONAIS DE EDUCAÇÃO (IFESP);IFESP;"(84)3 232 6231; 232 6233; 232 6242";www.kennedy.rn.gov.br;ifesp@rn.gov.br;Rua Jaguarari - 2.100 - CEP: 59062-500 - Lagoa Nova;Natal;RN;Faculdade;Presencial - Superior;Publica;Pública Estadual;05/01/2001;-;;-;;SC;2008;;;;Ativa
18075;SECRETARIA DE ESTADO DE SEGURANÇA PÚBLICA E DEFESA SOCIAL;05.054.952/0001-01;Pessoa Jurídica de Direito Público - Estadual;25880;Instituto de Ensino de Segurança do Pará (IESP);IESP;;www.iesp.gov.br;gabinete@iesp.pa.gov.br;Rod. BR-316 s/nº. Km 13 - - CEP: 67200-000 - Centro;Marituba;PA;Faculdade;EAD - Superior / Presencial - Superior /;Publica;Pública Estadual;18/12/2014;-;;-;;-;;;;Suspensão PROUNI;Ativa
18491;EMPRESA DE PESQUISA AGROPECUARIA DE MINAS GERAIS - EPAMIG;17.138.140/0001-23;Empresa Pública;27184;Instituto de Laticínios Cândido Tostes (ILCT);ILCT;35984351830;www.epamig.br/ilct;ensinoilct@epamig.br;Rua Tenente Luiz de Freitas - 116 - CEP: 36045-560 - Santa Terezinha;Juiz de Fora;MG;Faculdade;Presencial - Superior;Privada;Pública Estadual;15/12/2021;-;;-;;-;;;;;Ativa
17956;FUNDACAO CARLOS GOMES;14.700.157/0001-34;Pessoa Jurídica de Direito Público - Estadual;25721;INSTITUTO ESTADUAL CARLOS GOMES (IECG);IECG;(91) 32019467;www.fcg.pa.gov.br;bacmusica@gmail.com;;;;Faculdade;Presencial - Superior;Publica;Pública Estadual;28/08/2013;-;;-;;-;;;;;Ativa
13736;INSTITUTO FEDERAL DE EDUCACAO, CIENCIA E TECNOLOGIA BAIANO - REITORIA;10.724.903/0001-79;Pessoa Jurídica de Direito Público - Federal;14509;INSTITUTO FEDERAL DE EDUCAÇÃO, CIÊNCIA E TECNOLOGIA BAIANO (IFBAIANO);IFBAIANO;(71) 3186-0013;http://www.ifbaiano.edu.br;gabinete@ifbaiano.edu.br;Rua do Rouxinol - 115 - CEP: 41720-052 - Imbuí;Salvador;BA;Instituto Federal de Educação, Ciência e Tecnologia;EAD - Superior / Presencial - Superior /;Publica;Pública Federal;30/12/2008;4;2017;4;2023;3;2023;;;;Ativa
9082;INSTITUTO FEDERAL DE EDUCACAO CIENCIA E TECNOLOGIA CATARINENSE;10.635.424/0001-86;Pessoa Jurídica de Direito Público - Federal;5036;INSTITUTO FEDERAL DE EDUCAÇÃO, CIÊNCIA E TECNOLOGIA CATARINENSE (IF Catarinense);IF Catarinense;(47) 33317800;www.ifc.edu.br;gabinete@ifc.edu.br;Rua das Missões - 100 - CEP: 89051-000 - Ponta Aguda;Blumenau;SC;Instituto Federal de Educação, Ciência e Tecnologia;EAD - Superior / Presencial - Superior /;Publica;Pública Federal;04/04/2008;4;2015;5;2023;4;2023;;;;Ativa
9092;INSTITUTO FEDERAL DE EDUCACAO, CIENCIA E TECNOLOGIA DA BAHIA;10.764.307/0001-12;Pessoa Jurídica de Direito Público - Federal;599;INSTITUTO FEDERAL DE EDUCAÇÃO, CIÊNCIA E TECNOLOGIA DA BAHIA (IFBA);IFBA;(71) 2102-0413;www.ifba.edu.br;"gabinete@ifba.edu.br;proenpi@ifba.edu.br";Avenida Araújo Pinho - 39 - CEP: 40110-150 - Canela;Salvador;BA;Instituto Federal de Educação, Ciência e Tecnologia;EAD - Superior / Presencial - Superior /;Publica;Pública Federal;07/07/1976;4;2017;3;2020;4;2023;;;;Ativa
9062;INSTITUTO FEDERAL DE EDUCACAO, CIENCIA E TECNOLOGIA DA PARAIBA;10.783.898/0001-75;Pessoa Jurídica de Direito Público - Federal;1166;INSTITUTO FEDERAL DE EDUCAÇÃO, CIÊNCIA E TECNOLOGIA DA PARAÍBA (IFPB);IFPB;(83) 3612-9706;http://www.ifpb.edu.br;pre@ifpb.edu.br;Avenida João da Mata - 256 - CEP: 58015-020 - Jaguaribe;João Pessoa;PB;Instituto Federal de Educação, Ciência e Tecnologia;EAD - Superior / Presencial - Superior /;Publica;Pública Federal;23/03/1999;4;2018;5;2019;4;2023;;;;Ativa
15532;INSTITUTO FEDERAL DE EDUCACAO, CIENCIA E TECNOLOGIA DE ALAGOAS - IF/AL;10.825.373/0001-55;Pessoa Jurídica de Direito Público - Federal;3160;INSTITUTO FEDERAL DE EDUCAÇÃO, CIÊNCIA E TECNOLOGIA DE ALAGOAS (IFAL);IFAL;(82) 3194-1191;www.ifal.edu.br;"secgab@ifal.edu.br;pei.reitoria@ifal.edu.br";Rua Doutor Odilon Vasconcelos - 103 - CEP: 57035-660 - Jatiúca;Maceió;AL;Instituto Federal de Educação, Ciência e Tecnologia;EAD - Superior / Presencial - Superior /;Publica;Pública Federal;23/03/1999;4;2015;3;2017;3;2023;;;;Ativa
13489;INSTITUTO FEDERAL DE EDUCACAO, CIENCIA E TECNOLOGIA DE BRASILIA;10.791.831/0001-82;Pessoa Jurídica de Direito Público - Federal;14408;INSTITUTO FEDERAL DE EDUCAÇÃO, CIENCIA E TECNOLOGIA DE BRASILIA (IFB);IFB;061 2103 2154;www.ifb.edu.br;reitoria@ifb.edu.br;Quadra SAUS Quadra 2, Bloco E (Ed. Siderbrás) - S/N - CEP: 70070-020 - Asa Sul;Brasília;DF;Instituto Federal de Educação, Ciência e Tecnologia;EAD - Superior / Presencial - Superior /;Publica;Pública Federal;30/12/2008;5;2021;-;;4;2023;;;;Ativa
14110;INSTITUTO FEDERAL DE EDUCACAO, CIENCIA E TECNOLOGIA DE GOIAS;10.870.883/0001-44;Pessoa Jurídica de Direito Público - Federal;1811;INSTITUTO FEDERAL DE EDUCAÇÃO, CIÊNCIA E TECNOLOGIA DE GOIÁS (IFG);IFG;(62)3612-2200;www.ifg.edu.br;gabinete.reitoria@ifg.edu.br;Rua C 222 - S/N - CEP: 74270-035 - Jardim América;Goiânia;GO;Instituto Federal de Educação, Ciência e Tecnologia;EAD - Superior / Presencial - Superior /;Publica;Pública Federal;23/03/1999;4;2019;-;;3;2023;;;;Ativa
9061;INSTITUTO FEDERAL DE MATO GROSSO;10.784.782/0001-50;Pessoa Jurídica de Direito Público - Federal;3164;INSTITUTO FEDERAL DE EDUCAÇÃO, CIÊNCIA E TECNOLOGIA DE MATO GROSSO (IFMT);IFMT;(65) 3616-4100;www.ifmt.edu.br;gabinete@ifmt.edu.br;Avenida Senador Filinto Müller - 953 - CEP: 78043-400 - Duque de Caxias II;Cuiabá;MT;Instituto Federal de Educação, Ciência e Tecnologia;EAD - Superior / Presencial - Superior /;Publica;Pública Federal;31/12/1909;5;2024;5;2021;3;2023;;;;Ativa
15019;INSTITUTO FEDERAL DE EDUCACAO, CIENCIA E TECNOLOGIA DE MATO GROSSO DO SUL;10.673.078/0001-20;Pessoa Jurídica de Direito Público - Federal;15520;INSTITUTO FEDERAL DE EDUCAÇÃO, CIÊNCIA E TECNOLOGIA DE MATO GROSSO DO SUL (IFMS);IFMS;(67) 3378-9501;www.ifms.edu.br;reitoria@ifms.edu.br;Rua Ceará - 972 - CEP: 79021-000 - Santa Fé;Campo Grande;MS;Instituto Federal de Educação, Ciência e Tecnologia;EAD - Superior / Presencial - Superior /;Publica;Pública Federal;30/12/2008;4;2023;4;2014;3;2023;;;;Ativa
15642;INSTITUTO FEDERAL DE EDUCACAO, CIENCIA E TECNOLOGIA DE MINAS GERAIS;10.626.896/0001-72;Pessoa Jurídica de Direito Público - Federal;3189;INSTITUTO FEDERAL DE EDUCAÇÃO, CIÊNCIA E TECNOLOGIA DE MINAS GERAIS (IFMG);IFMG;(31)25135104;www.ifmg.edu.br;gabinete@ifmg.edu.br;Av. Professor Mário Werneck - 2590 - CEP: 30575-180 - Buritis;Belo Horizonte;MG;Instituto Federal de Educação, Ciência e Tecnologia;EAD - Superior / Presencial - Superior /;Publica;Pública Federal;14/11/2002;4;2017;-;;4;2023;;;;Ativa
16120;INSTITUTO FEDERAL DE EDUCACAO, CIENCIA E TECNOLOGIA DE PERNAMBUCO;10.767.239/0001-45;Pessoa Jurídica de Direito Público - Federal;1809;INSTITUTO FEDERAL DE EDUCAÇÃO, CIÊNCIA E TECNOLOGIA DE PERNAMBUCO (IFPE);IFPE;(81) 2125-1656;www.ifpe.edu.br;gabinete@reitoria.ifpe.edu.br;Avenida Professor Luiz Freire - 500 - CEP: 50740-540 - Curado;Recife;PE;Instituto Federal de Educação, Ciência e Tecnologia;EAD - Superior / Presencial - Superior /;Publica;Pública Federal;19/01/1999;4;2017;4;2016;3;2023;;;;Ativa
14814;INSTITUTO FEDERAL DE EDUCACAO,CIENCIA E TECNOLOGIA DE RONDONIA;10.817.343/0001-05;Pessoa Jurídica de Direito Público - Federal;4785;INSTITUTO FEDERAL DE EDUCAÇÃO CIÊNCIA E TECNOLOGIA DE RONDÔNIA (IFRO);IFRO;(69) 2182-9601;www.ifro.edu.br;reitoria@ifro.edu.br;Avenida Calama - 0994 - CEP: 76820-441 - Flodoaldo Pontes Pinto;Porto Velho;RO;Instituto Federal de Educação, Ciência e Tecnologia;EAD - Superior / Presencial - Superior /;Publica;Pública Federal;03/02/2006;4;2017;3;2012;3;2023;;;;Ativa
16809;INSTITUTO FEDERAL DE EDUCACAO, CIENCIA E TECNOLOGIA DE RORAIMA;10.839.508/0001-31;Pessoa Jurídica de Direito Público - Federal;3184;INSTITUTO FEDERAL DE EDUCAÇÃO, CIÊNCIA E TECNOLOGIA DE RORAIMA (IFRR);IFRR;(95) 36241224;www.ifrr.edu.br;gabinete.reitoria@ifrr.edu.br;Avenida Glaycon de Paiva - 2496 - CEP: 69303-340 - Pricumã;Boa Vista;RR;Instituto Federal de Educação, Ciência e Tecnologia;EAD - Superior / Presencial - Superior /;Publica;Pública Federal;14/11/2002;4;2024;4;2019;3;2023;;;;Ativa
7040;INSTITUTO FEDERAL DE EDUCACAO, CIENCIA E TECNOLOGIA DE SANTA CATARINA;11.402.887/0001-60;Pessoa Jurídica de Direito Público - Federal;3162;INSTITUTO FEDERAL DE EDUCAÇÃO, CIÊNCIA E TECNOLOGIA DE SANTA CATARINA (IFSC);IFSC;(48) 3877 9002;www.ifsc.edu.br;reitoria@ifsc.edu.br;Rua 14 de julho - 150 - CEP: 88075-010 - Coqueiros;Florianópolis;SC;Instituto Federal de Educação, Ciência e Tecnologia;EAD - Superior / Presencial - Superior /;Publica;Pública Federal;27/03/2002;4;2017;4;2016;4;2023;;;;Ativa
14163;INSTITUTO FEDERAL DE EDUCACAO, CIENCIA E TECNOLOGIA DE SAO PAULO;10.882.594/0001-65;Pessoa Jurídica de Direito Público - Federal;1810;INSTITUTO FEDERAL DE EDUCAÇÃO, CIÊNCIA E TECNOLOGIA DE SÃO PAULO (IFSP);IFSP;(11) 37754501;www.ifsp.edu.br;pi@ifsp.edu.br;Rua Pedro Vicente - 625 - CEP: 01109-010 - Canindé;São Paulo;SP;Instituto Federal de Educação, Ciência e Tecnologia;EAD - Superior / Presencial - Superior /;Publica;Pública Federal;19/01/1999;4;2017;4;2022;4;2023;;;;Ativa
9073;INSTITUTO FEDERAL DE EDUCACAO, CIENCIA E TECNOLOGIA DE SERGIPE;10.728.444/0001-00;Pessoa Jurídica de Direito Público - Federal;3183;INSTITUTO FEDERAL DE EDUCAÇÃO, CIÊNCIA E TECNOLOGIA DE SERGIPE (IFS);IFS;(79) 3711-1442;www.ifs.edu.br;reitoria@ifs.edu.br;Avenida Jorge Amado - S/N - CEP: 49025-330 - Jardins;Aracaju;SE;Instituto Federal de Educação, Ciência e Tecnologia;EAD - Superior / Presencial - Superior /;Publica;Pública Federal;14/11/2002;3;2015;-;;4;2023;;;;Ativa
15014;INSTITUTO FEDERAL DE EDUCACAO,CIENCIA E TECNOLOGIA DO ACRE;10.918.674/0001-23;Pessoa Jurídica de Direito Público - Federal;15507;Instituto Federal de Educação, Ciência e Tecnologia do Acre (IFAC);IFAC;(68)3222-8291;www.ifac.edu.br;reitoria@ifac.edu.br;Via Chico Mendes - 3084 - CEP: 69906-302 - Areal;Rio Branco;AC;Instituto Federal de Educação, Ciência e Tecnologia;EAD - Superior / Presencial - Superior /;Publica;Pública Federal;30/12/2008;5;2021;-;;3;2023;;;;Ativa
15022;INSTITUTO FEDERAL DE EDUCACAO, CIENCIA E TECNOLOGIA DO AMAPA;10.820.882/0001-95;Pessoa Jurídica de Direito Público - Federal;15522;INSTITUTO FEDERAL DE EDUCAÇÃO, CIÊNCIA E TECNOLOGIA DO AMAPÁ (IFAP);IFAP;096-3198.2150;www.ifap.edu.br;reitoria@ifap.edu.br;Rodovia BR-210, Km 3 - s/n - CEP: 68909-398 - Brasil Novo;Macapá;AP;Instituto Federal de Educação, Ciência e Tecnologia;EAD - Superior / Presencial - Superior /;Publica;Pública Federal;30/12/2008;4;2017;4;2016;3;2023;;;;Ativa
16583;INSTITUTO FEDERAL DE EDUCACAO, CIENCIA E TECNOLOGIA DO AMAZONAS;10.792.928/0001-00;Pessoa Jurídica de Direito Público - Federal;1812;INSTITUTO FEDERAL DE EDUCAÇÃO, CIÊNCIA E TECNOLOGIA DO AMAZONAS (IFAM);IFAM;(92)3303-0003 / 3306-0054 / 3306-0055;http://www2.ifam.edu.br/;"gabinete@ifam.edu.br; cpei.proen@ifam.edu.br; proen@ifam.edu.br";Avenida Sete de Setembro - 1975 - CEP: 69020-120 - CENTRO;Manaus;AM;Instituto Federal de Educação, Ciência e Tecnologia;EAD - Superior / Presencial - Superior /;Publica;Pública Federal;27/03/2001;5;2024;4;2020;3;2023;;;;Ativa
13984;INSTITUTO FEDERAL DE EDUCACAO, CIENCIA E TECNOLOGIA DO CEARA;10.744.098/0001-45;Pessoa Jurídica de Direito Público - Federal;1807;INSTITUTO FEDERAL DE EDUCAÇÃO, CIÊNCIA E TECNOLOGIA DO CEARÁ (IFCE);IFCE;(85) 34012500;www.ifce.edu.br;reitoria@ifce.edu.br;Rua Jorge Dumar - 1703 - CEP: 60410-426 - Jardim América;Fortaleza;CE;Instituto Federal de Educação, Ciência e Tecnologia;EAD - Superior / Presencial - Superior /;Publica;Pública Federal;23/03/1999;5;2018;4;2016;3;2023;;;;Ativa
14112;INSTITUTO FEDERAL DE EDUCACAO CIENCIA E TECNOLOGIA DO ESPIRITO SANTO;10.838.653/0001-06;Pessoa Jurídica de Direito Público - Federal;1808;INSTITUTO FEDERAL DE EDUCAÇÃO, CIÊNCIA E TECNOLOGIA DO ESPÍRITO SANTO (IFES);IFES;(27)3357-7500;www.ifes.edu.br;pei.proen@ifes.edu.br;Avenida Rio Branco - 50 - CEP: 29056-255 - Santa Lucia;Vitória;ES;Instituto Federal de Educação, Ciência e Tecnologia;EAD - Superior / Presencial - Superior /;Publica;Pública Federal;23/03/1999;4;2017;5;2019;4;2023;;;;Ativa
15676;INSTITUTO FEDERAL DE EDUCACAO, CIENCIA E TECNOLOGIA DO MARANHAO;10.735.145/0001-94;Pessoa Jurídica de Direito Público - Federal;600;INSTITUTO FEDERAL DE EDUCAÇÃO, CIÊNCIA E TECNOLOGIA DO MARANHÃO (IFMA);IFMA;(98) 3218 9001/(98) 3218 9033;www.ifma.edu.br;gabinete@ifma.edu.br;Avenida Getúlio Vargas - 4 - CEP: 65030-005 - Monte Castelo;São Luís;MA;Instituto Federal de Educação, Ciência e Tecnologia;EAD - Superior / Presencial - Superior /;Publica;Pública Federal;01/11/1989;4;2016;4;2024;3;2023;;;;Ativa
5001;INSTITUTO FEDERAL DE EDUCACAO, CIENCIA E TECNOLOGIA DO NORTE DE MINAS GERAIS;10.727.655/0001-10;Pessoa Jurídica de Direito Público - Federal;3188;INSTITUTO FEDERAL DE EDUCAÇÃO, CIÊNCIA E TECNOLOGIA DO NORTE DE MINAS GERAIS (IFNMG);IFNMG;(38) 3218-7300;www.ifnmg.edu.br;gabinete@ifnmg.edu.br;Rua Professor Monteiro Fonseca - 216 - CEP: 39400-149 - Vila Brasília;Montes Claros;MG;Instituto Federal de Educação, Ciência e Tecnologia;EAD - Superior / Presencial - Superior /;Publica;Pública Federal;14/11/2002;5;2023;3;2013;3;2023;;;;Ativa
5002;INSTITUTO FEDERAL DE EDUCACAO,CIENCIA E TECNOLOGIA DO PARA;10.763.998/0001-30;Pessoa Jurídica de Direito Público - Federal;1813;INSTITUTO FEDERAL DE EDUCAÇÃO, CIÊNCIA E TECNOLOGIA DO PARÁ (IFPA);IFPA;(91) 3342-0554;www.ifpa.edu.br;gabinete.reitoria@ifpa.edu.br;Avenida João Paulo II - 514 - CEP: 66840-690 - Castanheira;Belém;PA;Instituto Federal de Educação, Ciência e Tecnologia;EAD - Superior / Presencial - Superior /;Publica;Pública Federal;23/03/1999;4;2018;-;;3;2023;;;;Ativa
13955;INSTITUTO FEDERAL DE EDUCACAO, CIENCIA E TECNOLOGIA DO PARANA;10.652.179/0001-15;Pessoa Jurídica de Direito Público - Federal;14724;INSTITUTO FEDERAL DE EDUCAÇÃO, CIÊNCIA E TECNOLOGIA DO PARANÁ (IFPR);IFPR;(41) 38885253;www.ifpr.edu.br;diepi.proens@ifpr.edu.br;Rua Emílio Bertolini - 54 - CEP: 82920-030 - Cajuru;Curitiba;PR;Instituto Federal de Educação, Ciência e Tecnologia;EAD - Superior / Presencial - Superior /;Publica;Pública Federal;14/11/1968;3;2017;4;2019;4;2023;;;;Ativa
4057;INSTITUTO FEDERAL DE EDUCACAO, CIENCIA E TECNOLOGIA DO PIAUI;10.806.496/0001-49;Pessoa Jurídica de Direito Público - Federal;1820;INSTITUTO FEDERAL DE EDUCAÇÃO, CIÊNCIA E TECNOLOGIA DO PIAUÍ (IFPI);IFPI;(86) 31311443;www.ifpi.edu.br;reitoria@ifpi.edu.br;Praça da Liberdade - 1597 - CEP: 64000-040 - Centro;Teresina;PI;Instituto Federal de Educação, Ciência e Tecnologia;EAD - Superior / Presencial - Superior /;Publica;Pública Federal;23/03/1999;4;2023;-;;3;2023;;;;Ativa
9113;INSTITUTO FEDERAL DE EDUCACAO, CIENCIA E TECNOLOGIA DO RIO DE JANEIRO;10.952.708/0001-04;Pessoa Jurídica de Direito Público - Federal;3163;INSTITUTO FEDERAL DE EDUCAÇÃO, CIÊNCIA E TECNOLOGIA DO RIO DE JANEIRO (IFRJ);IFRJ;(21) 2566-7730 / (21) 2566-7711;https://portal.ifrj.edu.br/;"gr@ifrj.edu.br;gilberto.junior@ifrj.edu.br;proen@ifrj.edu.br;dpde@ifrj.edu.br;degrad@ifrj.edu.br";Rua Senador Furtado - 121 - 125 - CEP: 20270-021 - Maracanã;Rio de Janeiro;RJ;Instituto Federal de Educação, Ciência e Tecnologia;EAD - Superior / Presencial - Superior /;Publica;Pública Federal;03/12/1999;4;2015;-;;4;2023;;;;Ativa
8982;INSTITUTO FEDERAL DE EDUCACAO, CIENCIA E TECNOLOGIA DO RIO GRANDE DO NORTE;10.877.412/0001-68;Pessoa Jurídica de Direito Público - Federal;1082;INSTITUTO FEDERAL DE EDUCAÇÃO, CIÊNCIA E TECNOLOGIA DO RIO GRANDE DO NORTE (IFRN);IFRN;(84) 4005 0752. 40050750;http://www.ifrn.edu.br/;gabinete.reitoria@ifrn.edu.br;Avenida Senador Salgado Filho - 1559 - CEP: 59015-000 - Tirol;Natal;RN;Instituto Federal de Educação, Ciência e Tecnologia;EAD - Superior / Presencial - Superior /;Publica;Pública Federal;19/01/1999;4;2016;5;2023;4;2023;;;;Ativa
4126;INSTITUTO FEDERAL DE EDUCACAO, CIENCIA E TECNOLOGIA DO RIO GRANDE DO SUL;10.637.926/0001-46;Pessoa Jurídica de Direito Público - Federal;601;INSTITUTO FEDERAL DE EDUCAÇÃO, CIÊNCIA E TECNOLOGIA DO RIO GRANDE DO SUL (IFRS);IFRS;(54) 34493343;www.ifrs.edu.br;reitor@ifrs.edu.br;Rua General Osório - 348 - CEP: 95700-000 - Centro;Bento Gonçalves;RS;Instituto Federal de Educação, Ciência e Tecnologia;EAD - Superior / Presencial - Superior /;Publica;Pública Federal;27/12/1994;4;2015;4;2016;4;2023;;;;Ativa
16656;INSTITUTO FEDERAL DE EDUCACAO, CIENCIA E TECNOLOGIA DO SERTAO PERNAMBUCANO;10.830.301/0001-04;Pessoa Jurídica de Direito Público - Federal;3161;Instituto Federal de Educação, Ciência e Tecnologia do Sertão Pernambucano (IF SERTÃO-PE);IF SERTÃO-PE;(87) 2101-2350/(87)2101-2356;http://www.ifsertao-pe.edu.br/;reitoria@ifsertao-pe.edu.br;Rua Aristarco Lopes - 240 - CEP: 56302-100 - Centro;Petrolina;PE;Instituto Federal de Educação, Ciência e Tecnologia;EAD - Superior / Presencial - Superior /;Publica;Pública Federal;29/11/1999;4;2023;-;;3;2023;;;;Ativa
9064;INSTITUTO FEDERAL DE EDUCACAO, CIENCIA E TECNOLOGIA DO SUDESTE DE MINAS GERAIS;10.723.648/0001-40;Pessoa Jurídica de Direito Público - Federal;3279;INSTITUTO FEDERAL DE EDUCAÇÃO, CIÊNCIA E TECNOLOGIA DO SUDESTE DE MINAS GERAIS (IFSEMG);IFSEMG;32 8413-5471;www.ifsudestemg.edu.br;gabinete@ifsudestemg.edu.br;Rua Luz Interior - 360 - CEP: 36030-776 - Estrela Sul - Santa Luzia;Juiz de Fora;MG;Instituto Federal de Educação, Ciência e Tecnologia;EAD - Superior / Presencial - Superior /;Publica;Pública Federal;30/12/2008;5;2023;4;2023;4;2023;;;;Ativa
8622;INSTITUTO FEDERAL DE EDUCACAO, CIENCIA E TECNOLOGIA DO SUL DE MINAS GERAIS;10.648.539/0001-05;Pessoa Jurídica de Direito Público - Federal;4358;INSTITUTO FEDERAL DE EDUCAÇÃO, CIÊNCIA E TECNOLOGIA DO SUL DE MINAS GERAIS (IF SUL DE MINAS);IF SUL DE MINAS;(35)3449-6150;www.ifsuldeminas.edu.br;reitoria@ifsuldeminas.edu.br;Avenida Vicente Simões - 1111 - CEP: 37553-465 - Nova Pouso Alegre;Pouso Alegre;MG;Instituto Federal de Educação, Ciência e Tecnologia;EAD - Superior / Presencial - Superior /;Publica;Pública Federal;06/05/2005;4;2015;4;2014;4;2023;;;;Ativa
9074;INSTITUTO FEDERAL DE EDUCACAO, CIENCIA E TECNOLOGIA DO TOCANTINS;10.742.006/0001-98;Pessoa Jurídica de Direito Público - Federal;4786;INSTITUTO FEDERAL DE EDUCAÇÃO, CIÊNCIA E TECNOLOGIA DO TOCANTINS (IFTO);IFTO;(63) 3229-2200;www.ifto.edu.br;reitoria@ifto.edu.br;Quadra 202 Sul Avenida Joaquim Teotônio Segurado - 08 - CEP: 77020-450 - Plano Diretor Sul;Palmas;TO;Instituto Federal de Educação, Ciência e Tecnologia;EAD - Superior / Presencial - Superior /;Publica;Pública Federal;03/02/2006;4;2023;4;2017;3;2023;;;;Ativa
9069;INSTITUTO FEDERAL DE EDUCACAO, CIENCIA E TECNOLOGIA DO TRIANGULO MINEIRO;10.695.891/0001-00;Pessoa Jurídica de Direito Público - Federal;3165;INSTITUTO FEDERAL DE EDUCAÇÃO, CIÊNCIA E TECNOLOGIA DO TRIÂNGULO MINEIRO (IFTM);IFTM;(34)3326-1100;www.iftm.edu.br;"reitor@iftm.edu.br;pi.reitoria@iftm.edu.br;rogeriocosta@iftm.edu.br";Avenida Doutor Randolfo Borges Júnior - 2900 - CEP: 38064-300 - Univerdecidade;Uberaba;MG;Instituto Federal de Educação, Ciência e Tecnologia;EAD - Superior / Presencial - Superior /;Publica;Pública Federal;19/08/2002;5;2024;4;2019;4;2023;;;;Ativa
8338;INSTITUTO FEDERAL DE EDUCACAO, CIENCIA E TECNOLOGIA FARROUPILHA;10.662.072/0001-58;Pessoa Jurídica de Direito Público - Federal;4098;INSTITUTO FEDERAL DE EDUCAÇÃO, CIÊNCIA E TECNOLOGIA FARROUPILHA (IFFarroupilha);IFFarroupilha;(55) 32189800;www.iffarroupilha.edu.br;pesquisainstitucional@iffarroupilha.edu.br;Alameda Santiago do Chile - 195 - CEP: 97050-685 - Nossa Senhora das Dores;Santa Maria;RS;Instituto Federal de Educação, Ciência e Tecnologia;EAD - Superior / Presencial - Superior /;Publica;Pública Federal;20/01/2005;4;2015;5;2023;4;2023;;;;Ativa
9068;INSTITUTO FEDERAL DE EDUCACAO, CIENCIA E TECNOLOGIA FLUMINENSE.;10.779.511/0001-07;Pessoa Jurídica de Direito Público - Federal;1120;INSTITUTO FEDERAL DE EDUCAÇÃO, CIÊNCIA E TECNOLOGIA FLUMINENSE (IF Fluminense);IF Fluminense;(22) 27375624;www.iff.edu.br;reitoria@iff.edu.br;Rua Doutor Siqueira - 273 - CEP: 28030-130 - Parque Dom Bosco;Campos dos Goytacazes;RJ;Instituto Federal de Educação, Ciência e Tecnologia;EAD - Superior / Presencial - Superior /;Publica;Pública Federal;19/01/1998;5;2023;-;;4;2023;;;;Ativa
16657;INSTITUTO FEDERAL DE EDUCACAO, CIENCIA E TECNOLOGIA GOIANO;10.651.417/0001-78;Pessoa Jurídica de Direito Público - Federal;1303;INSTITUTO FEDERAL DE EDUCAÇÃO, CIÊNCIA E TECNOLOGIA GOIANO (IF Goiano);IF Goiano;(62) 36053600;www.ifgoiano.edu.br;pi@ifgoiano.edu.br;Rua 88 - 32, 34 e 36 - CEP: 74085-010 - Setor Sul;Goiânia;GO;Instituto Federal de Educação, Ciência e Tecnologia;EAD - Superior / Presencial - Superior /;Publica;Pública Federal;07/05/1999;5;2017;-;;4;2023;;;;Ativa
15520;INSTITUTO FEDERAL DE EDUCACAO, CIENCIA E TECNOLOGIA SUL-RIO-GRANDENSE - RS;10.729.992/0001-46;Pessoa Jurídica de Direito Público - Federal;1578;INSTITUTO FEDERAL DE EDUCAÇÃO, CIÊNCIA E TECNOLOGIA SUL-RIO-GRANDENSE (IFSul);IFSul;53 3026 6050;www.ifsul.edu.br;reitoria@ifsul.edu.br;Rua Gonçalves Chaves - 3218 - CEP: 96015-560 - Centro;Pelotas;RS;Instituto Federal de Educação, Ciência e Tecnologia;EAD - Superior / Presencial - Superior /;Publica;Pública Federal;20/01/1999;4;2016;4;2020;4;2023;;;;Ativa
16100;SENADO FEDERAL;00.530.279/0001-15;Pessoa Jurídica de Direito Público - Federal;21508;Instituto Legislativo Brasileiro (ILB);ILB;(61) 33032599;www.senado.leg.br/ilb;ilb@senado.leg.br;Via N2, Edifício ILB - s/n - CEP: 70650-900 - Área Central;Brasília;DF;Escola de Governo;Escola do Governo;Publica;Pública Federal;08/02/2013;5;2025;-;;-;;;;;Ativa
17169;INSTITUTO MILITAR DE ENGENHARIA;08.711.015/0001-70;Pessoa Jurídica de Direito Público - Federal;633;INSTITUTO MILITAR DE ENGENHARIA (IME);IME;(21) 2546 7080;www.ime.eb.br;comando.ime@ime.eb.br;Praça General Tibúrcio - 80 - CEP: 22290-270 - URCA;Rio de Janeiro;RJ;Faculdade;EAD - Superior / Presencial - Superior /;Publica;Pública Federal;31/12/1928;5;2024;-;;5;2023;;;;Ativa
17442;MINISTERIO DA SAUDE;00.394.544/0213-44;Pessoa Jurídica de Direito Público - Federal;24522;Instituto Nacional de Cardiologia (INC);INC;21 30372324;https://inc.saude.gov.br/;tguimaraes@inc.saude.gov.br;Rua das Laranjeiras - 374 - CEP: 22240-006 - Laranjeiras;;;Instituição Especialmente Credenciada para oferta de cursos lato sensu;EAD - Lato-sensu / Presencial - Superior;Publica;Pública Federal;;-;;-;;-;;;;;Ativa
391;MINISTERIO DA EDUCACAO;00.394.445/0188-17;Pessoa Jurídica de Direito Público - Federal;4016;INSTITUTO NACIONAL DE EDUCAÇÃO DE SURDOS (INES);INES;(21) 2285 7546;www.ines.gov.br;dirge@ines.gov.br;Rua das Laranjeiras - 232 - CEP: 22240-001 - Laranjeiras;Rio de Janeiro;RJ;Faculdade;EAD - Superior / Presencial - Superior /;Publica;Pública Federal;29/07/2004;3;2023;4;2023;4;2023;;;;Ativa
18600;MINISTERIO DA SAUDE;00.394.544/0212-63;Pessoa Jurídica de Direito Público - Federal;29090;Instituto Nacional de Traumatologia e Ortopedia Jamil Haddad - INTO (INTO);INTO;;;rfarias@into.saude.gov.br;;;;Instituição Especialmente Credenciada para oferta de cursos lato sensu;;Publica;Pública Federal;;-;;-;;-;;;;;Ativa
19804;MINISTERIO DAS RELACOES EXTERIORES;00.394.536/0014-53;Pessoa Jurídica de Direito Público - Federal;30631;INSTITUTO RIO BRANCO (IRBR);IRBR;6120309833;https://www.gov.br/mre/pt-br/instituto-rio-branco;irbr@itamaraty.gov.br;Setor SAFS Quadra 5 - 5 - CEP: 70070-600 - Zona Cívico-Administrativa;;;Escola de Governo;Escola do Governo;Publica;Pública Federal;24/12/2025;4;2025;-;;-;;;;;Ativa
15749;TRIBUNAL DE CONTAS DA UNIAO;00.414.607/0001-18;Pessoa Jurídica de Direito Público - Federal;17615;INSTITUTO SERZEDELLO CORRÊA (ISC-TCU);ISC-TCU;(61) 3527-5860;;isc@tcu.gov.br;SCES, Trecho 03 - Lote 3 - CEP: 70200-003 - Asa Sul;Brasília;DF;Escola de Governo;Escola do Governo;Publica;Pública Federal;15/02/2017;5;2025;-;;-;;;;;Ativa
15194;POLICIA MILITAR DO DISTRITO FEDERAL;08.942.610/0001-16;Pessoa Jurídica de Direito Público - Estadual;16037;Instituto Superior de Ciencias Policiais (ISCP);ISCP;6131906421;www.dec.pm.df.gov.br;pga@iscp.edu.br;Setor SPO - 04 - CEP: 70610-200 - Setores Complementares;Brasília;DF;Faculdade;EAD - Superior / Presencial - Superior /;Publica;Pública Federal;09/08/2013;5;2025;-;;-;;;;;Ativa
3345;INSTITUTO SUPERIOR DE EDUCACAO ANTONINO FREIRE - ISEAF;07.524.185/0001-82;Pessoa Jurídica de Direito Público - Estadual;5204;INSTITUTO SUPERIOR DE EDUCAÇÃO ANTONINO FREIRE - ISEAF (ISEAF);ISEAF;(86) 3216 3271;;iseaf2004@yahoo.com.br;Praça Firmina Sobreira - s/n - CEP: 64002-190 - Matinha;Teresina;PI;Faculdade;Presencial - Superior;Publica;Pública Estadual;16/12/2004;-;;-;;-;;;;Suspensão PROUNI;Ativa
14983;FUNDACAO CENTRO UNIVERSITARIO ESTADUAL DA ZONA OESTE;10.889.295/0001-52;Pessoa Jurídica de Direito Público - Estadual;5019;INSTITUTO SUPERIOR DE EDUCAÇÃO DA ZONA OESTE (ISE ZONA OESTE);ISE ZONA OESTE;;www.faetec.rj.gov.br;ise.uezo@faetec.rj.gov.br;Rua Manoel Caldeira de Alvarenga - 1203 - CEP: 23070-200 - Quintino-Bocaiúva;Rio de Janeiro;RJ;Faculdade;Presencial - Superior;Publica;Pública Estadual;12/01/2006;-;;-;;-;;;;Suspensão PROUNI;Ativa
904;FUNDACAO DE APOIO A ESCOLA TECNICA DO EST.RIO DE JANEIRO;31.608.763/0001-43;Pessoa Jurídica de Direito Público - Estadual;1357;INSTITUTO SUPERIOR DE EDUCAÇÃO DO RIO DE JANEIRO (ISERJ);ISERJ;(21) 23341749;www.iserj.net/portalacademico;direcao.dg@iserj.edu.br;Rua Mariz e Barros - 273 - CEP: 20270-003 - Praça da Bandeira;Rio de Janeiro;RJ;Faculdade;Presencial - Superior;Publica;Pública Estadual;15/10/1998;-;;-;;3;2019;;;;Ativa
904;FUNDACAO DE APOIO A ESCOLA TECNICA DO EST.RIO DE JANEIRO;31.608.763/0001-43;Pessoa Jurídica de Direito Público - Estadual;5018;INSTITUTO SUPERIOR DE EDUCAÇÃO PROFESSOR ALDO MUYLAERT (ISEPAM);ISEPAM;(22)27315896;http://www.faetec.rj.gov.br/desup;direcaogeralisepam@gmail.com;Avenida Alair Ferreira - 37 - CEP: 28100-000 - Turf Club;Campos dos Goytacazes;RJ;Faculdade;Presencial - Superior;Publica;Pública Estadual;15/08/2001;-;;-;;3;2023;;;;Ativa
904;FUNDACAO DE APOIO A ESCOLA TECNICA DO EST.RIO DE JANEIRO;31.608.763/0001-43;Pessoa Jurídica de Direito Público - Estadual;5015;INSTITUTO SUPERIOR DE TECNOLOGIA EM HORTICULTURA (ISTHORTICULTURA);ISTHORTICULTURA;;www.faetec.rj.gov.br;ist.campos@faetec.rj.gov.br;Avenida Wilson Batista - s/n - CEP: 28060-560 - Parque Aldeia;Campos dos Goytacazes;RJ;Faculdade;Presencial - Superior;Publica;Pública Estadual;18/03/2002;-;;-;;-;;;;;Ativa
392;COMANDO DA AERONAUTICA;00.394.429/0020-73;Pessoa Jurídica de Direito Público - Federal;602;INSTITUTO TECNOLÓGICO DE AERONÁUTICA (ITA);ITA;(12) 3947 5732;www.ita.br;chefe.igrca@ita.br;Praça Mal. Eduardo Gomes - 50 - CEP: 12228-900 - Vila das Acácias;São José dos Campos;SP;Faculdade;EAD - Superior / Presencial - Superior /;Publica;Pública Federal;17/01/1950;5;2022;-;;5;2023;;;;Ativa
18491;EMPRESA DE PESQUISA AGROPECUARIA DE MINAS GERAIS - EPAMIG;17.138.140/0001-23;Empresa Pública;27185;Instituto Tecnológico de Agropecuária de Pitangui (ITAP);ITAP;37-3271-4673;www.epamig.br/itap;robson.souza@epamig.br;Rodovia BR - MG 352 KM 35 - - CEP: 35650-000 - Zona Rural;Pitangui;MG;Faculdade;Presencial - Superior;Privada;Pública Estadual;21/12/2021;-;;-;;-;;;;;Ativa
409;COMANDO DO EXERCITO;00.394.452/0001-03;Pessoa Jurídica de Direito Público - Federal;31429;Odontoclinica Central do Exército (OCEx);OCEx;;www.ocex.eb.mil.br;ocexdirecao@gmail.com;Rua Moncorvo Filho - 5 - CEP: 20211-340 - Centro;;;Faculdade;Presencial - Superior;Publica;Pública Federal;03/01/2022;-;;-;;-;;;;;Ativa
16874;EMPRESA BRASILEIRA DE CORREIOS E TELEGRAFOS;34.028.316/0001-03;Empresa Pública;22419;Universidade Corporativa dos Correios;-;;;;SCEN Trecho 2, Lote 4, Via L4 Norte - s/n - CEP: 70800-900 - Asa Norte;Brasília;DF;Escola de Governo;Escola do Governo;Privada;Pública Federal;19/09/2024;4;2021;-;;-;;;;;Ativa
16658;UNIVERSIDADE DA INTEGRACAO INTERNACIONAL DA LUSOFONIA AFRO-BRASILEIRA;12.397.930/0001-00;Pessoa Jurídica de Direito Público - Federal;15497;UNIVERSIDADE DA INTEGRAÇÃO INTERNACIONAL DA LUSOFONIA AFRO-BRASILEIRA (UNILAB);UNILAB;(85) 3332 1410;www.unilab.edu.br;chefiadegabinete@unilab.edu.br;Av. da Abolição - 03 - CEP: 62790-000 - Centro;Redenção;CE;Universidade;EAD - Superior / Presencial - Superior /;Publica;Pública Federal;21/07/2010;4;2017;5;2022;4;2023;;;;Ativa
2;FUNDACAO UNIVERSIDADE DE BRASILIA;00.038.174/0001-43;Pessoa Jurídica de Direito Público - Federal;2;UNIVERSIDADE DE BRASÍLIA (UNB);UNB;(61)3107-0254;www.unb.br;unb@unb.br;Campus Universitário Darcy Ribeiro - s/n - CEP: 70910-900 - Asa Norte;Brasília;DF;Universidade;EAD - Superior / Presencial - Superior /;Publica;Pública Federal;16/01/1962;5;2020;5;2023;5;2023;;;;Ativa
283;FUNDACAO UNIVERSIDADE DE PERNAMBUCO;11.022.597/0001-91;Pessoa Jurídica de Direito Público - Estadual;409;UNIVERSIDADE DE PERNAMBUCO (UPE);UPE;(81) 31833778;www.upe.br;prograd@upe.br;Avenida Agamenon Magalhães - S/N - CEP: 50100-010 - Santo Amaro;Recife;PE;Universidade;EAD - Superior / Presencial - Superior /;Publica;Pública Estadual;31/05/1960;-;;4;2016;4;2023;;;;Ativa
15715;UNIVERSIDADE DE SAO PAULO;63.025.530/0001-04;Pessoa Jurídica de Direito Público - Estadual;55;UNIVERSIDADE DE SÃO PAULO (USP);USP;(11) 3091 3500;www.usp.br;gr@usp.br;Rua da Reitoria - 374 - CEP: 05508-220 - Butantã;São Paulo;SP;Universidade;EAD - Superior / Presencial - Superior /;Publica;Pública Estadual;25/01/1934;-;;5;2019;-;;;;;Ativa
18343;UNIVERSIDADE DO DISTRITO FEDERAL PROFESSOR JORGE AMAURY MAIA NUNES - UNDF;43.061.297/0001-08;Pessoa Jurídica de Direito Público - Estadual;27103;UNIVERSIDADE DO DISTRITO FEDERAL (UnDF);UnDF;(61)34628865;universidade.df.gov.br;reitoria@undf.edu.br;Parque Capital Digital Lote 4 - 2º andar - CEP: 70635-815 - Zona Industrial;Brasília;DF;Universidade;Presencial - Superior;Publica;Pública Estadual;27/07/2021;-;;-;;-;;;;;Ativa
36;UNIVERSIDADE DO ESTADO DA BAHIA;14.485.841/0001-40;Pessoa Jurídica de Direito Público - Estadual;40;UNIVERSIDADE DO ESTADO DA BAHIA (UNEB);UNEB;(71) 3117-2354 (71) 3117-2734;www.uneb.br;asmlima@uneb.br;AC Santo Antônio de Jesus - 0 - CEP: 44571-970 - Centro;;;Universidade;EAD - Superior / Presencial - Superior /;Publica;Pública Estadual;01/06/1983;-;;-;;4;2023;;;;Ativa
36;UNIVERSIDADE DO ESTADO DA BAHIA;14.485.841/0001-40;Pessoa Jurídica de Direito Público - Estadual;40;UNIVERSIDADE DO ESTADO DA BAHIA (UNEB);UNEB;(71) 3117-2354 (71) 3117-2734;www.uneb.br;asmlima@uneb.br;Av. Agenor Magalhães - 0 - CEP: 47600-000 - Amaralina;;;Universidade;EAD - Superior / Presencial - Superior /;Publica;Pública Estadual;01/06/1983;-;;-;;4;2023;;;;Ativa
36;UNIVERSIDADE DO ESTADO DA BAHIA;14.485.841/0001-40;Pessoa Jurídica de Direito Público - Estadual;40;UNIVERSIDADE DO ESTADO DA BAHIA (UNEB);UNEB;(71) 3117-2354 (71) 3117-2734;www.uneb.br;asmlima@uneb.br;Av. Contorno - 0 - CEP: 46400-000 - Centro;;;Universidade;EAD - Superior / Presencial - Superior /;Publica;Pública Estadual;01/06/1983;-;;-;;4;2023;;;;Ativa
36;UNIVERSIDADE DO ESTADO DA BAHIA;14.485.841/0001-40;Pessoa Jurídica de Direito Público - Estadual;40;UNIVERSIDADE DO ESTADO DA BAHIA (UNEB);UNEB;(71) 3117-2354 (71) 3117-2734;www.uneb.br;asmlima@uneb.br;Avenida David Jonas Fadini - 300 - CEP: 45823-035 - Stela Reis;;;Universidade;EAD - Superior / Presencial - Superior /;Publica;Pública Estadual;01/06/1983;-;;-;;4;2023;;;;Ativa
36;UNIVERSIDADE DO ESTADO DA BAHIA;14.485.841/0001-40;Pessoa Jurídica de Direito Público - Estadual;40;UNIVERSIDADE DO ESTADO DA BAHIA (UNEB);UNEB;(71) 3117-2354 (71) 3117-2734;www.uneb.br;asmlima@uneb.br;Avenida Juracy Magalhães - 03 - CEP: 48040-210 - Juracy Magalhães;;;Universidade;EAD - Superior / Presencial - Superior /;Publica;Pública Estadual;01/06/1983;-;;-;;4;2023;;;;Ativa
36;UNIVERSIDADE DO ESTADO DA BAHIA;14.485.841/0001-40;Pessoa Jurídica de Direito Público - Estadual;40;UNIVERSIDADE DO ESTADO DA BAHIA (UNEB);UNEB;(71) 3117-2354 (71) 3117-2734;www.uneb.br;asmlima@uneb.br;Avenida Juracy Magalhães - 0 - CEP: 48040-210 - Juracy Magalhães;;;Universidade;EAD - Superior / Presencial - Superior /;Publica;Pública Estadual;01/06/1983;-;;-;;4;2023;;;;Ativa
36;UNIVERSIDADE DO ESTADO DA BAHIA;14.485.841/0001-40;Pessoa Jurídica de Direito Público - Estadual;40;UNIVERSIDADE DO ESTADO DA BAHIA (UNEB);UNEB;(71) 3117-2354 (71) 3117-2734;www.uneb.br;asmlima@uneb.br;Av. Getulio Vargas - 769 - CEP: 45570-000 - Centro;;;Universidade;EAD - Superior / Presencial - Superior /;Publica;Pública Estadual;01/06/1983;-;;-;;4;2023;;;;Ativa
36;UNIVERSIDADE DO ESTADO DA BAHIA;14.485.841/0001-40;Pessoa Jurídica de Direito Público - Estadual;40;UNIVERSIDADE DO ESTADO DA BAHIA (UNEB);UNEB;(71) 3117-2354 (71) 3117-2734;www.uneb.br;asmlima@uneb.br;Av. J.J. Seabra - 158 - CEP: 44700-000 - Estação;;;Universidade;EAD - Superior / Presencial - Superior /;Publica;Pública Estadual;01/06/1983;-;;-;;4;2023;;;;Ativa
36;UNIVERSIDADE DO ESTADO DA BAHIA;14.485.841/0001-40;Pessoa Jurídica de Direito Público - Estadual;40;UNIVERSIDADE DO ESTADO DA BAHIA (UNEB);UNEB;(71) 3117-2354 (71) 3117-2734;www.uneb.br;asmlima@uneb.br;Av. Kaikan - 0 - CEP: 45995-000 - Jardim Caraipe;;;Universidade;EAD - Superior / Presencial - Superior /;Publica;Pública Estadual;01/06/1983;-;;-;;4;2023;;;;Ativa
36;UNIVERSIDADE DO ESTADO DA BAHIA;14.485.841/0001-40;Pessoa Jurídica de Direito Público - Estadual;40;UNIVERSIDADE DO ESTADO DA BAHIA (UNEB);UNEB;(71) 3117-2354 (71) 3117-2734;www.uneb.br;asmlima@uneb.br;Av. Lindolfo Azevedo Brito 1.170 - 1170 - CEP: 46100-000 - Rodovia Brumado-Livramento;;;Universidade;EAD - Superior / Presencial - Superior /;Publica;Pública Estadual;01/06/1983;-;;-;;4;2023;;;;Ativa
36;UNIVERSIDADE DO ESTADO DA BAHIA;14.485.841/0001-40;Pessoa Jurídica de Direito Público - Estadual;40;UNIVERSIDADE DO ESTADO DA BAHIA (UNEB);UNEB;(71) 3117-2354 (71) 3117-2734;www.uneb.br;asmlima@uneb.br;Av. Lindolfo Azevedo Brito - 1170 - CEP: 46100-000 - Rodovia Brumado - Livramento;;;Universidade;EAD - Superior / Presencial - Superior /;Publica;Pública Estadual;01/06/1983;-;;-;;4;2023;;;;Ativa
36;UNIVERSIDADE DO ESTADO DA BAHIA;14.485.841/0001-40;Pessoa Jurídica de Direito Público - Estadual;40;UNIVERSIDADE DO ESTADO DA BAHIA (UNEB);UNEB;(71) 3117-2354 (71) 3117-2734;www.uneb.br;asmlima@uneb.br;Av. Luis Eduardo Magalhaes - 988 - CEP: 48730-000 - Jaqueira;;;Universidade;EAD - Superior / Presencial - Superior /;Publica;Pública Estadual;01/06/1983;-;;-;;4;2023;;;;Ativa
36;UNIVERSIDADE DO ESTADO DA BAHIA;14.485.841/0001-40;Pessoa Jurídica de Direito Público - Estadual;40;UNIVERSIDADE DO ESTADO DA BAHIA (UNEB);UNEB;(71) 3117-2354 (71) 3117-2734;www.uneb.br;asmlima@uneb.br;Av. Luis Eduardo Magalhães - 988 - CEP: 48730-000 - Jaqueira;;;Universidade;EAD - Superior / Presencial - Superior /;Publica;Pública Estadual;01/06/1983;-;;-;;4;2023;;;;Ativa
36;UNIVERSIDADE DO ESTADO DA BAHIA;14.485.841/0001-40;Pessoa Jurídica de Direito Público - Estadual;40;UNIVERSIDADE DO ESTADO DA BAHIA (UNEB);UNEB;(71) 3117-2354 (71) 3117-2734;www.uneb.br;asmlima@uneb.br;Av. Luiz Viana Filho - 0 - CEP: 46880-000 - Batalhão;;;Universidade;EAD - Superior / Presencial - Superior /;Publica;Pública Estadual;01/06/1983;-;;-;;4;2023;;;;Ativa
36;UNIVERSIDADE DO ESTADO DA BAHIA;14.485.841/0001-40;Pessoa Jurídica de Direito Público - Estadual;40;UNIVERSIDADE DO ESTADO DA BAHIA (UNEB);UNEB;(71) 3117-2354 (71) 3117-2734;www.uneb.br;asmlima@uneb.br;av. Vanessa Cardoso e Cardoso de Lira - 0 - CEP: 46430-000 - Ipanema;;;Universidade;EAD - Superior / Presencial - Superior /;Publica;Pública Estadual;01/06/1983;-;;-;;4;2023;;;;Ativa
36;UNIVERSIDADE DO ESTADO DA BAHIA;14.485.841/0001-40;Pessoa Jurídica de Direito Público - Estadual;40;UNIVERSIDADE DO ESTADO DA BAHIA (UNEB);UNEB;(71) 3117-2354 (71) 3117-2734;www.uneb.br;asmlima@uneb.br;Canudos - 00 - CEP: 48520-000 - Distrito Industrial;;;Universidade;EAD - Superior / Presencial - Superior /;Publica;Pública Estadual;01/06/1983;-;;-;;4;2023;;;;Ativa
36;UNIVERSIDADE DO ESTADO DA BAHIA;14.485.841/0001-40;Pessoa Jurídica de Direito Público - Estadual;40;UNIVERSIDADE DO ESTADO DA BAHIA (UNEB);UNEB;(71) 3117-2354 (71) 3117-2734;www.uneb.br;asmlima@uneb.br;Lot. Flamengo,km. 4 - 0 - CEP: 47800-000 - BR 242;;;Universidade;EAD - Superior / Presencial - Superior /;Publica;Pública Estadual;01/06/1983;-;;-;;4;2023;;;;Ativa
36;UNIVERSIDADE DO ESTADO DA BAHIA;14.485.841/0001-40;Pessoa Jurídica de Direito Público - Estadual;40;UNIVERSIDADE DO ESTADO DA BAHIA (UNEB);UNEB;(71) 3117-2354 (71) 3117-2734;www.uneb.br;asmlima@uneb.br;Luis Eduardo Magalhaes - 988 - CEP: 48730-000 - Jaqueira;;;Universidade;EAD - Superior / Presencial - Superior /;Publica;Pública Estadual;01/06/1983;-;;-;;4;2023;;;;Ativa
36;UNIVERSIDADE DO ESTADO DA BAHIA;14.485.841/0001-40;Pessoa Jurídica de Direito Público - Estadual;40;UNIVERSIDADE DO ESTADO DA BAHIA (UNEB);UNEB;(71) 3117-2354 (71) 3117-2734;www.uneb.br;asmlima@uneb.br;Luis Eduardo Magalhães - 988 - CEP: 48730-000 - Jaqueira;;;Universidade;EAD - Superior / Presencial - Superior /;Publica;Pública Estadual;01/06/1983;-;;-;;4;2023;;;;Ativa
36;UNIVERSIDADE DO ESTADO DA BAHIA;14.485.841/0001-40;Pessoa Jurídica de Direito Público - Estadual;40;UNIVERSIDADE DO ESTADO DA BAHIA (UNEB);UNEB;(71) 3117-2354 (71) 3117-2734;www.uneb.br;asmlima@uneb.br;Rod. Alagoinhas, km 03 - 0 - CEP: 48000-000 - BR 110;;;Universidade;EAD - Superior / Presencial - Superior /;Publica;Pública Estadual;01/06/1983;-;;-;;4;2023;;;;Ativa
36;UNIVERSIDADE DO ESTADO DA BAHIA;14.485.841/0001-40;Pessoa Jurídica de Direito Público - Estadual;40;UNIVERSIDADE DO ESTADO DA BAHIA (UNEB);UNEB;(71) 3117-2354 (71) 3117-2734;www.uneb.br;asmlima@uneb.br;Rod BA 512, KM 1,5 - 0 - CEP: 42800-000 - Santo Antonio;;;Universidade;EAD - Superior / Presencial - Superior /;Publica;Pública Estadual;01/06/1983;-;;-;;4;2023;;;;Ativa
36;UNIVERSIDADE DO ESTADO DA BAHIA;14.485.841/0001-40;Pessoa Jurídica de Direito Público - Estadual;40;UNIVERSIDADE DO ESTADO DA BAHIA (UNEB);UNEB;(71) 3117-2354 (71) 3117-2734;www.uneb.br;asmlima@uneb.br;RODOVIA LOMANTO JUNIOR - - 0 - CEP: 48970-000 - BR 407;;;Universidade;EAD - Superior / Presencial - Superior /;Publica;Pública Estadual;01/06/1983;-;;-;;4;2023;;;;Ativa
36;UNIVERSIDADE DO ESTADO DA BAHIA;14.485.841/0001-40;Pessoa Jurídica de Direito Público - Estadual;40;UNIVERSIDADE DO ESTADO DA BAHIA (UNEB);UNEB;(71) 3117-2354 (71) 3117-2734;www.uneb.br;asmlima@uneb.br;R. Prof. Carlos Santos - 601 - CEP: 44700-000 - Zona do Hospital;;;Universidade;EAD - Superior / Presencial - Superior /;Publica;Pública Estadual;01/06/1983;-;;-;;4;2023;;;;Ativa
36;UNIVERSIDADE DO ESTADO DA BAHIA;14.485.841/0001-40;Pessoa Jurídica de Direito Público - Estadual;40;UNIVERSIDADE DO ESTADO DA BAHIA (UNEB);UNEB;(71) 3117-2354 (71) 3117-2734;www.uneb.br;asmlima@uneb.br;Rua Alvaro Augusto - 0 - CEP: 48700-000 - Rodoviária;;;Universidade;EAD - Superior / Presencial - Superior /;Publica;Pública Estadual;01/06/1983;-;;-;;4;2023;;;;Ativa
36;UNIVERSIDADE DO ESTADO DA BAHIA;14.485.841/0001-40;Pessoa Jurídica de Direito Público - Estadual;40;UNIVERSIDADE DO ESTADO DA BAHIA (UNEB);UNEB;(71) 3117-2354 (71) 3117-2734;www.uneb.br;asmlima@uneb.br;Rua do Gangorra - 503 - CEP: 48608-240 - Alves de Souza;;;Universidade;EAD - Superior / Presencial - Superior /;Publica;Pública Estadual;01/06/1983;-;;-;;4;2023;;;;Ativa
36;UNIVERSIDADE DO ESTADO DA BAHIA;14.485.841/0001-40;Pessoa Jurídica de Direito Público - Estadual;40;UNIVERSIDADE DO ESTADO DA BAHIA (UNEB);UNEB;(71) 3117-2354 (71) 3117-2734;www.uneb.br;asmlima@uneb.br;Rua dos Vereadores - 0 - CEP: 42700-000 - Joquey Clube;;;Universidade;EAD - Superior / Presencial - Superior /;Publica;Pública Estadual;01/06/1983;-;;-;;4;2023;;;;Ativa
36;UNIVERSIDADE DO ESTADO DA BAHIA;14.485.841/0001-40;Pessoa Jurídica de Direito Público - Estadual;40;UNIVERSIDADE DO ESTADO DA BAHIA (UNEB);UNEB;(71) 3117-2354 (71) 3117-2734;www.uneb.br;asmlima@uneb.br;Rua dos Vereadores - 0 - CEP: 42700-000 - Lot. Joquei Clube;;;Universidade;EAD - Superior / Presencial - Superior /;Publica;Pública Estadual;01/06/1983;-;;-;;4;2023;;;;Ativa
36;UNIVERSIDADE DO ESTADO DA BAHIA;14.485.841/0001-40;Pessoa Jurídica de Direito Público - Estadual;40;UNIVERSIDADE DO ESTADO DA BAHIA (UNEB);UNEB;(71) 3117-2354 (71) 3117-2734;www.uneb.br;asmlima@uneb.br;Rua Edgar Chastinet - 0 - CEP: 48900-000 - Sao Geraldo;;;Universidade;EAD - Superior / Presencial - Superior /;Publica;Pública Estadual;01/06/1983;-;;-;;4;2023;;;;Ativa
36;UNIVERSIDADE DO ESTADO DA BAHIA;14.485.841/0001-40;Pessoa Jurídica de Direito Público - Estadual;40;UNIVERSIDADE DO ESTADO DA BAHIA (UNEB);UNEB;(71) 3117-2354 (71) 3117-2734;www.uneb.br;asmlima@uneb.br;Rua Enock Canário de Araujos - 0 - CEP: 48500-000 - Jeremias;;;Universidade;EAD - Superior / Presencial - Superior /;Publica;Pública Estadual;01/06/1983;-;;-;;4;2023;;;;Ativa
36;UNIVERSIDADE DO ESTADO DA BAHIA;14.485.841/0001-40;Pessoa Jurídica de Direito Público - Estadual;40;UNIVERSIDADE DO ESTADO DA BAHIA (UNEB);UNEB;(71) 3117-2354 (71) 3117-2734;www.uneb.br;asmlima@uneb.br;Rua Silveira Martins - 00 - CEP: 41150-000 - Cabula;;;Universidade;EAD - Superior / Presencial - Superior /;Publica;Pública Estadual;01/06/1983;-;;-;;4;2023;;;;Ativa
36;UNIVERSIDADE DO ESTADO DA BAHIA;14.485.841/0001-40;Pessoa Jurídica de Direito Público - Estadual;40;UNIVERSIDADE DO ESTADO DA BAHIA (UNEB);UNEB;(71) 3117-2354 (71) 3117-2734;www.uneb.br;asmlima@uneb.br;Rua Silveira Martins - 2555 - CEP: 41150-000 - Cabula;;;Universidade;EAD - Superior / Presencial - Superior /;Publica;Pública Estadual;01/06/1983;-;;-;;4;2023;;;;Ativa
36;UNIVERSIDADE DO ESTADO DA BAHIA;14.485.841/0001-40;Pessoa Jurídica de Direito Público - Estadual;40;UNIVERSIDADE DO ESTADO DA BAHIA (UNEB);UNEB;(71) 3117-2354 (71) 3117-2734;www.uneb.br;asmlima@uneb.br;Rua Tiradentes - 54 - CEP: 44900-000 - Estrada do Feijão;;;Universidade;EAD - Superior / Presencial - Superior /;Publica;Pública Estadual;01/06/1983;-;;-;;4;2023;;;;Ativa
36;UNIVERSIDADE DO ESTADO DA BAHIA;14.485.841/0001-40;Pessoa Jurídica de Direito Público - Estadual;40;UNIVERSIDADE DO ESTADO DA BAHIA (UNEB);UNEB;(71) 3117-2354 (71) 3117-2734;www.uneb.br;asmlima@uneb.br;Seabra - 00000 - CEP: 46900-000 - Distrito Industrial;;;Universidade;EAD - Superior / Presencial - Superior /;Publica;Pública Estadual;01/06/1983;-;;-;;4;2023;;;;Ativa
36;UNIVERSIDADE DO ESTADO DA BAHIA;14.485.841/0001-40;Pessoa Jurídica de Direito Público - Estadual;40;UNIVERSIDADE DO ESTADO DA BAHIA (UNEB);UNEB;(71) 3117-2354 (71) 3117-2734;www.uneb.br;asmlima@uneb.br;Sta Maria Vitória - 00 - CEP: 47640-000 - Distrito Industrial;;;Universidade;EAD - Superior / Presencial - Superior /;Publica;Pública Estadual;01/06/1983;-;;-;;4;2023;;;;Ativa
36;UNIVERSIDADE DO ESTADO DA BAHIA;14.485.841/0001-40;Pessoa Jurídica de Direito Público - Estadual;40;UNIVERSIDADE DO ESTADO DA BAHIA (UNEB);UNEB;(71) 3117-2354 (71) 3117-2734;www.uneb.br;asmlima@uneb.br;Sto Estêvão - 000000 - CEP: 44190-000 - Distrito Industrial;;;Universidade;EAD - Superior / Presencial - Superior /;Publica;Pública Estadual;01/06/1983;-;;-;;4;2023;;;;Ativa
36;UNIVERSIDADE DO ESTADO DA BAHIA;14.485.841/0001-40;Pessoa Jurídica de Direito Público - Estadual;40;UNIVERSIDADE DO ESTADO DA BAHIA (UNEB);UNEB;(71) 3117-2354 (71) 3117-2734;www.uneb.br;asmlima@uneb.br;Valença - 0000 - CEP: 45400-000 - Novo Horizonte;;;Universidade;EAD - Superior / Presencial - Superior /;Publica;Pública Estadual;01/06/1983;-;;-;;4;2023;;;;Ativa
482;FUNDACAO UNIVERSIDADE DO ESTADO DE MATO GROSSO;01.367.770/0001-30;Pessoa Jurídica de Direito Público - Estadual;719;Universidade do Estado de Mato Grosso Carlos Alberto Reyes Maldonado - UNEMAT (UNEMAT);UNEMAT;(65) 3221 0000;www.unemat.br;"reitoriaunemat@unemat.br; regulacao@unemat.br";Avenida Tancredo Neves 1095 - 1095 - CEP: 78217-900 - Cavalhada III;Cáceres;MT;Universidade;EAD - Superior / Presencial - Superior /;Publica;Pública Estadual;20/07/1978;-;;4;2024;3;2023;;;;Ativa
112;UNIVERSIDADE DO ESTADO DE MINAS GERAIS;65.172.579/0001-15;Pessoa Jurídica de Direito Público - Estadual;1036;UNIVERSIDADE DO ESTADO DE MINAS GERAIS (UEMG);UEMG;(31) 3916-0471;www.uemg.br;gabinete@uemg.br;Av. Presidente Antônio Carlos - 7545 - CEP: 31275-083 - São Luiz;Belo Horizonte;MG;Universidade;EAD - Superior / Presencial - Superior /;Publica;Pública Estadual;22/07/1994;-;;4;2023;3;2023;;;;Ativa
3666;GOVERNO DO ESTADO DO AMAPA;00.394.577/0001-25;Pessoa Jurídica de Direito Público - Estadual;5701;UNIVERSIDADE DO ESTADO DO AMAPÁ (UEAP);UEAP;;www.ueap.edu.br;gabinete@ueap.edu.br;Avenida Presidente Getúlio Vargas - 650 - CEP: 68900-070 - Central;Macapá;AP;Universidade;Presencial - Superior;Publica;Pública Estadual;31/05/2006;-;;-;;3;2023;;;;Ativa
2015;UNIVERSIDADE DO ESTADO DO AMAZONAS;04.280.196/0001-76;Pessoa Jurídica de Direito Público - Estadual;3172;UNIVERSIDADE DO ESTADO DO AMAZONAS (UEA);UEA;92-99517-3052;www.uea.edu.br;gabinetechefia@uea.edu.br;Avenida Djalma Batista - 2490 - CEP: 69005-010 - Flores;Manaus;AM;Universidade;EAD - Superior / Presencial - Superior /;Publica;Pública Estadual;12/01/2001;-;;3;2023;4;2023;;;;Ativa
34;UNIVERSIDADE DO ESTADO DO PARA UEP;34.860.833/0001-44;Pessoa Jurídica de Direito Público - Estadual;38;UNIVERSIDADE DO ESTADO DO PARÁ (UEPA);UEPA;(91)32849602;www.uepa.br;gabinete@uepa.br;Travessa Djalma Dutra - S/N - CEP: 66113-010 - Telégrafo Sem Fio;Belém;PA;Universidade;EAD - Superior / Presencial - Superior /;Publica;Pública Estadual;18/05/1993;-;;3;2014;SC;2014;;;;Ativa
379;UNIVERSIDADE DO ESTADO DO RIO DE JANEIRO;33.540.014/0001-57;Pessoa Jurídica de Direito Público - Estadual;547;UNIVERSIDADE DO ESTADO DO RIO DE JANEIRO (UERJ);UERJ;(21) 2334-0652;www.uerj.br;reitoria@uerj.br;Rua São Francisco Xavier - 524 - CEP: 20559-900 - MARACANÃ;Rio de Janeiro;RJ;Universidade;EAD - Superior / Presencial - Superior /;Publica;Pública Estadual;04/12/1950;-;;4;2016;4;2023;;;;Ativa
55;FUNDACAO UNIVERSIDADE DO ESTADO DO RIO GRANDE DO NORTE - FUERN;08.258.295/0001-02;Pessoa Jurídica de Direito Público - Estadual;71;UNIVERSIDADE DO ESTADO DO RIO GRANDE DO NORTE (UERN);UERN;(84) 3315 2139 / (84)3315-2148;www.uern.br;"reitoria@uern.br;secretaria@uern.br";Rua Almino Afonso - 478 - CEP: 59610-210 - CENTRO;Mossoró;RN;Universidade;EAD - Superior / Presencial - Superior /;Publica;Pública Estadual;28/09/1968;-;;-;;4;2023;;;;Ativa
382;UNIVERSIDADE ESTADUAL DA PARAIBA;12.671.814/0001-37;Pessoa Jurídica de Direito Público - Estadual;550;UNIVERSIDADE ESTADUAL DA PARAÍBA (UEPB);UEPB;(83) 33153303;www.uepb.edu.br;reitoria@setor.uepb.edu.br;Avenida das Baraúnas - 351 - CEP: 58109-763 - Bodocongó;Campina Grande;PB;Universidade;EAD - Superior / Presencial - Superior /;Publica;Pública Estadual;15/03/1966;-;;3;2020;3;2023;;;;Ativa
17134;UNIVERSIDADE ESTADUAL DA REGIAO TOCANTINA DO MARANHAO;26.677.304/0001-81;Pessoa Jurídica de Direito Público - Estadual;23410;UNIVERSIDADE ESTADUAL DA REGIÃO TOCANTINA DO MARANHÃO (UEMASUL);UEMASUL;99-35284225;;;Rua Godofredo Viana - 1300 - CEP: 65901-480 - Centro;Imperatriz;MA;Universidade;Presencial - Superior;Publica;Pública Estadual;04/11/2016;-;;-;;3;2023;;;;Ativa
335;UNIVERSIDADE ESTADUAL DE ALAGOAS;02.436.870/0001-33;Pessoa Jurídica de Direito Público - Estadual;5242;UNIVERSIDADE ESTADUAL DE ALAGOAS - UNEAL (UNEAL);UNEAL;(82)3521-3019;www.uneal.edu.br;gabinete@uneal.edu.br;Rua Governador Luiz Cavalcante - s/n - CEP: 57312-270 - Alto do Cruzeiro;Arapiraca;AL;Universidade;EAD - Superior / Presencial - Superior /;Publica;Pública Estadual;22/12/2006;-;;3;2022;3;2023;;;;Ativa
12575;UNIVERSIDADE ESTADUAL DE CAMPINAS;46.068.425/0001-33;Pessoa Jurídica de Direito Público - Estadual;54;UNIVERSIDADE ESTADUAL DE CAMPINAS (UNICAMP);UNICAMP;(19) 3521 4722;www.unicamp.br;reitor@reitoria.unicamp.br;Cidade Universitária - S/N - CEP: 13083-970 - BARÃO GERALDO;Campinas;SP;Universidade;Presencial - Superior;Publica;Pública Estadual;28/12/1962;-;;-;;5;2023;;;;Ativa
32;UNIVERSIDADE ESTADUAL DE CIENCIAS DA SAUDE DE ALAGOAS;12.517.793/0001-08;Pessoa Jurídica de Direito Público - Estadual;32;UNIVERSIDADE ESTADUAL DE CIÊNCIAS DA SAÚDE DE ALAGOAS - UNCISAL (UNCISAL);UNCISAL;(82) 33156705 / (82) 33156702;www.uncisal.edu.br;reitoria@uncisal.edu.br;Rua Jorge de Lima - 113 - CEP: 57010-300 - Trapiche da Barra;Maceió;AL;Universidade;EAD - Superior / Presencial - Superior /;Publica;Pública Estadual;15/03/1970;-;;3;2013;4;2023;;;;Ativa
438;UNIVERSIDADE ESTADUAL DE FEIRA DE SANTANA;14.045.546/0001-73;Pessoa Jurídica de Direito Público - Estadual;666;UNIVERSIDADE ESTADUAL DE FEIRA DE SANTANA (UEFS);UEFS;75 3161 8193;www.uefs.br;procuradoriaeducacional@uefs.br;Av Transnordestina - S/N - CEP: 44036-900 - Novo Horizonte;Feira de Santana;BA;Universidade;EAD - Superior / Presencial - Superior /;Publica;Pública Estadual;24/01/1970;-;;4;2016;4;2023;;;;Ativa
42;UNIVERSIDADE ESTADUAL DE GOIAS;01.112.580/0001-71;Pessoa Jurídica de Direito Público - Estadual;47;UNIVERSIDADE ESTADUAL DE GOIÁS (UEG);UEG;62 3328 1433;www.ueg.br;reitor@ueg.br;Rodovia BR-153, Quadra Área, Km 99, Bloco I a IV - s/nº - CEP: 75132-903 - ZONA RURAL;Anápolis;GO;Universidade;EAD - Superior / Presencial - Superior /;Publica;Pública Estadual;20/04/1999;-;;5;2017;3;2023;;;;Ativa
37;SECRETARIA DE ESTADO DA CIENCIA, TECNOLOGIA E ENSINO SUPERIOR - SETI;77.046.951/0001-26;Pessoa Jurídica de Direito Público - Estadual;9;UNIVERSIDADE ESTADUAL DE LONDRINA (UEL);UEL;(43) 3371-4311;www.uel.br;"proplandaai@uel.br;reitoria@uel.br;euchoa@uel.br; fongari@uel.br";Rodovia Celso Garcia Cid Pr 445 Km 380 - - CEP: 86057-970 - Campus Universitário;Londrina;PR;Universidade;EAD - Superior / Presencial - Superior /;Publica;Pública Estadual;28/01/1970;-;;4;2019;4;2023;;;;Ativa
37;SECRETARIA DE ESTADO DA CIENCIA, TECNOLOGIA E ENSINO SUPERIOR - SETI;77.046.951/0001-26;Pessoa Jurídica de Direito Público - Estadual;57;UNIVERSIDADE ESTADUAL DE MARINGÁ (UEM);UEM;"(44)3011-4240;44-3011-4280; 44-3011-5142";www.uem.br;"sec-pld@uem.br;sec-gre@uem.br;pld-pi@uem.br";Avenida Colombo - 5790 - CEP: 87020-900 - Zona 7;Maringá;PR;Universidade;EAD - Superior / Presencial - Superior /;Publica;Pública Estadual;10/11/1969;-;;4;2023;5;2023;;;;Ativa
729;SECRETARIA DE ESTADO DE EDUCACAO DE MATO GROSSO DO SUL;02.585.924/0001-22;Pessoa Jurídica de Direito Público - Estadual;1028;UNIVERSIDADE ESTADUAL DE MATO GROSSO DO SUL (UEMS);UEMS;(67) 3902-2424;www.uems.br;"thiago.alves@uems.br;pi@uems.br";Cidade Universitária de Dourados - s/n - CEP: 79804-970 - Cidade Universitária;Dourados;MS;Universidade;EAD - Superior / Presencial - Superior /;Publica;Pública Estadual;22/12/1993;-;;4;2019;3;2023;;;;Ativa
256;UNIVERSIDADE ESTADUAL DE MONTES CLAROS;22.675.359/0001-00;Pessoa Jurídica de Direito Público - Estadual;367;UNIVERSIDADE ESTADUAL DE MONTES CLAROS (UNIMONTES);UNIMONTES;(38) 3229 8101;http://www.unimontes.br;gabinete.reitor@unimontes.br;Campus Universitário Prof. Darcy Ribeiro - Avenida Rui Braga - s/n - CEP: 39401-089 - Vila Mauricéia;Montes Claros;MG;Universidade;EAD - Superior / Presencial - Superior /;Publica;Pública Estadual;24/05/1962;-;;4;2014;4;2023;;;;Ativa
37;SECRETARIA DE ESTADO DA CIENCIA, TECNOLOGIA E ENSINO SUPERIOR - SETI;77.046.951/0001-26;Pessoa Jurídica de Direito Público - Estadual;730;UNIVERSIDADE ESTADUAL DE PONTA GROSSA (UEPG);UEPG;(42)32203000 / (42)32203300;www.uepg.br;gabinetedareitoria@uepg.br;Av. Carlos Cavalcanti - 4748 - CEP: 84030-900 - Uvaranas;Ponta Grossa;PR;Universidade;EAD - Superior / Presencial - Superior /;Publica;Pública Estadual;18/03/1966;-;;3;2013;4;2023;;;;Ativa
15705;UNIVERSIDADE ESTADUAL DE RORAIMA;08.240.695/0001-90;Pessoa Jurídica de Direito Público - Estadual;5077;UNIVERSIDADE ESTADUAL DE RORAIMA (UERR);UERR;95-2121-0934;www.uerr.edu.br;registro@uerr.edu.br;Avenida Sete de Setembro - 231 - CEP: 69306-530 - Canarinho;Boa Vista;RR;Universidade;EAD - Superior / Presencial - Superior /;Publica;Pública Estadual;04/06/2018;-;;-;;4;2023;;;;Ativa
24;UNIVERSIDADE ESTADUAL DE SANTA CRUZ;40.738.999/0001-95;Pessoa Jurídica de Direito Público - Estadual;24;UNIVERSIDADE ESTADUAL DE SANTA CRUZ (UESC);UESC;73 3680 5311;www.uesc.br;reitoria@uesc.br;KM 16 DA RODOVIA ILHÉUS ITABUNA - S/N - CEP: 45662-900 - Salobrinho;Ilhéus;BA;Universidade;EAD - Superior / Presencial - Superior /;Publica;Pública Estadual;05/12/1991;-;;4;2019;4;2023;;;;Ativa
29;FUNDACAO UNIVERSIDADE ESTADUAL DO CEARA FUNECE;07.885.809/0001-97;Pessoa Jurídica de Direito Público - Estadual;29;UNIVERSIDADE ESTADUAL DO CEARÁ (UECE);UECE;(85)31019886;www.uece.br;reitor@uece.br;Av. Dr. Silas Munguba - 1700 - CEP: 60740-000 - Serrinha;Fortaleza;CE;Universidade;EAD - Superior / Presencial - Superior /;Publica;Pública Estadual;13/03/1975;-;;4;2016;4;2023;;;;Ativa
37;SECRETARIA DE ESTADO DA CIENCIA, TECNOLOGIA E ENSINO SUPERIOR - SETI;77.046.951/0001-26;Pessoa Jurídica de Direito Público - Estadual;1126;UNIVERSIDADE ESTADUAL DO CENTRO OESTE (UNICENTRO);UNICENTRO;(42) 3621-1000;www.unicentro.br;webmail@unicentro.br;Rua Salvatore Renna - 875 - CEP: 85015-430 - Santa Cruz;Guarapuava;PR;Universidade;EAD - Superior / Presencial - Superior /;Publica;Pública Estadual;15/07/1968;-;;4;2024;4;2023;;;;Ativa
390;UNIVERSIDADE ESTADUAL DO MARANHAO;06.352.421/0001-68;Pessoa Jurídica de Direito Público - Estadual;568;UNIVERSIDADE ESTADUAL DO MARANHÃO (UEMA);UEMA;(98)3245 5461;www.uema.br;reitoria@uema.br;Cidade Universitária, Paulo VI, UEMA, Tirirical. - S/N - CEP: 65055-970 - Tirirical;São Luís;MA;Universidade;EAD - Superior / Presencial - Superior /;Publica;Pública Estadual;22/08/1972;-;;4;2023;3;2023;;;;Ativa
37;SECRETARIA DE ESTADO DA CIENCIA, TECNOLOGIA E ENSINO SUPERIOR - SETI;77.046.951/0001-26;Pessoa Jurídica de Direito Público - Estadual;15015;Universidade Estadual do Norte do Paraná (UENP);UENP;(43)3511-3200;http://www.uenp.edu.br;"gabinete@uenp.edu.br; dai@uenp.edu.br";Avenida Getúlio Vargas - 850 - CEP: 86400-000 - Centro;Jacarezinho;PR;Universidade;EAD - Superior / Presencial - Superior /;Publica;Pública Estadual;08/12/2010;-;;4;2022;4;2023;;;;Ativa
15622;UNIVERSIDADE ESTADUAL DO NORTE FLUMINENSE DARCY RIBEIRO - UENF;04.809.688/0001-06;Pessoa Jurídica de Direito Público - Estadual;1027;UNIVERSIDADE ESTADUAL DO NORTE FLUMINENSE DARCY RIBEIRO (UENF);UENF;22-2739-7009;www.uenf.br;prograd@uenf.br;Avenida Alberto Lamego - 2000 - CEP: 28013-602 - Parque Califórnia;Campos dos Goytacazes;RJ;Universidade;EAD - Superior / Presencial - Superior /;Publica;Pública Estadual;24/06/1993;-;;4;2019;5;2023;;;;Ativa
37;SECRETARIA DE ESTADO DA CIENCIA, TECNOLOGIA E ENSINO SUPERIOR - SETI;77.046.951/0001-26;Pessoa Jurídica de Direito Público - Estadual;609;UNIVERSIDADE ESTADUAL DO OESTE DO PARANÁ (UNIOESTE);UNIOESTE;4532203060;www.unioeste.br;gabinete@unioeste.br;RUA UNIVERSITÁRIA - 1619 - CEP: 85819-110 - JARDIM UNIVERSITÁRIO;Cascavel;PR;Universidade;EAD - Superior / Presencial - Superior /;Publica;Pública Estadual;16/01/1987;-;;4;2013;5;2023;;;;Ativa
37;SECRETARIA DE ESTADO DA CIENCIA, TECNOLOGIA E ENSINO SUPERIOR - SETI;77.046.951/0001-26;Pessoa Jurídica de Direito Público - Estadual;18492;Universidade Estadual do Paraná (UNESPAR);UNESPAR;41 32817333;www.unespar.edu.br;"salete.sirino@unespar.edu.br;jorgemarcos.santos@unespar.edu.br;ericson.prust@unespar.edu.br";Avenida Rio Grande do Norte - 858 - CEP: 87701-020 - Centro;Paranavaí;PR;Universidade;EAD - Superior / Presencial - Superior /;Publica;Pública Estadual;05/12/2013;-;;-;;4;2023;;;;Ativa
512;FUNDACAO UNIVERSIDADE ESTADUAL DO PIAUI FUESPI;07.471.758/0001-57;Pessoa Jurídica de Direito Público - Estadual;756;UNIVERSIDADE ESTADUAL DO PIAUÍ (UESPI);UESPI;(86) 32137855 /(86)3213-8080;www.uespi.br;censo.uespi.tn@gmail.com;Rua João Cabral - 2231 - CEP: 64002-150 - PIRAJÁ;Teresina;PI;Universidade;EAD - Superior / Presencial - Superior /;Publica;Pública Estadual;01/08/1988;-;;3;2023;3;2023;;;;Ativa
16399;UNIVERSIDADE ESTADUAL DO RIO GRANDE DO SUL;04.732.975/0001-65;Pessoa Jurídica de Direito Público - Estadual;3336;UNIVERSIDADE ESTADUAL DO RIO GRANDE DO SUL (UERGS);UERGS;(51) 3288 9005;www.uergs.edu.br;gabinete@uergs.edu.br;Rua Washington Luiz - 675 - CEP: 90010-460 - Centro Histórico;Porto Alegre;RS;Universidade;EAD - Superior / Presencial - Superior /;Publica;Pública Estadual;11/07/2001;-;;-;;4;2023;;;;Ativa
457;AUTARQUIA UNIVERSIDADE DO SUDOESTE;13.069.489/0001-08;Pessoa Jurídica de Direito Público - Estadual;688;UNIVERSIDADE ESTADUAL DO SUDOESTE DA BAHIA (UESB);UESB;(77) 3424 8728;www.uesb.br;ga@uesb.edu.br;Estrada do Bem Querer - KM 04 - S/N - CEP: 45083-900 - Zona Rural;Vitória da Conquista;BA;Universidade;EAD - Superior / Presencial - Superior /;Publica;Pública Estadual;30/12/1980;-;;3;2019;4;2023;;;;Ativa
573;UNIVERSIDADE ESTADUAL DO TOCANTINS - UNITINS;01.637.536/0001-85;Pessoa Jurídica de Direito Público - Estadual;829;UNIVERSIDADE ESTADUAL DO TOCANTINS (UNITINS);UNITINS;(63) 3901 - 4302 e (63) 99958 -1263;www.unitins.br;"augusto.rc@unitins.br; arlenes.ds@unitins.br;";108 Sul Al. 11 - 03 - CEP: 77020-122 - Centro;Palmas;TO;Universidade;EAD - Superior / Presencial - Superior /;Publica;Pública Estadual;21/02/1990;-;;5;2024;3;2023;;;;Ativa
17109;UNIVERSIDADE ESTADUAL PAULISTA JULIO DE MESQUITA FILHO;48.031.918/0001-24;Pessoa Jurídica de Direito Público - Estadual;56;UNIVERSIDADE ESTADUAL PAULISTA JÚLIO DE MESQUITA FILHO (UNESP);UNESP;(11) 5627.0233;www.unesp.br;reitora@unesp.br;Rua Quirino de Andrade - 215 - CEP: 01049-010 - Centro;São Paulo;SP;Universidade;EAD - Superior / Presencial - Superior /;Publica;Pública Estadual;30/01/1976;-;;5;2025;5;2023;;;;Ativa
75;UNIVERSIDADE ESTADUAL VALE DO ACARAU;07.821.622/0001-20;Pessoa Jurídica de Direito Público - Estadual;95;UNIVERSIDADE ESTADUAL VALE DO ACARAÚ (UVA);UVA;(88) 3677-4229 / (88) 3677-4223;www.uva.ce.gov.br;reitoria@uvanet.br;AVENIDA PADRE FRANCISCO SADOC DE ARAÚJO - 850 - CEP: 62040-370 - JERÔNIMO DE MEDEIROS PRADO;Sobral;CE;Universidade;EAD - Superior / Presencial - Superior /;Publica;Pública Estadual;26/11/1968;-;;-;;3;2023;;;;Ativa
15594;UNIVERSIDADE FEDERAL DA BAHIA;15.180.714/0001-04;Pessoa Jurídica de Direito Público - Federal;578;UNIVERSIDADE FEDERAL DA BAHIA (UFBA);UFBA;(71) 3283-7072 e 3283-7045;www.portal.ufba.br;gabinete@ufba.br;RUA AUGUSTO VIANA - S/N - CEP: 40110-909 - CANELA;Salvador;BA;Universidade;EAD - Superior / Presencial - Superior /;Publica;Pública Federal;12/04/1946;5;2023;5;2023;5;2023;;;;Ativa
14750;UNIVERSIDADE FEDERAL DA FRONTEIRA SUL - UFFS;11.234.780/0001-50;Pessoa Jurídica de Direito Público - Federal;15121;UNIVERSIDADE FEDERAL DA FRONTEIRA SUL (UFFS);UFFS;(49) 2049 3702 ou 3705 ou 3100;http://www.uffs.edu.br/;gabinete@uffs.edu.br;Rodovia SC 484, Km 2 - S/N - CEP: 89815-899 - Fronteira Sul;Chapecó;SC;Universidade;Presencial - Superior;Publica;Pública Federal;17/09/2009;-;;-;;4;2023;;;;Ativa
15600;UNIVERSIDADE FEDERAL DA INTEGRACAO LATINO-AMERICANA;11.806.275/0001-33;Pessoa Jurídica de Direito Público - Federal;15001;UNIVERSIDADE FEDERAL DA INTEGRAÇÃO LATINO-AMERICANA (UNILA);UNILA;+55 (45) 3522-9639;http://www.unila.edu.br/;reitoria.gabinete@unila.edu.br;Avenida Tancredo Neves - 3147 - CEP: 85867-000 - Itaipu B;Foz do Iguaçu;PR;Universidade;EAD - Superior / Presencial - Superior /;Publica;Pública Federal;13/01/2010;4;2016;4;2015;4;2023;;;;Ativa
15590;UNIVERSIDADE FEDERAL DA PARAIBA;24.098.477/0001-10;Pessoa Jurídica de Direito Público - Federal;579;UNIVERSIDADE FEDERAL DA PARAÍBA (UFPB);UFPB;(83) 3216 7150;www.ufpb.br;"pi@reitoria.ufpb.br; cra@prg.ufpb.br";Cidade Universitária - s/n - CEP: 58051-900 - Castelo Branco;João Pessoa;PB;Universidade;EAD - Superior / Presencial - Superior /;Publica;Pública Federal;04/12/1955;4;2013;4;2016;4;2023;;;;Ativa
15601;UNIVERSIDADE FEDERAL DE ALAGOAS;24.464.109/0001-48;Pessoa Jurídica de Direito Público - Federal;577;UNIVERSIDADE FEDERAL DE ALAGOAS (UFAL);UFAL;(82) 3214 1767;www.ufal.edu.br;"gr@reitoria.ufal.br;pi@reitoria.ufal.br";Av. Lourival de Melo Mota - s/n - CEP: 57072-970 - TABULEIRO DO MARTINS;Maceió;AL;Universidade;EAD - Superior / Presencial - Superior /;Publica;Pública Federal;27/01/1961;4;2018;4;2019;4;2023;;;;Ativa
15031;UNIVERSIDADE FEDERAL DE ALFENAS - UNIFAL-MG;17.879.859/0001-15;Pessoa Jurídica de Direito Público - Federal;595;UNIVERSIDADE FEDERAL DE ALFENAS (UNIFAL-MG);UNIFAL-MG;(35)37019004;www.unifal-mg.edu.br;reitoria@unifal-mg.edu.br;Rua Gabriel Monteiro da Silva - 700 - CEP: 37130-001 - Centro;Alfenas;MG;Universidade;EAD - Superior / Presencial - Superior /;Publica;Pública Federal;11/09/1915;4;2017;3;2019;4;2023;;;;Ativa
14341;UNIVERSIDADE FEDERAL DE CAMPINA GRANDE;05.055.128/0001-76;Pessoa Jurídica de Direito Público - Federal;2564;UNIVERSIDADE FEDERAL DE CAMPINA GRANDE (UFCG);UFCG;(83) 2101 1467;www.ufcg.edu.br;reitor@ufcg.edu.br;Universidade Federal de Campina Grande - 882 - CEP: 58429-900 - Universitário;Campina Grande;PB;Universidade;EAD - Superior / Presencial - Superior /;Publica;Pública Federal;10/04/2002;3;2009;-;;4;2023;;;;Ativa
17816;UNIVERSIDADE FEDERAL DE CATALAO;35.834.377/0001-20;Pessoa Jurídica de Direito Público - Federal;25274;UNIVERSIDADE FEDERAL DE CATALÃO (UFCAT);UFCAT;(64) 3441-5300;ufcat.edu.br/;roselma@ufcat.edu.br;Avenida Doutor Lamartine Pinto de Avelar - 1120 - CEP: 75704-020 - Loteamento Vila Chaud;Catalão;GO;Universidade;EAD - Superior / Presencial - Superior /;Publica;Pública Federal;21/03/2018;5;2024;-;;4;2023;;;;Ativa
14856;UNIVERSIDADE FEDERAL DE GOIAS;01.567.601/0001-43;Pessoa Jurídica de Direito Público - Federal;584;UNIVERSIDADE FEDERAL DE GOIÁS (UFG);UFG;(62) 3521 1063;www.ufg.br;"reitoria@ufg.br;secretaria.reitoria@ufg.br;dii.secplan@ufg.br";RODOVIA GOIÂNIA NERÓPOLIS - KM 12 - CEP: 74001-970 - Campus Samambaia;Goiânia;GO;Universidade;EAD - Superior / Presencial - Superior /;Publica;Pública Federal;20/12/1960;4;2015;-;;5;2023;;;;Ativa
9050;UNIVERSIDADE FEDERAL DE ITAJUBA;21.040.001/0001-30;Pessoa Jurídica de Direito Público - Federal;598;UNIVERSIDADE FEDERAL DE ITAJUBÁ - UNIFEI (UNIFEI);UNIFEI;(35)36291108;www.unifei.edu.br;"cibele.cunha@unifei.edu.br; prg@unifei.edu.br";Avenida BPS - 1303 - CEP: 37500-903 - Pinheirinho;Itajubá;MG;Universidade;EAD - Superior / Presencial - Superior /;Publica;Pública Federal;08/01/1913;4;2016;4;2015;4;2023;;;;Ativa
17824;UNIVERSIDADE FEDERAL DE JATAI;35.840.659/0001-30;Pessoa Jurídica de Direito Público - Federal;25282;UNIVERSIDADE FEDERAL DE JATAÍ (UFJ);UFJ;(64) 3606 8202;;secretaria.executiva@ufj.edu.br;Rodovia BR-364 - - CEP: 75801-615 - Setor Francisco Antônio;Jataí;GO;Universidade;Presencial - Superior;Publica;Pública Federal;21/03/2018;-;;-;;4;2023;;;;Ativa
15648;UNIVERSIDADE FEDERAL DE JUIZ DE FORA UFJF;21.195.755/0001-69;Pessoa Jurídica de Direito Público - Federal;576;UNIVERSIDADE FEDERAL DE JUIZ DE FORA (UFJF);UFJF;(32)2102-3903;www.ufjf.br;piufjf.regulacao@ufjf.br;Campus Universitário - s/n - CEP: 36036-900 - São Pedro;Juiz de Fora;MG;Universidade;EAD - Superior / Presencial - Superior /;Publica;Pública Federal;23/12/1960;5;2023;3;2013;5;2023;;;;Ativa
8137;UNIVERSIDADE FEDERAL DE LAVRAS;22.078.679/0001-74;Pessoa Jurídica de Direito Público - Federal;592;UNIVERSIDADE FEDERAL DE LAVRAS (UFLA);UFLA;"(35) 3829-1546; 35 988554791";www.ufla.br;"dias@ufla.br;claudiapontello@hotmail.com";Trevo Rotatório Professor Edmir Sá Santos - S/N - CEP: 37203-202 - Universidade Federal de Lavras;Lavras;MG;Universidade;EAD - Superior / Presencial - Superior /;Publica;Pública Federal;14/01/1964;5;2013;5;2013;5;2023;;;;Ativa
1;FUNDACAO UNIVERSIDADE FEDERAL DE MATO GROSSO;33.004.540/0001-00;Pessoa Jurídica de Direito Público - Federal;1;UNIVERSIDADE FEDERAL DE MATO GROSSO (UFMT);UFMT;(65) 3615 8302;www.ufmt.br;ufmt@ufmt.br;Avenida Fernando Correa da Costa - 2367 - CEP: 78060-900 - Boa Esperança;Cuiabá;MT;Universidade;EAD - Superior / Presencial - Superior /;Publica;Pública Federal;14/12/1970;4;2023;4;2013;4;2023;;;;Ativa
462;FUNDACAO UNIVERSIDADE FEDERAL DE MATO GROSSO DO SUL;15.461.510/0001-33;Pessoa Jurídica de Direito Público - Federal;694;UNIVERSIDADE FEDERAL DE MATO GROSSO DO SUL (UFMS);UFMS;(67) 3345-7010 E/OU 3345-7017;www.ufms.br;reitoria@ufms.br;Av. Costa e Silva - s/n - CEP: 79070-900 - Cidade Universitária;Campo Grande;MS;Universidade;EAD - Superior / Presencial - Superior /;Publica;Pública Federal;05/07/1979;5;2023;5;2023;4;2023;;;;Ativa
15515;UNIVERSIDADE FEDERAL DE MINAS GERAIS;17.217.985/0001-04;Pessoa Jurídica de Direito Público - Federal;575;UNIVERSIDADE FEDERAL DE MINAS GERAIS (UFMG);UFMG;(31) 3409 4124;www.ufmg.br;"reitor@ufmg.br; info@dai.ufmg.br";Avenida Antonio Carlos - 6627 - CEP: 31270-901 - Pampulha;Belo Horizonte;MG;Universidade;EAD - Superior / Presencial - Superior /;Publica;Pública Federal;07/09/1927;5;2017;-;;5;2023;;;;Ativa
6;UNIVERSIDADE FEDERAL DE OURO PRETO;23.070.659/0001-10;Pessoa Jurídica de Direito Público - Federal;6;UNIVERSIDADE FEDERAL DE OURO PRETO (UFOP);UFOP;(31)3559-1218;www.ufop.br;reitoria@ufop.edu.br;Rua Diogo de Vasconcelos - 122 - CEP: 35400-000 - Centro;Ouro Preto;MG;Universidade;EAD - Superior / Presencial - Superior /;Publica;Pública Federal;22/08/1969;4;2013;4;2014;4;2023;;;;Ativa
410;UNIVERSIDADE FEDERAL DE PELOTAS;92.242.080/0001-00;Pessoa Jurídica de Direito Público - Federal;634;UNIVERSIDADE FEDERAL DE PELOTAS (UFPEL);UFPEL;53 3284 4001;www.ufpel.edu.br;reitoria@ufpel.edu.br;Rua Gomes Carneiro - 1 - CEP: 96010-610 - Centro;Pelotas;RS;Universidade;EAD - Superior / Presencial - Superior /;Publica;Pública Federal;13/12/1960;4;2017;3;2013;4;2023;;;;Ativa
15538;UNIVERSIDADE FEDERAL DE PERNAMBUCO;24.134.488/0001-08;Pessoa Jurídica de Direito Público - Federal;580;UNIVERSIDADE FEDERAL DE PERNAMBUCO (UFPE);UFPE;81 2126 8001;www.ufpe.br;gabinete@ufpe.br;Av. Prof. Moraes Rego - 1.235 - CEP: 50670-901 - Cidade Universitária;Recife;PE;Universidade;EAD - Superior / Presencial - Superior /;Publica;Pública Federal;20/06/1946;5;2023;5;2022;5;2023;;;;Ativa
17853;UNIVERSIDADE FEDERAL DE RONDONOPOLIS;35.854.176/0001-95;Pessoa Jurídica de Direito Público - Federal;25352;Universidade Federal de Rondonópolis (UFR);UFR;66-3410-4171;https://ufr.edu.br/;reitoria@ufr.edu.br;Av Avenida dos Estudantes - 5055 - CEP: 78736-900 - Cidade Universitária;Rondonópolis;MT;Universidade;EAD - Superior / Presencial - Superior /;Publica;Pública Federal;21/03/2018;4;2024;-;;4;2023;;;;Ativa
541;UNIVERSIDADE FEDERAL DE RORAIMA;34.792.077/0001-63;Pessoa Jurídica de Direito Público - Federal;789;UNIVERSIDADE FEDERAL DE RORAIMA (UFRR);UFRR;(95) 3621 3100/(95) 3621 3102;www.ufrr.br;"pesquisainstitucional@ufrr.br; reitoria@ufrr.br";Avenida Capitão Ene Garcez - 2413 - CEP: 69310-000 - Aeroporto;Boa Vista;RR;Universidade;EAD - Superior / Presencial - Superior /;Publica;Pública Federal;13/09/1985;3;2010;5;2022;4;2023;;;;Ativa
15593;UNIVERSIDADE FEDERAL DE SANTA CATARINA;83.899.526/0001-82;Pessoa Jurídica de Direito Público - Federal;585;UNIVERSIDADE FEDERAL DE SANTA CATARINA (UFSC);UFSC;(48) 3721 6018;www.ufsc.br;gr@contato.ufsc.br;Campus Universitário - s/n - CEP: 88040-900 - Trindade;Florianópolis;SC;Universidade;EAD - Superior / Presencial - Superior /;Publica;Pública Federal;21/12/1960;5;2024;4;2019;5;2023;;;;Ativa
14678;UNIVERSIDADE FEDERAL DE SANTA MARIA;95.591.764/0001-05;Pessoa Jurídica de Direito Público - Federal;582;UNIVERSIDADE FEDERAL DE SANTA MARIA (UFSM);UFSM;(55) 3220 8000;www.ufsm.br;gabinetereitoria@ufsm.br;Cidade Universitária Prof. José Mariano da Rocha Filho, Avenida Roraima - 1000 - CEP: 97105-900 - Camobi;Santa Maria;RS;Universidade;EAD - Superior / Presencial - Superior /;Publica;Pública Federal;20/12/1960;5;2023;-;;5;2023;;;;Ativa
1302;FUNDACAO UNIVERSIDADE FEDERAL DE SAO CARLOS;45.358.058/0001-40;Pessoa Jurídica de Direito Público - Federal;7;UNIVERSIDADE FEDERAL DE SÃO CARLOS (UFSCAR);UFSCAR;(16) 3351 8111;www.ufscar.br;reitoria@ufscar.br;Via Washington Luis - Km 235 - CEP: 13565-905 - Monjolinho;São Carlos;SP;Universidade;EAD - Superior / Presencial - Superior /;Publica;Pública Federal;23/05/1968;5;2023;5;2019;5;2023;;;;Ativa
81;UNIVERSIDADE FEDERAL DE SAO JOAO DEL-REI;21.186.804/0001-05;Pessoa Jurídica de Direito Público - Federal;107;UNIVERSIDADE FEDERAL DE SÃO JOÃO DEL REI (UFSJ);UFSJ;(32) 3379-5801/ 3379-5805;http://www.ufsj.edu.br/;reitoria@ufsj.edu.br;Praça Frei Orlando - 170 - CEP: 36307-352 - Centro;São João del Rei;MG;Universidade;EAD - Superior / Presencial - Superior /;Publica;Pública Federal;23/12/1986;4;2015;4;2019;4;2023;;;;Ativa
9144;UNIVERSIDADE FEDERAL DE SAO PAULO;60.453.032/0001-74;Pessoa Jurídica de Direito Público - Federal;591;UNIVERSIDADE FEDERAL DE SÃO PAULO (UNIFESP);UNIFESP;(11) 3385-4100;www.unifesp.br;reitoria@unifesp.br;Rua Sena Madureira - 1500 - CEP: 04021-001 - Vila Clementino;São Paulo;SP;Universidade;EAD - Superior / Presencial - Superior /;Publica;Pública Federal;31/05/1938;5;2017;5;2013;5;2023;;;;Ativa
3;FUNDACAO UNIVERSIDADE FEDERAL DE SERGIPE;13.031.547/0001-04;Pessoa Jurídica de Direito Público - Federal;3;UNIVERSIDADE FEDERAL DE SERGIPE (UFS);UFS;(79) 3194-6404;www.ufs.br;gabinete.reitor@academico.ufs.br;Avenida Marechal Rondon - s/n - CEP: 49100-000 - Jardim Rosa Elze;São Cristóvão;SE;Universidade;EAD - Superior / Presencial - Superior /;Publica;Pública Federal;28/02/1967;5;2024;5;2019;4;2023;;;;Ativa
9140;UNIVERSIDADE FEDERAL DE UBERLANDIA;25.648.387/0001-18;Pessoa Jurídica de Direito Público - Federal;17;UNIVERSIDADE FEDERAL DE UBERLÂNDIA (UFU);UFU;34-3239-4893;www.ufu.br;reitoria@ufu.br;Avenida João Naves de Ávila - 2121 - CEP: 38400-902 - Santa Mônica;Uberlândia;MG;Universidade;EAD - Superior / Presencial - Superior /;Publica;Pública Federal;15/08/1969;5;2023;5;2016;5;2023;;;;Ativa
15588;UNIVERSIDADE FEDERAL DE VICOSA;25.944.455/0001-96;Pessoa Jurídica de Direito Público - Federal;8;UNIVERSIDADE FEDERAL DE VIÇOSA (UFV);UFV;(31)3612-1001;www.ufv.br;reitoria@ufv.br;Av. P.H. Rolfs - s/n - CEP: 36570-000 - Campus Universitário;Viçosa;MG;Universidade;EAD - Superior / Presencial - Superior /;Publica;Pública Federal;31/03/1922;5;2023;5;2021;5;2023;;;;Ativa
381;FUNDACAO UNIVERSIDADE FEDERAL DO ACRE;04.071.106/0001-37;Pessoa Jurídica de Direito Público - Federal;549;UNIVERSIDADE FEDERAL DO ACRE (UFAC);UFAC;(68) 3901 2571;www.ufac.br;reitoria@ufac.br;Campus Universitário - 6637 - CEP: 69915-900 - Distrito Industrial;Rio Branco;AC;Universidade;EAD - Superior / Presencial - Superior /;Publica;Pública Federal;03/05/1971;4;2016;4;2023;4;2023;;;;Ativa
17817;UNIVERSIDADE FEDERAL DO AGRESTE DE PERNAMBUCO - UFAPE;35.872.812/0001-01;Pessoa Jurídica de Direito Público - Federal;25275;UNIVERSIDADE FEDERAL DO AGRESTE DE PERNAMBUCO (UFAPE );UFAPE;(87) 37645551;www.ufape.edu.br;reitoria@ufape.edu.br;Avenida Bom Pastor - S/N - CEP: 55292-270 - Boa Vista;Garanhuns;PE;Universidade;Presencial - Superior;Publica;Pública Federal;12/04/2018;5;2024;-;;4;2023;;;;Ativa
574;FUNDACAO UNIVERSIDADE FEDERAL DO AMAPA;34.868.257/0001-81;Pessoa Jurídica de Direito Público - Federal;830;UNIVERSIDADE FEDERAL DO AMAPÁ (UNIFAP);UNIFAP;(96) 3312-1705;www.unifap.br;unifap@unifap.br;RODOVIA JOSMAR CHAVES PINTO - KM 02 - S/N - CEP: 68903-419 - JARDIM MARCO ZERO;Macapá;AP;Universidade;EAD - Superior / Presencial - Superior /;Publica;Pública Federal;05/03/1990;2;2015;4;2019;3;2023;;;;Ativa
4;FUNDACAO UNIVERSIDADE DO AMAZONAS;04.378.626/0001-97;Pessoa Jurídica de Direito Público - Federal;4;UNIVERSIDADE FEDERAL DO AMAZONAS (UFAM);UFAM;(92) 3305-4513;www.ufam.edu.br;gabinete@ufam.edu.br;Av. Rodrigo Otávio - 6200 - CEP: 69077-000 - Coroado II;Manaus;AM;Universidade;EAD - Superior / Presencial - Superior /;Publica;Pública Federal;27/06/1962;4;2019;-;;4;2023;;;;Ativa
16116;UNIVERSIDADE FEDERAL DO CARIRI-UFCA;18.621.825/0001-99;Pessoa Jurídica de Direito Público - Federal;18759;UNIVERSIDADE FEDERAL DO CARIRI (UFCA);UFCA;88-3221-9200;www.ufca.edu.br;reitor@ufca.edu.br;Av. Tenente Raimundo Rocha - 1639 - CEP: 63048-080 - Cidade Universitária;Juazeiro do Norte;CE;Universidade;EAD - Superior / Presencial - Superior /;Publica;Pública Federal;06/06/2013;4;2023;-;;4;2023;;;;Ativa
15439;UNIVERSIDADE FEDERAL DO CEARA;07.272.636/0001-31;Pessoa Jurídica de Direito Público - Federal;583;UNIVERSIDADE FEDERAL DO CEARÁ (UFC);UFC;(85) 3366 7301/(85) 33667348/ (85) 33669020;www.ufc.br;"greitor@ufc.br;prplufc@ufc.br;copav@prograd.ufc.br";Av. da Universidade, 2853, Benfica. - 2853 - CEP: 60020-181 - Benfica;Fortaleza;CE;Universidade;EAD - Superior / Presencial - Superior /;Publica;Pública Federal;23/12/1954;5;2017;3;2013;5;2023;;;;Ativa
17818;UNIVERSIDADE FEDERAL DO DELTA DO PARNAIBA - UFDPAR;33.519.114/0001-00;Pessoa Jurídica de Direito Público - Federal;25277;UNIVERSIDADE FEDERAL DO DELTA DO PARNAIBA (UFDPAR);UFDPAR;86995354224;www.ufdpar.edu.br;reitoria@ufdpar.edu.br;Avenida São Sebastião - 2.819 - CEP: 64202-020 - Nossa Senhora de Fátima;Parnaíba;PI;Universidade;EAD - Superior / Presencial - Superior /;Publica;Pública Federal;12/04/2018;5;2024;-;;4;2023;;;;Ativa
15591;UNIVERSIDADE FEDERAL DO ESPIRITO SANTO;32.479.123/0001-43;Pessoa Jurídica de Direito Público - Federal;573;UNIVERSIDADE FEDERAL DO ESPÍRITO SANTO (UFES);UFES;(27) 4009 2200;www.ufes.br;reitor@ufes.br;Av. Fernando Ferrari, 514, Goiabeiras. - 514 - CEP: 29075-910 - Goiabeiras;Vitória;ES;Universidade;EAD - Superior / Presencial - Superior /;Publica;Pública Federal;30/01/1961;5;2023;4;2023;4;2023;;;;Ativa
461;UNIVERSIDADE FEDERAL DO ESTADO DO RIO DE JANEIRO;34.023.077/0001-07;Pessoa Jurídica de Direito Público - Federal;693;UNIVERSIDADE FEDERAL DO ESTADO DO RIO DE JANEIRO (UNIRIO);UNIRIO;(21)2542-7350/(21)2542-4067;www.unirio.br;"reitor@unirio.br; pi@unirio.br";Avenida Pasteur - 296 - CEP: 22290-240 - Urca;Rio de Janeiro;RJ;Universidade;EAD - Superior / Presencial - Superior /;Publica;Pública Federal;21/08/1969;3;2018;3;2013;4;2023;;;;Ativa
2497;FUNDACAO UNIVERSIDADE FEDERAL DO MARANHAO;06.279.103/0001-19;Pessoa Jurídica de Direito Público - Federal;548;UNIVERSIDADE FEDERAL DO MARANHÃO (UFMA);UFMA;(98) 3272 8004;www.ufma.br;reitoria@ufma.br;Avenida dos Portugueses - 1966 - CEP: 65080-805 - Vila Bacanga;São Luís;MA;Universidade;EAD - Superior / Presencial - Superior /;Publica;Pública Federal;24/10/1969;4;2013;4;2014;4;2023;;;;Ativa
18313;UNIVERSIDADE FEDERAL DO NORTE DO TOCANTINS - UFNT;38.178.825/0001-73;Pessoa Jurídica de Direito Público - Federal;29118;Universidade Federal do Norte do Tocantins (UFNT);UFNT;6334165601;www.ufnt.edu.br;pei@ufnt.edu.br;Paraguai - S/N - CEP: 77824-838 - Bairro da Cimba;Araguaína;TO;Universidade;EAD - Superior / Presencial - Superior /;Publica;Pública Federal;09/07/2019;3;2024;4;2019;4;2022;;;;Ativa
16078;UNIVERSIDADE FEDERAL DO OESTE DA BAHIA;18.641.263/0001-45;Pessoa Jurídica de Direito Público - Federal;18506;UNIVERSIDADE FEDERAL DO OESTE DA BAHIA (UFOB);UFOB;3614-3500;https://www.ufob.edu.br;GABINETE@UFOB.EDU.BR;Rua Professor José Seabra - S/N - CEP: 47805-100 - Centro;Barreiras;BA;Universidade;EAD - Superior / Presencial - Superior /;Publica;Pública Federal;06/06/2013;5;2023;-;;4;2023;;;;Ativa
14677;UNIVERSIDADE FEDERAL DO OESTE DO PARA;11.118.393/0001-59;Pessoa Jurídica de Direito Público - Federal;15059;UNIVERSIDADE FEDERAL DO OESTE DO PARÁ (UFOPA);UFOPA;93.210.149.112.101.400.000.000.000;www.ufopa.edu.br;"regulacaodecurso.proen@ufopa.edu.br; reitoria@ufopa.edu.br";Avenida Vera Paz - s/n - CEP: 68040-255 - Salé;Santarém;PA;Universidade;EAD - Superior / Presencial - Superior /;Publica;Pública Federal;06/11/2009;4;2016;3;2023;4;2023;;;;Ativa
15509;UNIVERSIDADE FEDERAL DO PARA;34.621.748/0001-23;Pessoa Jurídica de Direito Público - Federal;569;UNIVERSIDADE FEDERAL DO PARÁ (UFPA);UFPA;(91)32017112;www.ufpa.br;"reitor@ufpa.br;dinfi@ufpa.br;cpa.ufpa@gmail.com;pi@ufpa.br";RUA AUGUSTO CORREA - 01 - CEP: 66075-110 - GUAMÁ;Belém;PA;Universidade;EAD - Superior / Presencial - Superior /;Publica;Pública Federal;02/07/1957;4;2014;3;2013;4;2023;;;;Ativa
15595;UNIVERSIDADE FEDERAL DO PARANA;75.095.679/0001-49;Pessoa Jurídica de Direito Público - Federal;571;UNIVERSIDADE FEDERAL DO PARANÁ (UFPR);UFPR;(41)3360-5001;www.ufpr.br;ciai_prograp@ufpr.br;RUA XV DE NOVEMBRO - 1299 - CEP: 80060-000 - CENTRO;Curitiba;PR;Universidade;EAD - Superior / Presencial - Superior /;Publica;Pública Federal;08/06/1946;4;2014;3;2013;5;2023;;;;Ativa
14054;FUNDACAO UNIVERSIDADE FEDERAL DO PIAUI;06.517.387/0001-34;Pessoa Jurídica de Direito Público - Federal;5;UNIVERSIDADE FEDERAL DO PIAUÍ (UFPI);UFPI;"(86) 3215-5510; 3215-5511; 3215-5512";www.ufpi.br;reitoria@ufpi.edu.br;Campus Universitário Ministro Petrônio Portela - s/n - CEP: 64049-550 - Ininga;Teresina;PI;Universidade;EAD - Superior / Presencial - Superior /;Publica;Pública Federal;31/12/1945;5;2023;4;2019;4;2023;;;;Ativa
9114;UNIVERSIDADE FEDERAL DO RECONCAVO DA BAHIA - UFRB;07.777.800/0001-62;Pessoa Jurídica de Direito Público - Federal;4503;UNIVERSIDADE FEDERAL DO RECÔNCAVO DA BAHIA (UFRB);UFRB;(75) 3621 2350;www.ufrb.edu.br;pei@reitoria.ufrb.edu.br;Rua Rui Barbosa - 710 - CEP: 44380-000 - Centro;Cruz das Almas;BA;Universidade;EAD - Superior / Presencial - Superior /;Publica;Pública Federal;01/08/2005;4;2016;4;2022;4;2023;;;;Ativa
15536;UNIVERSIDADE FEDERAL DO RIO DE JANEIRO;33.663.683/0001-16;Pessoa Jurídica de Direito Público - Federal;586;UNIVERSIDADE FEDERAL DO RIO DE JANEIRO (UFRJ);UFRJ;(21) 3733-1985;www.ufrj.br;"reitoria@reitoria.ufrj.br; vicereitoria@reitoria.ufrj.br";Avenida Brigadeiro Trompowsky - s/n - CEP: 21941-590 - Ilha do Fundão;Rio de Janeiro;RJ;Universidade;EAD - Superior / Presencial - Superior /;Publica;Pública Federal;07/09/1920;5;2011;4;2016;5;2023;;;;Ativa
15596;UNIVERSIDADE FEDERAL DO RIO GRANDE - FURG;94.877.586/0001-10;Pessoa Jurídica de Direito Público - Federal;12;UNIVERSIDADE FEDERAL DO RIO GRANDE (FURG);FURG;(53) 3233 6730;www.furg.br;reitoria@furg.br;Avenida Itália - S/N - CEP: 96203-900 - Carreiros;Rio Grande;RS;Universidade;EAD - Superior / Presencial - Superior /;Publica;Pública Federal;21/08/1969;5;2023;5;2019;4;2023;;;;Ativa
13401;UNIVERSIDADE FEDERAL DO RIO GRANDE DO NORTE;24.365.710/0001-83;Pessoa Jurídica de Direito Público - Federal;570;UNIVERSIDADE FEDERAL DO RIO GRANDE DO NORTE (UFRN);UFRN;(84) 33422317;www.ufrn.br;"reitor@ufrn.br;contato@gabinete.ufrn.br;chefe@gabinete.ufrn.br";Avenida Senador Salgado Filho - 3000 - CEP: 59078-970 - Lagoa Nova;Natal;RN;Universidade;EAD - Superior / Presencial - Superior /;Publica;Pública Federal;21/12/1960;5;2024;-;;5;2023;;;;Ativa
13482;UNIVERSIDADE FEDERAL DO RIO GRANDE DO SUL;92.969.856/0001-98;Pessoa Jurídica de Direito Público - Federal;581;UNIVERSIDADE FEDERAL DO RIO GRANDE DO SUL (UFRGS);UFRGS;(51) 3308 3700;www.ufrgs.br;"reitora@ufrgs.br; regulacao@sai.ufrgs.br";Avenida Paulo Gama - 110 - CEP: 90040-060 - Farroupilha;Porto Alegre;RS;Universidade;EAD - Superior / Presencial - Superior /;Publica;Pública Federal;28/11/1934;4;2012;4;2014;5;2023;;;;Ativa
16126;UNIVERSIDADE FEDERAL DO SUL DA BAHIA;18.560.547/0001-07;Pessoa Jurídica de Direito Público - Federal;18812;UNIVERSIDADE FEDERAL DO SUL DA BAHIA (UFSB);UFSB;73 36135497;www.ufsb.edu.br;reitoria@ufsb.edu.br;Praça José Bastos s/n - s/n - CEP: 45600-923 - Centro;Itabuna;BA;Universidade;EAD - Superior / Presencial - Superior /;Publica;Pública Federal;06/06/2013;5;2023;-;;4;2023;;;;Ativa
16047;UNIVERSIDADE FEDERAL DO SUL E SUDESTE DO PARA - UNIFESSPA;18.657.063/0001-80;Pessoa Jurídica de Direito Público - Federal;18440;UNIVERSIDADE FEDERAL DO SUL E SUDESTE DO PARÁ (UNIFESSPA);UNIFESSPA;"(094)21017100;(094)8112999";www.unifesspa.edu.br;gabinete@unifesspa.edu.br;Folha 31, Quadra 7, Lote Especial s/n - 7 - CEP: 68507-670 - Nova Marabá;Marabá;PA;Universidade;EAD - Superior / Presencial - Superior /;Publica;Pública Federal;06/06/2013;4;2019;-;;4;2023;;;;Ativa
9088;UNIVERSIDADE FEDERAL DOS VALES DO JEQUITINHONHA E MUCURI;16.888.315/0001-57;Pessoa Jurídica de Direito Público - Federal;596;UNIVERSIDADE FEDERAL DOS VALES DO JEQUITINHONHA E MUCURI (UFVJM);UFVJM;38-3532-1200;www.ufvjm.edu.br;avaex.prograd@ufvjm.edu.br;MGT 367 - 5000 - CEP: 39100-000 - Alto do Jacuba;Diamantina;MG;Universidade;EAD - Superior / Presencial - Superior /;Publica;Pública Federal;01/10/1953;4;2023;-;;4;2023;;;;Ativa
15446;UNIVERSIDADE FEDERAL DO TRIANGULO MINEIRO;25.437.484/0001-61;Pessoa Jurídica de Direito Público - Federal;597;UNIVERSIDADE FEDERAL DO TRIÂNGULO MINEIRO (UFTM);UFTM;(34) 3700-6000;www.uftm.edu.br;gabinete@uftm.edu.br;Rua Frei Paulino - 30 - CEP: 38025-180 - Abadia;Uberaba;MG;Universidade;EAD - Superior / Presencial - Superior /;Publica;Pública Federal;30/03/1954;5;2025;4;2016;4;2023;;;;Ativa
15589;UNIVERSIDADE FEDERAL FLUMINENSE;28.523.215/0001-06;Pessoa Jurídica de Direito Público - Federal;572;UNIVERSIDADE FEDERAL FLUMINENSE (UFF);UFF;(21) 2629-5215;www.uff.br;"reitor@id.uff.br;dav.prograd@id.uff.br";Rua Miguel de Frias - 9 - CEP: 24220-008 - Icaraí;Niterói;RJ;Universidade;EAD - Superior / Presencial - Superior /;Publica;Pública Federal;20/12/1960;5;2025;4;2016;4;2023;;;;Ativa
16350;UNIVERSIDADE FEDERAL RURAL DA AMAZONIA;05.200.001/0001-01;Pessoa Jurídica de Direito Público - Federal;590;UNIVERSIDADE FEDERAL RURAL DA AMAZÔNIA (UFRA);UFRA;(91) 992157658 /;www.ufra.edu.br;"dra@ufra.edu.br;jose.viana@ufra.edu.br; reitoria@ufra.edu.br";Avenida Presidente Tancredo Neves - 2501 - CEP: 66077-580 - Terra Firme;Belém;PA;Universidade;EAD - Superior / Presencial - Superior /;Publica;Pública Federal;05/12/1945;5;2023;4;2015;4;2023;;;;Ativa
15599;UNIVERSIDADE FEDERAL RURAL DE PERNAMBUCO;24.416.174/0001-06;Pessoa Jurídica de Direito Público - Federal;587;UNIVERSIDADE FEDERAL RURAL DE PERNAMBUCO (UFRPE);UFRPE;(81) 3320 6175;www.ufrpe.br;reitoria@ufrpe.br;Rua Dom Manoel de Medeiros - s/n - CEP: 52071-030 - Dois Irmãos;Recife;PE;Universidade;EAD - Superior / Presencial - Superior /;Publica;Pública Federal;24/07/1947;5;2024;5;2023;4;2023;;;;Ativa
9053;UNIVERSIDADE FEDERAL RURAL DO RIO DE JANEIRO;29.427.465/0001-05;Pessoa Jurídica de Direito Público - Federal;574;UNIVERSIDADE FEDERAL RURAL DO RIO DE JANEIRO (UFRRJ);UFRRJ;(21) 2682-1090;;gabinete@ufrrj.br;Rodovia BR 465 - KM 7 - s/n - CEP: 23890-000 - Campus Universitário;Seropédica;RJ;Universidade;EAD - Superior / Presencial - Superior /;Publica;Pública Federal;20/10/1910;5;2023;3;2013;4;2023;;;;Ativa
15945;UNIVERSIDADE FEDERAL RURAL DO SEMI-ARIDO - UFERSA;24.529.265/0001-40;Pessoa Jurídica de Direito Público - Federal;589;UNIVERSIDADE FEDERAL RURAL DO SEMI-ÁRIDO (UFERSA);UFERSA;(84) 3317 8226;www.ufersa.edu.br;reitor@ufersa.edu.br;BR 110 - Km 47 - s/n - CEP: 59625-900 - Presidente Costa e Silva;Mossoró;RN;Universidade;EAD - Superior / Presencial - Superior /;Publica;Pública Federal;18/04/1967;4;2013;5;2019;4;2023;;;;Ativa
503;UNIVERSIDADE REGIONAL DO CARIRI URCA;06.740.864/0001-26;Pessoa Jurídica de Direito Público - Estadual;746;UNIVERSIDADE REGIONAL DO CARIRI (URCA);URCA;88-3102-1213;www.urca.br;gabinete@urca.br;Av. Coronel Antonio Luiz - 1161 - CEP: 63105-000 - Pimenta;Crato;CE;Universidade;EAD - Superior / Presencial - Superior /;Publica;Pública Estadual;16/06/1986;-;;-;;3;2023;;;;Ativa
9052;UNIVERSIDADE TECNOLOGICA FEDERAL DO PARANA;75.101.873/0001-90;Pessoa Jurídica de Direito Público - Federal;588;UNIVERSIDADE TECNOLÓGICA FEDERAL DO PARANÁ (UTFPR);UTFPR;(41) 33104545;www.utfpr.edu.br;reitoria@utfpr.edu.br;Av. Sete de Setembro - 3.165 - CEP: 80230-010 - Rebouças;Curitiba;PR;Universidade;EAD - Superior / Presencial - Superior /;Publica;Pública Federal;04/07/1978;5;2024;5;2019;4;2023;;;;Ativa
2414;ESTADO DO MARANHAO - SECRETARIA DE ESTADO DA CIENCIA, TECNOLOGIA, ENSINO SUPERIOR E DESENVOLVIMENTO TECNOLOGICO;05.572.043/0001-65;Pessoa Jurídica de Direito Público - Estadual;3835;UNIVERSIDADE VIRTUAL DO ESTADO DO MARANHÃO (UNIVIMA);UNIVIMA;;;gabinete@univima.ma.gov.br;Rua Portugal - 221 - CEP: 65010-480 - Praia Grande;São Luís;MA;Universidade;Presencial - Superior;Publica;Pública Estadual;24/01/2008;-;;-;;-;;;;Suspensão PROUNI;Ativa
